return_refund_id,order_id,order_item_id,return_type,return_request_date,return_reason,returned_quantity,product_condition,refund_status,refund_request_date,refund_processed_date,refund_amount,reverse_logistics_cost,restocking_cost,refund_delay_days,is_full_refund
1,2,6,Wrong Item,2025-01-27,Late Delivery,1,Sellable,Processed,2025-01-27,2025-01-29,720.76,51.12,21.71,3,Yes
2,2,7,Late Delivery,2025-01-24,Late Delivery,1,Sellable,Processed,2025-01-24,2025-01-27,2547.39,52.24,12.02,1,Yes
3,6,11,Late Delivery,2025-07-03,Customer Refused,3,Damaged,Processed,2025-07-03,2025-07-06,13011.06,139.54,38.02,7,Yes
4,9,15,Quality Issue,2024-10-12,Customer Refused,1,Opened,Pending,2024-10-13,2024-10-14,8830.46,62.43,36.22,5,Yes
5,9,16,Late Delivery,2024-10-11,Customer Refused,1,Sellable,Processed,2024-10-12,2024-10-13,1541.95,69.52,33.61,6,Yes
6,10,17,Late Delivery,2026-05-06,Customer Refused,1,Sellable,Processed,2026-05-06,2026-05-08,1776.89,119.66,30.55,4,Yes
7,10,18,Late Delivery,2026-05-06,Customer Refused,1,Opened,Processed,2026-05-06,2026-05-07,63693.01,120.08,17.35,9,Yes
8,10,19,Quality Issue,2026-05-06,Customer Refused,1,Damaged,Processed,2026-05-06,2026-05-08,844.52,106.97,36.68,8,Yes
9,10,20,Quality Issue,2026-05-04,Customer Refused,1,Opened,Processed,2026-05-04,2026-05-06,3868.11,89.79,22.69,4,Yes
10,11,21,Wrong Item,2025-11-03,Customer Refused,1,Opened,Processed,2025-11-03,2025-11-05,80324.28,63.17,31.72,7,Yes
11,11,22,Late Delivery,2025-11-03,Customer Refused,1,Damaged,Failed,2025-11-03,2025-11-05,75515.31,119.54,17.25,1,Yes
12,12,23,Wrong Item,2025-11-16,Late Delivery,1,Sellable,Processed,2025-11-16,2025-11-19,1055.22,141.83,26.82,8,Yes
13,13,24,Late Delivery,2026-01-13,Customer Refused,1,Damaged,Pending,2026-01-13,2026-01-16,3040.35,98.66,34.32,1,Yes
14,14,25,Late Delivery,2025-05-29,Customer Refused,1,Damaged,Processed,2025-05-29,2025-06-01,1067.91,122.59,19.94,3,Yes
15,18,31,Wrong Item,2026-05-05,Changed Mind,1,Opened,Processed,2026-05-05,2026-05-06,131194.89,114.31,21.67,7,Yes
16,19,32,Wrong Item,2026-06-10,Customer Refused,1,Damaged,Processed,2026-06-10,2026-06-11,30506.65,80.0,31.43,5,Yes
17,19,33,Wrong Item,2026-06-09,Customer Refused,1,Opened,Processed,2026-06-09,2026-06-11,1273.29,141.91,19.12,2,Yes
18,19,34,Wrong Item,2026-06-08,Customer Refused,1,Opened,Processed,2026-06-08,2026-06-10,584.84,66.64,17.67,8,Yes
19,21,36,Wrong Item,2025-08-27,Customer Refused,1,Damaged,Processed,2025-08-27,2025-08-28,1939.57,85.49,39.8,2,Yes
20,22,37,Late Delivery,2025-05-28,Damaged Product,1,Sellable,Processed,2025-05-28,2025-05-31,61209.01,102.27,15.36,9,Yes
21,22,38,Late Delivery,2025-05-27,Product Quality,1,Defective,Processed,2025-05-27,2025-05-29,2990.95,138.38,33.62,1,Yes
22,23,39,Quality Issue,2025-09-17,Late Delivery,1,Damaged,Processed,2025-09-17,2025-09-18,56771.62,71.37,41.24,1,Yes
23,24,40,Quality Issue,2025-10-13,Customer Refused,1,Sellable,Processed,2025-10-13,2025-10-15,2226.98,98.77,25.76,4,Yes
24,26,44,Quality Issue,2024-10-01,Late Delivery,2,Opened,Processed,2024-10-01,2024-10-04,1275.45,70.83,11.53,8,Yes
25,27,45,Late Delivery,2024-12-31,Late Delivery,2,Damaged,Processed,2024-12-31,2025-01-02,3714.24,120.9,17.8,2,Yes
26,28,46,Late Delivery,2025-01-22,Late Delivery,1,Opened,Processed,2025-01-22,2025-01-25,2023.0,123.04,37.49,3,Yes
27,30,48,Wrong Item,2025-08-04,Late Delivery,1,Sellable,Processed,2025-08-04,2025-08-05,37062.54,71.28,23.57,3,Yes
28,30,49,Quality Issue,2025-08-07,Late Delivery,1,Sellable,Pending,2025-08-07,2025-08-08,3803.17,58.56,18.76,8,Yes
29,34,57,Quality Issue,2026-06-02,Customer Refused,2,Damaged,Processed,2026-06-02,2026-06-04,2529.53,145.04,22.55,4,Yes
30,36,59,Late Delivery,2025-04-10,Late Delivery,1,Opened,Processed,2025-04-10,2025-04-13,2783.2,78.65,31.71,5,Yes
31,38,61,Wrong Item,2024-12-30,Not as Described,1,Sellable,Processed,2024-12-30,2025-01-02,827.58,122.27,21.6,7,Yes
32,40,64,Quality Issue,2025-03-11,Size/Fit Issue,1,Defective,Processed,2025-03-11,2025-03-12,3311.44,162.67,22.89,2,Yes
33,41,68,Late Delivery,2024-09-14,Size/Fit Issue,1,Defective,Processed,2024-09-14,2024-09-17,3173.04,104.91,31.18,9,Yes
34,41,70,Wrong Item,2024-09-14,Size/Fit Issue,1,Opened,Processed,2024-09-15,2024-09-17,2178.69,130.3,19.31,8,Yes
35,43,72,Wrong Item,2026-06-09,Customer Refused,1,Sellable,Processed,2026-06-09,2026-06-10,369.78,66.03,39.68,4,Yes
36,44,73,Late Delivery,2024-10-31,Customer Refused,1,Opened,Processed,2024-11-01,2024-11-03,362.58,125.96,38.5,3,Yes
37,45,74,Quality Issue,2025-06-04,Customer Refused,1,Damaged,Processed,2025-06-05,2025-06-07,2599.28,81.34,29.27,1,Yes
38,47,76,Late Delivery,2024-10-10,Late Delivery,1,Damaged,Processed,2024-10-10,2024-10-12,708.95,149.65,18.39,5,Yes
39,49,78,Late Delivery,2025-11-03,Late Delivery,1,Sellable,Pending,2025-11-03,2025-11-05,76783.54,123.41,14.32,5,Yes
40,49,79,Late Delivery,2025-11-05,Late Delivery,1,Opened,Processed,2025-11-05,2025-11-06,986.9,110.89,20.52,9,Yes
41,49,80,Quality Issue,2025-11-05,Late Delivery,1,Damaged,Processed,2025-11-05,2025-11-06,3014.06,112.18,11.88,1,Yes
42,49,81,Wrong Item,2025-11-05,Late Delivery,2,Sellable,Processed,2025-11-05,2025-11-06,89290.84,106.02,31.77,4,Yes
43,49,82,Quality Issue,2025-11-03,Late Delivery,1,Sellable,Processed,2025-11-03,2025-11-04,2482.25,127.71,29.12,4,Yes
44,50,83,Wrong Item,2025-12-15,Customer Refused,1,Opened,Processed,2025-12-15,2025-12-17,29454.82,130.7,35.91,4,Yes
45,53,90,Quality Issue,2024-08-21,Late Delivery,1,Damaged,Processed,2024-08-21,2024-08-23,8753.11,129.59,23.8,3,Yes
46,53,91,Quality Issue,2024-08-20,Late Delivery,1,Opened,Processed,2024-08-20,2024-08-23,1464.98,52.73,22.47,9,Yes
47,53,92,Wrong Item,2024-08-18,Late Delivery,1,Sellable,Processed,2024-08-18,2024-08-20,96143.92,137.75,37.92,4,Yes
48,55,95,Late Delivery,2025-11-28,Size/Fit Issue,1,Sellable,Pending,2025-11-28,2025-12-01,3244.36,81.22,35.1,3,Yes
49,58,98,Quality Issue,2025-09-12,Damaged Product,2,Damaged,Processed,2025-09-13,,0.0,151.92,15.4,7,No
50,59,100,Late Delivery,2025-09-30,Customer Refused,2,Damaged,Processed,2025-10-01,2025-10-04,59992.1,90.74,33.77,8,Yes
51,60,101,Wrong Item,2025-06-07,Customer Refused,1,Sellable,Pending,2025-06-07,2025-06-09,949.29,118.07,14.18,3,Yes
52,60,102,Late Delivery,2025-06-09,Customer Refused,1,Opened,Processed,2025-06-09,2025-06-12,761.45,81.83,16.12,7,Yes
53,60,103,Late Delivery,2025-06-09,Customer Refused,1,Sellable,Pending,2025-06-09,2025-06-12,2010.76,81.17,32.87,9,Yes
54,60,104,Quality Issue,2025-06-10,Customer Refused,1,Sellable,Processed,2025-06-10,2025-06-12,231.54,138.1,27.23,6,Yes
55,63,107,Wrong Item,2025-05-22,Customer Refused,2,Sellable,Processed,2025-05-22,2025-05-25,2796.75,76.98,36.39,7,Yes
56,63,108,Late Delivery,2025-05-20,Customer Refused,1,Damaged,Processed,2025-05-20,2025-05-23,1358.81,103.04,31.51,8,Yes
57,64,109,Late Delivery,2025-11-09,Late Delivery,3,Sellable,Processed,2025-11-09,2025-11-12,213264.58,116.51,36.29,2,Yes
58,64,110,Quality Issue,2025-11-09,Late Delivery,2,Opened,Processed,2025-11-09,2025-11-12,95396.24,117.1,19.23,1,Yes
59,65,111,Late Delivery,2026-07-07,Customer Refused,1,Damaged,Failed,2026-07-07,2026-07-10,5859.63,91.14,38.24,1,Yes
60,66,112,Wrong Item,2026-08-14,Customer Refused,1,Opened,Pending,2026-08-14,2026-08-15,2877.25,72.11,13.36,4,Yes
61,67,113,Wrong Item,2024-12-10,Late Delivery,1,Damaged,Pending,2024-12-10,2024-12-11,2642.32,111.32,14.55,5,Yes
62,70,117,Wrong Item,2024-11-05,Late Delivery,2,Opened,Processed,2024-11-05,2024-11-08,4243.04,125.75,26.45,1,Yes
63,71,118,Late Delivery,2025-08-20,Customer Refused,2,Damaged,Failed,2025-08-20,2025-08-23,4626.76,90.62,24.74,4,Yes
64,72,119,Wrong Item,2025-11-20,Not as Described,1,Sellable,Processed,2025-11-20,,3104.96,145.4,20.88,3,Yes
65,73,120,Wrong Item,2026-06-15,Late Delivery,1,Damaged,Processed,2026-06-15,2026-06-17,96292.57,126.89,19.0,7,Yes
66,74,121,Wrong Item,2026-07-28,Changed Mind,1,Sellable,Processed,2026-07-28,2026-08-01,39461.06,125.65,41.75,5,Yes
67,78,129,Wrong Item,2025-06-15,Customer Refused,1,Opened,Processed,2025-06-15,2025-06-16,2232.87,102.5,12.01,1,Yes
68,78,130,Wrong Item,2025-06-16,Customer Refused,1,Damaged,Processed,2025-06-16,2025-06-17,1686.06,80.46,23.83,9,Yes
69,79,131,Late Delivery,2026-07-14,Customer Refused,1,Sellable,Pending,2026-07-14,2026-07-15,377.92,98.45,38.81,1,Yes
70,79,132,Late Delivery,2026-07-15,Customer Refused,1,Opened,Processed,2026-07-15,2026-07-17,1896.6,82.01,23.19,9,Yes
71,80,133,Quality Issue,2026-07-30,Late Delivery,1,Damaged,Processed,2026-07-30,2026-07-31,2463.84,80.73,23.53,3,Yes
72,81,134,Late Delivery,2026-07-28,Product Quality,1,Sellable,Pending,2026-07-29,2026-07-30,5092.96,163.88,48.19,7,Yes
73,82,135,Wrong Item,2025-06-25,Customer Refused,1,Damaged,Processed,2025-06-25,2025-06-27,58790.28,130.52,31.99,1,Yes
74,83,136,Late Delivery,2025-06-23,Customer Refused,2,Sellable,Processed,2025-06-23,2025-06-26,2376.18,128.15,12.48,4,Yes
75,87,141,Late Delivery,2024-12-04,Late Delivery,1,Opened,Processed,2024-12-04,2024-12-05,1902.71,77.12,16.99,2,Yes
76,88,142,Late Delivery,2024-09-17,Customer Refused,1,Opened,Processed,2024-09-17,2024-09-20,2201.86,134.52,38.63,6,Yes
77,88,143,Quality Issue,2024-09-14,Customer Refused,2,Damaged,Pending,2024-09-14,2024-09-17,4302.08,138.4,28.13,2,Yes
78,88,144,Late Delivery,2024-09-13,Customer Refused,1,Damaged,Processed,2024-09-13,2024-09-16,386.48,97.61,17.72,5,Yes
79,88,145,Late Delivery,2024-09-17,Customer Refused,1,Damaged,Processed,2024-09-17,2024-09-19,1323.63,106.79,20.64,7,Yes
80,91,148,Wrong Item,2025-03-14,Late Delivery,1,Damaged,Processed,2025-03-14,2025-03-16,1056.27,57.36,15.43,5,Yes
81,92,149,Quality Issue,2025-04-14,Late Delivery,3,Damaged,Processed,2025-04-14,2025-04-17,3113.13,62.48,28.21,9,Yes
82,97,155,Quality Issue,2025-01-16,Customer Refused,1,Damaged,Processed,2025-01-17,2025-01-19,2502.66,85.65,35.4,6,Yes
83,97,156,Late Delivery,2025-01-17,Customer Refused,1,Sellable,Processed,2025-01-18,2025-01-20,2604.07,105.0,39.51,1,Yes
84,97,157,Late Delivery,2025-01-13,Customer Refused,1,Sellable,Processed,2025-01-14,2025-01-15,1709.88,72.38,15.57,8,Yes
85,97,158,Wrong Item,2025-01-16,Customer Refused,1,Sellable,Processed,2025-01-17,2025-01-20,6177.58,133.47,12.85,3,Yes
86,98,159,Wrong Item,2026-02-06,Customer Refused,1,Opened,Processed,2026-02-06,2026-02-08,3254.2,118.34,18.92,3,Yes
87,100,162,Wrong Item,2025-07-21,Late Delivery,1,Opened,Processed,2025-07-21,2025-07-24,1037.71,112.7,32.73,4,Yes
88,100,163,Wrong Item,2025-07-22,Late Delivery,1,Opened,Processed,2025-07-22,2025-07-23,4876.53,69.53,15.45,6,Yes
89,101,164,Wrong Item,2025-08-23,Customer Refused,1,Damaged,Processed,2025-08-23,2025-08-26,352.63,131.63,27.46,2,Yes
90,102,166,Wrong Item,2024-12-08,Size/Fit Issue,2,Opened,Pending,2024-12-08,2024-12-10,4081.61,141.94,41.51,3,Yes
91,103,168,Late Delivery,2025-01-12,Customer Refused,1,Opened,Processed,2025-01-12,2025-01-15,55280.49,127.48,27.84,5,Yes
92,104,169,Quality Issue,2026-03-21,Late Delivery,2,Damaged,Processed,2026-03-21,2026-03-22,64506.03,116.25,20.03,3,Yes
93,105,170,Wrong Item,2026-04-18,Late Delivery,1,Sellable,Processed,2026-04-18,2026-04-19,1641.29,66.58,11.8,7,Yes
94,107,175,Quality Issue,2026-05-31,Product Quality,1,Opened,Failed,2026-05-31,2026-06-02,88242.4,144.24,46.99,4,Yes
95,107,176,Quality Issue,2026-05-27,Product Quality,1,Sellable,Processed,2026-05-28,2026-06-01,2826.64,176.47,22.38,2,Yes
96,112,185,Quality Issue,2026-07-04,Customer Refused,1,Opened,Processed,2026-07-04,2026-07-07,2304.12,62.44,28.47,5,Yes
97,113,186,Wrong Item,2026-08-16,Customer Refused,1,Opened,Processed,2026-08-16,2026-08-18,2814.86,59.4,12.85,1,Yes
98,113,187,Quality Issue,2026-08-19,Customer Refused,2,Sellable,Processed,2026-08-19,2026-08-22,11382.13,72.7,38.55,4,Yes
99,118,194,Wrong Item,2025-10-12,Late Delivery,1,Damaged,Processed,2025-10-12,2025-10-13,154238.97,132.38,15.11,8,Yes
100,118,195,Wrong Item,2025-10-10,Late Delivery,1,Opened,Processed,2025-10-10,2025-10-11,1127.72,54.2,13.15,1,Yes
101,118,196,Quality Issue,2025-10-14,Late Delivery,1,Opened,Pending,2025-10-14,2025-10-17,89345.44,65.11,12.78,4,Yes
102,118,197,Quality Issue,2025-10-11,Late Delivery,1,Sellable,Pending,2025-10-11,2025-10-13,8390.9,62.89,25.41,4,Yes
103,118,198,Wrong Item,2025-10-12,Late Delivery,1,Sellable,Processed,2025-10-12,2025-10-13,1949.13,148.24,32.49,4,Yes
104,120,200,Quality Issue,2026-01-04,Customer Refused,1,Damaged,Processed,2026-01-04,2026-01-06,246.83,97.84,13.78,3,Yes
105,121,201,Late Delivery,2026-03-09,Customer Refused,2,Sellable,Pending,2026-03-09,2026-03-11,597.68,138.4,18.33,8,Yes
106,124,205,Wrong Item,2026-03-31,Late Delivery,1,Opened,Pending,2026-03-31,2026-04-02,8689.46,95.85,17.08,4,Yes
107,124,206,Wrong Item,2026-03-31,Late Delivery,1,Sellable,Processed,2026-03-31,2026-04-02,3833.19,119.84,21.31,5,Yes
108,125,207,Late Delivery,2026-04-26,Late Delivery,1,Opened,Processed,2026-04-26,2026-04-28,67349.49,106.27,16.18,4,Yes
109,125,208,Wrong Item,2026-04-27,Late Delivery,1,Opened,Processed,2026-04-27,2026-04-29,979.8,134.85,35.41,8,Yes
110,126,209,Wrong Item,2025-07-14,Customer Refused,1,Damaged,Processed,2025-07-14,2025-07-16,2488.93,65.97,36.57,7,Yes
111,128,211,Late Delivery,2025-05-08,Late Delivery,1,Opened,Processed,2025-05-08,2025-05-09,166717.66,135.52,33.5,8,Yes
112,129,212,Wrong Item,2025-01-14,Customer Refused,1,Opened,Failed,2025-01-15,2025-01-17,1546.51,107.67,29.68,6,Yes
113,130,213,Wrong Item,2025-02-05,Customer Refused,1,Opened,Processed,2025-02-06,2025-02-09,58872.03,81.51,36.02,6,Yes
114,131,214,Quality Issue,2024-12-01,Late Delivery,1,Sellable,Pending,2024-12-02,2024-12-05,25845.76,94.87,45.98,9,Yes
115,136,220,Quality Issue,2025-02-17,Customer Refused,1,Opened,Processed,2025-02-17,2025-02-18,28151.71,141.27,24.14,5,Yes
116,137,221,Late Delivery,2025-04-05,Late Delivery,1,Opened,Processed,2025-04-05,2025-04-07,517.5,77.26,11.34,8,Yes
117,137,222,Quality Issue,2025-04-06,Late Delivery,1,Sellable,Processed,2025-04-06,2025-04-08,123421.08,123.93,39.02,9,Yes
118,138,223,Late Delivery,2026-01-28,Late Delivery,1,Sellable,Processed,2026-01-28,2026-01-30,2642.32,65.39,24.25,6,Yes
119,138,224,Wrong Item,2026-01-26,Late Delivery,1,Sellable,Processed,2026-01-26,2026-01-27,22469.84,106.57,12.46,2,Yes
120,138,225,Quality Issue,2026-01-24,Late Delivery,3,Opened,Processed,2026-01-24,2026-01-26,192615.93,139.07,37.25,5,Yes
121,138,226,Quality Issue,2026-01-25,Late Delivery,3,Damaged,Processed,2026-01-25,2026-01-28,8821.65,143.95,13.51,6,Yes
122,138,227,Wrong Item,2026-01-27,Late Delivery,1,Opened,Processed,2026-01-27,2026-01-28,2410.54,79.36,32.7,4,Yes
123,139,228,Late Delivery,2024-09-22,Late Delivery,2,Damaged,Processed,2024-09-22,2024-09-24,879.63,88.85,30.26,9,Yes
124,141,230,Quality Issue,2025-11-20,Customer Refused,1,Opened,Processed,2025-11-20,2025-11-22,945.23,104.18,29.57,7,Yes
125,142,231,Wrong Item,2025-12-31,Damaged Product,1,Opened,Processed,2026-01-01,2026-01-04,129577.13,97.93,49.51,8,Yes
126,144,233,Quality Issue,2025-02-19,Customer Refused,1,Damaged,Processed,2025-02-19,2025-02-21,935.25,112.42,11.56,2,Yes
127,144,234,Late Delivery,2025-02-18,Customer Refused,1,Sellable,Processed,2025-02-18,2025-02-21,28347.5,136.65,25.68,3,Yes
128,144,235,Quality Issue,2025-02-19,Customer Refused,1,Damaged,Processed,2025-02-19,2025-02-22,75098.38,112.54,15.48,6,Yes
129,146,238,Wrong Item,2025-07-31,Damaged Product,1,Sellable,Processed,2025-07-31,2025-08-03,81357.26,162.33,22.12,1,Yes
130,147,239,Quality Issue,2025-08-25,Customer Refused,1,Damaged,Processed,2025-08-25,2025-08-26,44898.72,120.2,30.71,6,Yes
131,148,240,Late Delivery,2025-06-30,Customer Refused,1,Sellable,Processed,2025-06-30,2025-07-02,109270.66,84.26,21.49,7,Yes
132,150,246,Quality Issue,2026-06-29,Changed Mind,1,Defective,Processed,2026-06-29,2026-07-01,265.39,69.73,30.25,1,Yes
133,153,251,Late Delivery,2025-05-26,Late Delivery,1,Opened,Processed,2025-05-26,2025-05-29,2414.47,68.42,24.75,1,Yes
134,153,252,Quality Issue,2025-05-26,Late Delivery,1,Damaged,Pending,2025-05-26,2025-05-28,2051.19,121.4,30.3,2,Yes
135,154,254,Wrong Item,2025-06-14,Damaged Product,1,Sellable,Pending,2025-06-14,,35503.25,152.1,20.42,1,Yes
136,155,255,Quality Issue,2026-01-07,Late Delivery,2,Sellable,Processed,2026-01-07,2026-01-10,12173.76,92.58,24.32,3,Yes
137,156,260,Wrong Item,2025-02-08,Damaged Product,1,Opened,Pending,2025-02-08,2025-02-10,1059.15,120.56,16.12,1,Yes
138,157,261,Quality Issue,2025-03-25,Size/Fit Issue,1,Sellable,Processed,2025-03-25,2025-03-27,2707.59,61.96,42.5,2,Yes
139,159,267,Late Delivery,2024-08-22,Product Quality,1,Sellable,Pending,2024-08-22,2024-08-24,59188.38,109.52,27.99,4,Yes
140,162,272,Quality Issue,2024-11-07,Late Delivery,2,Damaged,Processed,2024-11-07,2024-11-08,3440.1,127.13,32.62,2,Yes
141,163,273,Quality Issue,2025-01-29,Late Delivery,1,Damaged,Processed,2025-01-30,2025-02-01,143987.71,134.18,36.6,3,Yes
142,163,274,Wrong Item,2025-02-02,Late Delivery,1,Damaged,Processed,2025-02-03,2025-02-05,67301.61,117.59,31.22,2,Yes
143,166,277,Late Delivery,2025-12-21,Late Delivery,1,Damaged,Processed,2025-12-21,2025-12-23,3481.03,64.64,28.37,1,Yes
144,167,278,Wrong Item,2025-10-15,Customer Refused,2,Sellable,Processed,2025-10-15,2025-10-16,3851.98,126.5,10.58,8,Yes
145,168,279,Quality Issue,2025-11-03,Late Delivery,2,Opened,Failed,2025-11-03,2025-11-04,110875.88,129.03,20.79,1,Yes
146,169,280,Wrong Item,2025-05-28,Customer Refused,1,Sellable,Processed,2025-05-28,2025-05-29,24756.35,134.71,38.91,1,Yes
147,172,284,Late Delivery,2026-06-23,Customer Refused,1,Opened,Processed,2026-06-23,2026-06-25,3012.81,54.03,34.6,3,Yes
148,174,289,Wrong Item,2024-12-02,Customer Refused,1,Opened,Processed,2024-12-02,2024-12-03,151723.77,138.05,37.99,7,Yes
149,178,293,Wrong Item,2026-02-25,Late Delivery,2,Damaged,Processed,2026-02-25,2026-02-28,4524.35,125.4,36.69,5,Yes
150,180,295,Quality Issue,2025-11-26,Late Delivery,1,Opened,Processed,2025-11-26,2025-11-27,637.14,80.15,14.65,6,Yes
151,180,296,Late Delivery,2025-11-23,Late Delivery,1,Sellable,Processed,2025-11-23,2025-11-25,81511.72,137.01,31.24,1,Yes
152,181,297,Quality Issue,2026-04-18,Customer Refused,1,Opened,Processed,2026-04-18,2026-04-20,21586.51,93.14,35.71,4,Yes
153,182,298,Late Delivery,2025-06-03,Late Delivery,2,Opened,Pending,2025-06-03,2025-06-05,4005.6,105.36,21.92,9,Yes
154,182,299,Late Delivery,2025-06-02,Late Delivery,1,Sellable,Processed,2025-06-02,2025-06-04,835.31,100.02,38.23,3,Yes
155,183,300,Wrong Item,2025-07-01,Late Delivery,2,Damaged,Processed,2025-07-01,2025-07-04,3901.38,84.47,13.29,9,Yes
156,185,302,Quality Issue,2026-04-26,Damaged Product,1,Defective,Processed,2026-04-26,2026-04-30,1846.05,106.59,25.56,6,Yes
157,187,304,Wrong Item,2024-12-20,Late Delivery,1,Damaged,Processed,2024-12-20,2024-12-21,19794.71,73.61,35.43,8,Yes
158,187,305,Late Delivery,2024-12-18,Late Delivery,1,Damaged,Processed,2024-12-18,2024-12-19,82889.99,78.93,27.3,7,Yes
159,188,306,Late Delivery,2026-06-14,Customer Refused,1,Opened,Processed,2026-06-14,2026-06-17,36036.54,62.28,32.41,8,Yes
160,188,307,Wrong Item,2026-06-15,Customer Refused,2,Sellable,Processed,2026-06-15,2026-06-17,230535.33,87.37,37.36,5,Yes
161,188,308,Wrong Item,2026-06-12,Customer Refused,1,Damaged,Processed,2026-06-12,2026-06-13,42699.05,71.99,31.78,3,Yes
162,188,309,Quality Issue,2026-06-14,Customer Refused,1,Opened,Processed,2026-06-14,2026-06-17,6151.32,88.85,37.5,5,Yes
163,188,310,Wrong Item,2026-06-12,Customer Refused,2,Damaged,Pending,2026-06-12,2026-06-13,418.38,135.76,15.3,7,Yes
164,189,311,Late Delivery,2026-07-04,Customer Refused,1,Opened,Processed,2026-07-04,2026-07-07,2201.97,148.86,24.94,1,Yes
165,192,314,Wrong Item,2026-04-05,Customer Refused,2,Opened,Processed,2026-04-05,2026-04-06,4112.06,56.91,38.53,6,Yes
166,192,315,Wrong Item,2026-04-03,Customer Refused,1,Sellable,Pending,2026-04-03,2026-04-05,68245.35,83.21,31.59,3,Yes
167,192,316,Late Delivery,2026-04-05,Customer Refused,2,Sellable,Processed,2026-04-05,2026-04-08,5530.46,80.22,16.52,5,Yes
168,192,317,Late Delivery,2026-04-04,Customer Refused,1,Opened,Pending,2026-04-04,2026-04-05,1115.97,87.74,34.69,2,Yes
169,192,318,Quality Issue,2026-04-05,Customer Refused,1,Opened,Pending,2026-04-05,2026-04-08,2865.1,147.69,38.81,6,Yes
170,193,319,Quality Issue,2025-01-31,Customer Refused,2,Damaged,Processed,2025-01-31,2025-02-02,5812.25,75.82,23.33,1,Yes
171,193,320,Quality Issue,2025-01-31,Customer Refused,1,Opened,Processed,2025-01-31,2025-02-01,4678.84,88.15,28.41,2,Yes
172,197,329,Quality Issue,2024-09-06,Late Delivery,2,Sellable,Processed,2024-09-06,2024-09-08,80804.88,143.32,38.05,5,Yes
173,200,333,Quality Issue,2026-03-12,Customer Refused,1,Opened,Processed,2026-03-12,2026-03-15,2926.02,100.13,36.41,2,Yes
174,200,334,Late Delivery,2026-03-09,Customer Refused,1,Sellable,Processed,2026-03-09,2026-03-10,2127.33,56.79,18.1,5,Yes
175,200,335,Wrong Item,2026-03-08,Customer Refused,1,Sellable,Processed,2026-03-08,2026-03-10,39621.43,81.31,16.94,8,Yes
176,202,337,Quality Issue,2025-02-16,Damaged Product,1,Damaged,Processed,2025-02-16,2025-02-17,53481.06,156.88,16.11,5,Yes
177,204,340,Wrong Item,2025-08-29,Customer Refused,1,Opened,Processed,2025-08-29,2025-09-01,2317.3,99.49,33.92,7,Yes
178,204,341,Quality Issue,2025-08-27,Customer Refused,3,Opened,Processed,2025-08-27,2025-08-30,43748.31,80.35,12.05,9,Yes
179,206,344,Quality Issue,2025-08-06,Customer Refused,1,Sellable,Processed,2025-08-06,2025-08-08,86438.74,63.16,13.75,2,Yes
180,207,345,Wrong Item,2025-02-17,Customer Refused,1,Sellable,Processed,2025-02-17,2025-02-18,6557.76,92.33,33.01,4,Yes
181,207,346,Late Delivery,2025-02-19,Customer Refused,1,Damaged,Processed,2025-02-19,2025-02-20,55531.46,146.63,13.82,7,Yes
182,210,350,Late Delivery,2025-08-31,Customer Refused,1,Sellable,Processed,2025-08-31,2025-09-01,41152.71,126.01,14.33,2,Yes
183,215,361,Late Delivery,2025-01-15,Late Delivery,1,Damaged,Processed,2025-01-16,2025-01-19,3440.64,66.38,13.25,1,Yes
184,218,370,Late Delivery,2025-08-05,Customer Refused,2,Sellable,Processed,2025-08-05,2025-08-07,2876.14,53.98,19.02,3,Yes
185,219,371,Late Delivery,2024-09-16,Customer Refused,1,Opened,Processed,2024-09-16,2024-09-17,4814.38,75.26,38.35,7,Yes
186,219,372,Quality Issue,2024-09-15,Customer Refused,1,Sellable,Processed,2024-09-15,2024-09-18,673.12,55.54,20.82,3,Yes
187,219,373,Quality Issue,2024-09-17,Customer Refused,1,Opened,Pending,2024-09-17,2024-09-19,4990.11,113.32,14.86,2,Yes
188,227,384,Wrong Item,2025-04-22,Late Delivery,1,Opened,Processed,2025-04-22,2025-04-25,1891.68,101.5,27.87,8,Yes
189,228,385,Wrong Item,2024-10-30,Late Delivery,1,Damaged,Failed,2024-10-30,2024-11-02,26433.7,90.73,26.07,1,Yes
190,228,386,Quality Issue,2024-10-31,Late Delivery,3,Opened,Processed,2024-10-31,2024-11-03,107886.34,131.9,12.24,3,Yes
191,229,387,Quality Issue,2025-08-09,Late Delivery,1,Damaged,Processed,2025-08-09,2025-08-11,3802.67,108.18,16.65,6,Yes
192,229,388,Quality Issue,2025-08-07,Late Delivery,1,Opened,Processed,2025-08-07,2025-08-10,2327.69,108.0,14.42,9,Yes
193,230,389,Wrong Item,2026-06-20,Late Delivery,1,Sellable,Processed,2026-06-20,2026-06-21,998.46,59.01,24.75,5,Yes
194,231,390,Late Delivery,2025-03-20,Late Delivery,1,Damaged,Processed,2025-03-20,2025-03-23,3472.72,62.45,38.99,7,Yes
195,239,400,Quality Issue,2025-10-20,Customer Refused,1,Opened,Processed,2025-10-20,2025-10-21,2213.15,89.43,11.39,8,Yes
196,239,401,Quality Issue,2025-10-16,Customer Refused,1,Sellable,Processed,2025-10-16,2025-10-19,21705.5,99.92,17.32,2,Yes
197,241,403,Wrong Item,2024-08-15,Late Delivery,3,Damaged,Processed,2024-08-15,2024-08-16,15175.94,141.33,28.91,7,Yes
198,241,404,Late Delivery,2024-08-16,Late Delivery,3,Damaged,Processed,2024-08-16,2024-08-18,329985.16,100.91,37.89,3,Yes
199,241,405,Late Delivery,2024-08-18,Late Delivery,1,Opened,Pending,2024-08-18,2024-08-20,89376.52,56.0,17.72,5,Yes
200,241,406,Late Delivery,2024-08-15,Late Delivery,1,Opened,Processed,2024-08-15,2024-08-18,38025.79,99.69,37.45,7,Yes
201,242,407,Wrong Item,2025-07-12,Customer Refused,1,Damaged,Processed,2025-07-12,2025-07-13,7050.68,111.84,10.69,1,Yes
202,244,409,Quality Issue,2026-02-19,Customer Refused,1,Opened,Processed,2026-02-20,2026-02-22,1460.92,60.91,18.67,9,Yes
203,244,410,Wrong Item,2026-02-21,Customer Refused,1,Sellable,Processed,2026-02-22,2026-02-23,2854.6,68.72,25.08,5,Yes
204,244,411,Wrong Item,2026-02-18,Customer Refused,1,Opened,Processed,2026-02-19,2026-02-20,143495.9,66.45,36.28,6,Yes
205,245,412,Wrong Item,2026-06-11,Late Delivery,1,Sellable,Processed,2026-06-11,2026-06-14,73933.08,95.8,14.26,7,Yes
206,247,418,Late Delivery,2025-06-12,Changed Mind,2,Sellable,Pending,2025-06-12,2025-06-15,70432.53,125.9,17.24,9,Yes
207,249,420,Quality Issue,2024-09-02,Late Delivery,1,Sellable,Processed,2024-09-02,2024-09-03,2106.79,89.9,39.23,5,Yes
208,250,421,Quality Issue,2026-03-09,Late Delivery,1,Sellable,Pending,2026-03-09,2026-03-11,1611.72,136.98,15.83,3,Yes
209,251,422,Wrong Item,2025-05-15,Customer Refused,2,Sellable,Processed,2025-05-15,2025-05-18,518.45,127.18,12.22,7,Yes
210,252,423,Late Delivery,2025-06-20,Customer Refused,1,Damaged,Processed,2025-06-20,2025-06-23,45686.29,139.25,21.21,1,Yes
211,254,426,Quality Issue,2025-12-01,Customer Refused,1,Opened,Failed,2025-12-01,2025-12-03,200.52,84.49,13.09,4,Yes
212,254,427,Late Delivery,2025-11-28,Customer Refused,1,Opened,Processed,2025-11-28,2025-11-29,33758.74,52.06,11.58,4,Yes
213,254,428,Wrong Item,2025-11-27,Customer Refused,1,Damaged,Pending,2025-11-27,2025-11-29,24421.89,144.77,30.48,2,Yes
214,254,429,Wrong Item,2025-12-01,Customer Refused,1,Damaged,Pending,2025-12-01,2025-12-02,1618.38,134.25,36.0,1,Yes
215,255,430,Wrong Item,2025-04-26,Customer Refused,1,Opened,Processed,2025-04-26,2025-04-27,2552.41,63.39,27.7,2,Yes
216,257,432,Quality Issue,2026-01-04,Size/Fit Issue,1,Defective,Processed,2026-01-05,,5017.76,67.84,15.55,4,Yes
217,266,449,Wrong Item,2026-05-02,Customer Refused,1,Damaged,Pending,2026-05-02,2026-05-05,18311.46,77.27,35.29,8,Yes
218,269,452,Late Delivery,2024-12-22,Customer Refused,2,Sellable,Processed,2024-12-22,2024-12-24,181952.81,102.56,37.76,8,Yes
219,269,453,Quality Issue,2024-12-23,Customer Refused,1,Damaged,Pending,2024-12-23,2024-12-25,31055.35,89.85,11.81,8,Yes
220,271,455,Late Delivery,2025-08-01,Customer Refused,1,Opened,Processed,2025-08-01,2025-08-02,516.42,73.46,24.98,8,Yes
221,272,456,Wrong Item,2025-09-08,Late Delivery,1,Opened,Processed,2025-09-08,2025-09-09,6326.09,81.11,21.05,9,Yes
222,273,457,Wrong Item,2025-12-12,Late Delivery,1,Sellable,Pending,2025-12-13,2025-12-15,4585.11,85.52,29.04,2,Yes
223,273,458,Late Delivery,2025-12-15,Late Delivery,1,Sellable,Processed,2025-12-16,2025-12-17,625.35,130.84,25.02,2,Yes
224,275,461,Quality Issue,2025-02-15,Customer Refused,1,Opened,Processed,2025-02-15,2025-02-17,888.74,53.7,16.62,7,Yes
225,275,462,Late Delivery,2025-02-12,Customer Refused,1,Opened,Processed,2025-02-12,2025-02-15,35269.63,74.93,38.64,6,Yes
226,277,465,Quality Issue,2025-07-05,Customer Refused,1,Opened,Processed,2025-07-05,2025-07-08,3026.4,128.6,27.28,6,Yes
227,277,466,Wrong Item,2025-07-06,Customer Refused,1,Sellable,Processed,2025-07-06,2025-07-07,137488.1,63.01,25.37,4,Yes
228,278,467,Late Delivery,2025-07-24,Customer Refused,1,Sellable,Failed,2025-07-24,2025-07-26,1575.14,149.09,26.18,7,Yes
229,278,468,Quality Issue,2025-07-23,Customer Refused,1,Opened,Processed,2025-07-23,2025-07-25,769.5,79.68,14.16,4,Yes
230,279,469,Late Delivery,2026-05-28,Late Delivery,1,Opened,Processed,2026-05-28,2026-05-30,2288.36,75.29,32.06,5,Yes
231,280,470,Late Delivery,2026-06-23,Customer Refused,1,Sellable,Processed,2026-06-23,2026-06-24,7163.47,61.05,27.94,2,Yes
232,283,473,Quality Issue,2025-06-03,Customer Refused,1,Opened,Processed,2025-06-03,2025-06-04,1603.07,57.79,35.41,2,Yes
233,284,474,Wrong Item,2025-10-18,Late Delivery,1,Damaged,Processed,2025-10-18,2025-10-19,2124.74,61.86,35.79,8,Yes
234,286,477,Quality Issue,2025-02-04,Late Delivery,1,Damaged,Processed,2025-02-04,2025-02-07,40895.19,125.26,16.35,1,Yes
235,286,478,Late Delivery,2025-02-05,Late Delivery,1,Sellable,Processed,2025-02-05,2025-02-07,27927.81,110.8,20.5,3,Yes
236,290,482,Wrong Item,2024-10-25,Late Delivery,1,Sellable,Pending,2024-10-25,2024-10-27,1819.42,63.8,24.15,9,Yes
237,290,483,Quality Issue,2024-10-26,Late Delivery,1,Opened,Failed,2024-10-26,2024-10-27,1438.12,107.07,23.34,9,Yes
238,294,488,Quality Issue,2026-02-10,Late Delivery,3,Opened,Pending,2026-02-10,2026-02-11,5816.88,104.32,19.07,4,Yes
239,294,489,Quality Issue,2026-02-13,Late Delivery,2,Damaged,Processed,2026-02-13,2026-02-14,814.62,71.37,13.31,4,Yes
240,294,490,Quality Issue,2026-02-11,Late Delivery,1,Sellable,Pending,2026-02-11,2026-02-12,28218.04,100.96,29.26,1,Yes
241,294,491,Wrong Item,2026-02-13,Late Delivery,1,Sellable,Processed,2026-02-13,2026-02-14,2306.32,119.28,34.85,2,Yes
242,294,492,Wrong Item,2026-02-14,Late Delivery,1,Sellable,Processed,2026-02-14,2026-02-16,107592.1,94.26,23.72,4,Yes
243,295,493,Wrong Item,2025-06-09,Late Delivery,2,Opened,Processed,2025-06-09,2025-06-12,6594.24,52.77,33.93,9,Yes
244,297,498,Wrong Item,2025-05-22,Size/Fit Issue,1,Opened,Processed,2025-05-23,2025-05-26,1114.25,158.05,25.23,6,Yes
245,298,499,Wrong Item,2024-08-17,Late Delivery,1,Sellable,Processed,2024-08-18,2024-08-20,2806.93,116.77,19.24,9,Yes
246,302,507,Wrong Item,2025-09-06,Customer Refused,1,Sellable,Pending,2025-09-06,2025-09-08,1565.62,104.4,30.27,6,Yes
247,303,508,Wrong Item,2026-01-19,Late Delivery,1,Opened,Processed,2026-01-19,2026-01-21,1156.78,139.7,20.1,5,Yes
248,304,509,Late Delivery,2025-07-06,Customer Refused,2,Opened,Processed,2025-07-06,2025-07-07,4349.72,79.47,10.66,7,Yes
249,305,511,Late Delivery,2025-04-07,Damaged Product,1,Sellable,Processed,2025-04-07,2025-04-08,2722.49,173.8,38.72,4,Yes
250,306,513,Quality Issue,2025-05-15,Late Delivery,2,Sellable,Pending,2025-05-16,2025-05-17,2638.38,126.09,27.67,5,Yes
251,313,521,Late Delivery,2026-01-24,Customer Refused,2,Opened,Processed,2026-01-24,2026-01-27,2531.51,85.92,20.97,7,Yes
252,315,523,Quality Issue,2026-08-08,Late Delivery,1,Sellable,Processed,2026-08-08,2026-08-11,25795.49,68.2,35.16,9,Yes
253,315,524,Late Delivery,2026-08-09,Late Delivery,1,Sellable,Pending,2026-08-09,2026-08-11,1010.66,145.41,13.45,6,Yes
254,318,527,Late Delivery,2024-11-20,Late Delivery,1,Sellable,Pending,2024-11-20,2024-11-21,4876.53,73.73,28.05,3,Yes
255,318,528,Wrong Item,2024-11-20,Late Delivery,1,Damaged,Processed,2024-11-20,2024-11-23,2133.9,65.76,34.21,5,Yes
256,318,529,Quality Issue,2024-11-21,Late Delivery,1,Sellable,Processed,2024-11-21,2024-11-22,3261.61,55.98,15.15,4,Yes
257,318,530,Late Delivery,2024-11-23,Late Delivery,1,Sellable,Processed,2024-11-23,2024-11-25,20431.66,112.71,37.99,9,Yes
258,318,531,Late Delivery,2024-11-21,Late Delivery,1,Damaged,Processed,2024-11-21,2024-11-22,350.95,63.58,18.37,1,Yes
259,319,532,Late Delivery,2025-06-29,Customer Refused,2,Opened,Processed,2025-06-29,2025-06-30,20655.96,68.87,30.86,1,Yes
260,321,534,Wrong Item,2025-11-26,Customer Refused,1,Damaged,Processed,2025-11-26,2025-11-27,1132.98,115.25,27.96,3,Yes
261,321,535,Wrong Item,2025-11-23,Customer Refused,1,Sellable,Processed,2025-11-23,2025-11-25,60623.14,110.19,11.53,9,Yes
262,321,536,Quality Issue,2025-11-24,Customer Refused,1,Opened,Processed,2025-11-24,2025-11-25,2488.05,65.27,33.2,1,Yes
263,321,537,Late Delivery,2025-11-24,Customer Refused,2,Sellable,Processed,2025-11-24,2025-11-27,987.27,52.68,39.72,2,Yes
264,321,538,Quality Issue,2025-11-27,Customer Refused,1,Sellable,Pending,2025-11-27,2025-11-29,80501.78,91.84,10.45,1,Yes
265,328,552,Wrong Item,2025-01-25,Late Delivery,1,Damaged,Processed,2025-01-26,2025-01-28,47452.25,114.24,12.35,9,Yes
266,328,553,Wrong Item,2025-01-24,Late Delivery,1,Opened,Processed,2025-01-25,2025-01-28,4572.45,65.46,18.19,8,Yes
267,329,554,Quality Issue,2025-03-07,Damaged Product,1,Defective,Processed,2025-03-07,2025-03-10,97290.63,69.63,30.33,5,Yes
268,332,557,Quality Issue,2024-08-14,Late Delivery,3,Damaged,Processed,2024-08-14,2024-08-15,9700.26,138.48,12.09,5,Yes
269,334,560,Wrong Item,2025-01-19,Customer Refused,3,Sellable,Processed,2025-01-19,2025-01-22,78879.75,69.01,26.44,3,Yes
270,335,563,Late Delivery,2025-03-03,Product Quality,3,Opened,Processed,2025-03-03,2025-03-05,9708.94,173.42,47.63,3,Yes
271,336,564,Quality Issue,2025-09-29,Late Delivery,1,Sellable,Processed,2025-09-30,2025-10-01,58164.02,105.91,31.48,2,Yes
272,339,567,Late Delivery,2025-07-08,Late Delivery,1,Sellable,Processed,2025-07-08,2025-07-09,2897.85,120.07,16.58,9,Yes
273,339,568,Wrong Item,2025-07-07,Late Delivery,1,Sellable,Processed,2025-07-07,2025-07-10,333.51,133.67,34.21,1,Yes
274,340,569,Wrong Item,2025-08-15,Customer Refused,1,Damaged,Pending,2025-08-15,2025-08-18,1854.09,112.91,24.9,2,Yes
275,341,570,Wrong Item,2024-09-22,Late Delivery,1,Sellable,Processed,2024-09-22,2024-09-24,2634.42,127.21,26.55,5,Yes
276,342,571,Late Delivery,2024-10-30,Late Delivery,1,Damaged,Processed,2024-10-30,2024-10-31,2728.61,52.97,23.96,5,Yes
277,344,574,Late Delivery,2025-10-26,Customer Refused,1,Opened,Processed,2025-10-26,2025-10-29,30096.25,126.09,21.67,8,Yes
278,344,575,Quality Issue,2025-10-28,Customer Refused,1,Sellable,Processed,2025-10-28,2025-10-29,1367.29,81.42,39.88,8,Yes
279,344,576,Late Delivery,2025-10-30,Customer Refused,1,Opened,Pending,2025-10-30,2025-11-02,30123.15,71.84,25.42,8,Yes
280,351,589,Wrong Item,2024-12-10,Customer Refused,1,Opened,Processed,2024-12-10,2024-12-13,2175.16,72.67,15.09,9,Yes
281,352,590,Quality Issue,2025-02-14,Customer Refused,2,Sellable,Processed,2025-02-14,2025-02-17,90883.8,133.23,31.28,1,Yes
282,355,593,Wrong Item,2024-12-29,Late Delivery,2,Sellable,Processed,2024-12-29,2024-12-31,108010.6,95.25,14.57,5,Yes
283,357,595,Late Delivery,2024-08-09,Customer Refused,1,Opened,Processed,2024-08-09,2024-08-11,2855.3,71.98,34.46,2,Yes
284,361,605,Late Delivery,2025-11-11,Late Delivery,1,Damaged,Processed,2025-11-11,2025-11-13,2657.25,93.79,25.39,6,Yes
285,362,606,Quality Issue,2024-10-30,Late Delivery,1,Damaged,Processed,2024-10-31,2024-11-02,1643.98,59.01,30.98,3,Yes
286,362,607,Quality Issue,2024-11-02,Late Delivery,1,Sellable,Processed,2024-11-03,2024-11-06,8005.35,114.34,33.32,7,Yes
287,362,608,Late Delivery,2024-11-02,Late Delivery,1,Sellable,Processed,2024-11-03,2024-11-05,2522.38,126.76,17.57,3,Yes
288,363,609,Wrong Item,2026-03-16,Late Delivery,1,Damaged,Processed,2026-03-16,2026-03-19,2384.34,128.55,27.23,4,Yes
289,363,610,Late Delivery,2026-03-15,Late Delivery,1,Damaged,Processed,2026-03-15,2026-03-18,72166.51,119.07,34.51,3,Yes
290,363,611,Wrong Item,2026-03-14,Late Delivery,1,Sellable,Processed,2026-03-14,2026-03-16,2284.87,58.36,19.68,6,Yes
291,363,612,Late Delivery,2026-03-13,Late Delivery,1,Sellable,Processed,2026-03-13,2026-03-15,110700.38,147.73,38.98,1,Yes
292,363,613,Wrong Item,2026-03-17,Late Delivery,1,Sellable,Processed,2026-03-17,2026-03-20,4222.79,130.64,15.63,7,Yes
293,364,614,Wrong Item,2026-04-21,Customer Refused,2,Damaged,Processed,2026-04-21,2026-04-24,4660.99,136.4,25.92,8,Yes
294,368,618,Quality Issue,2024-08-31,Customer Refused,1,Sellable,Processed,2024-08-31,2024-09-02,69365.4,130.16,26.03,9,Yes
295,370,623,Wrong Item,2025-05-27,Late Delivery,2,Sellable,Processed,2025-05-27,2025-05-29,1535.64,118.5,30.79,8,Yes
296,371,624,Quality Issue,2024-10-24,Customer Refused,1,Damaged,Processed,2024-10-24,2024-10-26,761.45,124.04,38.58,8,Yes
297,373,627,Late Delivery,2025-02-26,Customer Refused,1,Opened,Pending,2025-02-26,2025-02-28,299.92,113.73,38.6,9,Yes
298,373,628,Late Delivery,2025-03-01,Customer Refused,2,Damaged,Processed,2025-03-01,2025-03-03,7097.57,69.77,19.99,4,Yes
299,373,629,Late Delivery,2025-03-01,Customer Refused,1,Damaged,Failed,2025-03-01,2025-03-04,40991.75,139.28,16.1,1,Yes
300,374,630,Late Delivery,2025-04-02,Late Delivery,1,Opened,Processed,2025-04-02,2025-04-05,58822.41,62.95,39.99,9,Yes
301,376,633,Quality Issue,2024-11-03,Size/Fit Issue,1,Opened,Failed,2024-11-03,,2149.52,160.58,38.38,9,Yes
302,382,645,Late Delivery,2025-05-09,Customer Refused,1,Damaged,Processed,2025-05-10,2025-05-12,127206.42,132.01,36.87,4,Yes
303,383,646,Wrong Item,2026-07-02,Late Delivery,1,Damaged,Processed,2026-07-02,2026-07-05,75280.29,124.51,24.14,5,Yes
304,385,648,Wrong Item,2025-08-22,Customer Refused,1,Sellable,Processed,2025-08-23,2025-08-25,1904.53,98.26,32.8,5,Yes
305,386,649,Quality Issue,2024-12-27,Late Delivery,1,Sellable,Pending,2024-12-27,2024-12-28,1560.84,60.31,11.45,3,Yes
306,387,650,Wrong Item,2025-01-09,Customer Refused,3,Damaged,Processed,2025-01-09,2025-01-11,329044.25,140.62,20.57,9,Yes
307,387,651,Wrong Item,2025-01-08,Customer Refused,1,Sellable,Processed,2025-01-08,2025-01-10,50786.7,149.79,29.0,3,Yes
308,387,652,Quality Issue,2025-01-12,Customer Refused,2,Damaged,Processed,2025-01-12,2025-01-15,4093.63,128.7,10.97,6,Yes
309,388,653,Quality Issue,2025-01-08,Late Delivery,1,Opened,Processed,2025-01-08,2025-01-10,1606.9,109.09,18.51,2,Yes
310,390,659,Late Delivery,2026-02-13,Late Delivery,1,Damaged,Processed,2026-02-13,2026-02-15,1666.96,58.91,15.55,7,Yes
311,390,660,Quality Issue,2026-02-13,Late Delivery,1,Opened,Processed,2026-02-13,2026-02-16,32410.38,111.53,16.49,7,Yes
312,396,670,Wrong Item,2025-07-05,Product Quality,1,Sellable,Pending,2025-07-05,2025-07-09,91099.24,117.41,46.29,9,Yes
313,397,671,Wrong Item,2024-11-12,Late Delivery,1,Sellable,Processed,2024-11-13,2024-11-16,110905.01,64.71,23.55,5,Yes
314,397,672,Wrong Item,2024-11-14,Late Delivery,1,Opened,Processed,2024-11-15,2024-11-18,61004.36,138.55,31.77,4,Yes
315,397,673,Quality Issue,2024-11-14,Late Delivery,1,Opened,Processed,2024-11-15,2024-11-16,32764.91,132.74,36.65,1,Yes
316,398,674,Wrong Item,2024-12-17,Customer Refused,3,Opened,Processed,2024-12-17,2024-12-20,13073.28,72.99,12.83,1,Yes
317,402,680,Wrong Item,2025-12-31,Customer Refused,1,Sellable,Processed,2025-12-31,2026-01-03,124572.46,57.01,23.79,3,Yes
318,402,681,Late Delivery,2025-12-29,Customer Refused,2,Opened,Processed,2025-12-29,2025-12-30,5326.84,135.37,11.54,9,Yes
319,403,684,Late Delivery,2026-08-01,Product Quality,1,Opened,Processed,2026-08-01,2026-08-04,1500.78,81.36,21.37,1,Yes
320,405,688,Late Delivery,2026-05-28,Late Delivery,1,Opened,Processed,2026-05-29,2026-06-01,23374.07,138.74,23.44,1,Yes
321,406,689,Late Delivery,2024-09-03,Customer Refused,1,Damaged,Processed,2024-09-03,2024-09-04,996.62,108.59,37.03,1,Yes
322,406,690,Wrong Item,2024-09-01,Customer Refused,1,Sellable,Processed,2024-09-01,2024-09-04,112481.7,76.03,17.66,2,Yes
323,409,693,Wrong Item,2026-03-30,Late Delivery,2,Opened,Processed,2026-03-30,2026-04-01,2369.62,131.74,16.52,9,Yes
324,409,694,Wrong Item,2026-03-26,Late Delivery,1,Damaged,Processed,2026-03-26,2026-03-28,3121.71,121.87,39.03,1,Yes
325,410,698,Wrong Item,2025-01-21,Size/Fit Issue,1,Sellable,Pending,2025-01-21,2025-01-23,2158.94,88.65,31.42,4,Yes
326,411,699,Late Delivery,2026-05-21,Late Delivery,1,Opened,Processed,2026-05-21,2026-05-24,4231.47,105.58,34.67,3,Yes
327,413,701,Wrong Item,2025-03-24,Customer Refused,2,Damaged,Processed,2025-03-24,2025-03-27,9888.57,100.73,34.55,8,Yes
328,414,702,Wrong Item,2024-10-18,Late Delivery,1,Opened,Pending,2024-10-19,2024-10-22,79084.27,120.42,17.74,6,Yes
329,415,703,Wrong Item,2026-01-14,Customer Refused,1,Sellable,Processed,2026-01-14,2026-01-15,22744.25,82.03,10.01,4,Yes
330,417,707,Wrong Item,2025-09-06,Size/Fit Issue,1,Damaged,Processed,2025-09-06,2025-09-10,5133.45,83.94,29.99,5,Yes
331,417,709,Wrong Item,2025-09-10,Not as Described,1,Opened,Processed,2025-09-10,2025-09-13,988.6,153.81,33.17,1,Yes
332,418,710,Wrong Item,2025-10-04,Late Delivery,1,Sellable,Pending,2025-10-04,2025-10-07,2695.08,62.16,21.97,3,Yes
333,418,711,Quality Issue,2025-10-06,Late Delivery,1,Damaged,Pending,2025-10-06,2025-10-09,105483.35,124.58,21.39,8,Yes
334,418,712,Wrong Item,2025-10-02,Late Delivery,1,Damaged,Pending,2025-10-02,2025-10-05,12492.55,95.53,24.01,9,Yes
335,419,713,Quality Issue,2025-09-07,Late Delivery,1,Sellable,Processed,2025-09-07,2025-09-10,67947.9,53.96,25.45,9,Yes
336,419,714,Wrong Item,2025-09-08,Late Delivery,2,Damaged,Processed,2025-09-08,2025-09-11,4117.47,78.93,24.65,9,Yes
337,419,715,Quality Issue,2025-09-09,Late Delivery,1,Damaged,Processed,2025-09-09,2025-09-11,1324.52,54.66,21.33,3,Yes
338,419,716,Wrong Item,2025-09-09,Late Delivery,1,Damaged,Processed,2025-09-09,2025-09-11,1683.35,99.83,13.82,8,Yes
339,419,717,Quality Issue,2025-09-08,Late Delivery,2,Damaged,Processed,2025-09-08,2025-09-10,8330.09,62.41,17.03,9,Yes
340,420,718,Late Delivery,2026-06-26,Customer Refused,1,Damaged,Processed,2026-06-26,2026-06-27,2758.8,142.75,28.99,1,Yes
341,422,722,Quality Issue,2026-06-11,Customer Refused,1,Damaged,Processed,2026-06-11,2026-06-12,3823.36,58.09,27.02,7,Yes
342,422,723,Wrong Item,2026-06-11,Customer Refused,2,Opened,Processed,2026-06-11,2026-06-14,64984.8,91.17,24.29,6,Yes
343,422,724,Quality Issue,2026-06-09,Customer Refused,1,Sellable,Processed,2026-06-09,2026-06-12,39439.67,63.43,19.12,2,Yes
344,422,725,Wrong Item,2026-06-07,Customer Refused,2,Sellable,Processed,2026-06-07,2026-06-09,7729.54,51.6,13.72,4,Yes
345,422,726,Quality Issue,2026-06-10,Customer Refused,1,Sellable,Pending,2026-06-10,2026-06-12,26530.9,133.3,17.23,9,Yes
346,423,727,Wrong Item,2026-07-16,Damaged Product,1,Damaged,Processed,2026-07-17,2026-07-19,2479.15,120.82,16.76,1,Yes
347,424,729,Late Delivery,2026-05-05,Customer Refused,1,Sellable,Processed,2026-05-05,2026-05-06,3935.0,81.62,33.88,8,Yes
348,424,730,Late Delivery,2026-05-04,Customer Refused,1,Damaged,Processed,2026-05-04,2026-05-06,7160.29,60.17,27.48,8,Yes
349,425,731,Late Delivery,2026-05-31,Size/Fit Issue,2,Sellable,Processed,2026-06-01,2026-06-05,6447.45,66.78,36.44,1,Yes
350,427,733,Quality Issue,2025-01-13,Customer Refused,1,Opened,Processed,2025-01-13,2025-01-14,4910.7,146.07,35.57,7,Yes
351,427,734,Quality Issue,2025-01-13,Customer Refused,1,Damaged,Processed,2025-01-13,2025-01-16,21009.99,101.68,32.32,7,Yes
352,430,737,Quality Issue,2025-04-23,Late Delivery,1,Sellable,Processed,2025-04-23,2025-04-24,687.81,106.52,23.61,4,Yes
353,433,740,Wrong Item,2026-08-08,Late Delivery,1,Sellable,Processed,2026-08-08,2026-08-11,4491.66,76.26,20.11,1,Yes
354,434,741,Late Delivery,2024-09-04,Customer Refused,1,Opened,Processed,2024-09-04,2024-09-05,1197.23,66.4,20.56,4,Yes
355,434,742,Quality Issue,2024-09-06,Customer Refused,1,Opened,Failed,2024-09-06,2024-09-09,59790.92,62.23,12.09,8,Yes
356,435,743,Wrong Item,2025-01-26,Damaged Product,1,Sellable,Processed,2025-01-26,2025-01-30,3470.95,174.12,20.04,1,Yes
357,436,744,Wrong Item,2025-02-02,Product Quality,1,Damaged,Processed,2025-02-02,2025-02-06,3747.42,130.98,35.19,1,Yes
358,437,745,Quality Issue,2025-03-01,Customer Refused,1,Damaged,Processed,2025-03-01,2025-03-04,19550.86,75.13,32.44,7,Yes
359,441,751,Wrong Item,2026-05-24,Customer Refused,1,Damaged,Pending,2026-05-24,2026-05-27,2441.02,76.42,29.56,7,Yes
360,445,755,Wrong Item,2026-05-14,Customer Refused,1,Sellable,Processed,2026-05-14,2026-05-16,2617.94,129.03,15.02,2,Yes
361,451,763,Wrong Item,2025-08-29,Customer Refused,1,Damaged,Processed,2025-08-30,2025-08-31,5232.67,64.05,38.73,6,Yes
362,451,764,Late Delivery,2025-08-29,Customer Refused,1,Damaged,Processed,2025-08-30,2025-09-01,999.21,78.54,26.4,1,Yes
363,453,766,Wrong Item,2025-12-15,Customer Refused,1,Opened,Processed,2025-12-15,2025-12-16,2409.82,101.57,11.48,6,Yes
364,454,769,Quality Issue,2026-01-18,Damaged Product,2,Sellable,Processed,2026-01-18,2026-01-22,1536.6,138.03,49.23,6,Yes
365,456,773,Late Delivery,2025-02-02,Late Delivery,1,Damaged,Processed,2025-02-02,2025-02-03,94442.75,102.7,39.54,4,Yes
366,459,777,Wrong Item,2025-08-25,Customer Refused,1,Opened,Processed,2025-08-26,2025-08-27,843.18,149.53,15.69,5,Yes
367,459,778,Quality Issue,2025-08-24,Customer Refused,1,Damaged,Pending,2025-08-25,2025-08-27,92412.25,72.73,39.56,2,Yes
368,459,779,Wrong Item,2025-08-26,Customer Refused,1,Opened,Processed,2025-08-27,2025-08-28,2643.87,138.9,10.9,8,Yes
369,461,781,Wrong Item,2024-11-09,Customer Refused,3,Sellable,Pending,2024-11-09,2024-11-10,3777.67,128.21,12.89,2,Yes
370,463,784,Quality Issue,2026-01-26,Size/Fit Issue,1,Damaged,Processed,2026-01-26,2026-01-28,3602.77,79.37,20.82,9,Yes
371,465,786,Wrong Item,2025-04-04,Customer Refused,1,Damaged,Processed,2025-04-04,2025-04-05,2564.63,113.28,22.49,4,Yes
372,465,787,Late Delivery,2025-04-03,Customer Refused,1,Sellable,Processed,2025-04-03,2025-04-06,31638.6,128.66,27.37,9,Yes
373,466,788,Late Delivery,2025-05-18,Customer Refused,1,Opened,Processed,2025-05-18,2025-05-21,28318.68,140.46,15.75,3,Yes
374,466,789,Quality Issue,2025-05-17,Customer Refused,1,Damaged,Processed,2025-05-17,2025-05-18,3932.31,143.84,22.03,3,Yes
375,467,790,Wrong Item,2024-11-05,Customer Refused,1,Opened,Processed,2024-11-05,2024-11-07,221.08,69.34,27.18,9,Yes
376,468,791,Quality Issue,2025-04-08,Customer Refused,1,Opened,Processed,2025-04-08,2025-04-10,153638.26,126.28,12.1,9,Yes
377,470,794,Late Delivery,2026-06-11,Customer Refused,2,Sellable,Processed,2026-06-11,2026-06-13,136268.5,82.0,16.66,5,Yes
378,470,795,Wrong Item,2026-06-10,Customer Refused,1,Opened,Processed,2026-06-10,2026-06-11,369.78,86.97,23.46,4,Yes
379,470,796,Quality Issue,2026-06-09,Customer Refused,1,Damaged,Processed,2026-06-09,2026-06-11,848.45,58.62,23.66,9,Yes
380,473,800,Quality Issue,2025-03-29,Product Quality,1,Damaged,Processed,2025-03-29,2025-04-02,2143.13,168.21,24.64,3,Yes
381,474,801,Quality Issue,2025-04-30,Customer Refused,1,Sellable,Processed,2025-04-30,2025-05-01,3143.04,79.82,20.89,4,Yes
382,474,802,Quality Issue,2025-05-03,Customer Refused,1,Opened,Processed,2025-05-03,2025-05-06,2699.16,111.94,31.84,6,Yes
383,475,803,Late Delivery,2025-05-23,Customer Refused,1,Damaged,Processed,2025-05-23,2025-05-24,2295.74,100.68,31.56,3,Yes
384,478,809,Quality Issue,2025-04-04,Late Delivery,1,Damaged,Pending,2025-04-04,2025-04-05,4019.54,127.93,17.82,7,Yes
385,485,819,Quality Issue,2024-12-21,Customer Refused,2,Opened,Processed,2024-12-21,2024-12-22,165577.93,145.22,12.02,7,Yes
386,486,820,Quality Issue,2024-12-23,Late Delivery,1,Opened,Processed,2024-12-23,2024-12-26,151644.03,130.56,13.79,3,Yes
387,486,821,Wrong Item,2024-12-22,Late Delivery,1,Opened,Processed,2024-12-22,2024-12-25,1660.37,114.43,13.97,2,Yes
388,486,822,Wrong Item,2024-12-25,Late Delivery,1,Sellable,Processed,2024-12-25,2024-12-27,151764.35,94.65,12.5,5,Yes
389,486,823,Quality Issue,2024-12-23,Late Delivery,1,Damaged,Processed,2024-12-23,2024-12-24,850.59,116.74,24.18,6,Yes
390,487,824,Quality Issue,2025-02-01,Customer Refused,1,Sellable,Processed,2025-02-01,2025-02-03,9901.09,109.87,26.23,2,Yes
391,489,829,Late Delivery,2025-03-24,Customer Refused,1,Opened,Processed,2025-03-24,2025-03-26,40938.16,54.19,36.71,5,Yes
392,489,830,Late Delivery,2025-03-26,Customer Refused,2,Sellable,Processed,2025-03-26,2025-03-29,1975.14,66.26,18.27,1,Yes
393,491,833,Wrong Item,2025-06-16,Late Delivery,1,Sellable,Processed,2025-06-16,2025-06-17,1484.2,99.47,39.08,5,Yes
394,491,834,Late Delivery,2025-06-12,Late Delivery,1,Opened,Failed,2025-06-12,2025-06-14,3988.99,147.15,23.63,6,Yes
395,492,835,Quality Issue,2026-02-28,Late Delivery,1,Damaged,Processed,2026-02-28,2026-03-01,2435.88,120.07,15.24,9,Yes
396,495,838,Quality Issue,2025-04-13,Customer Refused,1,Opened,Processed,2025-04-13,2025-04-16,1834.8,115.93,31.14,3,Yes
397,496,839,Late Delivery,2025-05-19,Customer Refused,2,Sellable,Processed,2025-05-19,2025-05-21,2450.82,56.71,20.19,8,Yes
398,496,840,Wrong Item,2025-05-15,Customer Refused,2,Damaged,Pending,2025-05-15,2025-05-16,7782.06,73.76,11.99,5,Yes
399,498,842,Wrong Item,2026-07-06,Late Delivery,1,Opened,Pending,2026-07-06,2026-07-09,103645.76,96.63,16.24,3,Yes
400,502,848,Late Delivery,2025-02-28,Late Delivery,1,Damaged,Processed,2025-02-28,2025-03-01,16523.33,88.49,16.44,3,Yes
401,504,854,Quality Issue,2025-11-18,Customer Refused,1,Opened,Processed,2025-11-18,2025-11-21,2327.69,72.15,39.64,3,Yes
402,505,855,Late Delivery,2026-01-01,Late Delivery,1,Opened,Processed,2026-01-01,2026-01-03,1527.97,62.79,33.49,3,Yes
403,507,861,Late Delivery,2025-12-14,Customer Refused,1,Sellable,Pending,2025-12-14,2025-12-15,8486.38,82.57,19.76,7,Yes
404,507,862,Quality Issue,2025-12-15,Customer Refused,3,Sellable,Processed,2025-12-15,2025-12-18,125885.25,129.84,13.06,6,Yes
405,510,865,Wrong Item,2024-11-28,Late Delivery,1,Opened,Processed,2024-11-28,2024-11-29,6062.04,125.5,16.79,4,Yes
406,512,869,Wrong Item,2024-12-13,Damaged Product,1,Damaged,Processed,2024-12-13,2024-12-16,211.04,82.05,17.46,3,Yes
407,513,872,Quality Issue,2025-01-01,Customer Refused,1,Sellable,Processed,2025-01-01,2025-01-02,2714.1,147.51,30.43,4,Yes
408,515,874,Late Delivery,2025-01-07,Customer Refused,1,Opened,Processed,2025-01-07,2025-01-10,1492.9,106.09,21.58,9,Yes
409,517,876,Quality Issue,2025-05-26,Customer Refused,1,Opened,Pending,2025-05-26,2025-05-28,3505.31,92.93,29.29,6,Yes
410,519,879,Quality Issue,2025-10-09,Late Delivery,1,Sellable,Processed,2025-10-09,2025-10-10,1588.39,77.07,19.76,2,Yes
411,520,880,Wrong Item,2024-10-22,Late Delivery,1,Damaged,Processed,2024-10-23,2024-10-26,96689.39,75.08,23.16,8,Yes
412,523,883,Quality Issue,2025-03-05,Late Delivery,1,Opened,Processed,2025-03-05,2025-03-07,2466.67,65.79,11.0,8,Yes
413,523,884,Late Delivery,2025-03-09,Late Delivery,1,Damaged,Processed,2025-03-09,2025-03-12,3420.45,72.97,10.07,9,Yes
414,526,888,Quality Issue,2025-07-31,Customer Refused,1,Damaged,Processed,2025-07-31,2025-08-03,6285.6,91.76,26.54,2,Yes
415,529,891,Late Delivery,2025-12-29,Late Delivery,1,Opened,Pending,2025-12-29,2025-12-31,1083.08,97.68,26.2,5,Yes
416,529,892,Quality Issue,2025-12-28,Late Delivery,1,Sellable,Processed,2025-12-28,2025-12-30,4935.26,127.09,16.68,8,Yes
417,530,893,Wrong Item,2026-01-28,Customer Refused,1,Opened,Processed,2026-01-28,2026-01-30,160.11,79.95,36.34,6,Yes
418,532,898,Quality Issue,2026-02-25,Customer Refused,1,Damaged,Pending,2026-02-25,2026-02-26,99791.13,128.94,16.25,2,Yes
419,532,899,Quality Issue,2026-02-23,Customer Refused,1,Opened,Processed,2026-02-23,2026-02-26,375.9,79.08,39.84,5,Yes
420,533,901,Wrong Item,2026-03-31,Damaged Product,1,Defective,Processed,2026-03-31,2026-04-04,109819.43,140.56,23.29,6,Yes
421,538,907,Late Delivery,2025-06-06,Late Delivery,2,Opened,Processed,2025-06-06,2025-06-07,1567.28,102.11,19.61,6,Yes
422,539,908,Late Delivery,2025-07-03,Customer Refused,1,Damaged,Pending,2025-07-03,2025-07-05,3480.15,112.27,20.45,3,Yes
423,540,909,Late Delivery,2025-08-06,Late Delivery,1,Sellable,Processed,2025-08-06,2025-08-08,40629.22,64.13,35.67,5,Yes
424,545,917,Quality Issue,2026-07-24,Customer Refused,1,Damaged,Processed,2026-07-24,2026-07-25,415.76,57.72,13.21,8,Yes
425,547,919,Wrong Item,2026-05-07,Late Delivery,3,Sellable,Processed,2026-05-07,2026-05-08,90582.15,140.38,22.4,6,Yes
426,547,920,Wrong Item,2026-05-07,Late Delivery,1,Sellable,Processed,2026-05-07,2026-05-08,22894.15,54.67,26.3,7,Yes
427,549,922,Late Delivery,2025-05-10,Late Delivery,1,Sellable,Processed,2025-05-10,2025-05-12,94567.66,79.13,18.78,6,Yes
428,549,923,Wrong Item,2025-05-11,Late Delivery,1,Sellable,Processed,2025-05-11,2025-05-12,170966.64,133.96,15.8,6,Yes
429,549,924,Quality Issue,2025-05-13,Late Delivery,1,Opened,Processed,2025-05-13,2025-05-15,4477.1,105.74,21.94,1,Yes
430,549,925,Quality Issue,2025-05-10,Late Delivery,1,Opened,Processed,2025-05-10,2025-05-11,39307.26,131.39,20.82,2,Yes
431,551,927,Quality Issue,2025-03-24,Late Delivery,3,Sellable,Processed,2025-03-24,2025-03-27,5659.47,91.21,23.08,6,Yes
432,552,928,Wrong Item,2025-09-11,Late Delivery,1,Damaged,Processed,2025-09-11,2025-09-14,975.94,80.5,27.1,5,Yes
433,553,929,Late Delivery,2025-10-21,Customer Refused,1,Opened,Pending,2025-10-21,2025-10-22,70842.45,68.07,11.86,4,Yes
434,553,930,Late Delivery,2025-10-18,Customer Refused,1,Sellable,Processed,2025-10-18,2025-10-21,2055.59,96.81,30.73,6,Yes
435,558,937,Quality Issue,2026-02-07,Customer Refused,1,Opened,Processed,2026-02-07,2026-02-10,1188.64,102.69,28.56,8,Yes
436,559,938,Quality Issue,2026-03-10,Late Delivery,1,Sellable,Processed,2026-03-10,2026-03-13,39198.88,95.1,32.25,6,Yes
437,559,939,Wrong Item,2026-03-10,Late Delivery,1,Damaged,Processed,2026-03-10,2026-03-13,3077.8,51.59,34.33,8,Yes
438,562,943,Wrong Item,2026-08-03,Customer Refused,1,Opened,Processed,2026-08-03,2026-08-04,30387.15,136.15,32.64,8,Yes
439,563,944,Wrong Item,2025-05-01,Late Delivery,3,Damaged,Processed,2025-05-01,2025-05-03,1681.03,77.02,18.47,9,Yes
440,563,945,Late Delivery,2025-04-30,Late Delivery,3,Opened,Processed,2025-04-30,2025-05-01,7132.96,108.63,36.9,5,Yes
441,565,947,Quality Issue,2025-06-10,Customer Refused,2,Opened,Processed,2025-06-10,2025-06-13,2231.94,112.56,36.1,8,Yes
442,566,948,Wrong Item,2024-12-17,Size/Fit Issue,1,Sellable,Pending,2024-12-17,2024-12-20,4572.45,102.87,47.72,6,Yes
443,568,950,Late Delivery,2025-06-16,Late Delivery,1,Damaged,Processed,2025-06-16,2025-06-17,3702.78,90.51,32.53,5,Yes
444,571,954,Wrong Item,2025-11-17,Customer Refused,1,Opened,Pending,2025-11-17,2025-11-20,97088.27,142.77,27.23,2,Yes
445,571,955,Late Delivery,2025-11-21,Customer Refused,1,Damaged,Processed,2025-11-21,2025-11-24,5151.56,124.23,28.56,8,Yes
446,571,956,Wrong Item,2025-11-17,Customer Refused,2,Damaged,Pending,2025-11-17,2025-11-20,34813.44,122.45,12.48,7,Yes
447,571,957,Wrong Item,2025-11-20,Customer Refused,1,Opened,Pending,2025-11-20,2025-11-23,31461.17,68.05,19.76,5,Yes
448,576,962,Quality Issue,2024-10-13,Customer Refused,1,Opened,Processed,2024-10-13,2024-10-16,2328.95,124.07,23.93,9,Yes
449,576,963,Wrong Item,2024-10-12,Customer Refused,1,Damaged,Processed,2024-10-12,2024-10-13,348.69,139.44,37.36,1,Yes
450,580,970,Quality Issue,2025-04-07,Late Delivery,1,Opened,Processed,2025-04-07,2025-04-09,3614.9,103.0,17.8,2,Yes
451,583,974,Quality Issue,2025-04-10,Customer Refused,1,Opened,Processed,2025-04-10,2025-04-12,3611.14,140.0,38.52,7,Yes
452,583,975,Wrong Item,2025-04-12,Customer Refused,1,Opened,Processed,2025-04-12,2025-04-14,3292.37,61.96,21.97,6,Yes
453,585,981,Quality Issue,2025-11-01,Customer Refused,1,Opened,Processed,2025-11-01,2025-11-02,43686.29,78.56,30.17,6,Yes
454,588,986,Quality Issue,2025-08-25,Customer Refused,1,Opened,Processed,2025-08-25,2025-08-26,37463.22,137.26,21.43,5,Yes
455,588,987,Quality Issue,2025-08-25,Customer Refused,2,Opened,Processed,2025-08-25,2025-08-27,68459.4,79.63,13.35,9,Yes
456,588,988,Late Delivery,2025-08-24,Customer Refused,1,Sellable,Failed,2025-08-24,2025-08-26,24483.71,146.67,29.32,1,Yes
457,588,989,Quality Issue,2025-08-24,Customer Refused,3,Opened,Processed,2025-08-24,2025-08-25,1330.29,99.14,26.25,4,Yes
458,592,997,Quality Issue,2025-05-01,Customer Refused,1,Opened,Processed,2025-05-01,2025-05-03,52773.6,122.92,16.62,5,Yes
459,592,998,Late Delivery,2025-04-30,Customer Refused,1,Sellable,Processed,2025-04-30,2025-05-03,20615.69,108.64,12.63,5,Yes
460,593,999,Wrong Item,2026-04-29,Customer Refused,1,Sellable,Processed,2026-04-29,2026-05-02,1326.78,72.82,12.13,1,Yes
461,594,1000,Late Delivery,2026-05-15,Late Delivery,1,Opened,Processed,2026-05-15,2026-05-16,110580.97,128.34,35.4,2,Yes
462,595,1001,Late Delivery,2025-09-13,Customer Refused,1,Damaged,Processed,2025-09-13,2025-09-15,60801.41,128.1,32.21,6,Yes
463,596,1002,Late Delivery,2025-10-05,Late Delivery,1,Opened,Processed,2025-10-05,2025-10-08,15681.67,64.52,19.61,1,Yes
464,596,1003,Quality Issue,2025-10-03,Late Delivery,1,Damaged,Processed,2025-10-03,2025-10-06,116798.18,133.14,19.84,4,Yes
465,596,1004,Quality Issue,2025-10-02,Late Delivery,3,Opened,Failed,2025-10-02,2025-10-03,4337.02,124.08,11.0,3,Yes
466,596,1005,Quality Issue,2025-10-05,Late Delivery,3,Sellable,Processed,2025-10-05,2025-10-08,1979.07,84.58,10.3,9,Yes
467,596,1006,Quality Issue,2025-10-05,Late Delivery,1,Damaged,Pending,2025-10-05,2025-10-07,33865.61,70.57,10.37,4,Yes
468,599,1010,Quality Issue,2025-02-06,Customer Refused,1,Opened,Processed,2025-02-07,2025-02-08,106346.5,86.26,14.53,1,Yes
469,599,1011,Quality Issue,2025-02-08,Customer Refused,1,Damaged,Failed,2025-02-09,2025-02-11,32195.87,109.3,26.13,6,Yes
470,599,1012,Late Delivery,2025-02-05,Customer Refused,1,Opened,Processed,2025-02-06,2025-02-09,1765.17,148.96,13.47,1,Yes
471,601,1014,Quality Issue,2025-08-17,Late Delivery,1,Damaged,Pending,2025-08-17,2025-08-19,82298.09,79.63,15.5,3,Yes
472,602,1015,Wrong Item,2025-09-16,Customer Refused,1,Damaged,Processed,2025-09-16,2025-09-19,517.49,125.93,28.18,1,Yes
473,603,1016,Late Delivery,2026-03-30,Customer Refused,1,Sellable,Processed,2026-03-30,2026-04-02,2851.06,144.4,33.64,5,Yes
474,603,1017,Late Delivery,2026-03-30,Customer Refused,1,Sellable,Pending,2026-03-30,2026-04-01,127206.42,104.89,25.56,8,Yes
475,603,1018,Late Delivery,2026-03-29,Customer Refused,1,Opened,Processed,2026-03-29,2026-04-01,1223.85,115.63,28.32,7,Yes
476,604,1019,Wrong Item,2026-05-06,Customer Refused,1,Damaged,Processed,2026-05-06,2026-05-08,1468.78,141.07,33.62,2,Yes
477,606,1023,Late Delivery,2024-10-29,Customer Refused,1,Sellable,Processed,2024-10-29,2024-10-30,10351.09,124.01,24.26,6,Yes
478,607,1024,Wrong Item,2024-12-01,Late Delivery,1,Damaged,Processed,2024-12-01,2024-12-02,11367.01,144.81,12.38,7,Yes
479,608,1025,Wrong Item,2025-10-08,Customer Refused,3,Damaged,Pending,2025-10-08,2025-10-09,6976.71,86.14,10.91,3,Yes
480,608,1026,Quality Issue,2025-10-09,Customer Refused,1,Sellable,Processed,2025-10-09,2025-10-10,1322.37,89.28,28.38,5,Yes
481,608,1027,Wrong Item,2025-10-09,Customer Refused,2,Opened,Processed,2025-10-09,2025-10-12,96173.0,137.54,28.63,7,Yes
482,608,1028,Wrong Item,2025-10-09,Customer Refused,1,Damaged,Processed,2025-10-09,2025-10-12,47452.25,63.6,30.93,2,Yes
483,608,1029,Quality Issue,2025-10-06,Customer Refused,1,Damaged,Processed,2025-10-06,2025-10-08,1943.32,148.71,15.91,5,Yes
484,609,1031,Wrong Item,2025-07-27,Changed Mind,1,Defective,Processed,2025-07-28,2025-08-01,3356.2,98.26,37.6,8,Yes
485,610,1032,Wrong Item,2024-09-21,Late Delivery,1,Sellable,Pending,2024-09-21,2024-09-23,2539.27,91.4,18.81,5,Yes
486,610,1033,Quality Issue,2024-09-22,Late Delivery,1,Sellable,Processed,2024-09-22,2024-09-25,44986.01,131.78,29.56,4,Yes
487,612,1035,Quality Issue,2025-03-02,Late Delivery,2,Damaged,Processed,2025-03-02,2025-03-04,5500.91,95.38,15.85,2,Yes
488,612,1036,Late Delivery,2025-03-02,Late Delivery,1,Damaged,Pending,2025-03-02,2025-03-05,1993.06,129.88,14.12,4,Yes
489,613,1037,Late Delivery,2025-12-17,Customer Refused,1,Opened,Processed,2025-12-17,2025-12-20,26807.56,100.69,21.04,2,Yes
490,616,1040,Wrong Item,2024-10-25,Late Delivery,1,Sellable,Processed,2024-10-25,2024-10-29,4550.75,79.1,30.3,1,Yes
491,619,1044,Wrong Item,2025-08-06,Product Quality,2,Damaged,Pending,2025-08-06,2025-08-07,97121.64,123.51,18.29,4,Yes
492,624,1051,Late Delivery,2025-06-11,Customer Refused,1,Sellable,Processed,2025-06-11,2025-06-14,2664.89,70.55,29.1,1,Yes
493,624,1052,Quality Issue,2025-06-11,Customer Refused,1,Damaged,Processed,2025-06-11,2025-06-12,1012.79,76.62,10.78,9,Yes
494,624,1053,Late Delivery,2025-06-14,Customer Refused,1,Opened,Pending,2025-06-14,2025-06-15,550.01,146.01,34.17,1,Yes
495,624,1054,Wrong Item,2025-06-13,Customer Refused,1,Opened,Processed,2025-06-13,2025-06-16,1565.23,102.36,34.9,1,Yes
496,625,1055,Late Delivery,2025-07-17,Late Delivery,1,Sellable,Pending,2025-07-18,2025-07-21,51789.76,73.95,24.58,8,Yes
497,625,1056,Quality Issue,2025-07-18,Late Delivery,1,Opened,Processed,2025-07-19,2025-07-22,34987.55,51.53,26.03,8,Yes
498,626,1057,Wrong Item,2026-07-03,Late Delivery,1,Opened,Processed,2026-07-04,2026-07-06,2081.35,115.57,31.04,6,Yes
499,627,1058,Wrong Item,2026-08-12,Customer Refused,1,Damaged,Processed,2026-08-12,2026-08-14,71832.87,67.12,18.98,6,Yes
500,629,1061,Quality Issue,2025-03-22,Late Delivery,1,Opened,Processed,2025-03-22,2025-03-24,416.57,50.36,29.78,2,Yes
501,633,1067,Wrong Item,2026-06-06,Late Delivery,1,Damaged,Processed,2026-06-06,2026-06-09,937.67,103.52,20.5,7,Yes
502,634,1068,Quality Issue,2026-07-17,Customer Refused,1,Damaged,Processed,2026-07-17,2026-07-18,2362.3,135.9,19.53,2,Yes
503,635,1069,Quality Issue,2026-03-21,Late Delivery,1,Damaged,Processed,2026-03-21,2026-03-22,1659.76,108.43,10.23,8,Yes
504,637,1071,Quality Issue,2024-11-11,Late Delivery,1,Opened,Processed,2024-11-11,2024-11-14,710.73,63.64,25.12,5,Yes
505,638,1072,Quality Issue,2024-12-14,Customer Refused,1,Sellable,Pending,2024-12-14,2024-12-15,646.69,61.96,16.16,9,Yes
506,638,1073,Wrong Item,2024-12-14,Customer Refused,1,Opened,Processed,2024-12-14,2024-12-15,9021.21,80.22,32.83,7,Yes
507,638,1074,Wrong Item,2024-12-15,Customer Refused,1,Opened,Processed,2024-12-15,2024-12-18,22410.21,119.45,32.93,8,Yes
508,638,1075,Late Delivery,2024-12-12,Customer Refused,1,Damaged,Processed,2024-12-12,2024-12-14,2865.73,100.79,27.68,9,Yes
509,639,1076,Quality Issue,2026-03-14,Late Delivery,1,Sellable,Pending,2026-03-14,2026-03-15,1558.26,73.68,19.39,5,Yes
510,639,1077,Wrong Item,2026-03-16,Late Delivery,1,Opened,Processed,2026-03-16,2026-03-18,1563.62,139.12,30.21,6,Yes
511,640,1078,Late Delivery,2025-07-21,Customer Refused,1,Damaged,Processed,2025-07-21,2025-07-22,11203.61,120.47,30.23,4,Yes
512,643,1083,Late Delivery,2025-01-11,Customer Refused,1,Damaged,Processed,2025-01-11,2025-01-12,103717.92,91.89,36.86,4,Yes
513,645,1085,Late Delivery,2024-12-07,Customer Refused,2,Sellable,Processed,2024-12-07,2024-12-08,6917.34,146.36,14.41,6,Yes
514,648,1090,Late Delivery,2026-07-29,Customer Refused,1,Opened,Processed,2026-07-29,2026-08-01,1390.07,78.59,15.84,8,Yes
515,649,1091,Late Delivery,2025-12-13,Customer Refused,1,Sellable,Processed,2025-12-13,2025-12-14,1115.97,140.84,29.37,4,Yes
516,650,1092,Wrong Item,2025-11-07,Late Delivery,1,Opened,Processed,2025-11-07,2025-11-09,153.97,57.58,17.52,6,Yes
517,651,1093,Wrong Item,2025-12-05,Customer Refused,1,Damaged,Processed,2025-12-06,2025-12-08,516.42,149.5,20.43,2,Yes
518,653,1096,Late Delivery,2026-02-03,Customer Refused,1,Damaged,Processed,2026-02-04,2026-02-05,26953.98,142.48,33.63,5,Yes
519,654,1097,Wrong Item,2025-04-04,Late Delivery,3,Opened,Processed,2025-04-04,2025-04-06,61294.98,51.35,36.66,3,Yes
520,654,1098,Quality Issue,2025-04-04,Late Delivery,1,Sellable,Processed,2025-04-04,2025-04-06,1123.17,125.1,36.64,4,Yes
521,656,1103,Wrong Item,2025-04-13,Damaged Product,1,Defective,Pending,2025-04-13,2025-04-15,61307.4,121.05,15.53,6,Yes
522,658,1106,Quality Issue,2025-06-29,Late Delivery,1,Opened,Processed,2025-06-29,2025-06-30,4598.94,74.21,17.3,9,Yes
523,658,1107,Quality Issue,2025-06-27,Late Delivery,1,Sellable,Processed,2025-06-27,2025-06-29,2353.4,144.02,30.38,1,Yes
524,659,1108,Late Delivery,2024-10-06,Customer Refused,2,Damaged,Processed,2024-10-06,2024-10-08,4472.94,87.2,12.28,7,Yes
525,659,1109,Quality Issue,2024-10-07,Customer Refused,2,Sellable,Processed,2024-10-07,2024-10-09,12739.42,111.88,15.2,5,Yes
526,660,1110,Late Delivery,2024-12-05,Late Delivery,1,Damaged,Processed,2024-12-05,2024-12-07,3492.14,111.94,39.67,4,Yes
527,661,1111,Wrong Item,2025-12-01,Customer Refused,1,Opened,Pending,2025-12-01,2025-12-03,652.63,135.45,25.65,3,Yes
528,661,1112,Late Delivery,2025-11-27,Customer Refused,1,Damaged,Processed,2025-11-27,2025-11-30,37903.86,126.34,18.28,2,Yes
529,661,1113,Quality Issue,2025-11-29,Customer Refused,1,Opened,Processed,2025-11-29,2025-11-30,37162.98,111.39,35.98,9,Yes
530,662,1114,Late Delivery,2026-01-08,Late Delivery,1,Damaged,Processed,2026-01-08,2026-01-11,1305.61,59.95,37.69,8,Yes
531,662,1115,Wrong Item,2026-01-11,Late Delivery,1,Opened,Processed,2026-01-11,2026-01-12,45180.51,97.06,38.67,3,Yes
532,663,1118,Quality Issue,2025-06-21,Product Quality,1,Sellable,Processed,2025-06-21,2025-06-25,1779.55,169.2,35.23,5,Yes
533,663,1119,Wrong Item,2025-06-24,Damaged Product,1,Opened,Processed,2025-06-24,2025-06-25,27436.89,118.82,34.46,4,Yes
534,666,1125,Quality Issue,2024-10-07,Changed Mind,1,Damaged,Processed,2024-10-07,,29274.99,136.03,19.54,8,Yes
535,672,1137,Wrong Item,2024-12-17,Late Delivery,1,Opened,Processed,2024-12-17,2024-12-18,3359.54,53.61,23.72,8,Yes
536,673,1138,Quality Issue,2024-09-24,Customer Refused,1,Sellable,Processed,2024-09-24,2024-09-25,88334.84,77.87,36.52,4,Yes
537,674,1141,Wrong Item,2026-03-30,Damaged Product,2,Sellable,Processed,2026-03-31,2026-04-02,3414.08,66.75,35.73,1,Yes
538,674,1143,Quality Issue,2026-04-05,Size/Fit Issue,1,Defective,Processed,2026-04-05,2026-04-07,4460.75,126.24,35.18,7,Yes
539,675,1144,Wrong Item,2025-05-24,Customer Refused,1,Sellable,Processed,2025-05-24,2025-05-25,40567.16,111.23,19.44,4,Yes
540,677,1147,Wrong Item,2025-02-09,Customer Refused,1,Damaged,Processed,2025-02-09,2025-02-11,408.08,135.88,19.61,2,Yes
541,677,1148,Wrong Item,2025-02-08,Customer Refused,3,Damaged,Processed,2025-02-08,2025-02-11,81399.96,95.24,35.37,8,Yes
542,678,1150,Late Delivery,2025-11-22,Size/Fit Issue,1,Sellable,Failed,2025-11-22,2025-11-23,3024.94,89.81,46.89,7,Yes
543,679,1151,Late Delivery,2025-12-20,Damaged Product,1,Sellable,Processed,2025-12-20,,1223.85,142.04,40.67,4,Yes
544,680,1152,Late Delivery,2026-02-17,Customer Refused,1,Sellable,Processed,2026-02-17,2026-02-19,8790.24,108.38,29.35,3,Yes
545,680,1153,Late Delivery,2026-02-19,Customer Refused,1,Opened,Pending,2026-02-19,2026-02-21,16832.31,103.21,16.35,6,Yes
546,680,1154,Wrong Item,2026-02-16,Customer Refused,1,Damaged,Pending,2026-02-16,2026-02-17,1216.59,62.9,17.42,3,Yes
547,680,1155,Wrong Item,2026-02-20,Customer Refused,3,Sellable,Processed,2026-02-20,2026-02-22,4628.8,59.03,26.84,9,Yes
548,680,1156,Wrong Item,2026-02-16,Customer Refused,1,Sellable,Pending,2026-02-16,2026-02-17,51979.27,117.16,30.01,3,Yes
549,681,1157,Quality Issue,2026-03-08,Customer Refused,1,Damaged,Processed,2026-03-08,2026-03-11,3986.98,79.09,23.27,1,Yes
550,681,1158,Quality Issue,2026-03-12,Customer Refused,2,Damaged,Processed,2026-03-12,2026-03-15,54634.28,104.97,13.3,4,Yes
551,681,1159,Quality Issue,2026-03-09,Customer Refused,1,Opened,Processed,2026-03-09,2026-03-12,2401.37,62.45,27.13,4,Yes
552,683,1163,Wrong Item,2025-02-17,Customer Refused,3,Opened,Processed,2025-02-17,2025-02-19,2176.22,88.91,37.39,4,Yes
553,683,1164,Late Delivery,2025-02-19,Customer Refused,1,Opened,Processed,2025-02-19,2025-02-21,28222.36,63.51,39.93,5,Yes
554,685,1167,Quality Issue,2026-01-24,Late Delivery,1,Defective,Processed,2026-01-24,2026-01-28,32396.84,133.67,43.07,1,Yes
555,691,1177,Quality Issue,2025-07-15,Customer Refused,1,Opened,Processed,2025-07-15,2025-07-16,27260.47,94.73,15.65,9,Yes
556,692,1178,Quality Issue,2025-04-04,Late Delivery,1,Sellable,Processed,2025-04-04,2025-04-06,1907.82,138.58,37.25,8,Yes
557,693,1179,Late Delivery,2025-03-22,Customer Refused,2,Sellable,Processed,2025-03-22,2025-03-25,124322.51,114.87,24.77,4,Yes
558,693,1180,Late Delivery,2025-03-20,Customer Refused,1,Opened,Processed,2025-03-20,2025-03-21,1674.61,140.29,29.99,4,Yes
559,694,1181,Quality Issue,2025-04-24,Customer Refused,1,Damaged,Pending,2025-04-24,2025-04-27,144.94,127.13,17.62,1,Yes
560,696,1184,Quality Issue,2025-12-12,Late Delivery,1,Damaged,Processed,2025-12-13,2025-12-14,603.21,131.79,35.06,4,Yes
561,699,1189,Quality Issue,2025-07-18,Late Delivery,1,Damaged,Processed,2025-07-18,2025-07-21,1299.34,76.13,28.04,6,Yes
562,699,1190,Late Delivery,2025-07-21,Late Delivery,1,Sellable,Processed,2025-07-21,2025-07-23,44508.15,50.46,11.09,1,Yes
563,703,1198,Quality Issue,2026-04-16,Customer Refused,1,Damaged,Processed,2026-04-16,2026-04-18,7148.47,69.15,34.66,1,Yes
564,704,1199,Wrong Item,2025-02-20,Late Delivery,1,Damaged,Processed,2025-02-20,2025-02-22,364.81,99.18,27.38,9,Yes
565,706,1202,Quality Issue,2024-12-29,Product Quality,1,Sellable,Processed,2024-12-30,2025-01-02,3025.34,81.79,47.99,5,Yes
566,707,1203,Quality Issue,2024-10-28,Customer Refused,1,Sellable,Processed,2024-10-28,2024-10-29,5380.04,102.14,32.46,2,Yes
567,708,1204,Quality Issue,2025-03-12,Customer Refused,1,Damaged,Pending,2025-03-12,2025-03-15,1623.11,149.97,38.09,9,Yes
568,709,1205,Quality Issue,2026-01-20,Customer Refused,1,Opened,Processed,2026-01-20,2026-01-21,2128.77,84.17,29.76,1,Yes
569,709,1206,Quality Issue,2026-01-17,Customer Refused,1,Opened,Processed,2026-01-17,2026-01-20,7707.28,83.19,32.48,2,Yes
570,710,1207,Quality Issue,2026-02-07,Customer Refused,1,Damaged,Processed,2026-02-08,2026-02-11,127929.03,117.39,28.67,4,Yes
571,714,1215,Quality Issue,2026-03-02,Customer Refused,1,Opened,Pending,2026-03-02,2026-03-05,28640.68,103.38,38.29,5,Yes
572,718,1220,Wrong Item,2025-02-12,Late Delivery,1,Sellable,Processed,2025-02-12,2025-02-14,69231.44,91.02,11.48,4,Yes
573,718,1221,Wrong Item,2025-02-13,Late Delivery,2,Opened,Processed,2025-02-13,2025-02-16,216308.11,61.18,18.74,9,Yes
574,718,1222,Late Delivery,2025-02-09,Late Delivery,2,Damaged,Processed,2025-02-09,2025-02-11,4625.14,78.98,36.02,4,Yes
575,718,1223,Late Delivery,2025-02-12,Late Delivery,2,Sellable,Processed,2025-02-12,2025-02-15,2140.25,138.54,18.73,3,Yes
576,718,1224,Late Delivery,2025-02-10,Late Delivery,1,Sellable,Processed,2025-02-10,2025-02-11,1042.59,61.18,28.96,8,Yes
577,720,1230,Quality Issue,2024-09-15,Customer Refused,1,Opened,Processed,2024-09-15,2024-09-16,1542.29,124.32,24.95,8,Yes
578,721,1232,Wrong Item,2024-10-17,Product Quality,1,Damaged,Processed,2024-10-17,2024-10-21,1918.59,68.99,30.97,4,Yes
579,724,1236,Quality Issue,2026-06-10,Customer Refused,1,Sellable,Processed,2026-06-10,2026-06-11,1894.02,149.28,17.77,8,Yes
580,726,1238,Wrong Item,2026-03-15,Late Delivery,1,Damaged,Processed,2026-03-15,2026-03-16,4953.38,101.88,33.03,6,Yes
581,728,1241,Wrong Item,2025-02-17,Customer Refused,1,Sellable,Processed,2025-02-17,2025-02-19,2279.77,70.6,28.33,6,Yes
582,730,1244,Wrong Item,2025-09-25,Customer Refused,1,Opened,Processed,2025-09-25,2025-09-28,2097.58,146.4,24.6,4,Yes
583,733,1249,Quality Issue,2024-12-29,Late Delivery,2,Damaged,Pending,2024-12-29,2024-12-31,59714.88,123.26,16.49,9,Yes
584,733,1250,Quality Issue,2024-12-27,Late Delivery,1,Damaged,Pending,2024-12-27,2024-12-29,2767.25,81.34,23.76,2,Yes
585,733,1251,Late Delivery,2024-12-28,Late Delivery,1,Opened,Processed,2024-12-28,2024-12-30,9271.61,128.82,35.4,5,Yes
586,733,1252,Late Delivery,2024-12-29,Late Delivery,1,Opened,Processed,2024-12-29,2024-12-30,70919.44,117.1,18.79,2,Yes
587,734,1253,Wrong Item,2025-01-16,Customer Refused,1,Damaged,Processed,2025-01-16,2025-01-17,5576.34,73.96,29.24,3,Yes
588,739,1260,Late Delivery,2025-08-20,Late Delivery,1,Opened,Processed,2025-08-21,2025-08-23,2382.16,101.28,39.9,1,Yes
589,740,1261,Wrong Item,2025-09-23,Late Delivery,1,Sellable,Processed,2025-09-23,2025-09-24,622.99,87.68,15.25,9,Yes
590,743,1264,Late Delivery,2025-04-06,Customer Refused,1,Sellable,Processed,2025-04-06,2025-04-07,28385.67,51.09,20.77,4,Yes
591,744,1265,Quality Issue,2024-11-11,Late Delivery,1,Sellable,Processed,2024-11-11,2024-11-14,72195.57,72.29,26.92,4,Yes
592,744,1266,Late Delivery,2024-11-10,Late Delivery,1,Damaged,Pending,2024-11-10,2024-11-12,2488.79,80.1,30.65,2,Yes
593,744,1267,Quality Issue,2024-11-12,Late Delivery,1,Damaged,Processed,2024-11-12,2024-11-14,3642.19,145.04,32.25,8,Yes
594,744,1268,Wrong Item,2024-11-10,Late Delivery,2,Damaged,Pending,2024-11-10,2024-11-13,81084.23,96.01,35.0,3,Yes
595,745,1269,Wrong Item,2025-03-09,Customer Refused,1,Damaged,Processed,2025-03-09,2025-03-12,1839.66,101.6,17.2,8,Yes
596,745,1270,Quality Issue,2025-03-11,Customer Refused,1,Damaged,Processed,2025-03-11,2025-03-12,24908.25,51.72,34.27,7,Yes
597,748,1273,Late Delivery,2025-02-11,Changed Mind,2,Sellable,Failed,2025-02-11,2025-02-13,145565.28,120.41,25.35,2,Yes
598,749,1275,Quality Issue,2026-06-02,Late Delivery,1,Opened,Processed,2026-06-02,2026-06-03,2155.48,113.49,31.86,1,Yes
599,749,1276,Wrong Item,2026-05-31,Late Delivery,1,Sellable,Processed,2026-05-31,2026-06-02,46739.78,62.86,37.32,2,Yes
600,749,1277,Late Delivery,2026-06-04,Late Delivery,1,Damaged,Processed,2026-06-04,2026-06-07,1459.37,103.93,22.0,4,Yes
601,750,1278,Quality Issue,2026-07-14,Customer Refused,1,Damaged,Processed,2026-07-14,2026-07-15,485.49,128.07,30.51,3,Yes
602,750,1279,Late Delivery,2026-07-15,Customer Refused,1,Opened,Processed,2026-07-15,2026-07-18,909.66,75.97,35.46,7,Yes
603,751,1280,Wrong Item,2026-01-20,Late Delivery,1,Sellable,Processed,2026-01-20,2026-01-21,753.76,144.01,27.59,7,Yes
604,751,1281,Wrong Item,2026-01-17,Late Delivery,1,Damaged,Pending,2026-01-17,2026-01-20,22063.27,65.63,10.12,2,Yes
605,751,1282,Wrong Item,2026-01-21,Late Delivery,1,Damaged,Processed,2026-01-21,2026-01-23,76783.54,104.25,27.98,4,Yes
606,752,1283,Wrong Item,2026-02-26,Customer Refused,1,Sellable,Failed,2026-02-26,2026-02-27,898.07,61.16,26.79,4,Yes
607,753,1284,Wrong Item,2025-03-14,Late Delivery,1,Damaged,Processed,2025-03-14,2025-03-16,5092.96,134.46,23.97,6,Yes
608,755,1287,Quality Issue,2026-01-09,Not as Described,2,Opened,Processed,2026-01-10,,5639.44,96.32,43.71,5,Yes
609,756,1290,Wrong Item,2026-07-29,Late Delivery,1,Opened,Processed,2026-07-29,2026-07-31,3237.95,122.19,19.6,3,Yes
610,757,1291,Wrong Item,2026-02-19,Customer Refused,1,Damaged,Processed,2026-02-19,2026-02-20,79171.5,95.86,35.12,6,Yes
611,757,1292,Quality Issue,2026-02-19,Customer Refused,1,Damaged,Processed,2026-02-19,2026-02-22,3581.73,102.74,22.74,6,Yes
612,757,1293,Wrong Item,2026-02-21,Customer Refused,1,Damaged,Processed,2026-02-21,2026-02-24,53671.91,73.79,28.36,7,Yes
613,757,1294,Late Delivery,2026-02-19,Customer Refused,2,Sellable,Processed,2026-02-19,2026-02-22,6062.68,58.86,21.99,8,Yes
614,757,1295,Wrong Item,2026-02-23,Customer Refused,1,Sellable,Processed,2026-02-23,2026-02-24,1678.23,81.54,16.94,6,Yes
615,758,1296,Late Delivery,2026-04-01,Damaged Product,2,Sellable,Pending,2026-04-01,2026-04-02,3979.52,153.5,47.55,9,Yes
616,760,1302,Late Delivery,2025-07-25,Late Delivery,1,Opened,Processed,2025-07-25,2025-07-26,1567.5,59.21,15.59,5,Yes
617,761,1303,Late Delivery,2025-09-22,Customer Refused,1,Sellable,Processed,2025-09-22,2025-09-24,179230.5,100.04,10.6,2,Yes
618,761,1304,Quality Issue,2025-09-22,Customer Refused,1,Sellable,Processed,2025-09-22,2025-09-24,28678.09,120.28,29.84,3,Yes
619,762,1305,Quality Issue,2025-11-03,Customer Refused,1,Damaged,Pending,2025-11-03,2025-11-06,1779.5,71.48,22.02,3,Yes
620,762,1306,Wrong Item,2025-11-03,Customer Refused,1,Opened,Processed,2025-11-03,2025-11-06,4254.12,119.64,14.27,4,Yes
621,762,1307,Quality Issue,2025-11-03,Customer Refused,1,Sellable,Processed,2025-11-03,2025-11-05,2958.87,83.99,38.33,8,Yes
622,762,1308,Wrong Item,2025-10-30,Customer Refused,1,Opened,Processed,2025-10-30,2025-11-02,1700.48,119.21,20.61,6,Yes
623,763,1310,Late Delivery,2026-01-15,Product Quality,1,Opened,Processed,2026-01-16,2026-01-19,1698.53,150.25,28.61,1,Yes
624,764,1311,Quality Issue,2025-06-20,Customer Refused,1,Sellable,Processed,2025-06-20,2025-06-21,20575.29,77.37,31.65,3,Yes
625,766,1313,Wrong Item,2025-11-27,Customer Refused,1,Sellable,Pending,2025-11-27,2025-11-28,80361.05,147.68,26.71,8,Yes
626,767,1314,Quality Issue,2026-01-09,Product Quality,1,Opened,Processed,2026-01-09,2026-01-10,94515.4,89.9,25.04,2,Yes
627,769,1317,Late Delivery,2025-07-31,Customer Refused,1,Opened,Processed,2025-08-01,2025-08-04,2052.75,146.98,22.01,9,Yes
628,773,1325,Quality Issue,2024-11-01,Customer Refused,1,Damaged,Processed,2024-11-01,2024-11-04,3360.14,138.02,13.37,6,Yes
629,776,1329,Late Delivery,2025-03-16,Late Delivery,1,Sellable,Processed,2025-03-16,2025-03-17,67327.1,124.03,37.31,6,Yes
630,777,1330,Quality Issue,2025-09-01,Late Delivery,1,Damaged,Processed,2025-09-01,2025-09-02,2399.17,81.77,14.81,3,Yes
631,779,1333,Late Delivery,2026-06-23,Customer Refused,2,Sellable,Processed,2026-06-23,2026-06-26,7332.36,77.82,22.68,5,Yes
632,782,1336,Wrong Item,2025-05-16,Customer Refused,2,Opened,Pending,2025-05-16,2025-05-17,701.9,115.3,22.29,2,Yes
633,782,1337,Wrong Item,2025-05-17,Customer Refused,1,Damaged,Processed,2025-05-17,2025-05-18,7185.86,134.25,38.44,3,Yes
634,782,1338,Quality Issue,2025-05-14,Customer Refused,1,Opened,Processed,2025-05-14,2025-05-17,77226.75,83.81,21.68,5,Yes
635,782,1339,Quality Issue,2025-05-16,Customer Refused,1,Opened,Processed,2025-05-16,2025-05-18,96459.24,101.67,14.39,8,Yes
636,783,1340,Quality Issue,2025-06-27,Customer Refused,1,Damaged,Processed,2025-06-27,2025-06-30,1998.34,95.61,35.63,4,Yes
637,783,1341,Wrong Item,2025-06-30,Customer Refused,1,Sellable,Processed,2025-06-30,2025-07-01,75470.63,148.8,33.96,2,Yes
638,784,1342,Quality Issue,2025-10-03,Not as Described,1,Opened,Processed,2025-10-03,,3515.07,147.98,20.93,8,Yes
639,788,1347,Wrong Item,2026-05-17,Customer Refused,1,Sellable,Pending,2026-05-17,2026-05-18,1810.86,148.47,24.2,8,Yes
640,788,1348,Wrong Item,2026-05-16,Customer Refused,1,Opened,Processed,2026-05-16,2026-05-18,89495.38,100.46,22.62,4,Yes
641,789,1349,Late Delivery,2026-06-16,Product Quality,1,Sellable,Processed,2026-06-16,2026-06-19,111974.11,84.71,22.74,4,Yes
642,790,1354,Quality Issue,2025-01-11,Late Delivery,1,Sellable,Processed,2025-01-11,2025-01-14,30451.12,87.93,13.13,7,Yes
643,790,1355,Wrong Item,2025-01-09,Late Delivery,1,Opened,Processed,2025-01-09,2025-01-12,1310.79,111.74,31.53,3,Yes
644,793,1363,Wrong Item,2024-09-11,Customer Refused,1,Damaged,Processed,2024-09-11,2024-09-12,1823.19,73.51,31.63,5,Yes
645,796,1367,Quality Issue,2025-05-22,Customer Refused,3,Opened,Pending,2025-05-22,2025-05-23,13755.33,99.46,20.56,5,Yes
646,797,1370,Late Delivery,2026-08-03,Product Quality,1,Defective,Processed,2026-08-04,2026-08-05,3810.15,159.11,38.8,3,Yes
647,800,1378,Wrong Item,2025-12-28,Late Delivery,1,Damaged,Processed,2025-12-28,2025-12-31,18699.32,62.54,22.78,4,Yes
648,800,1379,Wrong Item,2025-12-26,Late Delivery,1,Opened,Processed,2025-12-26,2025-12-29,42340.3,97.66,24.8,2,Yes
649,801,1380,Quality Issue,2026-01-24,Customer Refused,1,Sellable,Processed,2026-01-24,2026-01-25,871.78,55.04,12.21,7,Yes
650,801,1381,Wrong Item,2026-01-22,Customer Refused,1,Opened,Processed,2026-01-22,2026-01-25,141132.19,74.31,21.98,9,Yes
651,802,1382,Quality Issue,2025-04-27,Customer Refused,2,Damaged,Processed,2025-04-27,2025-04-30,1554.35,138.67,20.01,9,Yes
652,802,1383,Late Delivery,2025-04-28,Customer Refused,1,Opened,Pending,2025-04-28,2025-04-29,843.73,65.11,34.09,5,Yes
653,804,1386,Quality Issue,2025-09-19,Late Delivery,1,Sellable,Processed,2025-09-19,2025-09-21,761.45,60.13,13.7,8,Yes
654,805,1387,Wrong Item,2025-02-21,Customer Refused,1,Damaged,Processed,2025-02-21,2025-02-23,1336.9,84.08,15.92,1,Yes
655,805,1388,Wrong Item,2025-02-20,Customer Refused,1,Opened,Processed,2025-02-20,2025-02-23,1949.94,121.82,26.83,2,Yes
656,805,1389,Late Delivery,2025-02-20,Customer Refused,1,Sellable,Processed,2025-02-20,2025-02-22,6131.9,132.49,36.28,2,Yes
657,806,1390,Quality Issue,2025-12-01,Customer Refused,1,Opened,Processed,2025-12-01,2025-12-04,6409.57,134.71,19.69,4,Yes
658,806,1391,Wrong Item,2025-11-30,Customer Refused,1,Opened,Pending,2025-11-30,2025-12-01,1015.62,110.5,36.57,7,Yes
659,807,1392,Quality Issue,2025-12-15,Late Delivery,1,Opened,Processed,2025-12-15,2025-12-17,31923.55,135.38,24.32,7,Yes
660,809,1396,Late Delivery,2025-06-21,Customer Refused,1,Sellable,Processed,2025-06-21,2025-06-24,56227.35,101.97,14.47,6,Yes
661,811,1399,Late Delivery,2026-07-29,Customer Refused,1,Sellable,Processed,2026-07-29,2026-08-01,165567.2,91.65,17.73,5,Yes
662,812,1400,Quality Issue,2025-05-03,Late Delivery,1,Sellable,Processed,2025-05-03,2025-05-05,4990.11,107.38,20.12,5,Yes
663,813,1401,Quality Issue,2025-01-25,Customer Refused,2,Sellable,Processed,2025-01-25,2025-01-27,3282.36,89.59,28.38,2,Yes
664,813,1402,Quality Issue,2025-01-26,Customer Refused,1,Sellable,Processed,2025-01-26,2025-01-29,141.18,88.24,26.35,6,Yes
665,815,1407,Quality Issue,2026-05-08,Late Delivery,1,Sellable,Failed,2026-05-08,2026-05-11,82840.37,118.76,33.85,1,Yes
666,816,1408,Wrong Item,2026-02-13,Late Delivery,1,Damaged,Processed,2026-02-13,2026-02-14,138968.85,130.54,24.23,8,Yes
667,818,1410,Quality Issue,2026-04-19,Late Delivery,1,Opened,Processed,2026-04-19,2026-04-22,2674.7,106.14,21.09,4,Yes
668,820,1412,Quality Issue,2026-05-10,Customer Refused,1,Sellable,Processed,2026-05-10,2026-05-12,2981.73,106.39,20.2,5,Yes
669,821,1413,Late Delivery,2024-08-27,Customer Refused,1,Opened,Processed,2024-08-27,2024-08-29,5431.26,58.83,20.24,1,Yes
670,821,1414,Late Delivery,2024-08-29,Customer Refused,1,Opened,Processed,2024-08-29,2024-08-31,1353.94,84.06,18.14,1,Yes
671,821,1415,Quality Issue,2024-08-31,Customer Refused,1,Sellable,Processed,2024-08-31,2024-09-02,31896.24,136.81,37.06,5,Yes
672,821,1416,Wrong Item,2024-08-28,Customer Refused,1,Damaged,Processed,2024-08-28,2024-08-31,3802.67,141.27,30.15,4,Yes
673,822,1418,Quality Issue,2024-09-20,Changed Mind,1,Opened,Processed,2024-09-20,2024-09-21,2521.41,96.22,25.46,7,Yes
674,824,1423,Wrong Item,2025-01-21,Customer Refused,1,Damaged,Processed,2025-01-21,2025-01-24,274.73,63.62,39.42,2,Yes
675,824,1424,Wrong Item,2025-01-17,Customer Refused,1,Opened,Processed,2025-01-17,2025-01-20,2559.4,108.73,13.52,4,Yes
676,826,1427,Quality Issue,2025-06-29,Customer Refused,1,Sellable,Processed,2025-06-29,2025-06-30,36017.37,108.66,12.86,3,Yes
677,829,1431,Quality Issue,2024-08-14,Customer Refused,1,Damaged,Processed,2024-08-14,2024-08-16,50627.36,148.73,31.09,8,Yes
678,829,1432,Wrong Item,2024-08-17,Customer Refused,1,Damaged,Processed,2024-08-17,2024-08-18,25266.54,57.13,38.32,6,Yes
679,831,1435,Late Delivery,2025-02-12,Size/Fit Issue,1,Opened,Failed,2025-02-12,2025-02-15,2452.27,156.39,41.59,9,Yes
680,831,1436,Wrong Item,2025-02-07,Product Quality,1,Opened,Pending,2025-02-07,,1299.77,91.27,40.25,6,Yes
681,831,1437,Wrong Item,2025-02-08,Damaged Product,1,Opened,Processed,2025-02-08,2025-02-10,16388.27,96.59,22.96,4,Yes
682,832,1439,Wrong Item,2025-03-11,Late Delivery,1,Opened,Processed,2025-03-11,2025-03-13,2127.08,82.0,31.93,5,Yes
683,832,1440,Late Delivery,2025-03-11,Late Delivery,1,Sellable,Processed,2025-03-11,2025-03-14,3136.2,119.63,35.64,5,Yes
684,832,1441,Quality Issue,2025-03-14,Late Delivery,1,Sellable,Processed,2025-03-14,2025-03-17,1037.71,85.49,27.94,3,Yes
685,832,1442,Quality Issue,2025-03-15,Late Delivery,1,Sellable,Processed,2025-03-15,2025-03-18,3970.58,141.31,39.1,1,Yes
686,834,1444,Wrong Item,2025-09-24,Customer Refused,1,Opened,Processed,2025-09-24,2025-09-26,67628.38,98.87,14.64,9,Yes
687,834,1445,Late Delivery,2025-09-27,Customer Refused,1,Damaged,Processed,2025-09-27,2025-09-28,833.98,115.71,29.16,3,Yes
688,835,1447,Late Delivery,2024-11-19,Late Delivery,2,Opened,Processed,2024-11-20,,0.0,87.17,24.74,5,No
689,837,1451,Quality Issue,2025-10-31,Late Delivery,3,Sellable,Processed,2025-10-31,2025-11-01,7942.97,127.35,14.33,5,Yes
690,839,1453,Quality Issue,2026-05-03,Customer Refused,1,Opened,Pending,2026-05-03,2026-05-06,1302.17,102.72,37.05,8,Yes
691,839,1454,Quality Issue,2026-05-07,Customer Refused,1,Opened,Processed,2026-05-07,2026-05-10,12724.48,70.73,27.25,1,Yes
692,843,1460,Quality Issue,2025-03-16,Late Delivery,1,Opened,Processed,2025-03-16,2025-03-18,454.17,115.43,17.65,4,Yes
693,845,1462,Quality Issue,2024-08-21,Customer Refused,1,Sellable,Processed,2024-08-21,2024-08-22,3404.87,145.4,22.18,8,Yes
694,845,1463,Wrong Item,2024-08-22,Customer Refused,1,Sellable,Processed,2024-08-22,2024-08-23,1435.82,100.54,29.96,1,Yes
695,846,1464,Late Delivery,2024-09-16,Late Delivery,1,Opened,Processed,2024-09-16,2024-09-17,417.88,128.49,20.46,7,Yes
696,846,1465,Quality Issue,2024-09-13,Late Delivery,1,Opened,Processed,2024-09-13,2024-09-14,1757.87,120.35,14.41,8,Yes
697,846,1466,Wrong Item,2024-09-17,Late Delivery,1,Opened,Processed,2024-09-17,2024-09-20,526.86,62.57,16.85,1,Yes
698,846,1467,Wrong Item,2024-09-17,Late Delivery,1,Opened,Pending,2024-09-17,2024-09-20,1353.94,73.06,27.56,5,Yes
699,846,1468,Quality Issue,2024-09-15,Late Delivery,1,Opened,Processed,2024-09-15,2024-09-16,1318.54,58.02,22.5,3,Yes
700,848,1470,Quality Issue,2026-07-06,Late Delivery,1,Damaged,Processed,2026-07-06,2026-07-07,3138.55,147.11,37.24,8,Yes
701,849,1471,Quality Issue,2026-08-02,Product Quality,1,Damaged,Processed,2026-08-02,2026-08-03,100436.72,140.29,16.8,2,Yes
702,850,1472,Wrong Item,2026-01-09,Late Delivery,1,Damaged,Processed,2026-01-09,2026-01-11,49591.25,147.42,20.15,4,Yes
703,853,1475,Wrong Item,2024-08-22,Late Delivery,1,Opened,Pending,2024-08-23,2024-08-26,928.98,101.15,35.77,7,Yes
704,855,1477,Wrong Item,2026-01-21,Late Delivery,1,Damaged,Processed,2026-01-21,2026-01-22,850.45,52.46,15.64,6,Yes
705,856,1478,Quality Issue,2026-02-18,Damaged Product,2,Sellable,Processed,2026-02-18,2026-02-19,97812.08,156.27,33.2,2,Yes
706,857,1480,Late Delivery,2026-02-07,Size/Fit Issue,1,Sellable,Processed,2026-02-07,2026-02-09,1304.47,168.66,46.58,8,Yes
707,857,1481,Wrong Item,2026-02-05,Damaged Product,1,Defective,Processed,2026-02-05,2026-02-07,1561.84,75.73,35.58,4,Yes
708,859,1484,Late Delivery,2025-12-29,Customer Refused,2,Sellable,Processed,2025-12-29,2026-01-01,198623.61,113.75,11.26,5,Yes
709,861,1486,Wrong Item,2026-03-08,Late Delivery,1,Opened,Processed,2026-03-08,2026-03-11,60887.16,66.03,20.23,3,Yes
710,862,1487,Late Delivery,2024-09-17,Customer Refused,1,Sellable,Processed,2024-09-18,2024-09-21,3287.05,102.59,11.25,4,Yes
711,866,1492,Late Delivery,2025-02-05,Late Delivery,1,Opened,Processed,2025-02-05,2025-02-06,3480.15,75.41,26.3,9,Yes
712,866,1493,Late Delivery,2025-02-07,Late Delivery,1,Damaged,Processed,2025-02-07,2025-02-09,11889.97,97.53,26.74,2,Yes
713,866,1494,Quality Issue,2025-02-08,Late Delivery,1,Damaged,Processed,2025-02-08,2025-02-09,3314.16,71.44,28.19,3,Yes
714,867,1495,Quality Issue,2025-01-16,Customer Refused,1,Damaged,Failed,2025-01-16,2025-01-18,4110.18,108.09,28.01,2,Yes
715,867,1496,Wrong Item,2025-01-15,Customer Refused,1,Damaged,Processed,2025-01-15,2025-01-18,1180.85,109.42,23.64,1,Yes
716,867,1497,Late Delivery,2025-01-17,Customer Refused,1,Sellable,Pending,2025-01-17,2025-01-19,2725.86,62.32,34.93,4,Yes
717,869,1500,Late Delivery,2025-08-16,Late Delivery,1,Damaged,Processed,2025-08-16,2025-08-17,38569.49,98.17,23.09,8,Yes
718,870,1501,Quality Issue,2025-09-05,Customer Refused,2,Opened,Processed,2025-09-05,2025-09-07,4737.27,73.25,13.06,1,Yes
719,870,1502,Late Delivery,2025-09-08,Customer Refused,1,Sellable,Processed,2025-09-08,2025-09-11,282.42,92.02,13.34,1,Yes
720,872,1505,Quality Issue,2026-06-20,Customer Refused,1,Sellable,Pending,2026-06-20,2026-06-23,1897.35,65.7,18.03,3,Yes
721,874,1507,Wrong Item,2025-09-24,Late Delivery,1,Sellable,Processed,2025-09-25,2025-09-26,614.51,109.75,32.74,4,Yes
722,875,1508,Wrong Item,2026-01-10,Customer Refused,1,Sellable,Pending,2026-01-10,2026-01-12,625.35,133.31,31.13,1,Yes
723,877,1511,Quality Issue,2026-02-26,Late Delivery,1,Opened,Processed,2026-02-26,2026-02-28,431.24,99.58,33.91,6,Yes
724,878,1512,Wrong Item,2026-01-02,Late Delivery,1,Sellable,Processed,2026-01-02,2026-01-04,65659.6,75.1,34.69,1,Yes
725,878,1513,Quality Issue,2026-01-03,Late Delivery,2,Damaged,Processed,2026-01-03,2026-01-06,81639.65,50.57,29.44,5,Yes
726,878,1514,Quality Issue,2025-12-30,Late Delivery,2,Damaged,Processed,2025-12-30,2026-01-01,289364.01,142.66,24.25,8,Yes
727,878,1515,Late Delivery,2025-12-30,Late Delivery,1,Sellable,Pending,2025-12-30,2025-12-31,27094.6,145.53,33.99,8,Yes
728,879,1516,Late Delivery,2026-01-20,Late Delivery,1,Opened,Processed,2026-01-20,2026-01-23,236.0,80.64,26.03,2,Yes
729,879,1517,Quality Issue,2026-01-16,Late Delivery,1,Damaged,Processed,2026-01-16,2026-01-19,899.54,83.0,10.49,1,Yes
730,879,1518,Quality Issue,2026-01-19,Late Delivery,1,Sellable,Processed,2026-01-19,2026-01-20,13330.81,70.07,17.6,1,Yes
731,879,1519,Late Delivery,2026-01-16,Late Delivery,1,Sellable,Processed,2026-01-16,2026-01-19,3023.33,101.79,17.87,2,Yes
732,879,1520,Quality Issue,2026-01-17,Late Delivery,1,Damaged,Processed,2026-01-17,2026-01-18,1477.92,56.44,36.62,7,Yes
733,881,1522,Late Delivery,2025-12-30,Late Delivery,2,Damaged,Processed,2025-12-30,2026-01-02,6738.74,107.94,39.61,4,Yes
734,881,1523,Late Delivery,2025-12-27,Late Delivery,1,Sellable,Processed,2025-12-27,2025-12-28,1387.34,148.34,15.44,9,Yes
735,891,1536,Late Delivery,2024-10-28,Customer Refused,1,Opened,Processed,2024-10-28,2024-10-30,1496.14,143.23,20.52,5,Yes
736,900,1557,Wrong Item,2025-09-23,Late Delivery,2,Damaged,Pending,2025-09-23,2025-09-25,7439.1,112.77,25.2,6,Yes
737,901,1558,Wrong Item,2024-10-14,Late Delivery,1,Opened,Processed,2024-10-14,2024-10-15,66825.59,55.44,22.56,2,Yes
738,902,1559,Wrong Item,2025-07-23,Size/Fit Issue,1,Opened,Pending,2025-07-23,2025-07-24,784.67,95.13,19.03,4,Yes
739,903,1560,Late Delivery,2025-09-01,Customer Refused,1,Opened,Processed,2025-09-01,2025-09-03,4306.22,114.03,22.18,2,Yes
740,903,1561,Late Delivery,2025-09-02,Customer Refused,1,Damaged,Processed,2025-09-02,2025-09-04,955.28,67.43,30.63,7,Yes
741,904,1562,Wrong Item,2025-09-13,Customer Refused,1,Opened,Pending,2025-09-13,2025-09-16,70230.02,100.33,38.88,7,Yes
742,904,1563,Quality Issue,2025-09-10,Customer Refused,1,Damaged,Processed,2025-09-10,2025-09-11,897.32,90.9,27.47,6,Yes
743,906,1566,Late Delivery,2025-09-01,Customer Refused,1,Damaged,Processed,2025-09-02,2025-09-05,1784.61,95.32,25.34,2,Yes
744,907,1567,Late Delivery,2025-09-20,Late Delivery,1,Opened,Processed,2025-09-20,2025-09-23,16014.6,142.34,36.28,8,Yes
745,908,1568,Quality Issue,2025-10-15,Late Delivery,1,Damaged,Processed,2025-10-15,2025-10-16,71177.29,126.84,38.2,4,Yes
746,909,1569,Late Delivery,2024-09-22,Customer Refused,1,Sellable,Processed,2024-09-22,2024-09-25,3780.76,140.02,35.09,4,Yes
747,914,1582,Late Delivery,2025-01-29,Late Delivery,1,Sellable,Processed,2025-01-29,2025-02-01,41968.66,64.42,34.97,4,Yes
748,916,1585,Quality Issue,2026-01-11,Customer Refused,1,Opened,Processed,2026-01-11,2026-01-13,2209.45,137.79,34.05,8,Yes
749,918,1590,Late Delivery,2026-06-26,Late Delivery,2,Sellable,Failed,2026-06-26,2026-06-27,1250.7,52.58,24.79,2,Yes
750,918,1591,Wrong Item,2026-06-28,Late Delivery,1,Opened,Processed,2026-06-28,2026-06-30,1424.65,118.04,17.24,3,Yes
751,923,1598,Quality Issue,2025-10-08,Late Delivery,1,Damaged,Processed,2025-10-08,2025-10-10,1838.29,146.46,23.86,7,Yes
752,923,1599,Quality Issue,2025-10-08,Late Delivery,1,Damaged,Processed,2025-10-08,2025-10-10,806.78,51.83,34.24,1,Yes
753,923,1600,Late Delivery,2025-10-07,Late Delivery,1,Sellable,Processed,2025-10-07,2025-10-10,2945.76,118.12,33.78,1,Yes
754,924,1601,Late Delivery,2025-11-02,Late Delivery,3,Opened,Processed,2025-11-02,2025-11-04,13252.38,80.46,31.22,9,Yes
755,924,1602,Quality Issue,2025-11-02,Late Delivery,2,Sellable,Processed,2025-11-02,2025-11-05,797.8,110.24,36.27,2,Yes
756,924,1603,Wrong Item,2025-11-03,Late Delivery,1,Opened,Processed,2025-11-03,2025-11-05,2221.48,50.51,12.82,3,Yes
757,925,1604,Late Delivery,2024-11-08,Late Delivery,1,Damaged,Processed,2024-11-08,2024-11-10,926.8,125.1,37.6,6,Yes
758,925,1605,Wrong Item,2024-11-09,Late Delivery,1,Opened,Processed,2024-11-09,2024-11-10,5625.44,129.48,21.73,7,Yes
759,927,1607,Wrong Item,2025-04-04,Customer Refused,3,Damaged,Processed,2025-04-04,2025-04-07,54501.18,76.97,33.77,2,Yes
760,930,1611,Late Delivery,2026-03-01,Customer Refused,1,Damaged,Processed,2026-03-01,2026-03-03,7278.08,65.4,19.76,3,Yes
761,931,1612,Quality Issue,2026-04-01,Customer Refused,1,Opened,Processed,2026-04-01,2026-04-03,2254.98,86.9,32.46,9,Yes
762,936,1619,Late Delivery,2025-06-11,Customer Refused,1,Sellable,Processed,2025-06-12,2025-06-13,4633.11,119.27,25.71,2,Yes
763,942,1628,Wrong Item,2024-12-22,Late Delivery,2,Opened,Processed,2024-12-22,2024-12-23,3271.71,78.81,25.06,8,Yes
764,943,1629,Wrong Item,2025-02-06,Late Delivery,1,Opened,Processed,2025-02-06,2025-02-09,3478.5,50.03,18.88,1,Yes
765,944,1630,Wrong Item,2025-07-28,Customer Refused,1,Damaged,Pending,2025-07-28,2025-07-31,38068.59,80.28,31.47,6,Yes
766,945,1631,Late Delivery,2026-06-21,Customer Refused,1,Opened,Processed,2026-06-22,2026-06-25,606.98,139.06,30.12,7,Yes
767,948,1639,Quality Issue,2024-09-24,Late Delivery,1,Sellable,Pending,2024-09-24,2024-09-25,46739.78,104.23,27.42,5,Yes
768,949,1640,Quality Issue,2025-12-18,Late Delivery,1,Opened,Processed,2025-12-18,2025-12-19,2446.17,94.09,35.61,5,Yes
769,949,1641,Wrong Item,2025-12-22,Late Delivery,1,Opened,Processed,2025-12-22,2025-12-25,2890.59,106.5,16.65,9,Yes
770,951,1645,Late Delivery,2025-03-05,Size/Fit Issue,1,Damaged,Pending,2025-03-06,2025-03-07,3458.77,178.23,19.69,4,Yes
771,953,1648,Quality Issue,2025-09-09,Customer Refused,1,Damaged,Processed,2025-09-09,2025-09-11,29304.27,120.72,37.57,5,Yes
772,957,1654,Wrong Item,2025-02-19,Changed Mind,1,Damaged,Processed,2025-02-19,2025-02-21,47459.41,141.6,31.81,8,Yes
773,959,1657,Quality Issue,2025-02-28,Late Delivery,1,Damaged,Processed,2025-02-28,2025-03-03,28455.49,140.63,38.56,1,Yes
774,959,1658,Quality Issue,2025-02-28,Late Delivery,1,Opened,Processed,2025-02-28,2025-03-02,27649.61,72.87,26.44,8,Yes
775,959,1659,Quality Issue,2025-03-02,Late Delivery,1,Opened,Processed,2025-03-02,2025-03-05,1331.19,148.51,35.28,6,Yes
776,960,1661,Quality Issue,2025-04-08,Size/Fit Issue,1,Sellable,Processed,2025-04-08,2025-04-12,4503.9,93.69,23.42,6,Yes
777,968,1673,Wrong Item,2026-04-05,Late Delivery,1,Damaged,Failed,2026-04-05,2026-04-08,547.89,80.37,25.51,7,Yes
778,970,1676,Wrong Item,2025-07-08,Customer Refused,1,Damaged,Processed,2025-07-08,2025-07-11,75380.11,58.36,21.29,5,Yes
779,970,1677,Late Delivery,2025-07-10,Customer Refused,1,Damaged,Processed,2025-07-10,2025-07-13,1553.01,130.76,22.73,2,Yes
780,970,1678,Wrong Item,2025-07-10,Customer Refused,1,Opened,Processed,2025-07-10,2025-07-12,4089.03,92.7,10.29,8,Yes
781,971,1679,Late Delivery,2025-08-07,Late Delivery,1,Sellable,Processed,2025-08-07,2025-08-08,29890.73,94.35,14.39,8,Yes
782,972,1680,Quality Issue,2026-02-08,Late Delivery,1,Damaged,Processed,2026-02-08,2026-02-11,33473.5,64.69,24.62,7,Yes
783,973,1681,Late Delivery,2026-03-09,Late Delivery,1,Sellable,Processed,2026-03-09,2026-03-12,55349.47,90.45,30.53,4,Yes
784,976,1685,Quality Issue,2026-03-30,Customer Refused,2,Opened,Processed,2026-03-31,2026-04-01,72595.1,64.98,37.21,2,Yes
785,976,1686,Late Delivery,2026-04-02,Customer Refused,1,Sellable,Processed,2026-04-03,2026-04-04,3360.14,58.34,35.7,5,Yes
786,976,1687,Quality Issue,2026-04-03,Customer Refused,1,Damaged,Pending,2026-04-04,2026-04-06,39011.03,77.78,14.39,7,Yes
787,976,1688,Quality Issue,2026-04-02,Customer Refused,2,Sellable,Failed,2026-04-03,2026-04-05,3553.78,72.46,22.44,8,Yes
788,976,1689,Quality Issue,2026-04-03,Customer Refused,1,Damaged,Failed,2026-04-04,2026-04-06,1119.88,63.24,29.14,8,Yes
789,980,1694,Wrong Item,2026-03-01,Customer Refused,1,Opened,Processed,2026-03-01,2026-03-03,693.1,104.95,23.65,9,Yes
790,980,1695,Wrong Item,2026-02-27,Customer Refused,1,Damaged,Processed,2026-02-27,2026-03-01,1459.51,55.26,11.41,3,Yes
791,980,1696,Quality Issue,2026-02-28,Customer Refused,1,Sellable,Processed,2026-02-28,2026-03-02,109590.9,67.16,32.57,5,Yes
792,980,1697,Late Delivery,2026-03-01,Customer Refused,1,Damaged,Processed,2026-03-01,2026-03-04,2690.23,127.86,13.08,9,Yes
793,980,1698,Late Delivery,2026-03-01,Customer Refused,1,Opened,Processed,2026-03-01,2026-03-04,79013.27,126.08,24.08,7,Yes
794,982,1700,Quality Issue,2026-05-30,Customer Refused,1,Damaged,Processed,2026-05-30,2026-05-31,1913.58,146.01,15.76,3,Yes
795,983,1701,Wrong Item,2025-01-09,Customer Refused,1,Opened,Processed,2025-01-09,2025-01-10,17009.13,104.86,35.87,4,Yes
796,983,1702,Quality Issue,2025-01-08,Customer Refused,1,Opened,Processed,2025-01-08,2025-01-09,484.01,117.14,28.43,3,Yes
797,984,1703,Late Delivery,2025-07-15,Late Delivery,1,Opened,Processed,2025-07-15,2025-07-16,58790.28,128.03,27.56,3,Yes
798,984,1704,Quality Issue,2025-07-11,Late Delivery,1,Opened,Pending,2025-07-11,2025-07-12,2372.47,111.97,14.01,6,Yes
799,985,1705,Quality Issue,2024-10-16,Late Delivery,1,Damaged,Processed,2024-10-16,2024-10-18,1776.03,119.09,29.38,3,Yes
800,986,1706,Late Delivery,2024-11-30,Customer Refused,1,Damaged,Processed,2024-11-30,2024-12-03,4173.88,77.95,16.33,3,Yes
801,987,1707,Late Delivery,2024-10-01,Customer Refused,1,Opened,Processed,2024-10-01,2024-10-02,384.05,105.64,22.65,3,Yes
802,989,1712,Quality Issue,2025-04-08,Late Delivery,1,Opened,Processed,2025-04-08,2025-04-09,25376.43,52.96,25.31,9,Yes
803,990,1713,Quality Issue,2025-07-30,Customer Refused,1,Damaged,Processed,2025-07-30,2025-08-02,2376.11,134.07,31.09,7,Yes
804,991,1714,Late Delivery,2025-08-13,Customer Refused,1,Sellable,Pending,2025-08-14,2025-08-16,1650.81,65.75,19.09,5,Yes
805,991,1715,Late Delivery,2025-08-15,Customer Refused,2,Opened,Processed,2025-08-16,2025-08-18,1532.62,99.82,36.62,3,Yes
806,992,1716,Wrong Item,2025-04-21,Customer Refused,1,Opened,Processed,2025-04-21,2025-04-24,9021.21,51.79,29.11,5,Yes
807,992,1717,Quality Issue,2025-04-24,Customer Refused,1,Sellable,Processed,2025-04-24,2025-04-26,994.26,134.33,15.7,2,Yes
808,993,1718,Quality Issue,2024-09-05,Customer Refused,1,Damaged,Processed,2024-09-05,2024-09-08,1495.14,102.15,36.74,2,Yes
809,997,1726,Late Delivery,2025-12-17,Late Delivery,1,Opened,Processed,2025-12-17,2025-12-19,13782.78,61.11,18.57,4,Yes
810,997,1727,Late Delivery,2025-12-17,Late Delivery,2,Damaged,Failed,2025-12-17,2025-12-19,1649.13,58.66,14.95,7,Yes
811,998,1728,Late Delivery,2024-10-19,Customer Refused,1,Sellable,Processed,2024-10-19,2024-10-21,87327.59,126.12,21.1,5,Yes
812,999,1729,Quality Issue,2024-11-10,Customer Refused,1,Sellable,Processed,2024-11-10,2024-11-11,1789.37,90.24,30.83,5,Yes
813,1000,1730,Quality Issue,2026-01-29,Customer Refused,2,Opened,Processed,2026-01-29,2026-02-01,5543.04,103.05,11.46,8,Yes
814,1000,1731,Quality Issue,2026-02-01,Customer Refused,1,Damaged,Processed,2026-02-01,2026-02-03,4683.27,88.63,21.0,4,Yes
815,1001,1732,Late Delivery,2025-09-28,Customer Refused,2,Damaged,Processed,2025-09-28,2025-09-29,50837.32,82.74,17.64,1,Yes
816,1002,1734,Quality Issue,2026-03-17,Damaged Product,1,Opened,Processed,2026-03-17,2026-03-21,120304.55,176.02,34.75,3,Yes
817,1003,1736,Wrong Item,2024-09-18,Customer Refused,1,Opened,Processed,2024-09-18,2024-09-20,2478.5,82.69,23.38,3,Yes
818,1006,1739,Wrong Item,2026-03-04,Customer Refused,2,Sellable,Processed,2026-03-04,2026-03-05,2016.04,125.28,36.79,2,Yes
819,1009,1742,Wrong Item,2025-12-02,Customer Refused,1,Sellable,Processed,2025-12-02,2025-12-05,7717.28,62.54,16.67,3,Yes
820,1010,1743,Late Delivery,2025-09-21,Product Quality,1,Sellable,Processed,2025-09-21,2025-09-24,1349.54,168.68,17.48,9,Yes
821,1013,1747,Quality Issue,2024-09-20,Size/Fit Issue,1,Damaged,Processed,2024-09-21,2024-09-22,3746.51,125.74,43.75,7,Yes
822,1014,1748,Quality Issue,2024-10-27,Customer Refused,1,Sellable,Processed,2024-10-27,2024-10-28,60612.22,120.95,28.86,7,Yes
823,1015,1749,Wrong Item,2024-11-19,Late Delivery,1,Damaged,Processed,2024-11-19,2024-11-22,3438.7,63.71,20.84,6,Yes
824,1015,1750,Late Delivery,2024-11-19,Late Delivery,1,Damaged,Processed,2024-11-19,2024-11-20,3797.71,108.56,21.6,7,Yes
825,1016,1751,Wrong Item,2024-12-06,Customer Refused,1,Opened,Processed,2024-12-06,2024-12-09,2471.23,122.72,16.2,2,Yes
826,1017,1752,Quality Issue,2024-08-11,Customer Refused,2,Sellable,Processed,2024-08-11,2024-08-14,89408.52,109.82,20.2,9,Yes
827,1018,1753,Quality Issue,2026-04-11,Customer Refused,2,Damaged,Processed,2026-04-11,2026-04-12,108388.59,72.4,11.59,8,Yes
828,1018,1754,Late Delivery,2026-04-11,Customer Refused,2,Sellable,Processed,2026-04-11,2026-04-12,1316.82,136.28,38.83,5,Yes
829,1018,1755,Late Delivery,2026-04-11,Customer Refused,2,Opened,Processed,2026-04-11,2026-04-14,13567.44,91.05,29.68,9,Yes
830,1020,1760,Quality Issue,2024-09-20,Customer Refused,1,Opened,Processed,2024-09-20,2024-09-23,91105.66,108.05,16.17,4,Yes
831,1023,1764,Wrong Item,2026-07-12,Late Delivery,2,Sellable,Processed,2026-07-12,2026-07-15,123249.6,78.92,13.32,5,Yes
832,1023,1765,Quality Issue,2026-07-10,Late Delivery,1,Opened,Pending,2026-07-10,2026-07-11,2482.37,61.7,39.98,3,Yes
833,1025,1767,Quality Issue,2024-08-18,Size/Fit Issue,2,Sellable,Processed,2024-08-18,,0.0,165.1,20.81,3,No
834,1028,1770,Late Delivery,2026-07-11,Customer Refused,1,Damaged,Processed,2026-07-11,2026-07-14,2307.97,83.23,37.42,8,Yes
835,1031,1773,Quality Issue,2026-05-01,Late Delivery,1,Damaged,Processed,2026-05-01,2026-05-03,1446.76,65.84,23.61,1,Yes
836,1031,1774,Late Delivery,2026-05-05,Late Delivery,1,Sellable,Processed,2026-05-05,2026-05-07,39314.87,59.06,32.43,4,Yes
837,1031,1775,Late Delivery,2026-05-02,Late Delivery,1,Damaged,Processed,2026-05-02,2026-05-03,82264.94,66.06,25.83,9,Yes
838,1037,1785,Late Delivery,2026-01-27,Late Delivery,1,Sellable,Pending,2026-01-27,2026-01-30,2644.48,103.09,13.67,7,Yes
839,1042,1790,Late Delivery,2025-02-18,Late Delivery,2,Damaged,Processed,2025-02-18,2025-02-19,68975.82,131.03,11.92,2,Yes
840,1043,1791,Wrong Item,2025-01-23,Customer Refused,1,Opened,Processed,2025-01-23,2025-01-26,1880.46,54.86,27.25,3,Yes
841,1043,1792,Late Delivery,2025-01-22,Customer Refused,1,Opened,Processed,2025-01-22,2025-01-24,1894.03,73.73,25.62,7,Yes
842,1045,1794,Quality Issue,2025-11-26,Customer Refused,1,Damaged,Processed,2025-11-26,2025-11-28,30639.92,144.7,38.78,8,Yes
843,1045,1795,Quality Issue,2025-11-25,Customer Refused,1,Opened,Processed,2025-11-25,2025-11-26,402.52,111.93,22.38,7,Yes
844,1047,1798,Late Delivery,2025-07-10,Late Delivery,1,Sellable,Processed,2025-07-10,2025-07-14,821.52,101.05,27.16,4,Yes
845,1047,1800,Late Delivery,2025-07-11,Product Quality,2,Opened,Processed,2025-07-11,2025-07-14,69127.88,92.01,25.71,2,Yes
846,1052,1812,Quality Issue,2025-04-18,Late Delivery,1,Sellable,Processed,2025-04-18,2025-04-21,7698.72,97.73,39.47,5,Yes
847,1052,1813,Wrong Item,2025-04-17,Late Delivery,2,Damaged,Processed,2025-04-17,2025-04-19,3617.33,123.47,26.07,3,Yes
848,1052,1814,Quality Issue,2025-04-19,Late Delivery,1,Opened,Processed,2025-04-19,2025-04-20,2522.94,108.0,18.54,2,Yes
849,1055,1817,Quality Issue,2024-12-07,Customer Refused,1,Sellable,Processed,2024-12-07,2024-12-08,4194.1,68.67,19.69,2,Yes
850,1055,1818,Quality Issue,2024-12-04,Customer Refused,1,Opened,Processed,2024-12-04,2024-12-06,168366.34,52.08,17.05,1,Yes
851,1058,1821,Late Delivery,2024-12-11,Customer Refused,1,Damaged,Processed,2024-12-11,2024-12-12,3515.07,94.42,37.21,5,Yes
852,1061,1824,Late Delivery,2026-07-04,Customer Refused,1,Sellable,Processed,2026-07-04,2026-07-07,19950.15,146.79,26.58,1,Yes
853,1062,1825,Quality Issue,2026-08-15,Customer Refused,1,Opened,Pending,2026-08-15,2026-08-17,1968.64,67.91,23.27,3,Yes
854,1062,1826,Wrong Item,2026-08-13,Customer Refused,1,Sellable,Processed,2026-08-13,2026-08-16,11889.97,88.07,27.8,3,Yes
855,1062,1827,Wrong Item,2026-08-16,Customer Refused,1,Sellable,Processed,2026-08-16,2026-08-18,36231.4,145.41,28.8,7,Yes
856,1062,1828,Wrong Item,2026-08-12,Customer Refused,2,Sellable,Processed,2026-08-12,2026-08-15,97305.42,109.88,26.57,1,Yes
857,1063,1829,Wrong Item,2024-10-13,Late Delivery,1,Damaged,Processed,2024-10-13,2024-10-15,1426.15,90.25,16.62,4,Yes
858,1064,1830,Quality Issue,2025-11-27,Customer Refused,3,Damaged,Processed,2025-11-27,2025-11-30,8644.56,110.48,28.72,8,Yes
859,1064,1831,Late Delivery,2025-11-24,Customer Refused,1,Opened,Processed,2025-11-24,2025-11-27,1136.14,94.45,30.72,5,Yes
860,1065,1832,Wrong Item,2025-12-21,Late Delivery,1,Damaged,Processed,2025-12-21,2025-12-23,30040.13,81.81,15.0,5,Yes
861,1065,1833,Wrong Item,2025-12-18,Late Delivery,1,Sellable,Processed,2025-12-18,2025-12-21,1148.35,108.55,26.62,1,Yes
862,1065,1834,Wrong Item,2025-12-21,Late Delivery,1,Opened,Failed,2025-12-21,2025-12-24,3268.72,81.07,12.28,7,Yes
863,1065,1835,Late Delivery,2025-12-18,Late Delivery,1,Sellable,Pending,2025-12-18,2025-12-20,2016.91,132.53,21.53,7,Yes
864,1065,1836,Late Delivery,2025-12-20,Late Delivery,1,Sellable,Processed,2025-12-20,2025-12-23,39220.21,73.57,35.79,9,Yes
865,1067,1838,Wrong Item,2025-07-13,Late Delivery,1,Opened,Processed,2025-07-13,2025-07-16,3973.98,83.34,37.57,6,Yes
866,1069,1841,Wrong Item,2026-03-20,Customer Refused,1,Damaged,Processed,2026-03-20,2026-03-23,22016.42,116.76,36.51,9,Yes
867,1069,1842,Quality Issue,2026-03-21,Customer Refused,2,Damaged,Processed,2026-03-21,2026-03-22,2785.82,109.62,29.55,3,Yes
868,1071,1845,Quality Issue,2025-09-23,Customer Refused,1,Sellable,Processed,2025-09-23,2025-09-24,13792.96,67.27,12.39,1,Yes
869,1072,1846,Wrong Item,2026-05-22,Customer Refused,1,Sellable,Processed,2026-05-22,2026-05-23,140864.75,64.33,19.55,3,Yes
870,1072,1847,Late Delivery,2026-05-21,Customer Refused,1,Opened,Processed,2026-05-21,2026-05-23,1252.44,108.55,35.09,2,Yes
871,1072,1848,Wrong Item,2026-05-22,Customer Refused,1,Damaged,Processed,2026-05-22,2026-05-25,57549.62,75.06,21.46,1,Yes
872,1075,1852,Late Delivery,2025-12-24,Late Delivery,1,Sellable,Failed,2025-12-24,2025-12-25,6782.66,94.43,23.15,9,Yes
873,1075,1853,Late Delivery,2025-12-25,Late Delivery,1,Opened,Processed,2025-12-25,2025-12-27,3476.75,69.54,38.47,6,Yes
874,1076,1854,Late Delivery,2026-01-31,Late Delivery,1,Damaged,Processed,2026-01-31,2026-02-03,953.64,64.27,14.6,9,Yes
875,1076,1855,Wrong Item,2026-01-28,Late Delivery,1,Damaged,Pending,2026-01-28,2026-01-29,308.59,98.18,21.37,5,Yes
876,1076,1856,Wrong Item,2026-01-31,Late Delivery,2,Opened,Processed,2026-01-31,2026-02-03,9595.45,89.28,33.96,9,Yes
877,1077,1857,Late Delivery,2024-09-19,Customer Refused,1,Sellable,Pending,2024-09-19,2024-09-21,1342.16,140.17,35.97,8,Yes
878,1078,1858,Quality Issue,2024-10-05,Customer Refused,3,Sellable,Processed,2024-10-05,2024-10-06,8550.84,58.8,27.21,6,Yes
879,1078,1859,Quality Issue,2024-10-05,Customer Refused,1,Damaged,Processed,2024-10-05,2024-10-08,8241.32,97.34,21.74,3,Yes
880,1079,1861,Quality Issue,2024-12-29,Changed Mind,1,Sellable,Processed,2024-12-29,,3180.31,93.87,36.3,5,Yes
881,1080,1862,Late Delivery,2024-10-27,Customer Refused,1,Sellable,Processed,2024-10-27,2024-10-28,3584.35,105.76,26.03,1,Yes
882,1081,1863,Late Delivery,2024-12-26,Late Delivery,1,Opened,Pending,2024-12-27,2024-12-29,767.48,97.22,16.92,2,Yes
883,1081,1864,Wrong Item,2024-12-23,Late Delivery,1,Damaged,Processed,2024-12-24,2024-12-25,93433.5,103.61,10.18,2,Yes
884,1083,1866,Late Delivery,2024-12-23,Late Delivery,1,Sellable,Processed,2024-12-23,2024-12-24,221.82,153.55,31.16,4,Yes
885,1084,1869,Late Delivery,2026-02-25,Product Quality,1,Opened,Processed,2026-02-25,,2516.43,130.79,22.82,1,Yes
886,1085,1870,Late Delivery,2026-03-09,Late Delivery,1,Sellable,Processed,2026-03-09,2026-03-12,4243.47,140.54,35.71,9,Yes
887,1085,1871,Wrong Item,2026-03-12,Late Delivery,3,Opened,Processed,2026-03-12,2026-03-13,104488.6,71.27,20.23,7,Yes
888,1086,1872,Late Delivery,2026-08-07,Late Delivery,1,Sellable,Processed,2026-08-08,2026-08-11,90516.75,111.81,35.71,9,Yes
889,1086,1873,Wrong Item,2026-08-06,Late Delivery,1,Damaged,Pending,2026-08-07,2026-08-09,730.4,51.63,12.96,5,Yes
890,1087,1874,Quality Issue,2026-07-14,Customer Refused,1,Sellable,Processed,2026-07-14,2026-07-17,137569.27,118.61,22.32,4,Yes
891,1088,1875,Quality Issue,2026-06-11,Changed Mind,1,Opened,Failed,2026-06-11,2026-06-13,2305.14,160.12,22.6,9,Yes
892,1090,1877,Quality Issue,2025-11-15,Not as Described,1,Defective,Processed,2025-11-15,2025-11-18,17084.55,93.37,15.61,9,Yes
893,1091,1878,Quality Issue,2024-11-28,Late Delivery,1,Sellable,Processed,2024-11-28,2024-11-29,2840.66,93.85,29.24,9,Yes
894,1091,1879,Wrong Item,2024-11-30,Late Delivery,1,Opened,Processed,2024-11-30,2024-12-03,3406.42,120.08,37.08,3,Yes
895,1094,1883,Late Delivery,2026-02-11,Customer Refused,1,Sellable,Processed,2026-02-11,2026-02-12,43654.41,138.74,35.04,5,Yes
896,1094,1884,Late Delivery,2026-02-15,Customer Refused,2,Sellable,Failed,2026-02-15,2026-02-17,7799.34,142.83,13.08,5,Yes
897,1094,1885,Wrong Item,2026-02-13,Customer Refused,1,Sellable,Processed,2026-02-13,2026-02-16,1009.65,127.43,16.53,8,Yes
898,1096,1890,Quality Issue,2026-06-12,Late Delivery,1,Opened,Processed,2026-06-12,2026-06-14,64573.86,84.34,18.09,5,Yes
899,1097,1891,Late Delivery,2026-07-06,Late Delivery,3,Sellable,Processed,2026-07-06,2026-07-07,44141.25,77.72,29.88,2,Yes
900,1098,1892,Late Delivery,2026-03-13,Late Delivery,1,Damaged,Pending,2026-03-13,2026-03-15,71604.88,63.46,12.39,3,Yes
901,1098,1893,Late Delivery,2026-03-09,Late Delivery,1,Damaged,Processed,2026-03-09,2026-03-11,4528.45,87.61,29.59,5,Yes
902,1098,1894,Late Delivery,2026-03-10,Late Delivery,1,Damaged,Processed,2026-03-10,2026-03-13,3261.61,138.27,28.42,4,Yes
903,1099,1895,Late Delivery,2026-04-17,Late Delivery,1,Opened,Processed,2026-04-18,2026-04-19,73045.62,115.41,12.61,7,Yes
904,1099,1896,Wrong Item,2026-04-20,Late Delivery,1,Sellable,Processed,2026-04-21,2026-04-23,23015.23,67.32,19.31,2,Yes
905,1099,1897,Wrong Item,2026-04-20,Late Delivery,1,Sellable,Failed,2026-04-21,2026-04-22,36002.85,72.56,23.96,5,Yes
906,1099,1898,Wrong Item,2026-04-20,Late Delivery,1,Sellable,Processed,2026-04-21,2026-04-23,4768.05,107.53,34.49,5,Yes
907,1099,1899,Quality Issue,2026-04-18,Late Delivery,2,Damaged,Processed,2026-04-19,2026-04-21,3789.94,115.7,29.54,8,Yes
908,1101,1902,Late Delivery,2026-06-24,Customer Refused,1,Damaged,Processed,2026-06-24,2026-06-27,636.0,107.78,17.02,6,Yes
909,1101,1903,Quality Issue,2026-06-21,Customer Refused,1,Damaged,Pending,2026-06-21,2026-06-24,157753.88,81.02,17.35,1,Yes
910,1102,1904,Wrong Item,2025-02-12,Late Delivery,1,Damaged,Processed,2025-02-12,2025-02-14,89733.28,72.17,33.99,9,Yes
911,1104,1906,Wrong Item,2026-05-14,Damaged Product,1,Defective,Processed,2026-05-14,2026-05-15,4540.96,64.9,20.15,9,Yes
912,1105,1907,Late Delivery,2026-06-13,Customer Refused,1,Damaged,Failed,2026-06-13,2026-06-15,1812.2,52.35,37.26,8,Yes
913,1106,1908,Late Delivery,2024-12-10,Late Delivery,1,Damaged,Processed,2024-12-10,2024-12-12,68775.54,91.85,34.58,2,Yes
914,1111,1915,Wrong Item,2025-11-23,Size/Fit Issue,1,Sellable,Processed,2025-11-23,2025-11-25,1194.06,61.8,23.24,2,Yes
915,1113,1919,Late Delivery,2025-03-03,Late Delivery,1,Opened,Pending,2025-03-03,2025-03-04,2427.87,82.17,14.07,3,Yes
916,1113,1920,Quality Issue,2025-03-01,Late Delivery,1,Damaged,Pending,2025-03-01,2025-03-04,1699.58,137.07,25.57,1,Yes
917,1113,1921,Wrong Item,2025-03-02,Late Delivery,2,Damaged,Pending,2025-03-02,2025-03-03,1305.0,54.47,18.09,5,Yes
918,1114,1922,Wrong Item,2026-08-04,Size/Fit Issue,2,Sellable,Processed,2026-08-05,2026-08-06,4570.12,137.79,24.0,1,Yes
919,1115,1927,Quality Issue,2025-11-04,Late Delivery,1,Damaged,Failed,2025-11-04,2025-11-06,769.6,120.61,10.82,3,Yes
920,1116,1928,Quality Issue,2025-11-28,Customer Refused,1,Opened,Processed,2025-11-28,2025-12-01,6369.71,63.32,25.71,3,Yes
921,1118,1933,Quality Issue,2026-08-03,Product Quality,1,Sellable,Processed,2026-08-03,2026-08-07,951.83,101.47,22.08,4,Yes
922,1118,1934,Late Delivery,2026-08-01,Damaged Product,1,Damaged,Processed,2026-08-01,2026-08-04,1214.13,100.5,23.85,5,Yes
923,1126,1949,Wrong Item,2025-10-21,Customer Refused,1,Opened,Processed,2025-10-21,2025-10-24,464.31,120.03,37.37,2,Yes
924,1127,1950,Late Delivery,2025-11-09,Changed Mind,1,Opened,Processed,2025-11-09,2025-11-13,2052.78,159.2,38.68,7,Yes
925,1127,1951,Late Delivery,2025-11-11,Changed Mind,1,Sellable,Processed,2025-11-11,2025-11-14,3958.62,170.58,49.64,4,Yes
926,1128,1952,Late Delivery,2024-11-25,Late Delivery,1,Opened,Processed,2024-11-25,2024-11-28,36942.51,86.9,14.36,2,Yes
927,1128,1953,Wrong Item,2024-11-25,Late Delivery,1,Sellable,Processed,2024-11-25,2024-11-28,953.31,134.74,16.59,2,Yes
928,1128,1954,Wrong Item,2024-11-24,Late Delivery,1,Opened,Pending,2024-11-24,2024-11-25,4624.84,96.87,35.89,2,Yes
929,1128,1955,Wrong Item,2024-11-26,Late Delivery,1,Damaged,Pending,2024-11-26,2024-11-27,1947.26,51.87,19.1,3,Yes
930,1128,1956,Wrong Item,2024-11-26,Late Delivery,1,Sellable,Processed,2024-11-26,2024-11-27,2298.73,142.68,24.34,5,Yes
931,1131,1961,Quality Issue,2024-12-07,Customer Refused,2,Sellable,Processed,2024-12-07,2024-12-10,3225.58,92.95,35.68,2,Yes
932,1131,1962,Wrong Item,2024-12-03,Customer Refused,1,Sellable,Processed,2024-12-03,2024-12-04,664.42,142.72,13.85,9,Yes
933,1133,1964,Quality Issue,2024-08-25,Customer Refused,1,Opened,Processed,2024-08-25,2024-08-28,1108.08,98.48,38.53,2,Yes
934,1134,1965,Late Delivery,2024-12-03,Customer Refused,1,Sellable,Processed,2024-12-03,2024-12-06,39307.26,142.55,10.93,3,Yes
935,1138,1969,Late Delivery,2025-02-21,Late Delivery,1,Opened,Processed,2025-02-22,2025-02-25,2517.76,93.28,17.42,2,Yes
936,1138,1970,Wrong Item,2025-02-20,Late Delivery,2,Damaged,Processed,2025-02-21,2025-02-23,829.7,83.54,33.66,8,Yes
937,1138,1971,Quality Issue,2025-02-24,Late Delivery,1,Opened,Processed,2025-02-25,2025-02-26,1458.36,122.26,34.88,6,Yes
938,1138,1972,Late Delivery,2025-02-24,Late Delivery,2,Damaged,Processed,2025-02-25,2025-02-28,4745.06,81.75,33.55,1,Yes
939,1138,1973,Quality Issue,2025-02-24,Late Delivery,1,Opened,Processed,2025-02-25,2025-02-27,2132.0,58.06,39.02,1,Yes
940,1144,1982,Late Delivery,2025-07-10,Late Delivery,1,Opened,Processed,2025-07-10,2025-07-13,1985.52,50.72,10.54,9,Yes
941,1144,1983,Late Delivery,2025-07-10,Late Delivery,1,Opened,Processed,2025-07-10,2025-07-12,4477.8,143.01,32.02,9,Yes
942,1146,1987,Wrong Item,2026-03-10,Customer Refused,1,Opened,Processed,2026-03-10,2026-03-13,22410.21,142.95,21.86,1,Yes
943,1146,1988,Wrong Item,2026-03-13,Customer Refused,2,Damaged,Failed,2026-03-13,2026-03-14,8304.46,104.16,18.89,6,Yes
944,1146,1989,Quality Issue,2026-03-12,Customer Refused,3,Opened,Processed,2026-03-12,2026-03-15,4467.78,149.06,12.95,8,Yes
945,1148,1994,Quality Issue,2026-06-15,Late Delivery,1,Damaged,Pending,2026-06-15,2026-06-17,3113.14,71.49,35.94,3,Yes
946,1148,1995,Wrong Item,2026-06-12,Late Delivery,2,Sellable,Processed,2026-06-12,2026-06-13,1610.02,79.95,32.48,3,Yes
947,1148,1996,Late Delivery,2026-06-15,Late Delivery,2,Opened,Processed,2026-06-15,2026-06-18,1328.84,145.5,36.69,3,Yes
948,1148,1997,Quality Issue,2026-06-12,Late Delivery,1,Damaged,Failed,2026-06-12,2026-06-15,2531.12,59.84,25.04,7,Yes
949,1149,1998,Quality Issue,2026-07-01,Late Delivery,1,Opened,Failed,2026-07-01,2026-07-02,535.22,138.84,13.85,3,Yes
950,1151,2001,Quality Issue,2025-01-10,Customer Refused,1,Opened,Processed,2025-01-10,2025-01-12,285.32,74.06,25.03,2,Yes
951,1151,2002,Wrong Item,2025-01-07,Customer Refused,1,Opened,Processed,2025-01-07,2025-01-10,1818.34,132.39,37.05,7,Yes
952,1151,2003,Wrong Item,2025-01-10,Customer Refused,1,Opened,Processed,2025-01-10,2025-01-12,3385.71,107.47,39.16,4,Yes
953,1152,2004,Wrong Item,2024-11-07,Late Delivery,1,Opened,Processed,2024-11-07,2024-11-10,415.23,137.13,35.33,5,Yes
954,1152,2005,Quality Issue,2024-11-07,Late Delivery,1,Sellable,Processed,2024-11-07,2024-11-09,11908.53,112.86,21.36,1,Yes
955,1153,2006,Late Delivery,2026-04-14,Late Delivery,1,Sellable,Failed,2026-04-14,2026-04-15,12555.38,113.37,31.93,3,Yes
956,1153,2007,Wrong Item,2026-04-12,Late Delivery,1,Damaged,Failed,2026-04-12,2026-04-13,29212.49,132.51,12.87,5,Yes
957,1155,2009,Wrong Item,2025-08-28,Late Delivery,1,Damaged,Pending,2025-08-28,2025-08-30,2409.52,90.9,18.55,7,Yes
958,1156,2010,Late Delivery,2025-04-19,Customer Refused,1,Opened,Pending,2025-04-20,2025-04-23,3547.28,57.23,23.43,9,Yes
959,1156,2011,Quality Issue,2025-04-15,Customer Refused,1,Damaged,Processed,2025-04-16,2025-04-18,918.19,90.27,26.51,1,Yes
960,1158,2013,Late Delivery,2026-06-21,Customer Refused,1,Opened,Processed,2026-06-21,2026-06-24,2424.86,123.34,12.36,4,Yes
961,1159,2014,Wrong Item,2024-12-04,Damaged Product,1,Opened,Processed,2024-12-04,2024-12-06,2416.04,129.77,27.11,6,Yes
962,1161,2016,Late Delivery,2026-04-11,Late Delivery,1,Damaged,Processed,2026-04-11,2026-04-14,2617.21,122.74,12.71,1,Yes
963,1161,2017,Wrong Item,2026-04-12,Late Delivery,1,Damaged,Pending,2026-04-12,2026-04-15,21654.56,103.29,33.08,8,Yes
964,1161,2018,Late Delivery,2026-04-12,Late Delivery,1,Opened,Processed,2026-04-12,2026-04-14,79788.12,89.75,29.31,9,Yes
965,1163,2020,Quality Issue,2026-04-10,Customer Refused,1,Sellable,Processed,2026-04-10,2026-04-13,3388.43,131.89,10.17,6,Yes
966,1163,2021,Late Delivery,2026-04-11,Customer Refused,2,Opened,Processed,2026-04-11,2026-04-14,4320.52,78.04,25.86,9,Yes
967,1163,2022,Late Delivery,2026-04-08,Customer Refused,1,Sellable,Processed,2026-04-08,2026-04-09,986.09,56.73,32.46,5,Yes
968,1163,2023,Late Delivery,2026-04-08,Customer Refused,1,Damaged,Pending,2026-04-08,2026-04-10,18350.62,114.66,18.46,8,Yes
969,1164,2024,Wrong Item,2026-05-24,Late Delivery,1,Damaged,Pending,2026-05-24,2026-05-26,62148.91,97.03,35.01,1,Yes
970,1166,2026,Late Delivery,2024-08-18,Customer Refused,1,Sellable,Processed,2024-08-18,2024-08-19,539.28,79.03,27.5,3,Yes
971,1167,2027,Wrong Item,2025-12-20,Late Delivery,2,Opened,Processed,2025-12-20,2025-12-23,70955.61,141.38,33.32,1,Yes
972,1168,2028,Wrong Item,2026-03-01,Late Delivery,1,Damaged,Processed,2026-03-01,2026-03-02,37414.64,149.87,33.66,5,Yes
973,1169,2030,Late Delivery,2025-03-05,Changed Mind,1,Damaged,Processed,2025-03-05,2025-03-06,1247.4,133.58,45.29,5,Yes
974,1170,2031,Late Delivery,2026-02-05,Late Delivery,1,Damaged,Processed,2026-02-05,2026-02-08,1141.99,146.65,35.01,5,Yes
975,1170,2032,Late Delivery,2026-02-02,Late Delivery,1,Sellable,Pending,2026-02-02,2026-02-04,1105.7,62.44,17.06,4,Yes
976,1172,2034,Late Delivery,2025-03-18,Not as Described,1,Sellable,Processed,2025-03-19,2025-03-23,14811.63,120.31,42.31,7,Yes
977,1174,2037,Quality Issue,2025-12-03,Late Delivery,1,Opened,Processed,2025-12-03,2025-12-05,246.5,147.29,34.61,6,Yes
978,1175,2042,Quality Issue,2026-01-10,Damaged Product,1,Sellable,Processed,2026-01-10,2026-01-11,3634.8,142.56,43.17,3,Yes
979,1176,2043,Wrong Item,2025-09-15,Late Delivery,1,Sellable,Processed,2025-09-15,2025-09-16,3515.07,97.73,17.84,5,Yes
980,1177,2044,Late Delivery,2025-10-25,Late Delivery,1,Damaged,Processed,2025-10-25,2025-10-26,934.66,57.82,11.67,3,Yes
981,1178,2045,Late Delivery,2026-01-04,Late Delivery,1,Opened,Processed,2026-01-04,2026-01-06,5289.68,57.34,10.11,4,Yes
982,1178,2046,Quality Issue,2026-01-06,Late Delivery,1,Damaged,Pending,2026-01-06,2026-01-09,2970.33,52.53,20.14,6,Yes
983,1179,2047,Wrong Item,2026-01-19,Late Delivery,2,Sellable,Processed,2026-01-19,2026-01-21,205191.21,112.01,30.2,7,Yes
984,1179,2048,Quality Issue,2026-01-17,Late Delivery,1,Damaged,Processed,2026-01-17,2026-01-18,1256.85,113.13,23.67,7,Yes
985,1181,2050,Late Delivery,2026-04-06,Customer Refused,1,Opened,Pending,2026-04-06,2026-04-09,87171.31,93.01,37.75,3,Yes
986,1183,2052,Quality Issue,2025-08-03,Customer Refused,1,Damaged,Processed,2025-08-03,2025-08-06,357.51,73.21,32.68,5,Yes
987,1185,2054,Late Delivery,2025-05-14,Customer Refused,1,Opened,Processed,2025-05-14,2025-05-16,3691.19,65.23,38.02,3,Yes
988,1188,2057,Wrong Item,2025-06-20,Late Delivery,1,Opened,Processed,2025-06-21,,3332.19,154.99,37.47,5,Yes
989,1189,2058,Quality Issue,2025-07-22,Customer Refused,3,Opened,Pending,2025-07-22,2025-07-25,353817.09,81.7,18.66,5,Yes
990,1190,2059,Wrong Item,2024-12-15,Customer Refused,1,Opened,Processed,2024-12-15,2024-12-16,1690.56,77.19,24.25,9,Yes
991,1192,2064,Quality Issue,2024-10-03,Late Delivery,1,Opened,Processed,2024-10-03,2024-10-04,4342.57,129.41,18.5,1,Yes
992,1193,2065,Late Delivery,2024-11-21,Late Delivery,3,Sellable,Processed,2024-11-21,2024-11-24,107596.68,86.54,20.97,2,Yes
993,1193,2066,Late Delivery,2024-11-21,Late Delivery,1,Damaged,Processed,2024-11-21,2024-11-22,384.05,112.36,19.07,8,Yes
994,1195,2068,Wrong Item,2025-08-07,Damaged Product,1,Sellable,Processed,2025-08-08,2025-08-09,6964.85,103.96,23.68,5,Yes
995,1197,2071,Wrong Item,2026-07-02,Late Delivery,1,Damaged,Processed,2026-07-02,2026-07-04,887.72,142.45,36.62,4,Yes
996,1199,2073,Late Delivery,2026-05-18,Customer Refused,1,Damaged,Processed,2026-05-18,2026-05-21,3603.31,109.65,34.37,4,Yes
997,1203,2077,Late Delivery,2026-05-20,Late Delivery,1,Damaged,Processed,2026-05-20,2026-05-23,2215.15,100.97,23.16,7,Yes
998,1204,2078,Late Delivery,2024-09-17,Customer Refused,1,Sellable,Processed,2024-09-17,2024-09-20,1372.15,72.34,37.74,5,Yes
999,1207,2083,Quality Issue,2025-05-15,Late Delivery,1,Damaged,Processed,2025-05-15,2025-05-18,1581.73,102.84,35.06,2,Yes
1000,1208,2084,Wrong Item,2024-09-20,Customer Refused,1,Sellable,Processed,2024-09-20,2024-09-22,3318.73,80.77,39.63,9,Yes
1001,1208,2085,Wrong Item,2024-09-23,Customer Refused,1,Sellable,Processed,2024-09-23,2024-09-24,85935.31,62.23,17.37,9,Yes
1002,1209,2086,Late Delivery,2024-10-23,Customer Refused,1,Sellable,Pending,2024-10-23,2024-10-24,33314.51,145.91,17.47,4,Yes
1003,1210,2087,Wrong Item,2026-05-20,Late Delivery,1,Damaged,Processed,2026-05-20,2026-05-23,18699.32,102.36,20.86,2,Yes
1004,1211,2088,Late Delivery,2026-06-20,Late Delivery,1,Opened,Processed,2026-06-20,2026-06-22,3420.29,109.61,20.18,5,Yes
1005,1211,2089,Late Delivery,2026-06-21,Late Delivery,1,Damaged,Pending,2026-06-21,2026-06-24,1022.63,69.5,16.31,8,Yes
1006,1213,2091,Late Delivery,2026-02-27,Customer Refused,1,Opened,Processed,2026-02-27,2026-03-02,110118.08,69.65,25.23,9,Yes
1007,1214,2092,Wrong Item,2025-10-15,Customer Refused,1,Opened,Pending,2025-10-16,2025-10-19,12274.51,72.6,38.13,1,Yes
1008,1215,2095,Late Delivery,2024-11-12,Product Quality,1,Opened,Processed,2024-11-12,,47120.94,85.47,49.15,7,Yes
1009,1216,2096,Wrong Item,2024-10-14,Customer Refused,1,Sellable,Processed,2024-10-14,2024-10-17,65885.65,147.19,38.67,8,Yes
1010,1216,2097,Quality Issue,2024-10-15,Customer Refused,2,Damaged,Processed,2024-10-15,2024-10-16,230396.43,67.35,23.31,5,Yes
1011,1218,2099,Quality Issue,2026-05-06,Late Delivery,1,Damaged,Processed,2026-05-06,2026-05-09,1402.39,88.63,35.24,2,Yes
1012,1220,2102,Quality Issue,2025-07-27,Customer Refused,1,Sellable,Processed,2025-07-27,2025-07-28,3079.78,109.0,37.07,5,Yes
1013,1220,2103,Quality Issue,2025-07-25,Customer Refused,1,Sellable,Processed,2025-07-25,2025-07-26,2685.71,130.22,14.93,4,Yes
1014,1220,2104,Quality Issue,2025-07-26,Customer Refused,1,Damaged,Processed,2025-07-26,2025-07-29,112526.78,53.89,19.74,8,Yes
1015,1220,2105,Quality Issue,2025-07-28,Customer Refused,1,Sellable,Processed,2025-07-28,2025-07-29,85618.55,51.01,25.56,4,Yes
1016,1221,2107,Late Delivery,2026-04-06,Size/Fit Issue,2,Defective,Processed,2026-04-06,2026-04-10,9861.04,70.53,37.56,6,Yes
1017,1222,2108,Wrong Item,2026-05-13,Customer Refused,1,Sellable,Processed,2026-05-13,2026-05-15,25674.98,126.96,27.31,6,Yes
1018,1230,2121,Wrong Item,2026-04-12,Late Delivery,1,Opened,Processed,2026-04-12,2026-04-15,2545.4,61.79,32.59,1,Yes
1019,1232,2123,Wrong Item,2025-06-21,Late Delivery,2,Opened,Processed,2025-06-21,2025-06-22,105510.95,127.59,36.89,9,Yes
1020,1232,2124,Quality Issue,2025-06-21,Late Delivery,3,Opened,Processed,2025-06-21,2025-06-24,24225.76,55.18,26.62,2,Yes
1021,1234,2126,Wrong Item,2024-09-18,Late Delivery,1,Sellable,Processed,2024-09-18,2024-09-20,1048.04,132.7,13.53,3,Yes
1022,1237,2130,Quality Issue,2026-02-18,Changed Mind,1,Sellable,Failed,2026-02-18,2026-02-22,2584.26,104.46,38.08,9,Yes
1023,1238,2131,Wrong Item,2026-05-09,Customer Refused,1,Sellable,Processed,2026-05-09,2026-05-10,1085.59,66.59,39.08,8,Yes
1024,1242,2136,Quality Issue,2025-01-10,Late Delivery,1,Opened,Processed,2025-01-10,2025-01-12,761.13,75.27,32.5,5,Yes
1025,1243,2139,Quality Issue,2025-06-24,Not as Described,1,Defective,Failed,2025-06-24,2025-06-27,1873.7,116.32,37.25,9,Yes
1026,1244,2141,Quality Issue,2025-03-05,Customer Refused,1,Opened,Processed,2025-03-05,2025-03-07,17843.68,140.06,27.37,3,Yes
1027,1246,2143,Wrong Item,2026-07-25,Customer Refused,3,Damaged,Processed,2026-07-25,2026-07-28,5429.06,97.12,35.39,7,Yes
1028,1246,2144,Late Delivery,2026-07-24,Customer Refused,1,Opened,Pending,2026-07-24,2026-07-27,694.85,101.18,24.5,5,Yes
1029,1246,2145,Late Delivery,2026-07-23,Customer Refused,1,Opened,Processed,2026-07-23,2026-07-25,1821.62,88.15,20.04,4,Yes
1030,1246,2146,Quality Issue,2026-07-25,Customer Refused,1,Sellable,Pending,2026-07-25,2026-07-28,301.79,58.79,29.87,5,Yes
1031,1247,2147,Late Delivery,2024-10-09,Customer Refused,1,Damaged,Pending,2024-10-09,2024-10-10,64237.82,148.42,30.54,1,Yes
1032,1248,2148,Quality Issue,2024-11-03,Customer Refused,1,Sellable,Processed,2024-11-04,2024-11-07,1285.35,88.23,10.6,6,Yes
1033,1248,2149,Late Delivery,2024-11-03,Customer Refused,1,Damaged,Pending,2024-11-04,2024-11-05,5523.77,144.27,29.75,5,Yes
1034,1249,2150,Wrong Item,2024-10-26,Customer Refused,1,Sellable,Pending,2024-10-26,2024-10-29,285.32,77.44,12.51,7,Yes
1035,1250,2151,Wrong Item,2024-11-25,Customer Refused,1,Sellable,Processed,2024-11-25,2024-11-27,1721.37,75.26,28.91,9,Yes
1036,1252,2154,Wrong Item,2024-11-07,Customer Refused,1,Damaged,Processed,2024-11-07,2024-11-08,2787.81,141.18,16.55,3,Yes
1037,1252,2155,Wrong Item,2024-11-08,Customer Refused,2,Opened,Processed,2024-11-08,2024-11-10,2969.46,82.27,12.85,5,Yes
1038,1252,2156,Late Delivery,2024-11-07,Customer Refused,1,Sellable,Processed,2024-11-07,2024-11-08,10746.13,140.17,29.31,1,Yes
1039,1252,2157,Wrong Item,2024-11-11,Customer Refused,1,Sellable,Pending,2024-11-11,2024-11-13,2969.55,81.05,36.66,3,Yes
1040,1253,2160,Quality Issue,2024-12-11,Damaged Product,2,Defective,Processed,2024-12-11,,0.0,175.08,35.8,1,No
1041,1254,2161,Late Delivery,2026-06-01,Customer Refused,1,Opened,Processed,2026-06-01,2026-06-04,5685.06,52.82,23.2,2,Yes
1042,1254,2162,Quality Issue,2026-06-05,Customer Refused,3,Opened,Processed,2026-06-05,2026-06-06,9813.3,71.05,37.48,4,Yes
1043,1256,2164,Late Delivery,2026-04-10,Late Delivery,3,Sellable,Processed,2026-04-10,2026-04-11,2918.25,124.43,18.65,6,Yes
1044,1256,2165,Quality Issue,2026-04-10,Late Delivery,1,Opened,Processed,2026-04-10,2026-04-12,120342.59,142.54,22.57,4,Yes
1045,1259,2171,Wrong Item,2025-12-06,Customer Refused,1,Opened,Processed,2025-12-06,2025-12-08,2345.95,119.65,38.82,2,Yes
1046,1261,2176,Wrong Item,2025-10-01,Customer Refused,2,Opened,Processed,2025-10-01,2025-10-02,200777.65,124.0,30.17,8,Yes
1047,1261,2177,Quality Issue,2025-09-29,Customer Refused,1,Sellable,Failed,2025-09-29,2025-10-01,3298.02,115.92,25.8,5,Yes
1048,1261,2178,Wrong Item,2025-09-28,Customer Refused,2,Damaged,Processed,2025-09-28,2025-09-30,2882.54,114.65,30.35,8,Yes
1049,1261,2179,Late Delivery,2025-09-28,Customer Refused,1,Opened,Processed,2025-09-28,2025-10-01,1799.82,111.91,35.09,1,Yes
1050,1261,2180,Quality Issue,2025-09-29,Customer Refused,1,Opened,Processed,2025-09-29,2025-09-30,1066.35,102.23,20.88,3,Yes
1051,1262,2181,Quality Issue,2025-11-14,Customer Refused,1,Sellable,Pending,2025-11-14,2025-11-17,3152.95,102.93,38.92,1,Yes
1052,1263,2182,Quality Issue,2024-08-17,Customer Refused,1,Opened,Pending,2024-08-17,2024-08-19,1369.37,89.66,34.82,5,Yes
1053,1263,2183,Quality Issue,2024-08-18,Customer Refused,1,Sellable,Processed,2024-08-18,2024-08-19,111565.98,50.47,30.55,5,Yes
1054,1263,2184,Wrong Item,2024-08-20,Customer Refused,1,Damaged,Processed,2024-08-20,2024-08-22,2995.69,114.67,15.12,2,Yes
1055,1263,2185,Wrong Item,2024-08-20,Customer Refused,2,Damaged,Processed,2024-08-20,2024-08-22,92208.42,50.51,18.22,3,Yes
1056,1264,2186,Wrong Item,2026-01-24,Customer Refused,1,Damaged,Processed,2026-01-24,2026-01-26,34532.14,82.59,14.63,4,Yes
1057,1265,2187,Wrong Item,2026-07-19,Customer Refused,1,Sellable,Processed,2026-07-19,2026-07-20,7819.88,59.19,35.16,3,Yes
1058,1265,2188,Wrong Item,2026-07-19,Customer Refused,1,Sellable,Processed,2026-07-19,2026-07-21,632.76,115.36,37.49,8,Yes
1059,1266,2189,Late Delivery,2026-06-09,Late Delivery,1,Sellable,Processed,2026-06-09,2026-06-10,119976.02,108.84,34.51,3,Yes
1060,1266,2190,Late Delivery,2026-06-09,Late Delivery,1,Opened,Pending,2026-06-09,2026-06-12,1746.32,143.04,10.27,6,Yes
1061,1268,2195,Quality Issue,2024-12-10,Not as Described,1,Opened,Processed,2024-12-10,2024-12-13,1805.81,125.36,45.88,2,Yes
1062,1269,2196,Late Delivery,2025-01-18,Customer Refused,1,Damaged,Processed,2025-01-18,2025-01-19,9018.97,125.87,30.61,6,Yes
1063,1269,2197,Late Delivery,2025-01-17,Customer Refused,1,Damaged,Processed,2025-01-17,2025-01-20,3912.03,101.58,32.24,8,Yes
1064,1269,2198,Wrong Item,2025-01-20,Customer Refused,1,Opened,Processed,2025-01-20,2025-01-22,292.62,136.21,39.13,9,Yes
1065,1269,2199,Wrong Item,2025-01-19,Customer Refused,1,Sellable,Processed,2025-01-19,2025-01-22,2673.76,84.73,36.33,7,Yes
1066,1269,2200,Wrong Item,2025-01-17,Customer Refused,1,Sellable,Processed,2025-01-17,2025-01-20,1508.05,50.67,24.93,1,Yes
1067,1271,2203,Late Delivery,2025-11-19,Customer Refused,2,Sellable,Processed,2025-11-19,2025-11-22,4439.2,90.92,30.77,1,Yes
1068,1273,2205,Wrong Item,2026-04-25,Customer Refused,1,Opened,Processed,2026-04-25,2026-04-28,1769.09,73.69,12.98,4,Yes
1069,1275,2207,Quality Issue,2024-10-22,Customer Refused,2,Damaged,Processed,2024-10-23,2024-10-25,164376.64,108.29,14.6,8,Yes
1070,1276,2208,Late Delivery,2026-02-20,Late Delivery,1,Sellable,Processed,2026-02-20,2026-02-21,1747.52,54.31,12.67,5,Yes
1071,1281,2214,Quality Issue,2024-09-15,Customer Refused,1,Damaged,Processed,2024-09-15,2024-09-17,1398.82,123.18,24.91,8,Yes
1072,1281,2215,Late Delivery,2024-09-17,Customer Refused,1,Sellable,Processed,2024-09-17,2024-09-19,2072.43,94.9,26.69,5,Yes
1073,1283,2217,Wrong Item,2025-09-12,Customer Refused,1,Sellable,Processed,2025-09-13,2025-09-14,1626.98,148.87,25.27,4,Yes
1074,1283,2218,Late Delivery,2025-09-12,Customer Refused,2,Opened,Pending,2025-09-13,2025-09-15,8843.87,147.01,23.85,4,Yes
1075,1283,2219,Late Delivery,2025-09-12,Customer Refused,1,Damaged,Failed,2025-09-13,2025-09-15,159467.32,113.83,23.32,8,Yes
1076,1283,2220,Late Delivery,2025-09-13,Customer Refused,1,Sellable,Processed,2025-09-14,2025-09-15,2676.02,125.73,11.41,1,Yes
1077,1287,2224,Quality Issue,2024-11-15,Damaged Product,1,Opened,Processed,2024-11-15,2024-11-19,148976.59,124.21,45.69,8,Yes
1078,1288,2226,Late Delivery,2024-12-28,Late Delivery,1,Opened,Processed,2024-12-28,2024-12-30,266.4,100.32,24.62,6,Yes
1079,1289,2227,Wrong Item,2026-05-03,Customer Refused,1,Sellable,Processed,2026-05-03,2026-05-05,2625.32,149.85,39.73,1,Yes
1080,1290,2228,Wrong Item,2025-08-28,Customer Refused,1,Opened,Processed,2025-08-28,2025-08-29,1371.87,67.69,27.23,7,Yes
1081,1293,2233,Quality Issue,2026-04-02,Customer Refused,1,Opened,Processed,2026-04-02,2026-04-04,2926.02,119.16,17.75,8,Yes
1082,1295,2235,Wrong Item,2025-12-15,Customer Refused,3,Sellable,Processed,2025-12-15,2025-12-17,130959.58,130.71,32.51,2,Yes
1083,1297,2238,Quality Issue,2025-11-17,Damaged Product,1,Opened,Processed,2025-11-17,2025-11-18,1762.4,99.69,49.9,4,Yes
1084,1299,2242,Wrong Item,2025-01-23,Customer Refused,2,Opened,Processed,2025-01-23,2025-01-25,10465.34,131.79,21.27,6,Yes
1085,1300,2243,Late Delivery,2024-09-23,Customer Refused,1,Opened,Processed,2024-09-23,2024-09-25,71148.88,53.27,35.56,5,Yes
1086,1301,2244,Wrong Item,2024-11-02,Late Delivery,1,Damaged,Processed,2024-11-02,2024-11-03,2090.9,58.37,17.31,7,Yes
1087,1301,2245,Quality Issue,2024-11-03,Late Delivery,1,Sellable,Processed,2024-11-03,2024-11-06,3268.14,122.24,33.36,9,Yes
1088,1301,2246,Quality Issue,2024-11-06,Late Delivery,1,Damaged,Processed,2024-11-06,2024-11-08,2829.51,62.28,36.16,9,Yes
1089,1301,2247,Wrong Item,2024-11-05,Late Delivery,1,Damaged,Processed,2024-11-05,2024-11-06,136512.82,124.69,27.1,2,Yes
1090,1302,2248,Quality Issue,2025-10-03,Late Delivery,1,Damaged,Failed,2025-10-03,2025-10-05,24098.28,136.31,35.63,7,Yes
1091,1304,2250,Wrong Item,2025-09-29,Customer Refused,1,Damaged,Processed,2025-09-29,2025-10-01,2339.0,83.88,36.83,2,Yes
1092,1305,2251,Wrong Item,2025-10-31,Customer Refused,1,Sellable,Pending,2025-10-31,2025-11-02,4780.43,89.67,34.24,4,Yes
1093,1306,2252,Wrong Item,2024-08-30,Customer Refused,1,Damaged,Processed,2024-08-30,2024-08-31,289.29,118.32,38.71,8,Yes
1094,1306,2253,Late Delivery,2024-09-01,Customer Refused,1,Sellable,Processed,2024-09-01,2024-09-03,71385.49,97.1,34.26,4,Yes
1095,1307,2257,Late Delivery,2025-01-08,Late Delivery,1,Damaged,Pending,2025-01-08,,0.0,128.98,25.16,2,No
1096,1308,2259,Late Delivery,2025-02-10,Size/Fit Issue,1,Sellable,Processed,2025-02-10,2025-02-13,5218.56,78.92,36.95,1,Yes
1097,1309,2260,Late Delivery,2025-09-11,Late Delivery,1,Sellable,Processed,2025-09-12,2025-09-13,118202.7,138.09,27.37,7,Yes
1098,1310,2261,Quality Issue,2025-10-29,Late Delivery,1,Sellable,Processed,2025-10-29,2025-10-31,3512.59,111.25,14.36,2,Yes
1099,1310,2262,Wrong Item,2025-10-29,Late Delivery,1,Sellable,Pending,2025-10-29,2025-10-31,5415.24,108.73,34.9,1,Yes
1100,1310,2263,Quality Issue,2025-10-28,Late Delivery,3,Damaged,Processed,2025-10-28,2025-10-29,365654.16,52.99,24.79,3,Yes
1101,1310,2264,Wrong Item,2025-10-29,Late Delivery,1,Damaged,Pending,2025-10-29,2025-10-31,21281.34,125.17,30.6,2,Yes
1102,1310,2265,Wrong Item,2025-10-28,Late Delivery,1,Opened,Processed,2025-10-28,2025-10-29,77244.61,52.29,16.44,8,Yes
1103,1314,2271,Late Delivery,2025-07-15,Late Delivery,1,Sellable,Processed,2025-07-15,2025-07-17,66596.8,80.36,14.37,6,Yes
1104,1314,2272,Late Delivery,2025-07-12,Late Delivery,1,Damaged,Processed,2025-07-12,2025-07-13,2613.51,80.23,31.93,9,Yes
1105,1315,2273,Late Delivery,2025-08-11,Customer Refused,1,Sellable,Processed,2025-08-11,2025-08-14,2816.32,100.41,12.4,7,Yes
1106,1315,2274,Quality Issue,2025-08-12,Customer Refused,1,Sellable,Processed,2025-08-12,2025-08-14,2587.16,57.16,27.4,5,Yes
1107,1316,2275,Wrong Item,2024-10-31,Customer Refused,1,Damaged,Processed,2024-10-31,2024-11-03,2615.13,106.79,39.37,2,Yes
1108,1317,2277,Late Delivery,2024-12-10,Size/Fit Issue,1,Opened,Pending,2024-12-10,,0.0,150.73,29.18,7,No
1109,1318,2278,Quality Issue,2025-08-17,Customer Refused,1,Damaged,Processed,2025-08-17,2025-08-19,39492.14,66.65,26.63,7,Yes
1110,1318,2279,Late Delivery,2025-08-18,Customer Refused,3,Damaged,Processed,2025-08-18,2025-08-21,7950.0,110.95,28.73,9,Yes
1111,1327,2290,Quality Issue,2025-10-10,Late Delivery,1,Damaged,Processed,2025-10-10,2025-10-11,15491.88,75.63,17.63,8,Yes
1112,1329,2294,Quality Issue,2024-09-02,Late Delivery,1,Opened,Processed,2024-09-02,2024-09-04,2334.11,73.79,36.69,4,Yes
1113,1331,2296,Late Delivery,2025-09-25,Late Delivery,1,Opened,Processed,2025-09-25,2025-09-28,343.7,113.47,33.02,6,Yes
1114,1333,2301,Late Delivery,2026-02-12,Late Delivery,1,Opened,Processed,2026-02-12,2026-02-14,3278.87,65.22,22.26,1,Yes
1115,1333,2302,Quality Issue,2026-02-09,Late Delivery,1,Opened,Processed,2026-02-09,2026-02-10,286.33,124.71,13.49,9,Yes
1116,1334,2303,Late Delivery,2026-02-11,Customer Refused,2,Sellable,Processed,2026-02-11,2026-02-12,3198.44,139.33,26.77,9,Yes
1117,1335,2304,Quality Issue,2025-03-17,Customer Refused,3,Sellable,Processed,2025-03-17,2025-03-20,7785.8,79.8,32.07,5,Yes
1118,1335,2305,Late Delivery,2025-03-19,Customer Refused,2,Damaged,Processed,2025-03-19,2025-03-20,202493.2,68.0,22.86,3,Yes
1119,1337,2307,Wrong Item,2025-04-06,Late Delivery,1,Opened,Processed,2025-04-06,2025-04-08,3370.88,54.51,26.37,4,Yes
1120,1338,2308,Quality Issue,2025-08-06,Customer Refused,1,Sellable,Pending,2025-08-06,2025-08-07,3487.3,55.27,15.53,2,Yes
1121,1338,2309,Late Delivery,2025-08-06,Customer Refused,1,Sellable,Processed,2025-08-06,2025-08-08,2578.52,136.55,30.49,9,Yes
1122,1340,2311,Wrong Item,2025-05-25,Customer Refused,1,Damaged,Processed,2025-05-25,2025-05-26,28638.9,82.74,38.54,1,Yes
1123,1340,2312,Quality Issue,2025-05-24,Customer Refused,3,Damaged,Processed,2025-05-24,2025-05-27,4317.36,119.63,11.3,1,Yes
1124,1341,2313,Quality Issue,2025-06-09,Customer Refused,3,Damaged,Processed,2025-06-10,2025-06-13,217148.32,70.75,24.74,1,Yes
1125,1343,2317,Late Delivery,2024-12-19,Product Quality,2,Opened,Processed,2024-12-19,2024-12-23,4964.5,150.09,30.66,6,Yes
1126,1344,2318,Quality Issue,2025-02-01,Product Quality,1,Sellable,Processed,2025-02-01,2025-02-03,2330.57,146.97,25.29,4,Yes
1127,1345,2319,Late Delivery,2025-05-05,Customer Refused,1,Sellable,Processed,2025-05-05,2025-05-08,21581.92,92.37,32.45,8,Yes
1128,1346,2320,Wrong Item,2025-02-10,Late Delivery,1,Opened,Processed,2025-02-10,2025-02-13,1009.65,127.11,19.48,2,Yes
1129,1346,2321,Wrong Item,2025-02-10,Late Delivery,1,Damaged,Processed,2025-02-10,2025-02-11,108679.97,104.23,36.68,6,Yes
1130,1346,2322,Quality Issue,2025-02-12,Late Delivery,1,Sellable,Processed,2025-02-12,2025-02-14,24603.28,113.01,28.42,9,Yes
1131,1346,2323,Late Delivery,2025-02-11,Late Delivery,1,Damaged,Processed,2025-02-11,2025-02-14,4831.61,99.59,29.93,9,Yes
1132,1346,2324,Wrong Item,2025-02-09,Late Delivery,1,Sellable,Pending,2025-02-09,2025-02-10,143821.79,95.34,19.08,7,Yes
1133,1347,2325,Late Delivery,2025-03-15,Customer Refused,1,Sellable,Processed,2025-03-15,2025-03-16,41910.79,124.83,19.75,6,Yes
1134,1348,2326,Wrong Item,2024-11-16,Customer Refused,2,Opened,Pending,2024-11-16,2024-11-19,4152.67,77.95,27.5,7,Yes
1135,1348,2327,Quality Issue,2024-11-16,Customer Refused,1,Opened,Processed,2024-11-16,2024-11-17,126724.91,146.8,19.27,7,Yes
1136,1349,2328,Quality Issue,2024-12-29,Late Delivery,1,Opened,Processed,2024-12-29,2024-12-31,4507.67,105.8,39.19,6,Yes
1137,1350,2329,Wrong Item,2024-09-09,Late Delivery,1,Sellable,Processed,2024-09-09,2024-09-10,4553.81,104.38,15.25,6,Yes
1138,1351,2330,Late Delivery,2025-11-15,Late Delivery,2,Opened,Pending,2025-11-16,2025-11-17,64844.59,106.66,16.24,2,Yes
1139,1353,2333,Late Delivery,2025-02-13,Late Delivery,1,Opened,Processed,2025-02-13,2025-02-16,79949.85,100.61,31.34,9,Yes
1140,1353,2334,Wrong Item,2025-02-11,Late Delivery,1,Damaged,Pending,2025-02-11,2025-02-12,8283.49,138.45,39.4,4,Yes
1141,1355,2337,Late Delivery,2026-05-09,Customer Refused,1,Damaged,Processed,2026-05-09,2026-05-10,789.18,68.99,26.1,3,Yes
1142,1356,2338,Wrong Item,2025-12-11,Customer Refused,2,Sellable,Pending,2025-12-12,2025-12-13,2269.28,81.43,10.9,5,Yes
1143,1356,2339,Quality Issue,2025-12-12,Customer Refused,2,Sellable,Pending,2025-12-13,2025-12-15,158510.68,63.47,33.22,3,Yes
1144,1356,2340,Late Delivery,2025-12-09,Customer Refused,1,Sellable,Pending,2025-12-10,2025-12-12,94515.4,53.94,29.37,9,Yes
1145,1357,2341,Late Delivery,2026-01-13,Late Delivery,1,Damaged,Pending,2026-01-14,2026-01-17,3360.14,83.35,11.42,1,Yes
1146,1357,2342,Late Delivery,2026-01-11,Late Delivery,1,Damaged,Pending,2026-01-12,2026-01-15,37609.6,67.46,33.91,5,Yes
1147,1365,2365,Late Delivery,2026-06-21,Late Delivery,1,Opened,Processed,2026-06-21,2026-06-24,1836.27,124.15,21.0,1,Yes
1148,1365,2366,Wrong Item,2026-06-18,Late Delivery,3,Sellable,Processed,2026-06-18,2026-06-19,1795.52,75.33,15.21,7,Yes
1149,1368,2369,Late Delivery,2024-08-20,Customer Refused,1,Sellable,Pending,2024-08-20,2024-08-22,804.21,110.67,33.38,5,Yes
1150,1368,2370,Wrong Item,2024-08-21,Customer Refused,1,Opened,Pending,2024-08-21,2024-08-22,2961.16,121.99,37.4,5,Yes
1151,1369,2371,Late Delivery,2024-09-27,Customer Refused,1,Opened,Processed,2024-09-27,2024-09-30,4174.23,141.02,13.79,5,Yes
1152,1369,2372,Quality Issue,2024-09-27,Customer Refused,3,Sellable,Processed,2024-09-27,2024-09-30,5779.27,66.28,18.4,1,Yes
1153,1370,2373,Quality Issue,2025-03-16,Damaged Product,1,Opened,Processed,2025-03-16,2025-03-17,1151.25,159.6,34.75,3,Yes
1154,1371,2374,Wrong Item,2025-04-16,Late Delivery,1,Sellable,Processed,2025-04-16,2025-04-17,3463.68,63.03,26.7,2,Yes
1155,1373,2377,Late Delivery,2025-12-04,Customer Refused,1,Damaged,Processed,2025-12-04,2025-12-06,3404.87,82.73,37.19,7,Yes
1156,1377,2384,Quality Issue,2026-04-27,Product Quality,1,Damaged,Pending,2026-04-27,2026-04-30,1308.67,158.25,48.68,2,Yes
1157,1378,2385,Wrong Item,2024-09-03,Late Delivery,1,Damaged,Processed,2024-09-03,2024-09-04,6275.95,126.22,15.28,7,Yes
1158,1379,2386,Quality Issue,2025-03-13,Late Delivery,2,Damaged,Processed,2025-03-13,2025-03-14,186904.03,57.19,13.41,6,Yes
1159,1379,2387,Wrong Item,2025-03-17,Late Delivery,1,Sellable,Processed,2025-03-17,2025-03-18,102769.19,115.47,36.21,6,Yes
1160,1380,2388,Late Delivery,2026-01-04,Damaged Product,1,Defective,Processed,2026-01-05,2026-01-07,117534.69,65.71,29.2,4,Yes
1161,1381,2389,Wrong Item,2026-02-12,Customer Refused,1,Damaged,Processed,2026-02-13,2026-02-14,108060.7,112.54,19.37,5,Yes
1162,1382,2390,Wrong Item,2025-10-19,Late Delivery,1,Damaged,Processed,2025-10-19,2025-10-21,1043.73,143.3,18.53,8,Yes
1163,1385,2394,Quality Issue,2026-02-23,Customer Refused,1,Opened,Processed,2026-02-23,2026-02-24,5062.81,145.07,29.17,8,Yes
1164,1385,2395,Wrong Item,2026-02-21,Customer Refused,1,Sellable,Processed,2026-02-21,2026-02-23,87310.61,142.1,37.4,9,Yes
1165,1385,2396,Wrong Item,2026-02-19,Customer Refused,1,Sellable,Processed,2026-02-19,2026-02-22,43997.06,113.83,16.3,1,Yes
1166,1385,2397,Late Delivery,2026-02-23,Customer Refused,1,Damaged,Processed,2026-02-23,2026-02-25,19742.72,92.69,25.62,2,Yes
1167,1385,2398,Late Delivery,2026-02-19,Customer Refused,1,Opened,Processed,2026-02-19,2026-02-22,2284.87,104.17,28.19,7,Yes
1168,1387,2400,Wrong Item,2025-01-06,Late Delivery,1,Opened,Processed,2025-01-06,2025-01-08,2492.53,74.17,11.92,3,Yes
1169,1388,2401,Wrong Item,2026-02-18,Customer Refused,1,Opened,Pending,2026-02-18,2026-02-21,809.57,146.46,39.92,7,Yes
1170,1388,2402,Quality Issue,2026-02-15,Customer Refused,2,Opened,Processed,2026-02-15,2026-02-18,58712.34,61.83,17.56,3,Yes
1171,1390,2404,Quality Issue,2026-08-22,Late Delivery,1,Opened,Processed,2026-08-22,2026-08-25,2042.67,147.14,25.66,2,Yes
1172,1392,2406,Quality Issue,2025-04-10,Damaged Product,1,Sellable,Processed,2025-04-11,2025-04-13,4330.3,153.51,28.03,8,Yes
1173,1393,2408,Quality Issue,2026-03-31,Late Delivery,1,Damaged,Pending,2026-03-31,2026-04-02,1299.34,67.33,30.79,8,Yes
1174,1395,2410,Late Delivery,2025-12-01,Customer Refused,1,Damaged,Processed,2025-12-01,2025-12-02,3271.1,82.96,12.04,8,Yes
1175,1396,2411,Quality Issue,2026-07-27,Customer Refused,1,Damaged,Processed,2026-07-27,2026-07-29,883.88,122.05,14.11,2,Yes
1176,1396,2412,Wrong Item,2026-07-29,Customer Refused,1,Opened,Processed,2026-07-29,2026-08-01,13002.07,105.65,31.89,2,Yes
1177,1399,2415,Late Delivery,2024-11-19,Late Delivery,1,Opened,Processed,2024-11-19,2024-11-22,29009.65,98.1,11.73,4,Yes
1178,1400,2416,Wrong Item,2026-07-08,Customer Refused,1,Sellable,Pending,2026-07-08,2026-07-09,2275.78,143.92,30.69,8,Yes
1179,1400,2417,Wrong Item,2026-07-05,Customer Refused,1,Sellable,Processed,2026-07-05,2026-07-07,1446.41,137.48,24.48,1,Yes
1180,1400,2418,Late Delivery,2026-07-06,Customer Refused,1,Damaged,Processed,2026-07-06,2026-07-09,4017.89,149.15,27.45,8,Yes
1181,1400,2419,Late Delivery,2026-07-05,Customer Refused,1,Sellable,Processed,2026-07-05,2026-07-08,4110.18,114.08,33.18,6,Yes
1182,1400,2420,Late Delivery,2026-07-05,Customer Refused,1,Opened,Processed,2026-07-05,2026-07-08,3810.15,69.91,38.81,3,Yes
1183,1401,2421,Quality Issue,2026-07-30,Customer Refused,1,Opened,Processed,2026-07-30,2026-08-02,2169.0,124.57,31.78,8,Yes
1184,1402,2422,Quality Issue,2025-05-10,Late Delivery,2,Sellable,Processed,2025-05-10,2025-05-12,153489.88,54.72,26.18,8,Yes
1185,1402,2423,Wrong Item,2025-05-13,Late Delivery,1,Sellable,Processed,2025-05-13,2025-05-15,112472.78,78.37,13.44,8,Yes
1186,1405,2426,Quality Issue,2026-03-19,Late Delivery,1,Sellable,Processed,2026-03-19,2026-03-22,1885.27,61.9,21.45,3,Yes
1187,1405,2427,Late Delivery,2026-03-20,Late Delivery,1,Damaged,Processed,2026-03-20,2026-03-22,1272.22,146.47,19.2,3,Yes
1188,1406,2428,Late Delivery,2026-06-23,Late Delivery,2,Opened,Processed,2026-06-23,2026-06-24,2871.64,135.66,12.66,7,Yes
1189,1411,2434,Late Delivery,2025-09-30,Customer Refused,1,Damaged,Processed,2025-09-30,2025-10-01,894.03,137.88,39.32,9,Yes
1190,1415,2438,Quality Issue,2025-07-19,Customer Refused,1,Opened,Processed,2025-07-19,2025-07-22,8721.09,101.4,39.31,6,Yes
1191,1419,2443,Wrong Item,2026-01-14,Customer Refused,1,Sellable,Processed,2026-01-14,2026-01-15,1152.55,136.82,31.95,6,Yes
1192,1419,2444,Wrong Item,2026-01-16,Customer Refused,1,Damaged,Processed,2026-01-16,2026-01-19,30594.49,133.08,23.89,7,Yes
1193,1419,2445,Wrong Item,2026-01-13,Customer Refused,3,Sellable,Processed,2026-01-13,2026-01-15,21834.24,137.11,39.62,9,Yes
1194,1419,2446,Late Delivery,2026-01-15,Customer Refused,1,Opened,Processed,2026-01-15,2026-01-18,64361.62,51.4,36.37,9,Yes
1195,1419,2447,Late Delivery,2026-01-13,Customer Refused,1,Damaged,Processed,2026-01-13,2026-01-16,5456.54,117.08,37.86,9,Yes
1196,1420,2448,Quality Issue,2026-02-27,Customer Refused,1,Opened,Pending,2026-02-27,2026-03-01,55531.46,122.95,12.19,7,Yes
1197,1423,2451,Quality Issue,2025-03-20,Changed Mind,1,Defective,Processed,2025-03-20,,88752.02,102.31,35.35,1,Yes
1198,1424,2452,Quality Issue,2024-09-25,Late Delivery,1,Damaged,Processed,2024-09-26,2024-09-27,2253.55,119.9,20.05,8,Yes
1199,1424,2453,Quality Issue,2024-09-24,Late Delivery,1,Opened,Processed,2024-09-25,2024-09-27,1816.16,145.92,17.49,2,Yes
1200,1425,2454,Wrong Item,2026-06-23,Late Delivery,1,Sellable,Processed,2026-06-23,2026-06-24,26341.55,145.39,21.0,3,Yes
1201,1427,2456,Late Delivery,2024-09-13,Late Delivery,1,Damaged,Processed,2024-09-13,2024-09-16,849.89,77.81,21.27,8,Yes
1202,1431,2460,Quality Issue,2026-06-07,Size/Fit Issue,1,Opened,Pending,2026-06-07,,0.0,148.23,35.61,7,No
1203,1432,2461,Wrong Item,2026-06-30,Damaged Product,1,Damaged,Processed,2026-06-30,2026-07-03,20689.82,99.54,40.06,6,Yes
1204,1432,2462,Wrong Item,2026-06-28,Damaged Product,1,Sellable,Pending,2026-06-28,2026-07-02,1004.33,172.78,28.99,8,Yes
1205,1433,2465,Quality Issue,2025-06-20,Customer Refused,1,Sellable,Processed,2025-06-20,2025-06-21,82264.94,97.38,29.77,2,Yes
1206,1434,2466,Wrong Item,2025-07-30,Customer Refused,1,Opened,Processed,2025-07-30,2025-07-31,1404.42,59.58,27.18,3,Yes
1207,1434,2467,Wrong Item,2025-08-01,Customer Refused,2,Sellable,Processed,2025-08-01,2025-08-02,5761.16,86.06,33.47,8,Yes
1208,1434,2468,Wrong Item,2025-08-01,Customer Refused,1,Sellable,Processed,2025-08-01,2025-08-03,2487.58,130.19,29.62,9,Yes
1209,1434,2469,Late Delivery,2025-07-29,Customer Refused,1,Opened,Pending,2025-07-29,2025-07-30,1560.01,138.4,21.15,4,Yes
1210,1437,2473,Late Delivery,2025-04-03,Late Delivery,1,Sellable,Pending,2025-04-03,2025-04-05,1679.54,122.67,21.98,3,Yes
1211,1437,2474,Wrong Item,2025-04-03,Late Delivery,1,Damaged,Processed,2025-04-03,2025-04-05,1564.03,126.33,18.41,2,Yes
1212,1438,2475,Late Delivery,2025-07-10,Late Delivery,1,Opened,Processed,2025-07-10,2025-07-13,112404.35,61.68,33.53,5,Yes
1213,1447,2485,Quality Issue,2026-05-24,Customer Refused,1,Opened,Processed,2026-05-25,2026-05-26,403.65,55.62,14.34,5,Yes
1214,1447,2486,Late Delivery,2026-05-27,Customer Refused,2,Damaged,Processed,2026-05-28,2026-05-30,10794.43,130.12,17.15,1,Yes
1215,1448,2487,Late Delivery,2026-07-23,Late Delivery,1,Sellable,Failed,2026-07-23,2026-07-24,39640.31,145.17,30.72,5,Yes
1216,1448,2488,Wrong Item,2026-07-25,Late Delivery,1,Sellable,Processed,2026-07-25,2026-07-28,2517.46,144.17,24.91,3,Yes
1217,1448,2489,Late Delivery,2026-07-22,Late Delivery,1,Opened,Processed,2026-07-22,2026-07-25,34659.49,116.15,18.29,4,Yes
1218,1450,2492,Wrong Item,2025-05-29,Late Delivery,1,Opened,Pending,2025-05-29,2025-06-01,1957.04,129.2,15.75,7,Yes
1219,1450,2493,Late Delivery,2025-05-28,Late Delivery,1,Sellable,Processed,2025-05-28,2025-05-31,1611.64,146.41,13.45,5,Yes
1220,1450,2494,Wrong Item,2025-05-27,Late Delivery,1,Sellable,Processed,2025-05-27,2025-05-29,1586.31,102.08,27.59,6,Yes
1221,1452,2496,Late Delivery,2025-04-28,Customer Refused,3,Sellable,Pending,2025-04-28,2025-05-01,3662.42,110.39,26.66,3,Yes
1222,1452,2497,Wrong Item,2025-04-28,Customer Refused,2,Damaged,Processed,2025-04-28,2025-04-29,234719.48,129.85,25.51,2,Yes
1223,1452,2498,Quality Issue,2025-04-28,Customer Refused,1,Sellable,Failed,2025-04-28,2025-04-30,102184.71,76.5,30.96,1,Yes
1224,1455,2503,Quality Issue,2024-10-02,Damaged Product,1,Opened,Failed,2024-10-02,2024-10-04,1464.17,117.29,38.19,2,Yes
1225,1456,2507,Quality Issue,2025-08-24,Not as Described,1,Sellable,Processed,2025-08-25,2025-08-29,1722.82,127.51,45.47,9,Yes
1226,1458,2510,Late Delivery,2025-09-27,Customer Refused,1,Opened,Processed,2025-09-27,2025-09-29,246.39,143.97,28.61,7,Yes
1227,1458,2511,Wrong Item,2025-09-25,Customer Refused,1,Damaged,Processed,2025-09-25,2025-09-28,9496.63,72.19,35.31,5,Yes
1228,1459,2512,Wrong Item,2025-10-11,Customer Refused,1,Sellable,Pending,2025-10-11,2025-10-13,28603.97,91.45,28.91,3,Yes
1229,1459,2513,Late Delivery,2025-10-13,Customer Refused,1,Opened,Processed,2025-10-13,2025-10-15,1749.38,77.34,16.12,1,Yes
1230,1461,2516,Late Delivery,2024-10-20,Customer Refused,1,Opened,Processed,2024-10-20,2024-10-23,2903.34,114.2,26.78,3,Yes
1231,1461,2517,Late Delivery,2024-10-20,Customer Refused,3,Sellable,Processed,2024-10-20,2024-10-23,180975.42,84.86,17.18,4,Yes
1232,1461,2518,Late Delivery,2024-10-22,Customer Refused,1,Damaged,Processed,2024-10-22,2024-10-24,3039.26,61.79,28.02,5,Yes
1233,1462,2519,Late Delivery,2026-04-22,Late Delivery,1,Opened,Pending,2026-04-22,2026-04-24,971.3,138.39,22.54,5,Yes
1234,1463,2520,Late Delivery,2026-05-26,Late Delivery,1,Sellable,Pending,2026-05-26,2026-05-27,3297.12,86.9,32.29,4,Yes
1235,1465,2522,Wrong Item,2026-06-01,Customer Refused,1,Damaged,Processed,2026-06-01,2026-06-02,2580.55,81.4,26.5,9,Yes
1236,1466,2523,Quality Issue,2026-07-11,Customer Refused,1,Damaged,Pending,2026-07-11,2026-07-14,3024.94,121.37,10.46,9,Yes
1237,1468,2525,Quality Issue,2026-06-09,Late Delivery,1,Damaged,Processed,2026-06-09,2026-06-12,2481.55,107.45,32.17,8,Yes
1238,1468,2526,Wrong Item,2026-06-07,Late Delivery,1,Opened,Processed,2026-06-07,2026-06-09,6311.06,139.61,10.24,3,Yes
1239,1469,2527,Late Delivery,2025-03-23,Customer Refused,1,Damaged,Processed,2025-03-23,2025-03-26,41235.92,136.26,27.68,3,Yes
1240,1470,2528,Quality Issue,2025-04-11,Late Delivery,1,Damaged,Processed,2025-04-11,2025-04-14,95897.39,128.39,24.73,5,Yes
1241,1470,2529,Wrong Item,2025-04-10,Late Delivery,1,Sellable,Processed,2025-04-10,2025-04-11,7347.57,142.61,10.22,2,Yes
1242,1471,2530,Quality Issue,2025-05-18,Customer Refused,1,Damaged,Processed,2025-05-18,2025-05-21,3135.19,68.81,34.91,3,Yes
1243,1471,2531,Quality Issue,2025-05-19,Customer Refused,1,Opened,Processed,2025-05-19,2025-05-20,489.31,83.67,31.95,8,Yes
1244,1472,2532,Quality Issue,2026-03-22,Damaged Product,1,Opened,Processed,2026-03-23,,1350.62,103.74,40.71,8,Yes
1245,1473,2533,Quality Issue,2026-04-11,Late Delivery,1,Sellable,Failed,2026-04-11,2026-04-12,5094.71,81.83,32.89,7,Yes
1246,1475,2537,Wrong Item,2026-02-19,Not as Described,1,Opened,Processed,2026-02-20,2026-02-22,1860.3,161.38,25.39,8,Yes
1247,1476,2538,Quality Issue,2025-06-03,Late Delivery,1,Damaged,Processed,2025-06-03,2025-06-04,31473.38,95.36,33.08,6,Yes
1248,1476,2539,Late Delivery,2025-06-05,Late Delivery,1,Damaged,Processed,2025-06-05,2025-06-06,730.09,133.41,25.1,4,Yes
1249,1476,2540,Wrong Item,2025-06-02,Late Delivery,1,Damaged,Processed,2025-06-02,2025-06-04,2259.59,68.56,32.57,2,Yes
1250,1479,2543,Quality Issue,2025-03-25,Customer Refused,1,Sellable,Processed,2025-03-25,2025-03-26,1943.32,77.41,29.02,3,Yes
1251,1481,2545,Wrong Item,2025-01-29,Customer Refused,1,Damaged,Failed,2025-01-29,2025-01-31,340.77,101.87,17.19,1,Yes
1252,1483,2548,Quality Issue,2025-06-24,Late Delivery,1,Opened,Processed,2025-06-24,2025-06-27,3981.35,53.01,25.13,5,Yes
1253,1486,2557,Late Delivery,2026-04-25,Late Delivery,1,Opened,Pending,2026-04-25,2026-04-26,1739.23,108.8,15.45,4,Yes
1254,1486,2558,Late Delivery,2026-04-23,Late Delivery,1,Damaged,Processed,2026-04-23,2026-04-26,21007.61,123.27,38.9,4,Yes
1255,1487,2559,Late Delivery,2024-09-12,Late Delivery,1,Damaged,Processed,2024-09-12,2024-09-13,30587.28,124.28,14.49,9,Yes
1256,1487,2560,Wrong Item,2024-09-13,Late Delivery,1,Sellable,Processed,2024-09-13,2024-09-14,4866.87,59.76,10.76,4,Yes
1257,1487,2561,Late Delivery,2024-09-12,Late Delivery,2,Opened,Processed,2024-09-12,2024-09-13,7376.85,115.81,21.38,7,Yes
1258,1487,2562,Quality Issue,2024-09-13,Late Delivery,3,Opened,Processed,2024-09-13,2024-09-15,39945.18,74.6,19.18,1,Yes
1259,1487,2563,Quality Issue,2024-09-12,Late Delivery,1,Damaged,Processed,2024-09-12,2024-09-15,1758.1,130.5,29.07,3,Yes
1260,1488,2564,Wrong Item,2024-09-15,Late Delivery,2,Sellable,Processed,2024-09-15,2024-09-16,501.62,52.76,14.64,4,Yes
1261,1489,2565,Wrong Item,2024-10-14,Customer Refused,1,Opened,Processed,2024-10-14,2024-10-17,87004.77,130.45,11.54,4,Yes
1262,1491,2567,Late Delivery,2026-06-18,Customer Refused,2,Damaged,Processed,2026-06-18,2026-06-21,828.31,101.4,31.16,5,Yes
1263,1493,2572,Late Delivery,2025-01-31,Customer Refused,1,Opened,Processed,2025-01-31,2025-02-01,2788.14,128.05,33.14,4,Yes
1264,1496,2577,Late Delivery,2024-08-21,Late Delivery,1,Opened,Processed,2024-08-21,2024-08-24,2092.43,54.94,11.58,8,Yes
1265,1496,2578,Wrong Item,2024-08-21,Late Delivery,1,Opened,Pending,2024-08-21,2024-08-23,4466.59,131.98,21.31,5,Yes
1266,1496,2579,Wrong Item,2024-08-22,Late Delivery,2,Opened,Processed,2024-08-22,2024-08-23,62730.36,128.11,30.06,2,Yes
1267,1496,2580,Wrong Item,2024-08-21,Late Delivery,1,Damaged,Failed,2024-08-21,2024-08-23,1892.29,72.88,30.95,9,Yes
1268,1497,2581,Late Delivery,2024-09-26,Customer Refused,1,Opened,Failed,2024-09-26,2024-09-27,2108.17,119.87,30.95,5,Yes
1269,1497,2582,Late Delivery,2024-09-30,Customer Refused,1,Damaged,Processed,2024-09-30,2024-10-03,4645.93,135.06,16.14,7,Yes
1270,1500,2585,Quality Issue,2024-10-31,Customer Refused,1,Opened,Processed,2024-10-31,2024-11-03,1352.38,100.17,26.44,6,Yes
1271,1500,2586,Late Delivery,2024-10-30,Customer Refused,2,Sellable,Failed,2024-10-30,2024-10-31,966.87,113.92,35.43,1,Yes
1272,1506,2594,Wrong Item,2025-02-17,Customer Refused,1,Opened,Processed,2025-02-17,2025-02-19,23051.05,79.69,16.37,7,Yes
1273,1507,2595,Quality Issue,2024-10-27,Customer Refused,1,Sellable,Pending,2024-10-27,2024-10-29,20431.66,116.9,18.4,9,Yes
1274,1507,2596,Quality Issue,2024-10-26,Customer Refused,1,Opened,Processed,2024-10-26,2024-10-28,87744.71,76.22,18.08,9,Yes
1275,1507,2597,Wrong Item,2024-10-25,Customer Refused,1,Damaged,Processed,2024-10-25,2024-10-27,23600.44,66.67,15.27,2,Yes
1276,1507,2598,Wrong Item,2024-10-25,Customer Refused,1,Opened,Processed,2024-10-25,2024-10-26,2809.7,86.44,33.11,8,Yes
1277,1507,2599,Wrong Item,2024-10-27,Customer Refused,1,Damaged,Processed,2024-10-27,2024-10-29,22590.89,132.68,25.93,9,Yes
1278,1511,2605,Late Delivery,2024-12-13,Size/Fit Issue,1,Sellable,Processed,2024-12-13,2024-12-16,2015.13,102.89,38.88,7,Yes
1279,1512,2610,Late Delivery,2026-02-05,Customer Refused,1,Opened,Processed,2026-02-05,2026-02-07,172020.88,65.78,17.33,5,Yes
1280,1516,2616,Quality Issue,2024-10-25,Customer Refused,1,Opened,Processed,2024-10-25,2024-10-26,90167.22,136.67,14.6,9,Yes
1281,1517,2620,Wrong Item,2025-01-17,Late Delivery,1,Opened,Processed,2025-01-17,2025-01-21,2246.14,77.47,34.97,3,Yes
1282,1518,2621,Late Delivery,2025-03-01,Late Delivery,1,Sellable,Processed,2025-03-01,2025-03-04,1302.32,141.55,22.28,9,Yes
1283,1520,2624,Late Delivery,2025-03-28,Late Delivery,1,Damaged,Processed,2025-03-28,2025-03-31,3767.71,68.17,13.89,6,Yes
1284,1520,2625,Wrong Item,2025-03-27,Late Delivery,2,Damaged,Processed,2025-03-27,2025-03-28,1993.24,135.2,19.29,3,Yes
1285,1520,2626,Wrong Item,2025-03-24,Late Delivery,1,Sellable,Processed,2025-03-24,2025-03-26,2570.65,87.54,38.46,6,Yes
1286,1520,2627,Late Delivery,2025-03-28,Late Delivery,1,Damaged,Processed,2025-03-28,2025-03-29,422.79,94.88,24.73,4,Yes
1287,1520,2628,Wrong Item,2025-03-27,Late Delivery,1,Opened,Processed,2025-03-27,2025-03-30,8753.11,54.05,25.4,6,Yes
1288,1521,2630,Quality Issue,2024-11-09,Product Quality,1,Sellable,Pending,2024-11-09,2024-11-12,3180.63,128.4,37.27,4,Yes
1289,1522,2635,Wrong Item,2024-12-17,Product Quality,1,Opened,Processed,2024-12-17,2024-12-20,1353.41,83.25,37.3,2,Yes
1290,1523,2636,Late Delivery,2025-02-16,Late Delivery,1,Opened,Processed,2025-02-16,2025-02-19,69847.67,108.19,16.42,4,Yes
1291,1524,2637,Late Delivery,2025-02-25,Late Delivery,3,Opened,Pending,2025-02-25,2025-02-26,5262.14,113.07,15.89,5,Yes
1292,1525,2638,Quality Issue,2025-06-03,Customer Refused,1,Damaged,Processed,2025-06-03,2025-06-04,3743.76,105.84,31.08,4,Yes
1293,1525,2639,Late Delivery,2025-06-02,Customer Refused,1,Damaged,Processed,2025-06-02,2025-06-04,72244.86,95.57,10.82,1,Yes
1294,1525,2640,Quality Issue,2025-05-30,Customer Refused,1,Sellable,Processed,2025-05-30,2025-06-02,1625.32,115.33,23.06,6,Yes
1295,1526,2641,Wrong Item,2025-07-02,Customer Refused,1,Damaged,Processed,2025-07-02,2025-07-03,3401.84,144.68,34.87,9,Yes
1296,1528,2643,Wrong Item,2024-09-23,Late Delivery,3,Sellable,Processed,2024-09-23,2024-09-24,5949.01,53.26,21.85,9,Yes
1297,1534,2651,Late Delivery,2025-11-04,Late Delivery,1,Sellable,Processed,2025-11-04,2025-11-05,86640.08,112.83,16.3,3,Yes
1298,1537,2655,Quality Issue,2025-09-10,Size/Fit Issue,1,Damaged,Processed,2025-09-10,2025-09-13,2956.15,95.6,25.25,3,Yes
1299,1539,2661,Wrong Item,2026-03-16,Damaged Product,1,Damaged,Processed,2026-03-16,2026-03-19,3804.08,130.4,28.33,8,Yes
1300,1540,2663,Quality Issue,2024-11-03,Customer Refused,2,Damaged,Processed,2024-11-03,2024-11-06,2576.09,120.74,10.35,9,Yes
1301,1541,2664,Late Delivery,2024-11-29,Late Delivery,1,Sellable,Processed,2024-11-29,2024-12-01,4337.02,64.85,24.11,2,Yes
1302,1544,2668,Late Delivery,2026-06-18,Late Delivery,1,Opened,Failed,2026-06-18,2026-06-19,145328.64,58.1,32.04,2,Yes
1303,1544,2669,Late Delivery,2026-06-17,Late Delivery,1,Opened,Processed,2026-06-17,2026-06-18,3902.24,85.23,36.57,3,Yes
1304,1545,2670,Quality Issue,2026-07-31,Late Delivery,1,Opened,Processed,2026-07-31,2026-08-03,744.23,138.15,37.07,4,Yes
1305,1545,2671,Wrong Item,2026-07-28,Late Delivery,1,Sellable,Processed,2026-07-28,2026-07-29,112312.07,95.2,21.78,2,Yes
1306,1546,2672,Quality Issue,2025-02-24,Customer Refused,1,Sellable,Processed,2025-02-24,2025-02-26,1919.73,131.46,39.1,3,Yes
1307,1548,2674,Wrong Item,2024-12-14,Customer Refused,1,Sellable,Processed,2024-12-14,2024-12-16,2207.32,78.35,12.78,1,Yes
1308,1549,2675,Wrong Item,2025-01-16,Customer Refused,1,Sellable,Processed,2025-01-16,2025-01-17,44898.72,143.75,16.74,6,Yes
1309,1550,2676,Late Delivery,2026-05-25,Late Delivery,1,Opened,Processed,2026-05-25,2026-05-28,1784.61,66.09,14.95,3,Yes
1310,1553,2680,Late Delivery,2024-08-11,Customer Refused,1,Opened,Processed,2024-08-11,2024-08-14,1413.63,66.11,10.94,1,Yes
1311,1555,2682,Late Delivery,2025-09-05,Customer Refused,1,Sellable,Processed,2025-09-05,2025-09-08,9087.52,91.9,36.78,8,Yes
1312,1557,2685,Quality Issue,2025-11-01,Late Delivery,1,Damaged,Failed,2025-11-01,2025-11-04,92021.65,134.31,14.25,8,Yes
1313,1557,2686,Late Delivery,2025-11-01,Late Delivery,2,Opened,Pending,2025-11-01,2025-11-04,137.99,51.24,18.48,2,Yes
1314,1557,2687,Wrong Item,2025-11-02,Late Delivery,1,Sellable,Processed,2025-11-02,2025-11-05,3213.66,106.17,36.04,7,Yes
1315,1557,2688,Quality Issue,2025-10-31,Late Delivery,2,Opened,Pending,2025-10-31,2025-11-01,7278.09,62.39,35.28,9,Yes
1316,1557,2689,Late Delivery,2025-10-31,Late Delivery,1,Sellable,Processed,2025-10-31,2025-11-01,1697.21,64.25,32.26,2,Yes
1317,1560,2692,Quality Issue,2026-05-31,Customer Refused,1,Sellable,Pending,2026-05-31,2026-06-01,29857.44,132.64,39.43,3,Yes
1318,1560,2693,Quality Issue,2026-06-03,Customer Refused,1,Opened,Processed,2026-06-03,2026-06-05,4170.82,121.29,11.09,4,Yes
1319,1562,2696,Late Delivery,2025-06-19,Customer Refused,1,Damaged,Pending,2025-06-19,2025-06-20,2499.0,93.18,37.33,8,Yes
1320,1565,2699,Wrong Item,2025-08-05,Customer Refused,1,Sellable,Processed,2025-08-05,2025-08-08,127052.25,65.51,19.81,2,Yes
1321,1567,2701,Quality Issue,2025-12-25,Customer Refused,2,Damaged,Processed,2025-12-25,2025-12-26,158271.47,74.27,13.18,3,Yes
1322,1569,2703,Late Delivery,2025-10-28,Customer Refused,2,Damaged,Processed,2025-10-28,2025-10-31,1833.44,145.78,39.9,8,Yes
1323,1569,2704,Quality Issue,2025-10-30,Customer Refused,1,Opened,Pending,2025-10-30,2025-11-01,1606.87,70.23,27.63,9,Yes
1324,1570,2705,Late Delivery,2025-01-31,Late Delivery,1,Opened,Pending,2025-01-31,2025-02-03,1709.82,140.8,21.9,6,Yes
1325,1572,2707,Quality Issue,2025-02-19,Customer Refused,1,Opened,Pending,2025-02-19,2025-02-21,1739.88,90.07,29.69,6,Yes
1326,1572,2708,Late Delivery,2025-02-19,Customer Refused,1,Opened,Processed,2025-02-19,2025-02-21,378.97,129.1,29.03,3,Yes
1327,1572,2709,Wrong Item,2025-02-19,Customer Refused,1,Opened,Failed,2025-02-19,2025-02-21,2667.17,74.68,32.95,4,Yes
1328,1572,2710,Late Delivery,2025-02-19,Customer Refused,1,Sellable,Processed,2025-02-19,2025-02-20,4489.29,122.07,14.16,7,Yes
1329,1572,2711,Quality Issue,2025-02-16,Customer Refused,1,Sellable,Pending,2025-02-16,2025-02-19,2412.92,98.96,28.57,4,Yes
1330,1574,2713,Wrong Item,2026-06-04,Size/Fit Issue,1,Sellable,Processed,2026-06-05,2026-06-09,2538.2,144.66,40.41,2,Yes
1331,1576,2717,Late Delivery,2026-07-03,Customer Refused,1,Sellable,Processed,2026-07-03,2026-07-04,1694.27,118.96,16.43,2,Yes
1332,1577,2718,Quality Issue,2026-08-08,Late Delivery,1,Damaged,Processed,2026-08-08,2026-08-11,6081.04,89.65,14.41,7,Yes
1333,1580,2721,Late Delivery,2025-07-10,Late Delivery,3,Damaged,Processed,2025-07-10,2025-07-12,9136.8,65.69,31.41,9,Yes
1334,1581,2722,Late Delivery,2025-11-18,Customer Refused,1,Damaged,Pending,2025-11-18,2025-11-21,454.47,83.33,17.5,4,Yes
1335,1581,2723,Late Delivery,2025-11-14,Customer Refused,1,Damaged,Processed,2025-11-14,2025-11-15,3199.61,52.53,31.34,2,Yes
1336,1582,2724,Quality Issue,2025-04-02,Customer Refused,1,Opened,Processed,2025-04-02,2025-04-03,2742.09,89.95,12.76,7,Yes
1337,1586,2728,Late Delivery,2024-12-29,Customer Refused,1,Sellable,Processed,2024-12-29,2024-12-30,2985.47,90.11,37.27,5,Yes
1338,1586,2729,Wrong Item,2024-12-25,Customer Refused,1,Damaged,Processed,2024-12-25,2024-12-26,2397.51,91.59,26.84,1,Yes
1339,1587,2730,Wrong Item,2024-11-10,Customer Refused,1,Opened,Processed,2024-11-10,2024-11-12,2007.34,127.38,35.04,2,Yes
1340,1587,2731,Wrong Item,2024-11-09,Customer Refused,1,Damaged,Pending,2024-11-09,2024-11-12,2290.27,130.18,10.21,9,Yes
1341,1589,2733,Wrong Item,2026-03-06,Late Delivery,1,Opened,Processed,2026-03-06,2026-03-09,3617.51,130.25,28.16,8,Yes
1342,1591,2735,Wrong Item,2025-04-27,Size/Fit Issue,1,Opened,Processed,2025-04-27,2025-04-30,2898.32,155.17,31.32,2,Yes
1343,1592,2736,Quality Issue,2025-06-25,Late Delivery,1,Damaged,Processed,2025-06-25,2025-06-26,643.39,67.66,20.89,7,Yes
1344,1594,2739,Late Delivery,2026-04-15,Customer Refused,1,Damaged,Processed,2026-04-15,2026-04-18,2478.66,149.95,27.09,1,Yes
1345,1598,2744,Quality Issue,2024-09-16,Late Delivery,1,Sellable,Processed,2024-09-16,2024-09-17,1103.83,74.12,23.1,3,Yes
1346,1603,2752,Quality Issue,2026-07-02,Damaged Product,1,Damaged,Failed,2026-07-02,2026-07-04,3314.16,110.59,36.42,3,Yes
1347,1605,2757,Wrong Item,2026-02-01,Late Delivery,1,Opened,Processed,2026-02-01,2026-02-03,30191.83,68.36,35.1,6,Yes
1348,1607,2759,Wrong Item,2026-02-05,Customer Refused,1,Sellable,Pending,2026-02-05,2026-02-06,31619.79,101.34,11.41,9,Yes
1349,1608,2760,Wrong Item,2025-04-06,Customer Refused,1,Damaged,Processed,2025-04-06,2025-04-09,150338.14,144.19,14.69,5,Yes
1350,1608,2761,Quality Issue,2025-04-06,Customer Refused,1,Damaged,Processed,2025-04-06,2025-04-09,2425.51,101.45,16.07,4,Yes
1351,1609,2762,Wrong Item,2025-05-21,Customer Refused,2,Opened,Failed,2025-05-21,2025-05-24,4096.93,138.36,24.97,9,Yes
1352,1611,2765,Late Delivery,2024-08-13,Late Delivery,1,Damaged,Processed,2024-08-13,2024-08-16,97928.36,140.0,32.82,7,Yes
1353,1611,2766,Wrong Item,2024-08-13,Late Delivery,1,Damaged,Processed,2024-08-13,2024-08-16,3226.53,116.51,31.59,6,Yes
1354,1611,2767,Wrong Item,2024-08-16,Late Delivery,1,Damaged,Pending,2024-08-16,2024-08-17,6392.18,70.54,32.48,5,Yes
1355,1612,2768,Late Delivery,2024-09-14,Customer Refused,3,Opened,Processed,2024-09-14,2024-09-17,14738.73,137.92,28.34,6,Yes
1356,1616,2773,Quality Issue,2025-08-12,Customer Refused,1,Opened,Processed,2025-08-12,2025-08-15,768.3,118.9,24.36,3,Yes
1357,1617,2774,Late Delivery,2025-09-17,Late Delivery,1,Opened,Pending,2025-09-17,2025-09-20,2056.66,138.61,19.96,7,Yes
1358,1618,2775,Quality Issue,2025-04-17,Customer Refused,2,Sellable,Processed,2025-04-17,2025-04-19,106533.43,66.9,28.83,3,Yes
1359,1620,2777,Wrong Item,2024-09-20,Customer Refused,2,Opened,Pending,2024-09-20,2024-09-22,6860.64,90.29,19.83,3,Yes
1360,1620,2778,Late Delivery,2024-09-16,Customer Refused,1,Sellable,Processed,2024-09-16,2024-09-17,2326.45,139.79,12.99,7,Yes
1361,1622,2780,Wrong Item,2024-10-21,Customer Refused,3,Sellable,Processed,2024-10-21,2024-10-24,435.36,58.52,19.48,1,Yes
1362,1622,2781,Late Delivery,2024-10-22,Customer Refused,1,Damaged,Processed,2024-10-22,2024-10-25,7339.83,98.51,20.24,5,Yes
1363,1624,2784,Quality Issue,2026-05-18,Customer Refused,1,Damaged,Processed,2026-05-18,2026-05-21,1371.16,52.87,15.52,2,Yes
1364,1625,2785,Wrong Item,2025-03-15,Customer Refused,1,Damaged,Processed,2025-03-15,2025-03-16,1082.87,60.72,12.54,1,Yes
1365,1626,2786,Late Delivery,2025-02-09,Late Delivery,2,Sellable,Processed,2025-02-09,2025-02-12,7315.59,64.99,14.48,6,Yes
1366,1627,2787,Quality Issue,2025-09-13,Customer Refused,1,Damaged,Processed,2025-09-13,2025-09-14,118575.77,59.4,17.69,6,Yes
1367,1627,2788,Late Delivery,2025-09-12,Customer Refused,1,Opened,Processed,2025-09-12,2025-09-13,4761.53,143.07,36.07,4,Yes
1368,1628,2789,Wrong Item,2025-12-01,Customer Refused,1,Sellable,Processed,2025-12-02,2025-12-03,1553.01,80.15,26.82,1,Yes
1369,1631,2792,Quality Issue,2026-08-17,Late Delivery,1,Sellable,Processed,2026-08-17,2026-08-20,1196.14,133.29,18.4,7,Yes
1370,1632,2793,Quality Issue,2024-12-31,Late Delivery,1,Sellable,Processed,2024-12-31,2025-01-03,2487.97,148.23,10.51,6,Yes
1371,1632,2794,Late Delivery,2024-12-31,Late Delivery,1,Damaged,Pending,2024-12-31,2025-01-03,2253.73,59.21,14.4,5,Yes
1372,1635,2798,Late Delivery,2025-04-16,Customer Refused,1,Damaged,Processed,2025-04-16,2025-04-17,2573.13,59.39,13.32,9,Yes
1373,1638,2801,Wrong Item,2024-10-13,Product Quality,1,Damaged,Processed,2024-10-13,2024-10-16,95138.66,103.37,42.25,1,Yes
1374,1638,2802,Late Delivery,2024-10-14,Not as Described,1,Sellable,Processed,2024-10-14,,0.0,77.46,15.9,6,No
1375,1641,2806,Late Delivery,2025-08-05,Late Delivery,1,Sellable,Processed,2025-08-05,2025-08-08,3960.69,136.15,27.81,4,Yes
1376,1645,2810,Wrong Item,2026-07-23,Customer Refused,1,Sellable,Processed,2026-07-23,2026-07-25,1223.04,127.85,35.66,7,Yes
1377,1648,2813,Wrong Item,2025-06-08,Late Delivery,1,Opened,Processed,2025-06-08,2025-06-11,2360.16,78.06,29.42,4,Yes
1378,1649,2814,Wrong Item,2025-07-01,Late Delivery,1,Sellable,Processed,2025-07-01,2025-07-04,560.54,85.02,29.63,1,Yes
1379,1652,2817,Late Delivery,2026-06-23,Late Delivery,1,Sellable,Processed,2026-06-24,2026-06-25,110481.89,84.74,10.93,5,Yes
1380,1656,2826,Quality Issue,2026-05-07,Customer Refused,1,Damaged,Failed,2026-05-07,2026-05-09,50122.01,144.86,13.91,5,Yes
1381,1656,2827,Wrong Item,2026-05-04,Customer Refused,1,Damaged,Processed,2026-05-04,2026-05-07,322.75,121.4,19.64,7,Yes
1382,1656,2828,Late Delivery,2026-05-06,Customer Refused,1,Damaged,Processed,2026-05-06,2026-05-07,2508.33,101.73,34.18,9,Yes
1383,1656,2829,Late Delivery,2026-05-05,Customer Refused,1,Sellable,Processed,2026-05-05,2026-05-08,4342.8,83.03,24.09,7,Yes
1384,1656,2830,Late Delivery,2026-05-03,Customer Refused,1,Damaged,Processed,2026-05-03,2026-05-05,25731.59,103.61,27.49,6,Yes
1385,1658,2832,Quality Issue,2025-04-16,Customer Refused,1,Sellable,Processed,2025-04-16,2025-04-18,39160.48,80.6,20.26,9,Yes
1386,1658,2833,Quality Issue,2025-04-16,Customer Refused,2,Opened,Processed,2025-04-16,2025-04-18,4365.81,80.06,27.39,3,Yes
1387,1659,2834,Wrong Item,2025-05-20,Size/Fit Issue,2,Sellable,Processed,2025-05-20,2025-05-22,2641.62,70.07,27.75,2,Yes
1388,1661,2836,Late Delivery,2026-01-09,Customer Refused,2,Sellable,Pending,2026-01-09,2026-01-12,174572.54,79.95,33.79,9,Yes
1389,1664,2839,Late Delivery,2025-04-14,Customer Refused,1,Damaged,Processed,2025-04-14,2025-04-16,920.66,133.83,33.44,5,Yes
1390,1666,2842,Quality Issue,2025-01-07,Customer Refused,1,Opened,Processed,2025-01-07,2025-01-10,1820.82,62.81,31.69,7,Yes
1391,1669,2847,Wrong Item,2026-03-15,Customer Refused,1,Opened,Processed,2026-03-15,2026-03-17,18512.48,58.1,12.7,6,Yes
1392,1669,2848,Quality Issue,2026-03-16,Customer Refused,1,Damaged,Processed,2026-03-16,2026-03-18,4230.22,133.93,28.74,5,Yes
1393,1669,2849,Late Delivery,2026-03-13,Customer Refused,1,Opened,Failed,2026-03-13,2026-03-14,3316.41,75.84,16.46,3,Yes
1394,1669,2850,Late Delivery,2026-03-16,Customer Refused,1,Sellable,Processed,2026-03-16,2026-03-19,660.85,94.32,16.79,7,Yes
1395,1670,2851,Quality Issue,2025-09-10,Customer Refused,2,Damaged,Processed,2025-09-10,2025-09-12,4569.74,67.56,19.3,7,Yes
1396,1670,2852,Wrong Item,2025-09-12,Customer Refused,1,Sellable,Processed,2025-09-12,2025-09-14,78038.07,103.2,21.31,2,Yes
1397,1672,2854,Wrong Item,2026-04-25,Customer Refused,1,Damaged,Processed,2026-04-25,2026-04-27,2699.16,85.1,26.16,2,Yes
1398,1672,2855,Late Delivery,2026-04-24,Customer Refused,1,Sellable,Processed,2026-04-24,2026-04-26,1480.79,65.58,16.54,1,Yes
1399,1672,2856,Quality Issue,2026-04-25,Customer Refused,1,Damaged,Pending,2026-04-25,2026-04-26,969.18,127.28,12.57,9,Yes
1400,1672,2857,Late Delivery,2026-04-28,Customer Refused,1,Opened,Processed,2026-04-28,2026-05-01,1297.86,135.18,33.92,9,Yes
1401,1673,2858,Quality Issue,2026-05-19,Customer Refused,1,Sellable,Processed,2026-05-19,2026-05-22,3014.06,131.58,13.07,4,Yes
1402,1680,2872,Late Delivery,2025-01-22,Customer Refused,1,Opened,Processed,2025-01-22,2025-01-23,2080.1,116.25,16.8,5,Yes
1403,1681,2873,Late Delivery,2025-02-04,Customer Refused,1,Damaged,Pending,2025-02-04,2025-02-07,28242.56,125.74,20.68,4,Yes
1404,1685,2877,Wrong Item,2025-05-21,Customer Refused,2,Opened,Processed,2025-05-21,2025-05-23,6364.96,87.35,13.45,8,Yes
1405,1686,2878,Wrong Item,2025-07-07,Late Delivery,1,Sellable,Pending,2025-07-07,2025-07-09,2582.33,54.18,20.41,6,Yes
1406,1687,2879,Wrong Item,2025-07-01,Customer Refused,1,Sellable,Processed,2025-07-02,2025-07-05,1667.63,128.63,23.14,3,Yes
1407,1687,2880,Wrong Item,2025-07-03,Customer Refused,1,Opened,Pending,2025-07-04,2025-07-07,2477.79,88.33,20.66,5,Yes
1408,1688,2881,Wrong Item,2025-07-19,Customer Refused,1,Sellable,Processed,2025-07-20,2025-07-23,4749.92,93.14,22.1,4,Yes
1409,1688,2882,Late Delivery,2025-07-19,Customer Refused,1,Sellable,Pending,2025-07-20,2025-07-22,517.04,71.86,18.56,6,Yes
1410,1690,2884,Wrong Item,2025-07-18,Late Delivery,2,Damaged,Processed,2025-07-18,2025-07-20,86042.94,139.63,28.76,8,Yes
1411,1690,2885,Quality Issue,2025-07-21,Late Delivery,1,Sellable,Processed,2025-07-21,2025-07-23,39527.25,135.69,23.32,7,Yes
1412,1691,2886,Quality Issue,2025-08-13,Late Delivery,1,Opened,Processed,2025-08-13,2025-08-16,3338.8,93.81,13.35,2,Yes
1413,1692,2887,Late Delivery,2025-04-01,Customer Refused,1,Sellable,Processed,2025-04-01,2025-04-03,83642.73,137.65,32.92,7,Yes
1414,1695,2890,Wrong Item,2025-02-07,Customer Refused,1,Damaged,Processed,2025-02-07,2025-02-09,54339.7,71.85,18.36,5,Yes
1415,1696,2891,Wrong Item,2025-04-05,Customer Refused,1,Sellable,Processed,2025-04-05,2025-04-06,2699.16,106.0,33.48,9,Yes
1416,1697,2892,Late Delivery,2025-09-08,Customer Refused,2,Opened,Processed,2025-09-08,2025-09-10,124230.48,118.32,19.38,2,Yes
1417,1697,2893,Late Delivery,2025-09-08,Customer Refused,1,Damaged,Processed,2025-09-08,2025-09-09,30594.49,59.79,11.19,5,Yes
1418,1698,2894,Late Delivery,2024-12-14,Customer Refused,1,Sellable,Processed,2024-12-14,2024-12-15,61260.39,58.65,38.32,1,Yes
1419,1699,2895,Wrong Item,2026-01-16,Late Delivery,1,Opened,Processed,2026-01-16,2026-01-18,77761.59,85.92,10.79,9,Yes
1420,1700,2896,Wrong Item,2025-02-25,Customer Refused,1,Sellable,Processed,2025-02-25,2025-02-28,3080.18,62.92,20.43,4,Yes
1421,1700,2897,Late Delivery,2025-02-22,Customer Refused,1,Damaged,Processed,2025-02-22,2025-02-25,22361.82,100.27,28.41,6,Yes
1422,1700,2898,Quality Issue,2025-02-26,Customer Refused,1,Opened,Processed,2025-02-26,2025-02-27,3048.11,83.54,26.44,5,Yes
1423,1702,2900,Late Delivery,2026-01-04,Customer Refused,1,Opened,Processed,2026-01-04,2026-01-07,9412.43,118.15,31.3,1,Yes
1424,1702,2901,Late Delivery,2026-01-01,Customer Refused,1,Opened,Processed,2026-01-01,2026-01-04,2127.08,84.29,11.82,9,Yes
1425,1705,2909,Wrong Item,2025-01-11,Late Delivery,1,Sellable,Processed,2025-01-12,2025-01-14,2586.67,177.94,44.61,6,Yes
1426,1706,2910,Quality Issue,2025-05-28,Product Quality,1,Sellable,Pending,2025-05-28,2025-05-31,3014.06,170.98,19.34,3,Yes
1427,1708,2912,Quality Issue,2025-02-24,Customer Refused,2,Sellable,Processed,2025-02-24,2025-02-27,947.13,81.6,29.07,7,Yes
1428,1710,2914,Late Delivery,2025-02-24,Damaged Product,1,Opened,Pending,2025-02-24,2025-02-25,2813.87,64.17,45.42,5,Yes
1429,1712,2919,Wrong Item,2025-03-26,Late Delivery,1,Opened,Processed,2025-03-26,2025-03-28,1903.64,93.45,35.94,8,Yes
1430,1713,2920,Quality Issue,2025-05-08,Customer Refused,1,Sellable,Processed,2025-05-08,2025-05-11,2572.62,61.19,22.32,1,Yes
1431,1713,2921,Late Delivery,2025-05-09,Customer Refused,1,Sellable,Processed,2025-05-09,2025-05-11,6612.42,64.46,19.32,7,Yes
1432,1714,2922,Late Delivery,2024-09-02,Customer Refused,1,Sellable,Processed,2024-09-02,2024-09-03,4077.98,51.02,29.77,7,Yes
1433,1715,2923,Quality Issue,2024-10-12,Late Delivery,1,Opened,Processed,2024-10-12,2024-10-13,1218.75,91.27,28.27,1,Yes
1434,1715,2924,Late Delivery,2024-10-13,Late Delivery,2,Opened,Processed,2024-10-13,2024-10-16,10408.5,133.35,16.1,2,Yes
1435,1715,2925,Wrong Item,2024-10-13,Late Delivery,1,Opened,Processed,2024-10-13,2024-10-16,21293.75,138.28,20.21,3,Yes
1436,1715,2926,Wrong Item,2024-10-13,Late Delivery,1,Opened,Processed,2024-10-13,2024-10-16,3276.5,113.24,31.83,4,Yes
1437,1715,2927,Wrong Item,2024-10-13,Late Delivery,1,Damaged,Processed,2024-10-13,2024-10-15,229.86,101.6,35.36,7,Yes
1438,1721,2939,Quality Issue,2025-09-04,Changed Mind,1,Sellable,Processed,2025-09-05,2025-09-06,1614.43,169.91,30.99,4,Yes
1439,1722,2940,Wrong Item,2025-10-18,Customer Refused,1,Sellable,Processed,2025-10-18,2025-10-21,28480.27,89.74,28.72,5,Yes
1440,1722,2941,Quality Issue,2025-10-16,Customer Refused,1,Sellable,Processed,2025-10-16,2025-10-17,1532.88,148.0,19.61,8,Yes
1441,1724,2943,Wrong Item,2024-11-30,Customer Refused,1,Sellable,Pending,2024-11-30,2024-12-03,28682.19,95.46,33.76,7,Yes
1442,1727,2946,Quality Issue,2026-06-30,Customer Refused,2,Opened,Processed,2026-07-01,2026-07-03,7856.86,106.78,15.18,7,Yes
1443,1727,2947,Late Delivery,2026-06-29,Customer Refused,1,Opened,Processed,2026-06-30,2026-07-03,1424.44,73.87,28.35,8,Yes
1444,1727,2948,Wrong Item,2026-07-03,Customer Refused,2,Sellable,Processed,2026-07-04,2026-07-07,4745.16,85.97,37.76,9,Yes
1445,1727,2949,Quality Issue,2026-07-01,Customer Refused,1,Damaged,Processed,2026-07-02,2026-07-05,1850.51,140.88,14.47,8,Yes
1446,1727,2950,Late Delivery,2026-07-02,Customer Refused,2,Damaged,Failed,2026-07-03,2026-07-04,15212.93,103.43,35.01,2,Yes
1447,1728,2951,Wrong Item,2026-07-11,Customer Refused,1,Sellable,Processed,2026-07-11,2026-07-13,3400.93,130.95,23.22,5,Yes
1448,1729,2952,Wrong Item,2026-04-27,Late Delivery,1,Opened,Processed,2026-04-27,2026-04-28,660.8,96.01,30.5,2,Yes
1449,1730,2953,Wrong Item,2026-07-03,Late Delivery,1,Opened,Processed,2026-07-03,2026-07-06,2423.69,76.04,18.01,2,Yes
1450,1731,2954,Late Delivery,2025-07-13,Customer Refused,3,Sellable,Processed,2025-07-13,2025-07-14,3993.12,62.41,17.4,3,Yes
1451,1732,2955,Wrong Item,2025-09-06,Late Delivery,1,Sellable,Pending,2025-09-06,2025-09-08,4067.39,88.27,19.86,5,Yes
1452,1732,2956,Wrong Item,2025-09-06,Late Delivery,1,Damaged,Processed,2025-09-06,2025-09-09,3075.11,123.77,31.94,3,Yes
1453,1732,2957,Late Delivery,2025-09-08,Late Delivery,1,Sellable,Processed,2025-09-08,2025-09-09,1588.39,95.22,28.02,6,Yes
1454,1732,2958,Late Delivery,2025-09-08,Late Delivery,1,Opened,Processed,2025-09-08,2025-09-10,3820.3,56.91,17.34,8,Yes
1455,1734,2960,Quality Issue,2025-10-16,Damaged Product,1,Opened,Processed,2025-10-16,2025-10-19,4628.86,124.47,48.88,5,Yes
1456,1734,2961,Quality Issue,2025-10-20,Damaged Product,1,Opened,Pending,2025-10-20,2025-10-21,2516.0,111.17,19.15,7,Yes
1457,1736,2963,Quality Issue,2026-03-19,Changed Mind,1,Sellable,Processed,2026-03-19,2026-03-22,3136.2,131.09,40.93,2,Yes
1458,1739,2967,Late Delivery,2025-12-01,Customer Refused,1,Sellable,Pending,2025-12-01,2025-12-03,53405.16,127.95,11.94,9,Yes
1459,1740,2968,Quality Issue,2026-01-15,Damaged Product,1,Opened,Processed,2026-01-16,2026-01-19,3669.05,74.97,20.63,4,Yes
1460,1742,2974,Quality Issue,2024-12-18,Customer Refused,1,Sellable,Processed,2024-12-18,2024-12-21,38121.84,92.68,21.35,2,Yes
1461,1743,2975,Wrong Item,2025-06-13,Late Delivery,1,Damaged,Processed,2025-06-13,2025-06-14,7050.68,140.91,24.85,2,Yes
1462,1745,2979,Wrong Item,2024-08-18,Customer Refused,1,Damaged,Processed,2024-08-18,2024-08-21,32147.34,90.82,28.73,7,Yes
1463,1746,2980,Quality Issue,2024-09-09,Late Delivery,1,Opened,Pending,2024-09-09,2024-09-11,2944.8,135.01,14.93,1,Yes
1464,1746,2981,Quality Issue,2024-09-08,Late Delivery,1,Damaged,Processed,2024-09-08,2024-09-09,8886.97,131.48,21.3,2,Yes
1465,1746,2982,Quality Issue,2024-09-07,Late Delivery,3,Damaged,Processed,2024-09-07,2024-09-10,6367.86,105.16,35.1,8,Yes
1466,1746,2983,Late Delivery,2024-09-09,Late Delivery,1,Opened,Pending,2024-09-09,2024-09-12,3981.14,139.62,20.64,2,Yes
1467,1746,2984,Late Delivery,2024-09-10,Late Delivery,1,Damaged,Processed,2024-09-10,2024-09-11,2219.6,91.1,19.36,5,Yes
1468,1748,2986,Late Delivery,2024-10-26,Customer Refused,1,Opened,Pending,2024-10-26,2024-10-28,143987.71,88.28,26.59,9,Yes
1469,1749,2987,Quality Issue,2026-01-06,Changed Mind,1,Sellable,Processed,2026-01-07,2026-01-08,2967.47,118.28,23.33,9,Yes
1470,1751,2990,Late Delivery,2026-02-28,Customer Refused,1,Sellable,Processed,2026-02-28,2026-03-03,69788.03,136.87,22.01,9,Yes
1471,1751,2991,Wrong Item,2026-03-01,Customer Refused,1,Damaged,Processed,2026-03-01,2026-03-04,3609.79,102.38,31.4,4,Yes
1472,1752,2992,Quality Issue,2026-06-28,Customer Refused,1,Opened,Processed,2026-06-28,2026-06-29,154512.82,88.03,11.58,2,Yes
1473,1753,2993,Wrong Item,2026-07-16,Late Delivery,1,Opened,Pending,2026-07-16,2026-07-19,12537.34,96.68,22.89,4,Yes
1474,1757,2998,Quality Issue,2025-06-19,Late Delivery,3,Sellable,Processed,2025-06-19,2025-06-20,2469.24,98.22,28.19,4,Yes
1475,1758,2999,Late Delivery,2025-07-27,Changed Mind,1,Defective,Processed,2025-07-28,2025-07-29,7803.24,89.23,36.24,5,Yes
1476,1759,3001,Quality Issue,2024-08-12,Customer Refused,3,Opened,Processed,2024-08-12,2024-08-13,72019.38,107.1,16.64,2,Yes
1477,1759,3002,Quality Issue,2024-08-14,Customer Refused,1,Sellable,Failed,2024-08-14,2024-08-16,237.87,125.33,38.31,6,Yes
1478,1760,3003,Quality Issue,2025-08-09,Customer Refused,2,Sellable,Processed,2025-08-09,2025-08-10,1440.48,101.73,11.04,7,Yes
1479,1760,3004,Late Delivery,2025-08-10,Customer Refused,2,Damaged,Processed,2025-08-10,2025-08-11,8860.01,59.94,31.83,5,Yes
1480,1763,3007,Wrong Item,2025-03-28,Customer Refused,1,Opened,Processed,2025-03-28,2025-03-31,85843.2,116.29,22.13,6,Yes
1481,1765,3009,Wrong Item,2026-01-09,Changed Mind,1,Defective,Pending,2026-01-10,2026-01-11,859.54,95.69,20.06,7,Yes
1482,1770,3016,Quality Issue,2026-07-25,Late Delivery,1,Sellable,Processed,2026-07-25,2026-07-26,1946.28,59.6,30.41,8,Yes
1483,1770,3017,Wrong Item,2026-07-28,Late Delivery,1,Opened,Pending,2026-07-28,2026-07-31,4036.45,51.46,10.53,5,Yes
1484,1772,3019,Late Delivery,2025-10-02,Late Delivery,2,Sellable,Failed,2025-10-02,2025-10-04,5284.64,96.54,39.94,3,Yes
1485,1772,3020,Wrong Item,2025-09-30,Late Delivery,1,Opened,Processed,2025-09-30,2025-10-02,71604.88,133.77,23.35,9,Yes
1486,1773,3021,Wrong Item,2026-04-09,Customer Refused,2,Opened,Pending,2026-04-09,2026-04-10,16066.09,126.59,25.06,5,Yes
1487,1773,3022,Wrong Item,2026-04-08,Customer Refused,3,Opened,Processed,2026-04-08,2026-04-10,3421.44,74.25,17.6,6,Yes
1488,1775,3024,Quality Issue,2025-06-26,Customer Refused,1,Opened,Processed,2025-06-26,2025-06-28,2760.99,98.29,29.15,4,Yes
1489,1776,3025,Late Delivery,2025-07-24,Customer Refused,1,Opened,Processed,2025-07-25,2025-07-26,959.8,68.48,14.91,4,Yes
1490,1779,3028,Wrong Item,2025-02-11,Late Delivery,1,Opened,Pending,2025-02-12,2025-02-15,412.73,70.26,35.63,7,Yes
1491,1779,3029,Quality Issue,2025-02-15,Late Delivery,1,Sellable,Processed,2025-02-16,2025-02-17,2804.36,79.51,15.86,7,Yes
1492,1781,3034,Wrong Item,2025-05-22,Customer Refused,1,Sellable,Processed,2025-05-22,2025-05-24,44095.41,124.26,36.35,5,Yes
1493,1783,3036,Quality Issue,2026-07-27,Customer Refused,1,Opened,Processed,2026-07-27,2026-07-30,1834.8,132.27,30.57,5,Yes
1494,1784,3037,Wrong Item,2025-09-13,Late Delivery,1,Damaged,Processed,2025-09-13,2025-09-15,131423.6,117.71,18.34,3,Yes
1495,1786,3039,Late Delivery,2025-01-09,Late Delivery,1,Sellable,Processed,2025-01-09,2025-01-11,1397.74,56.35,33.17,3,Yes
1496,1786,3040,Wrong Item,2025-01-13,Late Delivery,1,Sellable,Processed,2025-01-13,2025-01-16,1973.96,82.33,27.09,3,Yes
1497,1786,3041,Wrong Item,2025-01-13,Late Delivery,1,Damaged,Pending,2025-01-13,2025-01-14,35772.79,128.52,14.89,4,Yes
1498,1786,3042,Wrong Item,2025-01-13,Late Delivery,1,Damaged,Pending,2025-01-13,2025-01-15,2643.47,149.58,10.79,6,Yes
1499,1787,3043,Quality Issue,2025-02-10,Customer Refused,2,Damaged,Pending,2025-02-10,2025-02-11,4244.85,95.83,15.36,7,Yes
1500,1787,3044,Wrong Item,2025-02-12,Customer Refused,1,Sellable,Processed,2025-02-12,2025-02-14,3717.78,115.97,10.99,2,Yes
1501,1788,3045,Quality Issue,2026-05-19,Customer Refused,1,Damaged,Pending,2026-05-19,2026-05-21,409.62,81.87,25.63,8,Yes
1502,1788,3046,Wrong Item,2026-05-16,Customer Refused,1,Opened,Processed,2026-05-16,2026-05-17,44171.18,141.32,20.48,6,Yes
1503,1788,3047,Quality Issue,2026-05-20,Customer Refused,1,Damaged,Failed,2026-05-20,2026-05-23,2665.01,83.27,28.7,2,Yes
1504,1788,3048,Wrong Item,2026-05-17,Customer Refused,1,Damaged,Processed,2026-05-17,2026-05-18,4442.99,75.81,26.78,9,Yes
1505,1791,3051,Wrong Item,2026-02-01,Late Delivery,2,Damaged,Processed,2026-02-01,2026-02-03,2955.6,59.57,38.48,2,Yes
1506,1791,3052,Wrong Item,2026-02-03,Late Delivery,1,Damaged,Processed,2026-02-03,2026-02-05,49768.9,55.52,32.9,4,Yes
1507,1791,3053,Wrong Item,2026-02-02,Late Delivery,3,Damaged,Processed,2026-02-02,2026-02-05,11658.45,146.59,31.47,1,Yes
1508,1791,3054,Wrong Item,2026-02-04,Late Delivery,1,Damaged,Processed,2026-02-04,2026-02-05,1585.05,93.0,29.68,1,Yes
1509,1792,3055,Late Delivery,2025-05-27,Damaged Product,2,Opened,Processed,2025-05-27,2025-05-28,13579.38,144.83,47.11,5,Yes
1510,1793,3058,Wrong Item,2025-06-27,Customer Refused,1,Damaged,Processed,2025-06-27,2025-06-28,411.58,93.23,12.5,4,Yes
1511,1794,3059,Wrong Item,2025-05-29,Late Delivery,1,Sellable,Processed,2025-05-29,2025-06-01,2287.89,82.01,11.34,2,Yes
1512,1796,3061,Wrong Item,2026-06-21,Late Delivery,1,Damaged,Processed,2026-06-21,2026-06-24,23056.81,141.14,25.14,4,Yes
1513,1798,3064,Late Delivery,2025-04-16,Late Delivery,1,Opened,Processed,2025-04-16,2025-04-18,1238.31,90.29,27.13,3,Yes
1514,1799,3066,Wrong Item,2025-10-10,Not as Described,3,Defective,Processed,2025-10-10,2025-10-14,7614.6,108.0,47.83,9,Yes
1515,1800,3069,Wrong Item,2024-11-13,Customer Refused,1,Sellable,Processed,2024-11-13,2024-11-16,1043.73,133.91,34.2,9,Yes
1516,1803,3073,Late Delivery,2025-06-18,Customer Refused,2,Damaged,Pending,2025-06-18,2025-06-20,54359.13,115.6,16.7,3,Yes
1517,1805,3075,Wrong Item,2025-03-09,Customer Refused,1,Opened,Processed,2025-03-09,2025-03-11,26051.64,103.77,30.89,4,Yes
1518,1806,3076,Quality Issue,2025-02-05,Customer Refused,1,Sellable,Pending,2025-02-05,2025-02-08,7904.76,113.92,25.88,3,Yes
1519,1809,3080,Wrong Item,2025-12-17,Customer Refused,2,Sellable,Processed,2025-12-17,2025-12-20,149678.66,142.22,38.28,4,Yes
1520,1813,3092,Quality Issue,2025-10-04,Changed Mind,2,Damaged,Pending,2025-10-04,2025-10-05,302413.32,89.91,27.5,1,Yes
1521,1814,3093,Quality Issue,2025-02-13,Late Delivery,1,Sellable,Processed,2025-02-13,2025-02-14,4417.46,149.66,13.55,1,Yes
1522,1814,3094,Quality Issue,2025-02-12,Late Delivery,1,Damaged,Processed,2025-02-12,2025-02-14,35628.09,113.3,28.33,9,Yes
1523,1814,3095,Wrong Item,2025-02-10,Late Delivery,3,Opened,Processed,2025-02-10,2025-02-12,14494.83,55.58,18.13,5,Yes
1524,1814,3096,Late Delivery,2025-02-11,Late Delivery,1,Damaged,Processed,2025-02-11,2025-02-14,1423.0,68.84,28.12,9,Yes
1525,1814,3097,Quality Issue,2025-02-12,Late Delivery,1,Sellable,Failed,2025-02-12,2025-02-14,20303.01,133.75,31.4,4,Yes
1526,1817,3102,Late Delivery,2026-03-30,Late Delivery,1,Damaged,Processed,2026-03-30,2026-03-31,949.29,133.93,18.95,5,Yes
1527,1817,3103,Wrong Item,2026-04-01,Late Delivery,1,Opened,Processed,2026-04-01,2026-04-02,805.01,70.38,18.7,2,Yes
1528,1819,3106,Late Delivery,2024-12-04,Customer Refused,1,Sellable,Pending,2024-12-04,2024-12-07,44986.01,56.38,15.05,1,Yes
1529,1819,3107,Late Delivery,2024-12-03,Customer Refused,1,Opened,Pending,2024-12-03,2024-12-04,1351.15,144.15,36.5,3,Yes
1530,1820,3108,Quality Issue,2025-01-16,Product Quality,1,Opened,Processed,2025-01-16,,0.0,78.88,19.27,4,No
1531,1820,3109,Late Delivery,2025-01-17,Size/Fit Issue,2,Opened,Processed,2025-01-17,,0.0,144.63,31.95,9,No
1532,1821,3111,Wrong Item,2025-11-19,Customer Refused,1,Opened,Processed,2025-11-19,2025-11-20,103409.73,130.89,33.82,7,Yes
1533,1821,3112,Late Delivery,2025-11-20,Customer Refused,1,Damaged,Processed,2025-11-20,2025-11-23,29187.11,136.37,25.55,5,Yes
1534,1821,3113,Late Delivery,2025-11-21,Customer Refused,2,Opened,Pending,2025-11-21,2025-11-23,161436.82,149.74,25.9,6,Yes
1535,1821,3114,Late Delivery,2025-11-22,Customer Refused,1,Opened,Pending,2025-11-22,2025-11-23,49283.31,128.24,34.14,9,Yes
1536,1822,3115,Wrong Item,2025-03-16,Product Quality,1,Defective,Processed,2025-03-16,2025-03-19,88277.56,150.7,42.48,2,Yes
1537,1823,3116,Quality Issue,2025-04-12,Product Quality,1,Sellable,Failed,2025-04-12,2025-04-14,20091.18,125.36,23.34,6,Yes
1538,1825,3118,Quality Issue,2026-06-04,Customer Refused,1,Sellable,Processed,2026-06-04,2026-06-06,675.71,64.22,19.97,7,Yes
1539,1826,3119,Wrong Item,2026-07-16,Customer Refused,1,Sellable,Processed,2026-07-16,2026-07-18,3046.29,94.76,23.69,9,Yes
1540,1826,3120,Late Delivery,2026-07-16,Customer Refused,1,Damaged,Pending,2026-07-16,2026-07-18,1416.54,135.58,30.01,7,Yes
1541,1826,3121,Quality Issue,2026-07-17,Customer Refused,1,Damaged,Processed,2026-07-17,2026-07-20,2571.5,77.16,13.38,1,Yes
1542,1826,3122,Quality Issue,2026-07-17,Customer Refused,1,Sellable,Processed,2026-07-17,2026-07-19,8221.98,71.01,39.08,1,Yes
1543,1827,3123,Quality Issue,2025-06-04,Late Delivery,1,Sellable,Pending,2025-06-04,2025-06-06,573.06,104.77,20.76,9,Yes
1544,1829,3125,Wrong Item,2025-06-12,Late Delivery,1,Sellable,Processed,2025-06-12,2025-06-13,218.29,120.35,18.7,8,Yes
1545,1830,3126,Quality Issue,2024-09-29,Customer Refused,1,Opened,Processed,2024-09-29,2024-10-01,6227.19,100.56,37.66,7,Yes
1546,1831,3127,Late Delivery,2024-10-29,Size/Fit Issue,1,Opened,Processed,2024-10-29,2024-11-01,2559.79,131.35,42.75,2,Yes
1547,1834,3130,Quality Issue,2025-04-10,Customer Refused,1,Sellable,Processed,2025-04-10,2025-04-11,3901.65,63.36,22.79,9,Yes
1548,1835,3131,Quality Issue,2025-10-09,Late Delivery,1,Sellable,Processed,2025-10-09,2025-10-11,1757.87,104.28,24.43,6,Yes
1549,1835,3132,Quality Issue,2025-10-11,Late Delivery,1,Opened,Processed,2025-10-11,2025-10-14,550.01,67.91,39.26,1,Yes
1550,1838,3135,Quality Issue,2024-09-19,Customer Refused,1,Opened,Processed,2024-09-19,2024-09-21,426.8,98.54,27.96,1,Yes
1551,1839,3136,Late Delivery,2026-07-23,Late Delivery,2,Opened,Processed,2026-07-23,2026-07-25,5647.88,127.4,12.74,5,Yes
1552,1840,3137,Wrong Item,2025-01-07,Customer Refused,3,Opened,Processed,2025-01-07,2025-01-08,12946.86,116.41,36.27,7,Yes
1553,1840,3138,Wrong Item,2025-01-04,Customer Refused,1,Opened,Processed,2025-01-04,2025-01-05,3938.13,138.97,16.54,6,Yes
1554,1840,3139,Late Delivery,2025-01-07,Customer Refused,1,Damaged,Processed,2025-01-07,2025-01-09,2209.28,74.89,11.9,6,Yes
1555,1840,3140,Quality Issue,2025-01-05,Customer Refused,1,Opened,Processed,2025-01-05,2025-01-07,2084.9,125.08,22.28,4,Yes
1556,1840,3141,Wrong Item,2025-01-08,Customer Refused,1,Damaged,Processed,2025-01-08,2025-01-10,3859.37,124.0,12.28,1,Yes
1557,1841,3142,Wrong Item,2025-05-18,Size/Fit Issue,1,Opened,Pending,2025-05-19,2025-05-21,1834.45,176.5,15.68,6,Yes
1558,1842,3143,Quality Issue,2025-06-08,Customer Refused,1,Sellable,Pending,2025-06-08,2025-06-09,1563.79,142.89,18.0,9,Yes
1559,1842,3144,Wrong Item,2025-06-08,Customer Refused,1,Damaged,Processed,2025-06-08,2025-06-11,742.24,77.09,27.02,1,Yes
1560,1842,3145,Quality Issue,2025-06-04,Customer Refused,3,Sellable,Processed,2025-06-04,2025-06-06,202164.64,56.76,29.4,9,Yes
1561,1842,3146,Quality Issue,2025-06-07,Customer Refused,2,Damaged,Pending,2025-06-07,2025-06-10,8618.54,67.57,23.49,2,Yes
1562,1843,3147,Quality Issue,2026-06-04,Customer Refused,1,Opened,Processed,2026-06-04,2026-06-07,1003.62,108.37,15.3,3,Yes
1563,1844,3148,Quality Issue,2026-07-13,Late Delivery,1,Opened,Processed,2026-07-13,2026-07-16,1451.13,69.63,15.1,2,Yes
1564,1844,3149,Wrong Item,2026-07-13,Late Delivery,1,Opened,Processed,2026-07-13,2026-07-16,3660.58,88.2,25.71,1,Yes
1565,1844,3150,Wrong Item,2026-07-13,Late Delivery,2,Damaged,Processed,2026-07-13,2026-07-16,1941.71,115.09,21.02,1,Yes
1566,1844,3151,Quality Issue,2026-07-15,Late Delivery,1,Damaged,Processed,2026-07-15,2026-07-17,2612.86,140.78,27.07,2,Yes
1567,1844,3152,Late Delivery,2026-07-14,Late Delivery,1,Sellable,Processed,2026-07-14,2026-07-15,1846.78,108.03,19.14,9,Yes
1568,1845,3153,Wrong Item,2026-08-13,Late Delivery,2,Sellable,Processed,2026-08-13,2026-08-15,99399.44,86.14,19.52,4,Yes
1569,1846,3154,Late Delivery,2026-02-21,Customer Refused,1,Sellable,Failed,2026-02-21,2026-02-24,629.32,64.24,14.38,3,Yes
1570,1848,3156,Late Delivery,2024-12-20,Late Delivery,1,Opened,Pending,2024-12-20,2024-12-22,1268.75,74.84,30.66,8,Yes
1571,1849,3157,Late Delivery,2025-05-03,Late Delivery,1,Opened,Processed,2025-05-03,2025-05-06,28490.47,127.17,10.51,8,Yes
1572,1849,3158,Quality Issue,2025-05-02,Late Delivery,1,Damaged,Processed,2025-05-02,2025-05-05,74182.06,114.22,24.18,1,Yes
1573,1849,3159,Late Delivery,2025-05-06,Late Delivery,1,Damaged,Processed,2025-05-06,2025-05-08,53733.62,148.6,34.69,9,Yes
1574,1849,3160,Quality Issue,2025-05-05,Late Delivery,1,Sellable,Pending,2025-05-05,2025-05-08,57415.75,138.13,13.8,9,Yes
1575,1851,3162,Late Delivery,2026-06-04,Late Delivery,1,Opened,Processed,2026-06-04,2026-06-07,35380.31,89.98,11.57,2,Yes
1576,1851,3163,Quality Issue,2026-06-01,Late Delivery,1,Sellable,Processed,2026-06-01,2026-06-02,994.26,67.95,27.66,8,Yes
1577,1851,3164,Late Delivery,2026-06-02,Late Delivery,1,Opened,Processed,2026-06-02,2026-06-05,86983.02,108.48,31.95,9,Yes
1578,1851,3165,Quality Issue,2026-06-01,Late Delivery,1,Sellable,Processed,2026-06-01,2026-06-03,2847.02,107.87,18.14,8,Yes
1579,1852,3166,Late Delivery,2026-07-08,Customer Refused,1,Damaged,Processed,2026-07-08,2026-07-09,3000.31,131.8,12.03,8,Yes
1580,1853,3167,Wrong Item,2026-01-21,Late Delivery,1,Sellable,Pending,2026-01-22,2026-01-24,329.1,113.91,15.0,2,Yes
1581,1853,3168,Quality Issue,2026-01-18,Late Delivery,2,Opened,Processed,2026-01-19,2026-01-22,743.64,139.91,33.08,2,Yes
1582,1854,3169,Quality Issue,2026-02-06,Late Delivery,1,Opened,Processed,2026-02-06,2026-02-09,2481.69,113.21,33.02,6,Yes
1583,1854,3170,Late Delivery,2026-02-03,Late Delivery,1,Opened,Processed,2026-02-03,2026-02-04,2016.49,50.34,26.04,5,Yes
1584,1856,3173,Quality Issue,2025-08-02,Late Delivery,2,Damaged,Processed,2025-08-02,2025-08-03,902.02,96.77,38.23,1,Yes
1585,1857,3174,Quality Issue,2025-06-18,Customer Refused,1,Damaged,Processed,2025-06-18,2025-06-20,1694.23,118.29,13.9,7,Yes
1586,1858,3175,Quality Issue,2026-03-30,Customer Refused,1,Damaged,Processed,2026-03-30,2026-04-02,1017.99,61.43,24.51,9,Yes
1587,1860,3177,Quality Issue,2025-12-10,Customer Refused,1,Damaged,Processed,2025-12-10,2025-12-11,28606.14,71.6,31.96,5,Yes
1588,1861,3181,Quality Issue,2025-06-12,Changed Mind,1,Sellable,Processed,2025-06-12,,4017.89,113.76,48.74,5,Yes
1589,1864,3185,Late Delivery,2026-04-13,Late Delivery,2,Sellable,Processed,2026-04-13,2026-04-15,1636.58,60.55,27.15,5,Yes
1590,1865,3186,Wrong Item,2025-03-26,Customer Refused,1,Damaged,Pending,2025-03-26,2025-03-27,1164.22,107.81,29.99,8,Yes
1591,1865,3187,Quality Issue,2025-03-27,Customer Refused,1,Sellable,Pending,2025-03-27,2025-03-29,2119.28,64.13,27.86,5,Yes
1592,1868,3190,Quality Issue,2026-01-12,Customer Refused,1,Sellable,Processed,2026-01-12,2026-01-13,16535.89,83.71,27.54,3,Yes
1593,1874,3197,Late Delivery,2024-12-30,Customer Refused,1,Opened,Processed,2024-12-30,2025-01-02,2980.41,108.38,12.14,9,Yes
1594,1875,3198,Wrong Item,2026-01-05,Late Delivery,1,Sellable,Processed,2026-01-05,2026-01-08,25787.51,119.36,23.93,1,Yes
1595,1876,3199,Wrong Item,2026-01-27,Customer Refused,2,Opened,Processed,2026-01-27,2026-01-30,6678.06,137.31,32.91,5,Yes
1596,1876,3200,Late Delivery,2026-01-27,Customer Refused,1,Opened,Processed,2026-01-27,2026-01-30,43654.41,50.92,10.68,4,Yes
1597,1879,3205,Late Delivery,2025-10-18,Late Delivery,1,Sellable,Processed,2025-10-18,2025-10-20,197.42,131.45,37.22,8,Yes
1598,1881,3207,Quality Issue,2025-09-21,Late Delivery,2,Damaged,Failed,2025-09-21,2025-09-24,4908.6,57.13,19.03,3,Yes
1599,1881,3208,Wrong Item,2025-09-20,Late Delivery,2,Damaged,Pending,2025-09-20,2025-09-22,10336.09,84.09,21.87,4,Yes
1600,1882,3209,Late Delivery,2025-12-28,Late Delivery,1,Sellable,Pending,2025-12-28,2025-12-29,2111.59,50.71,22.11,7,Yes
1601,1883,3210,Late Delivery,2025-08-19,Late Delivery,2,Damaged,Processed,2025-08-19,2025-08-20,244619.02,63.85,37.04,2,Yes
1602,1883,3211,Late Delivery,2025-08-21,Late Delivery,2,Opened,Failed,2025-08-21,2025-08-23,154412.24,110.6,31.68,6,Yes
1603,1884,3212,Late Delivery,2026-05-05,Customer Refused,1,Opened,Processed,2026-05-05,2026-05-08,2840.63,75.58,17.47,4,Yes
1604,1887,3219,Wrong Item,2025-09-30,Late Delivery,2,Opened,Processed,2025-09-30,2025-10-03,66696.58,125.83,16.75,8,Yes
1605,1887,3220,Quality Issue,2025-09-30,Late Delivery,1,Damaged,Processed,2025-09-30,2025-10-02,765.04,78.25,30.84,7,Yes
1606,1888,3221,Wrong Item,2025-11-03,Customer Refused,1,Sellable,Pending,2025-11-03,2025-11-05,65541.56,148.11,15.66,5,Yes
1607,1888,3222,Wrong Item,2025-11-05,Customer Refused,2,Damaged,Processed,2025-11-05,2025-11-06,2941.57,120.91,39.28,4,Yes
1608,1890,3224,Wrong Item,2025-08-23,Product Quality,1,Defective,Processed,2025-08-23,2025-08-24,3702.86,111.32,25.97,9,Yes
1609,1894,3232,Quality Issue,2026-06-02,Late Delivery,1,Damaged,Processed,2026-06-02,2026-06-05,47885.06,78.08,31.71,4,Yes
1610,1894,3233,Late Delivery,2026-05-30,Late Delivery,1,Sellable,Processed,2026-05-30,2026-06-01,21316.74,74.11,22.68,9,Yes
1611,1894,3234,Quality Issue,2026-06-02,Late Delivery,1,Damaged,Processed,2026-06-02,2026-06-05,2812.89,70.85,22.1,1,Yes
1612,1894,3235,Wrong Item,2026-06-03,Late Delivery,1,Opened,Failed,2026-06-03,2026-06-06,2427.86,92.71,29.65,1,Yes
1613,1895,3236,Quality Issue,2024-12-08,Customer Refused,1,Damaged,Processed,2024-12-08,2024-12-09,1044.56,149.7,30.31,5,Yes
1614,1895,3237,Wrong Item,2024-12-04,Customer Refused,1,Opened,Processed,2024-12-04,2024-12-06,67594.75,59.04,32.46,6,Yes
1615,1895,3238,Wrong Item,2024-12-08,Customer Refused,3,Opened,Processed,2024-12-08,2024-12-10,24695.36,90.65,12.84,9,Yes
1616,1895,3239,Wrong Item,2024-12-04,Customer Refused,1,Sellable,Processed,2024-12-04,2024-12-07,156672.28,98.1,10.58,1,Yes
1617,1895,3240,Wrong Item,2024-12-07,Customer Refused,1,Sellable,Processed,2024-12-07,2024-12-09,823.27,136.92,22.11,6,Yes
1618,1898,3244,Wrong Item,2025-08-30,Late Delivery,1,Opened,Processed,2025-08-30,2025-09-02,2098.64,106.14,30.1,7,Yes
1619,1898,3245,Quality Issue,2025-09-03,Late Delivery,1,Damaged,Processed,2025-09-03,2025-09-06,667.72,76.83,12.12,6,Yes
1620,1898,3246,Wrong Item,2025-08-30,Late Delivery,1,Sellable,Processed,2025-08-30,2025-08-31,100878.51,144.75,39.28,5,Yes
1621,1900,3248,Wrong Item,2026-05-20,Customer Refused,3,Sellable,Processed,2026-05-20,2026-05-23,7569.8,131.63,38.34,8,Yes
1622,1901,3249,Late Delivery,2026-06-09,Customer Refused,2,Opened,Failed,2026-06-09,2026-06-12,3549.46,90.34,26.04,5,Yes
1623,1902,3250,Quality Issue,2025-03-03,Late Delivery,2,Sellable,Processed,2025-03-03,2025-03-06,13435.52,136.01,15.91,1,Yes
1624,1903,3251,Late Delivery,2025-08-01,Late Delivery,1,Damaged,Processed,2025-08-01,2025-08-03,165567.2,67.54,13.28,4,Yes
1625,1905,3253,Quality Issue,2026-06-07,Product Quality,1,Defective,Pending,2026-06-08,,0.0,123.76,35.46,4,No
1626,1906,3254,Quality Issue,2026-05-13,Customer Refused,1,Sellable,Processed,2026-05-13,2026-05-16,2065.52,77.05,20.7,9,Yes
1627,1906,3255,Quality Issue,2026-05-16,Customer Refused,2,Opened,Processed,2026-05-16,2026-05-18,174592.84,132.67,33.66,3,Yes
1628,1907,3256,Wrong Item,2026-06-14,Late Delivery,3,Opened,Failed,2026-06-15,2026-06-16,1661.94,64.23,43.81,6,Yes
1629,1908,3257,Late Delivery,2025-09-14,Customer Refused,3,Damaged,Processed,2025-09-14,2025-09-17,7970.27,62.82,36.55,9,Yes
1630,1910,3259,Quality Issue,2025-06-22,Customer Refused,1,Damaged,Pending,2025-06-22,2025-06-25,2446.23,54.05,27.35,5,Yes
1631,1911,3260,Quality Issue,2024-10-22,Late Delivery,1,Sellable,Failed,2024-10-22,2024-10-24,1605.82,83.87,28.69,4,Yes
1632,1914,3264,Late Delivery,2025-05-28,Product Quality,1,Sellable,Processed,2025-05-28,2025-05-29,1678.89,101.21,37.94,4,Yes
1633,1914,3266,Quality Issue,2025-05-30,Size/Fit Issue,1,Damaged,Processed,2025-05-30,2025-06-03,3474.78,163.41,22.71,4,Yes
1634,1915,3267,Wrong Item,2025-06-30,Late Delivery,1,Opened,Processed,2025-06-30,2025-07-01,2134.53,64.23,38.7,8,Yes
1635,1917,3269,Late Delivery,2025-04-27,Customer Refused,1,Sellable,Processed,2025-04-27,2025-04-29,1595.48,50.82,13.62,2,Yes
1636,1917,3270,Wrong Item,2025-04-24,Customer Refused,2,Opened,Processed,2025-04-24,2025-04-27,438.26,99.41,10.67,9,Yes
1637,1918,3271,Wrong Item,2025-06-16,Changed Mind,1,Sellable,Processed,2025-06-17,,1690.41,170.74,18.31,4,Yes
1638,1919,3274,Late Delivery,2026-01-31,Size/Fit Issue,1,Sellable,Processed,2026-01-31,2026-02-02,1341.32,113.77,48.92,1,Yes
1639,1921,3279,Wrong Item,2025-08-19,Late Delivery,1,Damaged,Processed,2025-08-19,2025-08-21,34264.42,138.92,32.72,3,Yes
1640,1922,3280,Late Delivery,2025-10-13,Customer Refused,1,Opened,Processed,2025-10-13,2025-10-16,2557.26,58.98,19.32,3,Yes
1641,1926,3290,Late Delivery,2025-10-16,Late Delivery,1,Damaged,Pending,2025-10-16,2025-10-19,6068.49,123.13,21.97,1,Yes
1642,1927,3291,Wrong Item,2025-06-17,Late Delivery,1,Sellable,Processed,2025-06-17,2025-06-19,3833.28,93.87,32.24,9,Yes
1643,1927,3292,Wrong Item,2025-06-17,Late Delivery,1,Opened,Pending,2025-06-17,2025-06-18,3177.29,73.91,39.78,4,Yes
1644,1927,3293,Late Delivery,2025-06-17,Late Delivery,2,Damaged,Processed,2025-06-17,2025-06-18,6049.88,122.6,20.26,1,Yes
1645,1928,3294,Late Delivery,2025-07-16,Late Delivery,1,Opened,Processed,2025-07-16,2025-07-17,47358.62,117.09,31.07,3,Yes
1646,1931,3298,Quality Issue,2025-03-06,Late Delivery,1,Damaged,Processed,2025-03-06,2025-03-07,44768.27,94.2,32.7,8,Yes
1647,1932,3299,Quality Issue,2024-10-02,Customer Refused,1,Sellable,Processed,2024-10-02,2024-10-05,2586.67,97.14,13.75,8,Yes
1648,1935,3303,Quality Issue,2026-01-07,Customer Refused,1,Opened,Processed,2026-01-07,2026-01-10,2498.44,59.15,38.76,5,Yes
1649,1936,3304,Quality Issue,2026-06-16,Customer Refused,1,Opened,Processed,2026-06-16,2026-06-19,150966.72,69.9,39.26,2,Yes
1650,1936,3305,Quality Issue,2026-06-19,Customer Refused,1,Opened,Processed,2026-06-19,2026-06-21,989.89,144.63,28.26,1,Yes
1651,1936,3306,Quality Issue,2026-06-15,Customer Refused,3,Opened,Processed,2026-06-15,2026-06-18,256645.99,87.71,27.31,7,Yes
1652,1936,3307,Quality Issue,2026-06-17,Customer Refused,1,Damaged,Processed,2026-06-17,2026-06-18,879.16,116.11,27.89,3,Yes
1653,1936,3308,Late Delivery,2026-06-16,Customer Refused,1,Sellable,Processed,2026-06-16,2026-06-17,2839.44,101.96,13.31,8,Yes
1654,1937,3309,Wrong Item,2026-07-21,Customer Refused,2,Damaged,Processed,2026-07-21,2026-07-24,7463.2,62.31,13.11,2,Yes
1655,1937,3310,Late Delivery,2026-07-21,Customer Refused,1,Sellable,Processed,2026-07-21,2026-07-23,93433.5,107.28,35.38,8,Yes
1656,1938,3311,Wrong Item,2026-06-22,Customer Refused,1,Sellable,Processed,2026-06-22,2026-06-24,2591.48,56.92,13.24,1,Yes
1657,1942,3315,Late Delivery,2026-06-09,Late Delivery,1,Damaged,Processed,2026-06-09,2026-06-11,82929.26,54.02,27.29,9,Yes
1658,1948,3323,Quality Issue,2025-12-20,Customer Refused,1,Sellable,Processed,2025-12-20,2025-12-22,1711.29,81.13,15.0,1,Yes
1659,1952,3327,Late Delivery,2024-11-20,Late Delivery,1,Damaged,Processed,2024-11-20,2024-11-23,3812.53,81.6,12.82,4,Yes
1660,1953,3328,Wrong Item,2024-12-09,Customer Refused,1,Opened,Processed,2024-12-10,2024-12-13,2127.83,74.55,31.72,8,Yes
1661,1955,3331,Late Delivery,2026-01-07,Late Delivery,1,Opened,Processed,2026-01-07,2026-01-09,1480.79,96.01,13.66,1,Yes
1662,1955,3332,Quality Issue,2026-01-09,Late Delivery,1,Damaged,Processed,2026-01-09,2026-01-11,17225.88,88.2,21.45,3,Yes
1663,1958,3335,Late Delivery,2025-04-04,Late Delivery,2,Sellable,Processed,2025-04-04,2025-04-07,3219.7,135.34,37.54,4,Yes
1664,1959,3336,Quality Issue,2025-02-17,Late Delivery,1,Damaged,Processed,2025-02-17,2025-02-19,721.06,113.67,12.99,4,Yes
1665,1960,3337,Late Delivery,2025-03-29,Customer Refused,1,Sellable,Processed,2025-03-29,2025-04-01,48882.84,122.63,30.78,7,Yes
1666,1960,3338,Late Delivery,2025-04-01,Customer Refused,1,Damaged,Processed,2025-04-01,2025-04-04,6678.03,92.29,31.49,2,Yes
1667,1960,3339,Wrong Item,2025-03-30,Customer Refused,1,Damaged,Processed,2025-03-30,2025-04-02,411.96,93.75,13.65,2,Yes
1668,1960,3340,Wrong Item,2025-03-30,Customer Refused,1,Sellable,Processed,2025-03-30,2025-04-01,1459.37,130.73,35.03,4,Yes
1669,1963,3343,Wrong Item,2024-12-24,Customer Refused,1,Damaged,Pending,2024-12-24,2024-12-27,76316.41,126.86,37.09,2,Yes
1670,1963,3344,Quality Issue,2024-12-25,Customer Refused,1,Opened,Processed,2024-12-25,2024-12-27,1188.26,78.45,22.94,7,Yes
1671,1963,3345,Late Delivery,2024-12-21,Customer Refused,1,Sellable,Failed,2024-12-21,2024-12-23,79678.91,103.81,13.3,1,Yes
1672,1963,3346,Quality Issue,2024-12-22,Customer Refused,1,Damaged,Processed,2024-12-22,2024-12-23,44799.74,54.34,12.26,7,Yes
1673,1963,3347,Late Delivery,2024-12-25,Customer Refused,1,Damaged,Processed,2024-12-25,2024-12-27,2972.99,138.42,36.99,2,Yes
1674,1967,3352,Quality Issue,2024-11-30,Customer Refused,1,Sellable,Pending,2024-11-30,2024-12-01,24073.36,138.67,30.64,2,Yes
1675,1967,3353,Late Delivery,2024-12-01,Customer Refused,1,Opened,Processed,2024-12-01,2024-12-02,6795.26,52.4,13.47,2,Yes
1676,1968,3356,Late Delivery,2026-06-30,Late Delivery,1,Sellable,Pending,2026-07-01,2026-07-04,485.49,77.21,30.05,9,Yes
1677,1969,3359,Late Delivery,2025-04-11,Late Delivery,1,Opened,Pending,2025-04-11,2025-04-12,183.64,144.51,19.2,5,Yes
1678,1969,3360,Quality Issue,2025-04-11,Late Delivery,1,Opened,Processed,2025-04-11,2025-04-12,543.78,130.84,27.96,2,Yes
1679,1969,3361,Wrong Item,2025-04-14,Late Delivery,1,Opened,Pending,2025-04-14,2025-04-17,420.62,117.4,33.46,3,Yes
1680,1969,3362,Wrong Item,2025-04-12,Late Delivery,1,Sellable,Processed,2025-04-12,2025-04-14,37908.59,77.06,15.11,4,Yes
1681,1969,3363,Quality Issue,2025-04-10,Late Delivery,1,Sellable,Pending,2025-04-10,2025-04-11,108995.56,113.14,28.22,4,Yes
1682,1971,3366,Wrong Item,2025-03-27,Late Delivery,1,Sellable,Processed,2025-03-28,2025-03-31,42827.29,119.76,15.75,7,Yes
1683,1973,3370,Quality Issue,2025-09-22,Customer Refused,1,Opened,Failed,2025-09-22,2025-09-25,1056.28,115.11,28.73,4,Yes
1684,1974,3371,Late Delivery,2025-01-13,Damaged Product,1,Damaged,Processed,2025-01-13,2025-01-15,4045.11,118.49,33.86,9,Yes
1685,1976,3373,Wrong Item,2024-09-27,Late Delivery,1,Sellable,Processed,2024-09-27,2024-09-29,4807.37,103.22,27.1,4,Yes
1686,1976,3374,Quality Issue,2024-09-24,Late Delivery,1,Opened,Processed,2024-09-24,2024-09-27,4226.68,60.94,24.41,7,Yes
1687,1977,3375,Quality Issue,2024-10-22,Late Delivery,2,Damaged,Processed,2024-10-22,2024-10-25,2075.42,63.76,38.19,8,Yes
1688,1978,3376,Late Delivery,2025-10-29,Customer Refused,1,Opened,Pending,2025-10-29,2025-10-31,1647.24,149.21,19.99,3,Yes
1689,1979,3377,Late Delivery,2025-05-22,Customer Refused,2,Damaged,Pending,2025-05-22,2025-05-23,65591.37,123.75,18.69,4,Yes
1690,1980,3378,Quality Issue,2026-01-22,Late Delivery,1,Sellable,Failed,2026-01-22,2026-01-24,79826.34,143.06,31.76,8,Yes
1691,1980,3379,Late Delivery,2026-01-23,Late Delivery,1,Sellable,Processed,2026-01-23,2026-01-24,134692.22,129.84,10.54,3,Yes
1692,1980,3380,Quality Issue,2026-01-23,Late Delivery,1,Sellable,Processed,2026-01-23,2026-01-24,6460.11,102.5,32.49,5,Yes
1693,1983,3384,Wrong Item,2024-10-31,Late Delivery,1,Sellable,Failed,2024-10-31,2024-11-01,415.76,63.6,27.55,1,Yes
1694,1983,3385,Wrong Item,2024-11-01,Late Delivery,2,Sellable,Processed,2024-11-01,2024-11-04,2560.54,106.62,19.17,2,Yes
1695,1986,3388,Late Delivery,2025-03-26,Late Delivery,1,Sellable,Pending,2025-03-26,2025-03-29,47358.62,118.95,17.4,2,Yes
1696,1987,3389,Quality Issue,2026-03-13,Customer Refused,1,Opened,Processed,2026-03-13,2026-03-16,47459.41,58.15,22.75,9,Yes
1697,1989,3391,Wrong Item,2025-07-07,Customer Refused,1,Damaged,Processed,2025-07-07,2025-07-09,2969.39,104.26,27.72,2,Yes
1698,1994,3402,Wrong Item,2025-08-28,Customer Refused,1,Opened,Processed,2025-08-28,2025-08-30,3469.11,129.93,28.21,5,Yes
1699,1994,3403,Wrong Item,2025-08-28,Customer Refused,1,Opened,Processed,2025-08-28,2025-08-30,3008.03,98.56,34.1,7,Yes
1700,1996,3405,Quality Issue,2026-02-01,Changed Mind,1,Sellable,Processed,2026-02-01,2026-02-03,1135.75,137.07,20.25,5,Yes
1701,1998,3407,Late Delivery,2025-01-04,Customer Refused,2,Sellable,Processed,2025-01-04,2025-01-05,92463.42,50.67,18.3,4,Yes
1702,2003,3412,Wrong Item,2025-11-16,Product Quality,1,Defective,Pending,2025-11-16,2025-11-17,3071.4,121.97,27.68,5,Yes
1703,2004,3416,Quality Issue,2025-12-22,Late Delivery,1,Damaged,Failed,2025-12-22,,0.0,133.51,38.99,2,No
1704,2005,3418,Wrong Item,2026-03-26,Late Delivery,1,Sellable,Processed,2026-03-26,2026-03-28,25418.66,112.42,16.49,6,Yes
1705,2005,3419,Wrong Item,2026-03-25,Late Delivery,3,Opened,Processed,2026-03-25,2026-03-26,8301.75,130.54,30.68,6,Yes
1706,2008,3425,Wrong Item,2026-05-20,Customer Refused,1,Damaged,Processed,2026-05-20,2026-05-22,3208.7,89.58,25.73,9,Yes
1707,2013,3433,Late Delivery,2024-11-25,Customer Refused,1,Sellable,Processed,2024-11-25,2024-11-26,22002.23,75.66,36.07,8,Yes
1708,2014,3434,Late Delivery,2025-10-28,Customer Refused,1,Sellable,Processed,2025-10-28,2025-10-30,7148.19,71.9,36.29,3,Yes
1709,2014,3435,Late Delivery,2025-10-28,Customer Refused,1,Opened,Processed,2025-10-28,2025-10-29,331.29,88.87,35.29,1,Yes
1710,2014,3436,Wrong Item,2025-10-30,Customer Refused,2,Damaged,Pending,2025-10-30,2025-10-31,188885.5,149.97,25.72,4,Yes
1711,2014,3437,Quality Issue,2025-10-29,Customer Refused,1,Sellable,Processed,2025-10-29,2025-10-31,90167.22,75.74,16.62,2,Yes
1712,2015,3438,Quality Issue,2026-03-06,Customer Refused,1,Sellable,Pending,2026-03-06,2026-03-09,2247.38,77.9,33.37,1,Yes
1713,2015,3439,Wrong Item,2026-03-07,Customer Refused,1,Sellable,Processed,2026-03-07,2026-03-10,10125.12,64.56,11.41,4,Yes
1714,2017,3441,Late Delivery,2024-11-29,Customer Refused,3,Opened,Processed,2024-11-29,2024-11-30,340848.57,85.33,12.05,8,Yes
1715,2018,3442,Quality Issue,2025-01-11,Late Delivery,1,Opened,Processed,2025-01-11,2025-01-12,879.21,129.03,15.84,5,Yes
1716,2021,3446,Late Delivery,2025-01-10,Late Delivery,1,Opened,Processed,2025-01-10,2025-01-11,51312.87,72.87,29.43,1,Yes
1717,2021,3447,Wrong Item,2025-01-14,Late Delivery,1,Damaged,Processed,2025-01-14,2025-01-16,43979.56,146.06,25.8,5,Yes
1718,2022,3448,Wrong Item,2024-09-11,Customer Refused,1,Damaged,Pending,2024-09-11,2024-09-13,5886.45,141.51,16.44,3,Yes
1719,2023,3449,Quality Issue,2024-10-04,Customer Refused,1,Sellable,Processed,2024-10-04,2024-10-06,557.13,147.93,14.31,8,Yes
1720,2023,3450,Late Delivery,2024-10-02,Customer Refused,3,Opened,Processed,2024-10-02,2024-10-04,1690.62,148.0,35.74,5,Yes
1721,2024,3451,Late Delivery,2026-04-30,Late Delivery,1,Opened,Processed,2026-04-30,2026-05-02,48313.43,121.39,29.75,4,Yes
1722,2024,3452,Quality Issue,2026-04-28,Late Delivery,1,Opened,Processed,2026-04-28,2026-05-01,143899.47,147.01,36.88,1,Yes
1723,2025,3453,Quality Issue,2025-09-03,Late Delivery,1,Sellable,Failed,2025-09-03,2025-09-06,120.23,69.51,12.84,3,Yes
1724,2030,3462,Late Delivery,2026-07-22,Customer Refused,1,Damaged,Processed,2026-07-22,2026-07-24,40160.77,89.37,33.88,5,Yes
1725,2034,3470,Late Delivery,2025-10-14,Not as Described,1,Opened,Processed,2025-10-14,2025-10-17,3885.87,175.36,47.67,1,Yes
1726,2035,3471,Quality Issue,2025-11-22,Late Delivery,1,Opened,Processed,2025-11-22,2025-11-23,2053.37,127.11,26.15,8,Yes
1727,2037,3473,Wrong Item,2026-01-07,Late Delivery,1,Sellable,Processed,2026-01-07,2026-01-09,3505.07,96.39,20.93,5,Yes
1728,2037,3474,Quality Issue,2026-01-10,Late Delivery,1,Sellable,Processed,2026-01-10,2026-01-13,2902.38,149.3,29.55,6,Yes
1729,2039,3477,Wrong Item,2026-05-26,Late Delivery,1,Damaged,Processed,2026-05-26,2026-05-27,8811.94,108.73,14.22,7,Yes
1730,2040,3478,Late Delivery,2026-07-28,Customer Refused,1,Opened,Processed,2026-07-28,2026-07-31,2068.04,58.63,25.05,7,Yes
1731,2040,3479,Late Delivery,2026-07-28,Customer Refused,1,Sellable,Processed,2026-07-28,2026-07-31,913.32,135.19,10.65,1,Yes
1732,2041,3481,Quality Issue,2026-04-29,Size/Fit Issue,1,Sellable,Processed,2026-04-29,2026-04-30,3556.82,85.17,33.35,4,Yes
1733,2042,3482,Late Delivery,2026-06-04,Customer Refused,1,Sellable,Processed,2026-06-04,2026-06-06,1677.12,110.68,10.31,6,Yes
1734,2043,3483,Quality Issue,2025-11-04,Customer Refused,1,Damaged,Pending,2025-11-04,2025-11-07,2228.05,102.7,19.12,5,Yes
1735,2045,3485,Quality Issue,2026-02-22,Customer Refused,1,Sellable,Processed,2026-02-22,2026-02-24,553.2,132.97,25.86,1,Yes
1736,2046,3486,Late Delivery,2026-04-01,Late Delivery,1,Damaged,Processed,2026-04-01,2026-04-03,758.95,87.54,21.82,5,Yes
1737,2046,3487,Late Delivery,2026-04-03,Late Delivery,2,Damaged,Processed,2026-04-03,2026-04-06,2782.4,60.91,34.76,1,Yes
1738,2048,3490,Wrong Item,2025-03-15,Late Delivery,1,Sellable,Processed,2025-03-15,2025-03-16,1172.49,116.05,39.06,9,Yes
1739,2054,3500,Late Delivery,2026-04-29,Late Delivery,2,Sellable,Processed,2026-04-29,2026-05-01,7198.48,113.76,18.7,2,Yes
1740,2055,3501,Late Delivery,2026-06-11,Late Delivery,1,Opened,Processed,2026-06-11,2026-06-14,2977.62,110.6,12.33,9,Yes
1741,2055,3502,Late Delivery,2026-06-10,Late Delivery,1,Sellable,Pending,2026-06-10,2026-06-13,2333.19,126.84,14.4,3,Yes
1742,2055,3503,Quality Issue,2026-06-09,Late Delivery,1,Damaged,Processed,2026-06-09,2026-06-11,2700.99,147.36,33.51,8,Yes
1743,2055,3504,Wrong Item,2026-06-12,Late Delivery,1,Sellable,Processed,2026-06-12,2026-06-13,4769.34,104.33,31.27,4,Yes
1744,2055,3505,Late Delivery,2026-06-11,Late Delivery,1,Sellable,Failed,2026-06-11,2026-06-12,1721.54,117.33,18.21,8,Yes
1745,2056,3506,Late Delivery,2025-01-14,Customer Refused,1,Sellable,Processed,2025-01-14,2025-01-17,64099.08,91.5,30.53,8,Yes
1746,2056,3507,Late Delivery,2025-01-11,Customer Refused,1,Sellable,Failed,2025-01-11,2025-01-13,1788.2,113.34,15.84,5,Yes
1747,2062,3514,Wrong Item,2026-04-12,Damaged Product,1,Damaged,Processed,2026-04-13,2026-04-17,3032.59,85.23,45.64,8,Yes
1748,2067,3521,Late Delivery,2024-12-26,Customer Refused,1,Opened,Processed,2024-12-26,2024-12-28,1578.22,124.44,19.43,3,Yes
1749,2068,3522,Late Delivery,2025-01-07,Not as Described,1,Sellable,Processed,2025-01-07,2025-01-08,2926.02,177.05,40.13,7,Yes
1750,2069,3523,Late Delivery,2025-02-14,Late Delivery,1,Opened,Processed,2025-02-14,2025-02-17,2028.95,63.04,32.65,3,Yes
1751,2070,3524,Quality Issue,2026-05-08,Customer Refused,2,Damaged,Processed,2026-05-08,2026-05-11,233491.32,53.16,19.58,9,Yes
1752,2070,3525,Quality Issue,2026-05-09,Customer Refused,1,Damaged,Processed,2026-05-09,2026-05-11,1415.45,55.35,35.93,9,Yes
1753,2070,3526,Quality Issue,2026-05-08,Customer Refused,1,Damaged,Processed,2026-05-08,2026-05-11,2362.3,125.11,22.4,3,Yes
1754,2073,3531,Wrong Item,2026-04-06,Late Delivery,1,Damaged,Processed,2026-04-06,2026-04-08,578.02,70.02,14.39,6,Yes
1755,2073,3532,Late Delivery,2026-04-05,Late Delivery,1,Damaged,Processed,2026-04-05,2026-04-07,1362.82,142.76,25.98,3,Yes
1756,2074,3533,Late Delivery,2024-12-16,Customer Refused,1,Sellable,Pending,2024-12-16,2024-12-17,3677.57,54.54,16.86,7,Yes
1757,2075,3534,Late Delivery,2025-03-02,Product Quality,1,Sellable,Pending,2025-03-02,2025-03-06,3603.31,141.01,35.75,8,Yes
1758,2077,3539,Wrong Item,2025-02-24,Late Delivery,1,Damaged,Processed,2025-02-25,2025-02-26,40160.77,107.09,36.09,1,Yes
1759,2077,3540,Wrong Item,2025-02-22,Late Delivery,1,Sellable,Processed,2025-02-23,2025-02-26,2865.73,117.2,23.81,4,Yes
1760,2078,3541,Wrong Item,2025-08-18,Customer Refused,2,Opened,Processed,2025-08-18,2025-08-21,6339.11,102.97,33.9,1,Yes
1761,2078,3542,Wrong Item,2025-08-20,Customer Refused,1,Damaged,Processed,2025-08-20,2025-08-22,21199.51,125.0,20.56,4,Yes
1762,2078,3543,Wrong Item,2025-08-20,Customer Refused,1,Sellable,Processed,2025-08-20,2025-08-23,1999.91,127.83,31.65,1,Yes
1763,2078,3544,Late Delivery,2025-08-17,Customer Refused,1,Damaged,Failed,2025-08-17,2025-08-19,2367.86,68.39,14.93,2,Yes
1764,2082,3552,Wrong Item,2025-07-02,Late Delivery,1,Opened,Pending,2025-07-02,2025-07-05,3885.29,103.86,36.59,5,Yes
1765,2082,3553,Wrong Item,2025-06-29,Late Delivery,1,Damaged,Failed,2025-06-29,2025-06-30,119759.19,91.98,14.35,7,Yes
1766,2082,3554,Wrong Item,2025-06-28,Late Delivery,1,Opened,Processed,2025-06-28,2025-07-01,1566.44,88.08,10.76,5,Yes
1767,2082,3555,Wrong Item,2025-06-29,Late Delivery,1,Sellable,Processed,2025-06-29,2025-06-30,33748.2,58.06,27.65,5,Yes
1768,2083,3556,Quality Issue,2026-02-25,Late Delivery,1,Sellable,Processed,2026-02-25,2026-02-27,1401.99,145.34,14.22,5,Yes
1769,2083,3557,Late Delivery,2026-02-28,Late Delivery,1,Damaged,Processed,2026-02-28,2026-03-01,1485.52,94.05,31.86,9,Yes
1770,2086,3560,Quality Issue,2026-03-13,Late Delivery,1,Damaged,Processed,2026-03-13,2026-03-16,3010.72,109.85,26.72,6,Yes
1771,2087,3561,Late Delivery,2026-03-31,Late Delivery,1,Sellable,Pending,2026-03-31,2026-04-02,1324.03,112.25,20.38,7,Yes
1772,2087,3562,Quality Issue,2026-03-31,Late Delivery,1,Sellable,Processed,2026-03-31,2026-04-01,6070.4,90.55,22.23,5,Yes
1773,2087,3563,Late Delivery,2026-03-29,Late Delivery,1,Damaged,Processed,2026-03-29,2026-03-30,2044.36,144.9,24.4,7,Yes
1774,2090,3566,Wrong Item,2024-11-26,Late Delivery,1,Sellable,Processed,2024-11-26,2024-11-29,37176.94,65.33,31.99,2,Yes
1775,2093,3572,Quality Issue,2026-03-15,Late Delivery,1,Opened,Processed,2026-03-15,2026-03-17,2520.21,50.57,34.22,6,Yes
1776,2095,3574,Wrong Item,2026-06-02,Late Delivery,2,Damaged,Pending,2026-06-02,2026-06-03,2163.31,66.07,26.66,9,Yes
1777,2099,3578,Quality Issue,2024-12-30,Not as Described,1,Damaged,Processed,2024-12-30,2024-12-31,846.63,154.28,36.51,2,Yes
1778,2101,3581,Quality Issue,2025-12-09,Customer Refused,1,Damaged,Processed,2025-12-09,2025-12-12,1296.99,107.48,17.91,3,Yes
1779,2103,3583,Late Delivery,2025-09-17,Customer Refused,1,Damaged,Processed,2025-09-17,2025-09-18,1599.31,98.57,30.07,6,Yes
1780,2109,3596,Late Delivery,2025-10-24,Customer Refused,1,Damaged,Processed,2025-10-24,2025-10-27,237.87,75.56,23.53,8,Yes
1781,2110,3597,Late Delivery,2025-07-03,Customer Refused,1,Damaged,Processed,2025-07-03,2025-07-06,127087.19,86.59,21.44,8,Yes
1782,2110,3598,Wrong Item,2025-07-03,Customer Refused,1,Sellable,Processed,2025-07-03,2025-07-05,4277.13,108.53,15.51,5,Yes
1783,2111,3599,Quality Issue,2025-07-22,Customer Refused,1,Damaged,Processed,2025-07-22,2025-07-25,85511.86,103.46,28.91,9,Yes
1784,2111,3600,Late Delivery,2025-07-22,Customer Refused,1,Sellable,Processed,2025-07-22,2025-07-25,71841.64,86.07,15.9,7,Yes
1785,2114,3604,Quality Issue,2026-01-13,Customer Refused,1,Sellable,Processed,2026-01-13,2026-01-14,4693.11,65.95,13.03,3,Yes
1786,2115,3605,Late Delivery,2025-02-15,Late Delivery,1,Opened,Processed,2025-02-15,2025-02-16,30816.9,135.29,38.16,3,Yes
1787,2115,3606,Late Delivery,2025-02-13,Late Delivery,2,Damaged,Processed,2025-02-13,2025-02-15,6002.6,72.07,32.47,5,Yes
1788,2115,3607,Late Delivery,2025-02-11,Late Delivery,1,Opened,Processed,2025-02-11,2025-02-14,69218.53,95.56,24.6,2,Yes
1789,2116,3608,Quality Issue,2025-03-12,Customer Refused,1,Damaged,Processed,2025-03-12,2025-03-13,1211.65,143.63,18.37,4,Yes
1790,2116,3609,Quality Issue,2025-03-15,Customer Refused,1,Opened,Processed,2025-03-15,2025-03-16,4429.19,58.09,18.23,1,Yes
1791,2116,3610,Wrong Item,2025-03-12,Customer Refused,1,Opened,Processed,2025-03-12,2025-03-14,361.07,144.31,34.59,3,Yes
1792,2116,3611,Wrong Item,2025-03-15,Customer Refused,1,Damaged,Processed,2025-03-15,2025-03-18,53396.05,94.49,13.21,5,Yes
1793,2116,3612,Quality Issue,2025-03-15,Customer Refused,1,Damaged,Processed,2025-03-15,2025-03-17,1441.68,137.56,23.43,2,Yes
1794,2118,3614,Quality Issue,2025-09-03,Late Delivery,3,Opened,Pending,2025-09-03,2025-09-04,19120.8,50.39,20.03,1,Yes
1795,2118,3615,Wrong Item,2025-09-02,Late Delivery,1,Damaged,Processed,2025-09-02,2025-09-05,3618.24,124.53,34.88,7,Yes
1796,2121,3618,Wrong Item,2025-06-27,Late Delivery,2,Damaged,Processed,2025-06-27,2025-06-30,5278.19,129.79,28.06,3,Yes
1797,2121,3619,Late Delivery,2025-06-26,Late Delivery,1,Opened,Processed,2025-06-26,2025-06-28,72409.38,61.11,38.46,5,Yes
1798,2122,3620,Wrong Item,2024-09-09,Customer Refused,1,Damaged,Processed,2024-09-09,2024-09-12,24462.17,72.76,21.06,9,Yes
1799,2122,3621,Quality Issue,2024-09-10,Customer Refused,1,Sellable,Pending,2024-09-10,2024-09-13,121423.54,121.1,16.9,9,Yes
1800,2124,3624,Wrong Item,2025-09-28,Customer Refused,1,Damaged,Processed,2025-09-28,2025-09-29,70253.66,54.76,38.82,1,Yes
1801,2125,3625,Quality Issue,2024-10-28,Customer Refused,1,Damaged,Processed,2024-10-28,2024-10-31,106453.86,78.6,24.35,5,Yes
1802,2126,3626,Late Delivery,2024-11-16,Late Delivery,1,Opened,Pending,2024-11-16,2024-11-19,1092.55,108.33,10.11,9,Yes
1803,2128,3632,Wrong Item,2026-02-06,Late Delivery,1,Damaged,Failed,2026-02-06,2026-02-08,1788.06,80.94,29.97,4,Yes
1804,2129,3633,Late Delivery,2025-03-16,Customer Refused,2,Opened,Processed,2025-03-16,2025-03-19,10935.7,59.03,15.84,9,Yes
1805,2130,3634,Quality Issue,2025-04-20,Late Delivery,3,Damaged,Pending,2025-04-20,2025-04-21,395531.53,129.56,13.33,5,Yes
1806,2131,3635,Wrong Item,2026-01-18,Customer Refused,1,Sellable,Processed,2026-01-18,2026-01-20,1996.81,136.25,38.31,2,Yes
1807,2134,3638,Wrong Item,2025-04-15,Customer Refused,1,Opened,Processed,2025-04-15,2025-04-17,37501.8,89.29,13.95,5,Yes
1808,2136,3644,Late Delivery,2025-01-24,Customer Refused,1,Sellable,Processed,2025-01-25,2025-01-26,2039.13,145.98,12.49,4,Yes
1809,2138,3650,Quality Issue,2025-11-10,Customer Refused,1,Opened,Pending,2025-11-11,2025-11-13,2785.23,92.38,21.7,5,Yes
1810,2142,3654,Wrong Item,2025-12-18,Customer Refused,1,Opened,Processed,2025-12-18,2025-12-21,1427.5,58.89,16.41,4,Yes
1811,2142,3655,Late Delivery,2025-12-19,Customer Refused,1,Sellable,Processed,2025-12-19,2025-12-20,1096.49,59.35,33.78,2,Yes
1812,2142,3656,Late Delivery,2025-12-19,Customer Refused,2,Opened,Processed,2025-12-19,2025-12-21,77951.96,102.72,27.85,6,Yes
1813,2142,3657,Wrong Item,2025-12-20,Customer Refused,2,Sellable,Processed,2025-12-20,2025-12-22,50908.32,148.51,11.98,5,Yes
1814,2147,3663,Quality Issue,2026-03-07,Customer Refused,1,Sellable,Processed,2026-03-07,2026-03-08,79042.42,59.86,37.33,4,Yes
1815,2147,3664,Late Delivery,2026-03-09,Customer Refused,1,Damaged,Processed,2026-03-09,2026-03-11,1578.22,67.23,30.1,2,Yes
1816,2149,3669,Quality Issue,2025-07-17,Size/Fit Issue,1,Sellable,Pending,2025-07-17,2025-07-20,1358.19,149.39,44.45,5,Yes
1817,2150,3670,Late Delivery,2024-09-25,Late Delivery,1,Sellable,Processed,2024-09-25,2024-09-27,3245.45,98.89,25.47,8,Yes
1818,2150,3671,Wrong Item,2024-09-22,Late Delivery,1,Opened,Processed,2024-09-22,2024-09-23,1986.57,122.2,36.43,8,Yes
1819,2150,3672,Quality Issue,2024-09-24,Late Delivery,1,Damaged,Pending,2024-09-24,2024-09-27,147417.49,147.76,27.02,8,Yes
1820,2150,3673,Wrong Item,2024-09-24,Late Delivery,2,Opened,Processed,2024-09-24,2024-09-25,16824.95,143.32,37.89,5,Yes
1821,2150,3674,Wrong Item,2024-09-25,Late Delivery,1,Damaged,Processed,2024-09-25,2024-09-26,57469.16,118.9,35.49,6,Yes
1822,2152,3676,Quality Issue,2024-09-01,Late Delivery,2,Sellable,Processed,2024-09-01,2024-09-04,3245.59,118.38,31.87,7,Yes
1823,2153,3677,Late Delivery,2026-01-24,Customer Refused,3,Opened,Processed,2026-01-24,2026-01-27,8759.67,66.78,22.61,4,Yes
1824,2153,3678,Wrong Item,2026-01-24,Customer Refused,1,Sellable,Processed,2026-01-24,2026-01-27,84890.72,110.32,39.33,2,Yes
1825,2156,3682,Wrong Item,2024-10-26,Damaged Product,1,Damaged,Processed,2024-10-26,2024-10-29,2922.46,135.26,17.0,3,Yes
1826,2157,3683,Quality Issue,2024-12-04,Late Delivery,1,Damaged,Processed,2024-12-04,2024-12-07,1409.51,52.2,30.05,5,Yes
1827,2157,3684,Late Delivery,2024-12-07,Late Delivery,3,Opened,Processed,2024-12-07,2024-12-10,1132.03,144.16,24.91,5,Yes
1828,2158,3685,Quality Issue,2025-09-01,Late Delivery,2,Damaged,Processed,2025-09-01,2025-09-04,104564.06,58.49,16.49,3,Yes
1829,2158,3686,Quality Issue,2025-09-01,Late Delivery,1,Opened,Processed,2025-09-01,2025-09-02,77667.93,132.3,36.96,3,Yes
1830,2160,3689,Quality Issue,2025-01-01,Late Delivery,1,Damaged,Failed,2025-01-01,2025-01-04,99763.42,130.47,12.66,9,Yes
1831,2160,3690,Late Delivery,2024-12-31,Late Delivery,1,Opened,Processed,2024-12-31,2025-01-02,106936.71,80.14,16.38,7,Yes
1832,2163,3693,Late Delivery,2026-08-15,Customer Refused,1,Damaged,Processed,2026-08-15,2026-08-18,2779.88,122.12,17.15,5,Yes
1833,2164,3694,Wrong Item,2025-08-09,Late Delivery,1,Opened,Failed,2025-08-09,2025-08-10,8963.89,87.94,11.49,8,Yes
1834,2165,3695,Quality Issue,2025-09-16,Customer Refused,1,Sellable,Processed,2025-09-16,2025-09-18,23326.07,77.3,23.95,3,Yes
1835,2166,3696,Quality Issue,2025-07-13,Customer Refused,2,Damaged,Processed,2025-07-13,2025-07-14,3766.41,63.73,23.65,3,Yes
1836,2168,3699,Late Delivery,2025-01-07,Late Delivery,1,Sellable,Processed,2025-01-07,2025-01-08,797.99,63.45,37.86,6,Yes
1837,2169,3700,Late Delivery,2026-07-16,Late Delivery,2,Damaged,Processed,2026-07-16,2026-07-18,2871.64,67.56,20.98,9,Yes
1838,2169,3701,Late Delivery,2026-07-16,Late Delivery,1,Opened,Failed,2026-07-16,2026-07-18,40567.16,93.92,22.75,3,Yes
1839,2169,3702,Late Delivery,2026-07-15,Late Delivery,1,Opened,Processed,2026-07-15,2026-07-16,12540.84,96.5,20.25,3,Yes
1840,2169,3703,Quality Issue,2026-07-18,Late Delivery,1,Sellable,Processed,2026-07-18,2026-07-19,3635.19,119.5,36.83,6,Yes
1841,2169,3704,Wrong Item,2026-07-15,Late Delivery,2,Sellable,Processed,2026-07-15,2026-07-16,40493.78,146.51,27.23,6,Yes
1842,2170,3705,Late Delivery,2024-08-26,Customer Refused,1,Opened,Processed,2024-08-26,2024-08-28,2247.13,71.07,17.43,4,Yes
1843,2170,3706,Quality Issue,2024-08-29,Customer Refused,1,Sellable,Processed,2024-08-29,2024-09-01,2259.59,134.37,38.74,5,Yes
1844,2171,3707,Quality Issue,2025-04-26,Customer Refused,1,Opened,Processed,2025-04-26,2025-04-28,6869.59,84.6,15.95,5,Yes
1845,2171,3708,Wrong Item,2025-04-30,Customer Refused,1,Damaged,Pending,2025-04-30,2025-05-01,76054.27,68.73,21.57,2,Yes
1846,2174,3711,Quality Issue,2026-04-17,Late Delivery,1,Damaged,Processed,2026-04-17,2026-04-20,2438.6,67.8,31.78,4,Yes
1847,2174,3712,Late Delivery,2026-04-14,Late Delivery,1,Damaged,Failed,2026-04-14,2026-04-17,1458.66,100.77,37.51,6,Yes
1848,2176,3715,Quality Issue,2024-12-12,Late Delivery,2,Opened,Processed,2024-12-12,2024-12-13,43104.62,143.92,16.06,6,Yes
1849,2176,3716,Quality Issue,2024-12-12,Late Delivery,1,Damaged,Processed,2024-12-12,2024-12-14,369.78,73.52,12.09,8,Yes
1850,2176,3717,Late Delivery,2024-12-12,Late Delivery,3,Sellable,Processed,2024-12-12,2024-12-14,6042.99,121.49,26.8,3,Yes
1851,2176,3718,Late Delivery,2024-12-12,Late Delivery,1,Sellable,Processed,2024-12-12,2024-12-15,22410.21,82.66,11.59,9,Yes
1852,2176,3719,Late Delivery,2024-12-13,Late Delivery,2,Sellable,Pending,2024-12-13,2024-12-15,4483.32,64.42,31.79,1,Yes
1853,2177,3720,Wrong Item,2025-09-10,Late Delivery,1,Sellable,Processed,2025-09-10,2025-09-11,2113.22,61.94,30.34,3,Yes
1854,2177,3721,Late Delivery,2025-09-10,Late Delivery,1,Opened,Processed,2025-09-10,2025-09-12,1776.03,69.12,24.29,3,Yes
1855,2178,3722,Late Delivery,2024-10-27,Customer Refused,2,Opened,Processed,2024-10-27,2024-10-29,2576.72,84.05,39.08,9,Yes
1856,2178,3723,Wrong Item,2024-10-27,Customer Refused,1,Damaged,Processed,2024-10-27,2024-10-30,3804.36,120.9,23.59,3,Yes
1857,2180,3725,Quality Issue,2025-10-18,Customer Refused,1,Opened,Processed,2025-10-18,2025-10-20,913.32,138.87,36.69,7,Yes
1858,2183,3729,Late Delivery,2025-02-11,Size/Fit Issue,1,Defective,Processed,2025-02-12,2025-02-16,2120.98,170.56,28.28,8,Yes
1859,2184,3730,Late Delivery,2025-03-02,Late Delivery,1,Damaged,Processed,2025-03-02,2025-03-04,38562.36,82.76,17.26,2,Yes
1860,2187,3734,Quality Issue,2025-03-21,Customer Refused,1,Damaged,Pending,2025-03-21,2025-03-22,1095.9,51.3,38.09,5,Yes
1861,2187,3735,Late Delivery,2025-03-21,Customer Refused,1,Opened,Processed,2025-03-21,2025-03-22,2103.32,116.25,33.84,6,Yes
1862,2187,3736,Late Delivery,2025-03-20,Customer Refused,2,Opened,Failed,2025-03-20,2025-03-21,963.89,109.87,13.87,4,Yes
1863,2187,3737,Quality Issue,2025-03-20,Customer Refused,3,Sellable,Processed,2025-03-20,2025-03-22,113608.86,88.43,23.39,1,Yes
1864,2188,3738,Wrong Item,2025-10-20,Late Delivery,3,Damaged,Pending,2025-10-20,2025-10-21,71117.88,100.77,16.65,9,Yes
1865,2190,3740,Wrong Item,2025-07-21,Late Delivery,1,Opened,Processed,2025-07-21,2025-07-23,95802.08,84.42,29.72,5,Yes
1866,2194,3744,Late Delivery,2025-11-04,Customer Refused,1,Sellable,Pending,2025-11-04,2025-11-05,318.88,91.91,10.6,7,Yes
1867,2195,3745,Wrong Item,2026-07-08,Late Delivery,1,Opened,Processed,2026-07-08,2026-07-09,1468.78,55.73,34.32,6,Yes
1868,2195,3746,Quality Issue,2026-07-04,Late Delivery,2,Opened,Processed,2026-07-04,2026-07-07,7796.58,67.73,22.08,4,Yes
1869,2195,3747,Quality Issue,2026-07-07,Late Delivery,2,Damaged,Processed,2026-07-07,2026-07-08,128723.24,97.29,37.71,3,Yes
1870,2196,3748,Wrong Item,2026-08-12,Customer Refused,1,Opened,Processed,2026-08-12,2026-08-13,4852.31,93.29,38.83,8,Yes
1871,2198,3752,Wrong Item,2026-02-05,Late Delivery,1,Opened,Processed,2026-02-05,2026-02-07,3563.92,91.03,26.38,2,Yes
1872,2199,3753,Wrong Item,2025-11-29,Product Quality,1,Sellable,Processed,2025-11-29,2025-12-03,1844.43,110.42,48.19,9,Yes
1873,2200,3754,Quality Issue,2025-12-21,Customer Refused,1,Damaged,Processed,2025-12-21,2025-12-24,92165.84,114.07,23.24,5,Yes
1874,2201,3755,Wrong Item,2026-01-09,Customer Refused,1,Damaged,Processed,2026-01-09,2026-01-12,120746.52,127.31,36.54,9,Yes
1875,2201,3756,Wrong Item,2026-01-06,Customer Refused,1,Opened,Processed,2026-01-06,2026-01-08,62115.24,55.85,12.96,5,Yes
1876,2203,3758,Quality Issue,2025-07-15,Customer Refused,1,Sellable,Processed,2025-07-15,2025-07-16,1181.56,107.5,27.74,5,Yes
1877,2205,3760,Wrong Item,2025-08-07,Late Delivery,1,Damaged,Processed,2025-08-07,2025-08-08,15195.95,89.12,34.99,2,Yes
1878,2211,3767,Late Delivery,2025-04-05,Customer Refused,1,Sellable,Processed,2025-04-05,2025-04-06,4748.1,96.5,10.99,1,Yes
1879,2212,3768,Quality Issue,2025-07-18,Customer Refused,1,Sellable,Failed,2025-07-18,2025-07-19,3481.03,139.87,13.92,6,Yes
1880,2214,3770,Late Delivery,2026-03-17,Customer Refused,1,Damaged,Processed,2026-03-17,2026-03-19,32277.62,92.89,23.75,3,Yes
1881,2215,3771,Quality Issue,2024-08-29,Late Delivery,1,Sellable,Processed,2024-08-29,2024-08-31,166527.88,145.08,38.52,2,Yes
1882,2215,3772,Wrong Item,2024-08-25,Late Delivery,3,Sellable,Processed,2024-08-25,2024-08-26,60725.8,66.37,29.34,6,Yes
1883,2216,3773,Wrong Item,2024-09-30,Late Delivery,1,Damaged,Failed,2024-09-30,2024-10-02,80896.1,115.78,12.93,2,Yes
1884,2220,3780,Quality Issue,2025-01-24,Customer Refused,1,Opened,Processed,2025-01-24,2025-01-25,530.22,122.11,16.8,9,Yes
1885,2220,3781,Late Delivery,2025-01-21,Customer Refused,1,Opened,Processed,2025-01-21,2025-01-23,65896.97,61.79,24.78,3,Yes
1886,2220,3782,Late Delivery,2025-01-21,Customer Refused,1,Damaged,Processed,2025-01-21,2025-01-24,1938.02,69.6,10.53,5,Yes
1887,2220,3783,Wrong Item,2025-01-25,Customer Refused,1,Opened,Processed,2025-01-25,2025-01-28,2601.88,113.55,20.87,7,Yes
1888,2220,3784,Wrong Item,2025-01-24,Customer Refused,1,Opened,Processed,2025-01-24,2025-01-25,18008.8,62.91,38.55,8,Yes
1889,2222,3786,Wrong Item,2024-12-30,Late Delivery,1,Sellable,Processed,2024-12-30,2024-12-31,66425.97,68.04,30.72,9,Yes
1890,2222,3787,Late Delivery,2024-12-27,Late Delivery,1,Opened,Processed,2024-12-27,2024-12-29,2706.99,103.93,16.91,4,Yes
1891,2224,3789,Wrong Item,2024-12-18,Not as Described,1,Opened,Processed,2024-12-18,2024-12-19,20416.24,67.36,40.33,6,Yes
1892,2226,3796,Late Delivery,2026-04-09,Size/Fit Issue,1,Opened,Processed,2026-04-09,2026-04-11,2518.21,94.65,40.58,1,Yes
1893,2228,3798,Quality Issue,2025-10-15,Customer Refused,1,Damaged,Processed,2025-10-15,2025-10-17,10565.62,94.23,20.77,8,Yes
1894,2229,3799,Quality Issue,2026-02-19,Late Delivery,1,Sellable,Processed,2026-02-19,2026-02-20,1563.36,131.41,28.44,3,Yes
1895,2230,3800,Late Delivery,2026-03-17,Late Delivery,1,Sellable,Processed,2026-03-18,2026-03-20,37908.59,120.19,20.64,6,Yes
1896,2230,3801,Quality Issue,2026-03-13,Late Delivery,1,Sellable,Processed,2026-03-14,2026-03-16,33011.51,50.29,38.03,1,Yes
1897,2230,3802,Quality Issue,2026-03-14,Late Delivery,1,Opened,Processed,2026-03-15,2026-03-17,47358.62,88.72,26.39,8,Yes
1898,2233,3805,Quality Issue,2025-07-30,Customer Refused,2,Damaged,Processed,2025-07-30,2025-08-02,2641.82,144.87,21.96,8,Yes
1899,2234,3806,Late Delivery,2025-08-31,Customer Refused,1,Damaged,Processed,2025-08-31,2025-09-02,43230.9,146.8,23.23,9,Yes
1900,2235,3807,Wrong Item,2025-04-13,Size/Fit Issue,1,Defective,Processed,2025-04-13,2025-04-16,5467.85,166.2,40.94,5,Yes
1901,2236,3808,Quality Issue,2025-05-06,Customer Refused,1,Opened,Processed,2025-05-06,2025-05-09,34891.8,113.97,35.61,3,Yes
1902,2237,3809,Wrong Item,2025-09-16,Customer Refused,2,Opened,Processed,2025-09-16,2025-09-19,50957.09,86.47,26.66,5,Yes
1903,2239,3811,Late Delivery,2025-05-05,Late Delivery,1,Opened,Processed,2025-05-06,2025-05-07,487.17,122.01,23.3,7,Yes
1904,2241,3814,Late Delivery,2025-08-16,Customer Refused,1,Sellable,Processed,2025-08-16,2025-08-19,452.74,121.48,20.1,1,Yes
1905,2241,3815,Quality Issue,2025-08-17,Customer Refused,1,Damaged,Processed,2025-08-17,2025-08-19,67752.1,53.52,38.22,2,Yes
1906,2242,3816,Quality Issue,2024-12-25,Customer Refused,1,Damaged,Processed,2024-12-25,2024-12-26,33587.88,59.81,26.54,7,Yes
1907,2242,3817,Late Delivery,2024-12-27,Customer Refused,3,Sellable,Processed,2024-12-27,2024-12-29,29173.98,92.44,23.94,3,Yes
1908,2242,3818,Wrong Item,2024-12-25,Customer Refused,2,Opened,Processed,2024-12-25,2024-12-28,55388.71,101.62,19.24,9,Yes
1909,2242,3819,Quality Issue,2024-12-27,Customer Refused,1,Damaged,Processed,2024-12-27,2024-12-30,1281.91,118.38,16.94,6,Yes
1910,2242,3820,Wrong Item,2024-12-27,Customer Refused,1,Opened,Processed,2024-12-27,2024-12-29,2541.22,106.16,10.3,6,Yes
1911,2245,3823,Wrong Item,2025-07-20,Late Delivery,1,Opened,Processed,2025-07-21,2025-07-22,29011.05,115.02,39.48,9,Yes
1912,2245,3824,Late Delivery,2025-07-24,Late Delivery,1,Sellable,Processed,2025-07-25,2025-07-28,7124.42,146.62,32.25,3,Yes
1913,2246,3825,Late Delivery,2025-08-07,Customer Refused,1,Sellable,Processed,2025-08-07,2025-08-08,38541.09,51.77,35.52,5,Yes
1914,2247,3826,Late Delivery,2026-07-13,Late Delivery,1,Damaged,Failed,2026-07-13,2026-07-14,2543.92,97.68,37.96,5,Yes
1915,2249,3828,Late Delivery,2026-05-02,Late Delivery,1,Opened,Processed,2026-05-02,2026-05-04,53310.1,144.04,12.28,4,Yes
1916,2249,3829,Wrong Item,2026-05-04,Late Delivery,1,Opened,Processed,2026-05-04,2026-05-07,22182.81,60.34,20.29,4,Yes
1917,2249,3830,Late Delivery,2026-05-05,Late Delivery,1,Opened,Processed,2026-05-05,2026-05-06,2495.84,113.6,35.42,2,Yes
1918,2250,3831,Late Delivery,2024-11-02,Customer Refused,1,Opened,Processed,2024-11-02,2024-11-04,1451.46,145.74,39.81,6,Yes
1919,2250,3832,Wrong Item,2024-10-31,Customer Refused,1,Damaged,Processed,2024-10-31,2024-11-02,937.54,110.68,35.56,4,Yes
1920,2250,3833,Wrong Item,2024-11-02,Customer Refused,1,Damaged,Processed,2024-11-02,2024-11-04,2852.36,147.55,33.87,8,Yes
1921,2251,3838,Late Delivery,2025-10-15,Damaged Product,1,Opened,Processed,2025-10-16,2025-10-17,3164.45,113.03,35.9,9,Yes
1922,2254,3841,Wrong Item,2025-08-19,Late Delivery,1,Opened,Processed,2025-08-19,2025-08-22,80664.84,133.78,22.63,5,Yes
1923,2256,3844,Wrong Item,2024-10-28,Late Delivery,1,Opened,Processed,2024-10-28,2024-10-29,1549.74,119.69,21.58,3,Yes
1924,2258,3846,Wrong Item,2025-04-11,Late Delivery,1,Damaged,Processed,2025-04-11,2025-04-13,80186.2,62.03,26.49,9,Yes
1925,2260,3848,Wrong Item,2026-05-15,Late Delivery,1,Damaged,Processed,2026-05-15,2026-05-16,25796.69,118.81,24.39,9,Yes
1926,2261,3849,Quality Issue,2026-06-08,Late Delivery,1,Sellable,Processed,2026-06-09,2026-06-10,91105.66,122.94,36.99,9,Yes
1927,2262,3850,Late Delivery,2025-12-15,Customer Refused,1,Sellable,Processed,2025-12-15,2025-12-17,4400.83,108.18,22.53,8,Yes
1928,2262,3851,Quality Issue,2025-12-11,Customer Refused,2,Damaged,Pending,2025-12-11,2025-12-14,2827.9,71.51,17.64,3,Yes
1929,2262,3852,Wrong Item,2025-12-12,Customer Refused,1,Damaged,Pending,2025-12-12,2025-12-15,40382.38,71.84,27.09,2,Yes
1930,2262,3853,Wrong Item,2025-12-13,Customer Refused,1,Opened,Processed,2025-12-13,2025-12-15,2474.38,122.13,32.76,4,Yes
1931,2262,3854,Wrong Item,2025-12-15,Customer Refused,1,Opened,Processed,2025-12-15,2025-12-17,84952.08,141.28,36.41,6,Yes
1932,2263,3855,Wrong Item,2025-10-21,Customer Refused,1,Sellable,Processed,2025-10-21,2025-10-22,3718.85,108.91,15.81,6,Yes
1933,2263,3856,Quality Issue,2025-10-17,Customer Refused,1,Sellable,Failed,2025-10-17,2025-10-18,158189.7,58.5,38.12,7,Yes
1934,2265,3858,Quality Issue,2025-05-11,Changed Mind,2,Sellable,Processed,2025-05-11,2025-05-13,1154.32,128.23,40.93,2,Yes
1935,2267,3860,Quality Issue,2026-04-19,Late Delivery,1,Sellable,Processed,2026-04-19,2026-04-22,39719.45,106.25,28.67,7,Yes
1936,2267,3861,Quality Issue,2026-04-18,Late Delivery,1,Damaged,Processed,2026-04-18,2026-04-21,2420.55,87.62,17.3,5,Yes
1937,2269,3863,Late Delivery,2026-08-06,Customer Refused,1,Sellable,Pending,2026-08-06,2026-08-09,139884.85,83.47,19.74,8,Yes
1938,2274,3869,Wrong Item,2026-03-16,Customer Refused,1,Sellable,Processed,2026-03-16,2026-03-17,9194.85,88.57,33.87,6,Yes
1939,2275,3871,Wrong Item,2026-04-07,Product Quality,1,Opened,Processed,2026-04-07,2026-04-11,1811.5,103.8,40.84,8,Yes
1940,2276,3875,Late Delivery,2026-03-21,Damaged Product,1,Damaged,Processed,2026-03-21,2026-03-25,112070.62,77.1,34.97,8,Yes
1941,2277,3876,Quality Issue,2026-04-11,Late Delivery,1,Opened,Processed,2026-04-12,2026-04-13,3014.06,96.39,12.72,8,Yes
1942,2279,3879,Late Delivery,2025-11-01,Customer Refused,1,Damaged,Processed,2025-11-02,2025-11-03,370.99,88.09,32.82,8,Yes
1943,2279,3880,Late Delivery,2025-11-01,Customer Refused,1,Opened,Processed,2025-11-02,2025-11-05,47988.03,57.65,27.93,9,Yes
1944,2280,3881,Quality Issue,2025-04-09,Late Delivery,1,Damaged,Processed,2025-04-09,2025-04-11,280.9,113.68,31.63,4,Yes
1945,2282,3884,Quality Issue,2026-02-07,Late Delivery,1,Sellable,Processed,2026-02-07,2026-02-09,5857.66,121.27,12.99,9,Yes
1946,2284,3886,Quality Issue,2025-12-16,Customer Refused,1,Sellable,Processed,2025-12-16,2025-12-19,38234.86,89.86,34.47,3,Yes
1947,2285,3887,Wrong Item,2025-11-19,Late Delivery,1,Sellable,Processed,2025-11-19,2025-11-20,3589.1,86.98,11.32,6,Yes
1948,2285,3888,Wrong Item,2025-11-16,Late Delivery,1,Opened,Processed,2025-11-16,2025-11-18,27979.31,136.65,10.17,2,Yes
1949,2286,3889,Wrong Item,2025-07-07,Customer Refused,1,Sellable,Processed,2025-07-07,2025-07-10,118948.19,92.11,22.04,9,Yes
1950,2286,3890,Late Delivery,2025-07-07,Customer Refused,1,Opened,Failed,2025-07-07,2025-07-08,3377.19,148.16,14.02,7,Yes
1951,2286,3891,Wrong Item,2025-07-07,Customer Refused,1,Opened,Processed,2025-07-07,2025-07-10,67349.49,64.52,17.81,7,Yes
1952,2289,3895,Wrong Item,2025-05-18,Late Delivery,2,Sellable,Processed,2025-05-18,2025-05-19,61895.48,130.24,18.1,8,Yes
1953,2289,3896,Quality Issue,2025-05-16,Late Delivery,1,Opened,Pending,2025-05-16,2025-05-19,1739.85,71.54,29.47,7,Yes
1954,2290,3897,Wrong Item,2024-11-06,Customer Refused,1,Damaged,Processed,2024-11-06,2024-11-08,721.06,112.35,26.62,4,Yes
1955,2290,3898,Wrong Item,2024-11-07,Customer Refused,1,Damaged,Processed,2024-11-07,2024-11-10,77339.97,89.25,37.22,8,Yes
1956,2291,3899,Quality Issue,2026-02-06,Customer Refused,1,Damaged,Processed,2026-02-06,2026-02-08,111784.55,83.81,28.31,4,Yes
1957,2292,3900,Wrong Item,2026-02-02,Late Delivery,1,Sellable,Pending,2026-02-02,2026-02-03,468.23,113.62,29.27,5,Yes
1958,2295,3903,Wrong Item,2025-07-26,Late Delivery,1,Sellable,Processed,2025-07-26,2025-07-29,1927.66,98.63,28.68,1,Yes
1959,2299,3907,Wrong Item,2025-08-07,Late Delivery,1,Opened,Processed,2025-08-07,2025-08-08,4058.97,142.49,33.68,5,Yes
1960,2301,3910,Wrong Item,2026-02-25,Changed Mind,1,Damaged,Processed,2026-02-26,2026-03-02,41124.44,91.62,30.95,4,Yes
1961,2303,3912,Quality Issue,2024-10-05,Customer Refused,1,Sellable,Failed,2024-10-05,2024-10-07,73273.89,78.06,29.19,6,Yes
1962,2306,3915,Late Delivery,2025-03-29,Late Delivery,2,Sellable,Processed,2025-03-29,2025-03-31,173586.86,94.45,29.73,2,Yes
1963,2309,3918,Late Delivery,2025-10-31,Late Delivery,1,Opened,Processed,2025-10-31,2025-11-03,787.4,112.96,38.16,2,Yes
1964,2312,3926,Wrong Item,2024-12-03,Customer Refused,1,Damaged,Processed,2024-12-03,2024-12-05,756.71,97.44,17.71,8,Yes
1965,2312,3927,Quality Issue,2024-12-04,Customer Refused,1,Opened,Processed,2024-12-04,2024-12-05,358.85,80.97,26.9,9,Yes
1966,2313,3928,Late Delivery,2025-01-01,Customer Refused,1,Sellable,Processed,2025-01-01,2025-01-03,80625.02,66.31,21.6,7,Yes
1967,2314,3929,Late Delivery,2025-08-08,Customer Refused,1,Sellable,Processed,2025-08-08,2025-08-10,3540.07,143.8,39.9,6,Yes
1968,2315,3930,Wrong Item,2025-10-24,Customer Refused,1,Sellable,Processed,2025-10-24,2025-10-26,79077.08,78.94,18.79,2,Yes
1969,2316,3935,Quality Issue,2024-08-19,Damaged Product,1,Defective,Processed,2024-08-19,2024-08-21,1828.84,97.09,21.01,4,Yes
1970,2317,3936,Wrong Item,2024-09-21,Customer Refused,2,Damaged,Processed,2024-09-21,2024-09-22,57238.73,99.52,29.14,2,Yes
1971,2317,3937,Quality Issue,2024-09-19,Customer Refused,1,Damaged,Processed,2024-09-19,2024-09-20,11745.46,135.7,10.41,1,Yes
1972,2317,3938,Quality Issue,2024-09-19,Customer Refused,3,Sellable,Pending,2024-09-19,2024-09-20,6137.31,107.54,10.76,2,Yes
1973,2319,3945,Late Delivery,2024-10-05,Size/Fit Issue,1,Opened,Failed,2024-10-05,2024-10-09,2444.62,79.1,35.03,7,Yes
1974,2320,3946,Quality Issue,2026-08-07,Late Delivery,1,Damaged,Processed,2026-08-07,2026-08-08,3234.72,133.54,10.25,9,Yes
1975,2321,3947,Wrong Item,2024-10-15,Size/Fit Issue,1,Sellable,Processed,2024-10-16,2024-10-20,1747.18,91.68,43.86,6,Yes
1976,2321,3948,Quality Issue,2024-10-15,Not as Described,1,Opened,Processed,2024-10-15,2024-10-17,1008.02,170.68,30.71,5,Yes
1977,2323,3950,Wrong Item,2025-06-02,Customer Refused,1,Opened,Processed,2025-06-02,2025-06-05,1979.87,53.07,30.52,4,Yes
1978,2323,3951,Wrong Item,2025-06-01,Customer Refused,1,Opened,Processed,2025-06-01,2025-06-03,53739.08,113.77,28.37,1,Yes
1979,2323,3952,Wrong Item,2025-05-30,Customer Refused,1,Damaged,Processed,2025-05-30,2025-05-31,33746.2,57.66,38.33,4,Yes
1980,2323,3953,Quality Issue,2025-05-30,Customer Refused,1,Damaged,Processed,2025-05-30,2025-06-01,1808.59,81.18,28.04,5,Yes
1981,2326,3957,Wrong Item,2024-10-14,Size/Fit Issue,1,Damaged,Processed,2024-10-14,2024-10-18,4585.73,141.96,26.82,9,Yes
1982,2327,3958,Late Delivery,2024-11-09,Customer Refused,1,Opened,Processed,2024-11-09,2024-11-11,3160.05,67.81,21.12,9,Yes
1983,2330,3961,Late Delivery,2026-06-19,Damaged Product,1,Damaged,Processed,2026-06-19,2026-06-22,54216.34,162.35,47.42,9,Yes
1984,2330,3962,Wrong Item,2026-06-13,Changed Mind,1,Defective,Pending,2026-06-13,2026-06-17,556.64,105.95,47.43,4,Yes
1985,2334,3966,Quality Issue,2026-07-02,Late Delivery,1,Sellable,Processed,2026-07-02,2026-07-05,13993.18,109.42,11.58,1,Yes
1986,2335,3967,Wrong Item,2026-07-16,Customer Refused,1,Sellable,Pending,2026-07-16,2026-07-18,3047.64,91.86,30.45,9,Yes
1987,2335,3968,Quality Issue,2026-07-20,Customer Refused,1,Damaged,Processed,2026-07-20,2026-07-22,996.41,115.51,14.57,1,Yes
1988,2335,3969,Late Delivery,2026-07-18,Customer Refused,1,Sellable,Processed,2026-07-18,2026-07-21,35275.19,118.08,22.91,8,Yes
1989,2335,3970,Wrong Item,2026-07-17,Customer Refused,2,Opened,Processed,2026-07-17,2026-07-19,96677.09,60.9,37.55,7,Yes
1990,2335,3971,Quality Issue,2026-07-17,Customer Refused,2,Damaged,Processed,2026-07-17,2026-07-20,3211.97,131.26,39.03,1,Yes
1991,2337,3974,Late Delivery,2025-06-03,Customer Refused,1,Damaged,Processed,2025-06-03,2025-06-06,945.54,138.62,32.06,6,Yes
1992,2337,3975,Wrong Item,2025-06-04,Customer Refused,1,Sellable,Processed,2025-06-04,2025-06-05,3132.81,136.47,12.52,9,Yes
1993,2337,3976,Wrong Item,2025-06-05,Customer Refused,2,Sellable,Pending,2025-06-05,2025-06-07,5963.27,131.42,19.38,1,Yes
1994,2337,3977,Quality Issue,2025-06-03,Customer Refused,1,Damaged,Processed,2025-06-03,2025-06-05,772.37,85.68,32.12,2,Yes
1995,2337,3978,Wrong Item,2025-06-06,Customer Refused,1,Opened,Processed,2025-06-06,2025-06-07,8244.97,121.71,22.05,3,Yes
1996,2338,3979,Wrong Item,2026-02-14,Customer Refused,1,Opened,Processed,2026-02-15,2026-02-17,30053.33,112.37,25.69,9,Yes
1997,2338,3980,Quality Issue,2026-02-11,Customer Refused,1,Opened,Processed,2026-02-12,2026-02-13,26542.65,111.86,27.53,9,Yes
1998,2339,3981,Quality Issue,2026-03-29,Customer Refused,1,Opened,Pending,2026-03-29,2026-04-01,2805.54,62.1,39.78,7,Yes
1999,2340,3982,Wrong Item,2025-10-07,Late Delivery,1,Opened,Pending,2025-10-07,2025-10-09,294.5,66.99,25.98,7,Yes
2000,2341,3983,Late Delivery,2025-11-30,Customer Refused,2,Damaged,Processed,2025-11-30,2025-12-03,1877.82,70.14,32.78,9,Yes
2001,2344,3987,Wrong Item,2026-03-31,Late Delivery,1,Opened,Processed,2026-03-31,2026-04-01,29009.65,95.24,32.49,2,Yes
2002,2344,3988,Late Delivery,2026-04-02,Late Delivery,1,Sellable,Processed,2026-04-02,2026-04-03,29542.18,72.6,26.1,6,Yes
2003,2349,3994,Wrong Item,2026-08-09,Customer Refused,1,Sellable,Processed,2026-08-09,2026-08-11,148976.59,66.18,23.44,3,Yes
2004,2352,3997,Late Delivery,2026-03-24,Customer Refused,2,Opened,Processed,2026-03-24,2026-03-27,87939.18,90.78,37.54,3,Yes
2005,2355,4000,Quality Issue,2026-01-13,Late Delivery,1,Sellable,Failed,2026-01-13,2026-01-16,46906.0,69.04,18.72,3,Yes
2006,2358,4005,Quality Issue,2024-10-13,Customer Refused,1,Damaged,Processed,2024-10-13,2024-10-14,40965.37,126.93,31.86,7,Yes
2007,2360,4008,Wrong Item,2025-05-22,Late Delivery,1,Sellable,Processed,2025-05-22,2025-05-24,1331.84,116.22,37.66,2,Yes
2008,2360,4009,Late Delivery,2025-05-22,Late Delivery,1,Opened,Pending,2025-05-22,2025-05-23,3409.18,80.66,29.4,7,Yes
2009,2362,4011,Quality Issue,2026-07-18,Customer Refused,1,Sellable,Pending,2026-07-18,2026-07-20,3839.35,99.0,14.21,5,Yes
2010,2363,4012,Late Delivery,2024-10-25,Customer Refused,1,Opened,Processed,2024-10-25,2024-10-26,41686.8,69.13,39.72,8,Yes
2011,2364,4013,Quality Issue,2026-08-02,Customer Refused,1,Opened,Processed,2026-08-02,2026-08-04,1544.82,68.95,21.93,9,Yes
2012,2364,4014,Quality Issue,2026-08-03,Customer Refused,1,Sellable,Processed,2026-08-03,2026-08-05,3984.06,140.45,11.69,7,Yes
2013,2364,4015,Late Delivery,2026-08-01,Customer Refused,1,Sellable,Processed,2026-08-01,2026-08-03,388.53,111.14,19.1,9,Yes
2014,2364,4016,Wrong Item,2026-08-03,Customer Refused,1,Damaged,Processed,2026-08-03,2026-08-04,34992.13,107.64,36.53,5,Yes
2015,2364,4017,Wrong Item,2026-08-02,Customer Refused,1,Damaged,Processed,2026-08-02,2026-08-04,4222.24,61.35,12.64,6,Yes
2016,2365,4018,Wrong Item,2025-09-14,Customer Refused,1,Sellable,Processed,2025-09-14,2025-09-16,70500.91,148.24,20.7,2,Yes
2017,2370,4031,Quality Issue,2025-10-12,Customer Refused,2,Opened,Pending,2025-10-12,2025-10-14,6340.32,113.56,21.1,1,Yes
2018,2370,4032,Wrong Item,2025-10-12,Customer Refused,1,Opened,Processed,2025-10-12,2025-10-13,2182.93,138.9,33.85,7,Yes
2019,2371,4033,Wrong Item,2026-08-05,Late Delivery,1,Sellable,Processed,2026-08-05,2026-08-08,4982.72,105.38,28.92,9,Yes
2020,2374,4036,Quality Issue,2025-10-16,Late Delivery,1,Damaged,Processed,2025-10-16,2025-10-17,1671.74,66.18,29.8,8,Yes
2021,2376,4038,Late Delivery,2026-01-29,Late Delivery,1,Damaged,Processed,2026-01-29,2026-01-31,19980.68,57.89,15.78,9,Yes
2022,2376,4039,Quality Issue,2026-01-30,Late Delivery,3,Opened,Processed,2026-01-30,2026-02-01,1946.07,85.5,23.63,7,Yes
2023,2376,4040,Quality Issue,2026-01-26,Late Delivery,1,Sellable,Processed,2026-01-26,2026-01-27,652.86,70.67,19.17,4,Yes
2024,2376,4041,Quality Issue,2026-01-29,Late Delivery,1,Damaged,Failed,2026-01-29,2026-02-01,1877.89,147.38,21.64,1,Yes
2025,2376,4042,Wrong Item,2026-01-26,Late Delivery,2,Sellable,Processed,2026-01-26,2026-01-27,3814.31,120.0,22.75,2,Yes
2026,2379,4045,Late Delivery,2024-10-05,Customer Refused,1,Opened,Processed,2024-10-05,2024-10-07,46843.3,97.39,36.26,6,Yes
2027,2381,4048,Quality Issue,2025-10-15,Customer Refused,1,Damaged,Processed,2025-10-15,2025-10-17,4881.31,52.73,34.45,4,Yes
2028,2382,4049,Late Delivery,2024-08-10,Late Delivery,1,Opened,Failed,2024-08-10,2024-08-13,6762.4,119.73,11.82,8,Yes
2029,2382,4050,Late Delivery,2024-08-10,Late Delivery,1,Damaged,Processed,2024-08-10,2024-08-11,3435.74,103.74,12.39,4,Yes
2030,2382,4051,Quality Issue,2024-08-07,Late Delivery,1,Sellable,Pending,2024-08-07,2024-08-08,3702.86,126.25,22.7,3,Yes
2031,2383,4052,Wrong Item,2024-09-14,Late Delivery,1,Damaged,Failed,2024-09-14,2024-09-16,2437.72,137.45,26.2,4,Yes
2032,2386,4057,Quality Issue,2025-01-12,Customer Refused,2,Damaged,Processed,2025-01-12,2025-01-14,80627.93,141.37,17.14,6,Yes
2033,2388,4059,Wrong Item,2025-03-04,Customer Refused,1,Damaged,Processed,2025-03-04,2025-03-07,1167.58,107.38,36.58,3,Yes
2034,2389,4060,Wrong Item,2026-03-14,Late Delivery,1,Damaged,Processed,2026-03-14,2026-03-17,661.22,51.73,28.85,6,Yes
2035,2390,4061,Quality Issue,2026-04-03,Customer Refused,1,Sellable,Processed,2026-04-03,2026-04-05,1452.97,88.71,16.78,7,Yes
2036,2393,4065,Late Delivery,2026-04-29,Customer Refused,1,Damaged,Processed,2026-04-29,2026-05-01,37492.11,64.24,16.38,2,Yes
2037,2396,4068,Late Delivery,2026-07-29,Late Delivery,3,Opened,Processed,2026-07-29,2026-08-01,15218.14,51.66,28.55,6,Yes
2038,2396,4069,Late Delivery,2026-07-28,Late Delivery,1,Opened,Processed,2026-07-28,2026-07-30,3853.67,134.65,32.12,7,Yes
2039,2397,4070,Wrong Item,2025-09-07,Late Delivery,1,Damaged,Processed,2025-09-07,2025-09-08,8474.0,55.15,23.84,5,Yes
2040,2397,4071,Wrong Item,2025-09-10,Late Delivery,1,Opened,Processed,2025-09-10,2025-09-11,2698.45,69.12,24.43,5,Yes
2041,2398,4072,Quality Issue,2025-10-06,Late Delivery,1,Opened,Pending,2025-10-06,2025-10-08,98161.04,75.49,34.3,8,Yes
2042,2400,4075,Late Delivery,2025-10-05,Late Delivery,2,Sellable,Processed,2025-10-05,2025-10-06,40863.32,77.01,21.83,9,Yes
2043,2400,4076,Wrong Item,2025-10-04,Late Delivery,1,Damaged,Processed,2025-10-04,2025-10-06,8789.14,144.68,38.81,4,Yes
2044,2402,4080,Wrong Item,2025-02-26,Customer Refused,1,Damaged,Processed,2025-02-26,2025-03-01,2537.26,93.97,11.25,3,Yes
2045,2402,4081,Late Delivery,2025-02-27,Customer Refused,1,Opened,Processed,2025-02-27,2025-03-02,7692.3,63.31,18.35,4,Yes
2046,2406,4086,Quality Issue,2025-03-12,Customer Refused,1,Damaged,Processed,2025-03-12,2025-03-13,2650.25,142.76,28.12,1,Yes
2047,2406,4087,Late Delivery,2025-03-13,Customer Refused,2,Sellable,Processed,2025-03-13,2025-03-14,327404.42,149.92,16.65,4,Yes
2048,2406,4088,Wrong Item,2025-03-13,Customer Refused,1,Sellable,Processed,2025-03-13,2025-03-14,4944.63,108.41,38.47,3,Yes
2049,2407,4089,Quality Issue,2025-10-30,Customer Refused,1,Sellable,Processed,2025-10-30,2025-10-31,750.52,149.91,30.01,3,Yes
2050,2407,4090,Late Delivery,2025-10-31,Customer Refused,1,Opened,Processed,2025-10-31,2025-11-02,758.95,90.75,23.87,7,Yes
2051,2408,4091,Quality Issue,2025-12-08,Late Delivery,1,Sellable,Pending,2025-12-08,2025-12-09,3505.07,90.08,36.97,8,Yes
2052,2409,4092,Late Delivery,2025-11-24,Product Quality,2,Opened,Processed,2025-11-24,2025-11-26,6917.54,138.1,35.64,3,Yes
2053,2410,4094,Late Delivery,2025-08-11,Customer Refused,1,Opened,Processed,2025-08-11,2025-08-12,2585.52,82.67,37.8,8,Yes
2054,2412,4097,Quality Issue,2024-12-04,Customer Refused,1,Damaged,Processed,2024-12-04,2024-12-05,1813.38,128.52,33.05,6,Yes
2055,2412,4098,Quality Issue,2024-12-01,Customer Refused,1,Opened,Pending,2024-12-01,2024-12-03,117280.6,130.79,10.15,5,Yes
2056,2412,4099,Late Delivery,2024-12-02,Customer Refused,3,Opened,Processed,2024-12-02,2024-12-03,119569.94,72.93,21.35,2,Yes
2057,2413,4100,Quality Issue,2025-01-07,Product Quality,1,Sellable,Processed,2025-01-07,2025-01-10,1463.37,75.23,35.09,8,Yes
2058,2413,4101,Wrong Item,2025-01-10,Product Quality,1,Opened,Processed,2025-01-10,2025-01-13,1448.48,96.15,32.47,5,Yes
2059,2415,4106,Wrong Item,2024-12-21,Customer Refused,1,Sellable,Processed,2024-12-21,2024-12-24,649.84,112.13,17.45,2,Yes
2060,2420,4116,Quality Issue,2025-03-11,Late Delivery,2,Sellable,Processed,2025-03-11,2025-03-14,11578.62,134.22,23.28,8,Yes
2061,2420,4117,Quality Issue,2025-03-11,Late Delivery,1,Damaged,Processed,2025-03-11,2025-03-13,38561.21,88.03,33.02,4,Yes
2062,2423,4122,Late Delivery,2025-03-03,Damaged Product,1,Opened,Processed,2025-03-03,2025-03-06,3912.69,171.89,20.29,7,Yes
2063,2424,4123,Late Delivery,2024-12-02,Customer Refused,1,Opened,Failed,2024-12-02,2024-12-05,2360.32,126.49,38.59,8,Yes
2064,2425,4124,Wrong Item,2025-09-29,Customer Refused,1,Opened,Processed,2025-09-29,2025-10-01,2828.59,58.92,32.96,2,Yes
2065,2426,4125,Wrong Item,2024-12-28,Customer Refused,1,Opened,Pending,2024-12-28,2024-12-30,3323.09,134.92,35.31,7,Yes
2066,2429,4132,Wrong Item,2026-01-25,Damaged Product,1,Sellable,Pending,2026-01-25,2026-01-27,577.38,131.71,31.16,4,Yes
2067,2430,4133,Quality Issue,2025-03-04,Late Delivery,1,Damaged,Processed,2025-03-04,2025-03-07,2275.78,69.17,10.88,1,Yes
2068,2431,4134,Late Delivery,2025-04-17,Late Delivery,2,Opened,Processed,2025-04-17,2025-04-18,2048.04,73.04,15.74,1,Yes
2069,2431,4135,Wrong Item,2025-04-14,Late Delivery,1,Opened,Processed,2025-04-14,2025-04-16,2377.07,142.06,16.09,2,Yes
2070,2431,4136,Wrong Item,2025-04-16,Late Delivery,1,Opened,Pending,2025-04-16,2025-04-18,658.55,140.04,29.09,1,Yes
2071,2431,4137,Wrong Item,2025-04-13,Late Delivery,1,Sellable,Processed,2025-04-13,2025-04-16,1628.47,123.3,16.74,2,Yes
2072,2431,4138,Wrong Item,2025-04-14,Late Delivery,2,Opened,Failed,2025-04-14,2025-04-15,163806.74,110.71,12.31,4,Yes
2073,2432,4139,Late Delivery,2026-04-28,Late Delivery,1,Damaged,Processed,2026-04-28,2026-04-30,3297.12,77.73,10.57,6,Yes
2074,2433,4140,Wrong Item,2026-06-08,Customer Refused,2,Opened,Processed,2026-06-08,2026-06-11,280475.81,118.47,28.25,1,Yes
2075,2435,4142,Wrong Item,2025-08-13,Customer Refused,1,Sellable,Pending,2025-08-14,2025-08-16,1023.82,107.23,34.69,6,Yes
2076,2437,4144,Quality Issue,2026-03-03,Customer Refused,1,Damaged,Pending,2026-03-03,2026-03-05,1789.79,58.25,28.17,9,Yes
2077,2442,4154,Late Delivery,2025-06-21,Customer Refused,1,Damaged,Processed,2025-06-21,2025-06-23,4906.55,94.86,18.73,1,Yes
2078,2442,4155,Wrong Item,2025-06-21,Customer Refused,1,Opened,Processed,2025-06-21,2025-06-23,66781.67,111.92,18.57,1,Yes
2079,2445,4158,Late Delivery,2025-02-06,Late Delivery,1,Damaged,Processed,2025-02-06,2025-02-09,1643.38,110.66,14.09,2,Yes
2080,2447,4160,Wrong Item,2026-06-16,Customer Refused,1,Sellable,Processed,2026-06-16,2026-06-19,1206.59,144.59,18.94,6,Yes
2081,2448,4161,Quality Issue,2025-06-03,Customer Refused,1,Opened,Processed,2025-06-03,2025-06-04,120.94,129.08,28.27,2,Yes
2082,2451,4164,Quality Issue,2024-09-26,Customer Refused,1,Damaged,Pending,2024-09-26,2024-09-28,6478.85,83.07,39.87,5,Yes
2083,2453,4166,Quality Issue,2026-01-26,Customer Refused,1,Sellable,Processed,2026-01-26,2026-01-29,4210.87,96.95,16.24,9,Yes
2084,2454,4167,Wrong Item,2025-12-18,Customer Refused,1,Damaged,Failed,2025-12-19,2025-12-20,3839.35,73.77,28.24,9,Yes
2085,2454,4168,Wrong Item,2025-12-17,Customer Refused,1,Opened,Processed,2025-12-18,2025-12-19,2326.75,74.27,27.88,6,Yes
2086,2456,4172,Late Delivery,2024-09-09,Customer Refused,1,Damaged,Pending,2024-09-09,2024-09-10,26964.65,62.38,27.01,6,Yes
2087,2458,4175,Wrong Item,2025-04-09,Late Delivery,1,Sellable,Pending,2025-04-09,2025-04-11,2938.02,102.85,15.44,1,Yes
2088,2459,4176,Wrong Item,2025-04-27,Late Delivery,1,Damaged,Processed,2025-04-27,2025-04-30,14774.67,50.91,38.91,6,Yes
2089,2460,4177,Wrong Item,2026-08-06,Late Delivery,1,Sellable,Processed,2026-08-06,2026-08-07,2940.48,109.29,10.99,5,Yes
2090,2460,4178,Quality Issue,2026-08-08,Late Delivery,1,Opened,Processed,2026-08-08,2026-08-09,1164.22,55.12,28.0,6,Yes
2091,2461,4179,Late Delivery,2025-02-13,Customer Refused,1,Sellable,Processed,2025-02-13,2025-02-16,957.7,132.42,27.66,9,Yes
2092,2462,4180,Late Delivery,2026-03-11,Customer Refused,1,Opened,Processed,2026-03-11,2026-03-12,1448.41,74.49,26.95,6,Yes
2093,2463,4181,Late Delivery,2025-04-06,Customer Refused,2,Opened,Processed,2025-04-06,2025-04-08,4685.57,142.34,25.81,2,Yes
2094,2464,4182,Quality Issue,2025-05-13,Damaged Product,1,Damaged,Processed,2025-05-13,2025-05-15,2240.73,171.87,23.29,6,Yes
2095,2465,4184,Quality Issue,2026-08-09,Late Delivery,1,Opened,Processed,2026-08-09,2026-08-12,400.88,140.05,10.28,5,Yes
2096,2467,4186,Wrong Item,2025-11-01,Late Delivery,1,Opened,Processed,2025-11-01,2025-11-03,598.66,115.32,28.95,8,Yes
2097,2467,4187,Late Delivery,2025-10-31,Late Delivery,1,Opened,Processed,2025-10-31,2025-11-01,2022.11,100.27,11.56,5,Yes
2098,2467,4188,Wrong Item,2025-10-31,Late Delivery,1,Damaged,Pending,2025-10-31,2025-11-03,107157.01,120.52,17.92,4,Yes
2099,2467,4189,Quality Issue,2025-10-31,Late Delivery,1,Opened,Processed,2025-10-31,2025-11-03,724.53,73.71,15.97,6,Yes
2100,2469,4194,Wrong Item,2025-11-20,Customer Refused,2,Opened,Pending,2025-11-20,2025-11-23,176367.02,133.66,20.82,7,Yes
2101,2469,4195,Quality Issue,2025-11-21,Customer Refused,1,Opened,Processed,2025-11-21,2025-11-22,18167.06,84.68,27.11,5,Yes
2102,2470,4200,Late Delivery,2025-01-17,Damaged Product,1,Sellable,Processed,2025-01-17,2025-01-21,66593.78,175.11,16.33,2,Yes
2103,2471,4202,Late Delivery,2025-02-09,Damaged Product,1,Sellable,Processed,2025-02-10,2025-02-14,2394.02,119.93,48.58,4,Yes
2104,2473,4206,Wrong Item,2025-09-05,Late Delivery,1,Sellable,Processed,2025-09-06,2025-09-08,4017.89,149.2,37.87,7,Yes
2105,2473,4207,Wrong Item,2025-09-08,Late Delivery,1,Damaged,Failed,2025-09-09,2025-09-12,986.9,68.88,27.65,5,Yes
2106,2474,4208,Quality Issue,2025-08-21,Late Delivery,1,Opened,Pending,2025-08-21,2025-08-22,119671.35,73.21,26.08,3,Yes
2107,2474,4209,Quality Issue,2025-08-20,Late Delivery,2,Damaged,Pending,2025-08-20,2025-08-21,59682.54,62.27,23.72,4,Yes
2108,2475,4210,Late Delivery,2025-01-09,Late Delivery,1,Opened,Processed,2025-01-09,2025-01-10,2449.74,92.71,39.28,6,Yes
2109,2476,4211,Quality Issue,2025-02-02,Customer Refused,1,Damaged,Processed,2025-02-02,2025-02-03,2487.39,50.86,26.42,5,Yes
2110,2477,4212,Wrong Item,2025-10-19,Late Delivery,2,Damaged,Processed,2025-10-19,2025-10-21,56515.82,131.98,17.39,3,Yes
2111,2478,4213,Quality Issue,2024-12-26,Customer Refused,1,Opened,Pending,2024-12-26,2024-12-27,27571.66,56.29,12.79,4,Yes
2112,2479,4214,Quality Issue,2026-03-17,Customer Refused,1,Opened,Processed,2026-03-17,2026-03-18,4236.86,119.29,30.61,6,Yes
2113,2480,4215,Wrong Item,2025-12-04,Late Delivery,1,Sellable,Processed,2025-12-04,2025-12-05,64872.95,138.35,19.3,4,Yes
2114,2482,4217,Late Delivery,2025-02-05,Customer Refused,1,Sellable,Processed,2025-02-05,2025-02-06,52109.64,93.63,25.95,8,Yes
2115,2484,4219,Quality Issue,2026-06-11,Customer Refused,1,Sellable,Failed,2026-06-11,2026-06-13,108505.41,120.68,25.33,7,Yes
2116,2488,4224,Wrong Item,2024-12-26,Customer Refused,3,Sellable,Processed,2024-12-26,2024-12-29,6366.75,56.93,29.96,5,Yes
2117,2489,4225,Wrong Item,2025-07-21,Customer Refused,1,Damaged,Pending,2025-07-21,2025-07-23,1395.34,65.48,36.98,4,Yes
2118,2489,4226,Late Delivery,2025-07-20,Customer Refused,1,Damaged,Pending,2025-07-20,2025-07-22,41417.49,109.86,23.7,5,Yes
2119,2489,4227,Late Delivery,2025-07-21,Customer Refused,2,Sellable,Processed,2025-07-21,2025-07-22,29427.5,142.72,17.06,6,Yes
2120,2491,4229,Late Delivery,2024-10-29,Late Delivery,2,Sellable,Failed,2024-10-30,2024-11-01,9732.92,96.1,37.84,5,Yes
2121,2491,4230,Late Delivery,2024-10-30,Late Delivery,2,Opened,Processed,2024-10-31,2024-11-01,1213.38,130.66,28.98,7,Yes
2122,2491,4231,Wrong Item,2024-10-31,Late Delivery,1,Sellable,Processed,2024-11-01,2024-11-04,40969.53,74.87,27.22,3,Yes
2123,2495,4238,Wrong Item,2025-05-28,Late Delivery,2,Sellable,Processed,2025-05-28,2025-05-31,87761.65,78.46,35.05,7,Yes
2124,2496,4239,Late Delivery,2024-11-30,Customer Refused,2,Sellable,Pending,2024-12-01,2024-12-04,2900.34,67.11,30.18,8,Yes
2125,2497,4240,Late Delivery,2024-12-29,Late Delivery,1,Opened,Processed,2024-12-29,2024-12-31,21192.71,115.18,17.22,4,Yes
2126,2497,4241,Late Delivery,2025-01-01,Late Delivery,1,Opened,Processed,2025-01-01,2025-01-03,44565.96,88.32,10.02,4,Yes
2127,2498,4242,Wrong Item,2025-11-24,Size/Fit Issue,1,Opened,Processed,2025-11-25,2025-11-27,2709.61,138.18,17.43,4,Yes
2128,2498,4244,Late Delivery,2025-11-19,Size/Fit Issue,1,Opened,Processed,2025-11-19,2025-11-23,3223.5,90.78,25.63,9,Yes
2129,2498,4245,Quality Issue,2025-11-22,Damaged Product,2,Sellable,Pending,2025-11-22,2025-11-23,2767.74,134.12,40.36,8,Yes
2130,2500,4248,Quality Issue,2025-08-15,Customer Refused,1,Opened,Processed,2025-08-15,2025-08-17,774.37,82.65,38.65,6,Yes
2131,2501,4249,Wrong Item,2025-09-22,Late Delivery,2,Sellable,Processed,2025-09-22,2025-09-24,94488.18,96.96,28.38,5,Yes
2132,2501,4250,Wrong Item,2025-09-25,Late Delivery,1,Sellable,Processed,2025-09-25,2025-09-28,38888.13,107.55,21.83,8,Yes
2133,2501,4251,Quality Issue,2025-09-23,Late Delivery,1,Damaged,Pending,2025-09-23,2025-09-26,31407.32,128.11,19.74,3,Yes
2134,2501,4252,Quality Issue,2025-09-25,Late Delivery,1,Sellable,Processed,2025-09-25,2025-09-28,2396.54,70.43,16.22,3,Yes
2135,2501,4253,Wrong Item,2025-09-25,Late Delivery,1,Opened,Pending,2025-09-25,2025-09-28,2592.95,135.64,20.65,6,Yes
2136,2502,4254,Late Delivery,2025-01-21,Late Delivery,1,Opened,Processed,2025-01-21,2025-01-23,5444.74,102.58,28.46,3,Yes
2137,2503,4255,Wrong Item,2025-02-28,Customer Refused,1,Opened,Processed,2025-02-28,2025-03-01,842.91,134.74,38.67,7,Yes
2138,2504,4256,Wrong Item,2025-10-06,Late Delivery,1,Sellable,Processed,2025-10-06,2025-10-09,1018.09,72.64,12.69,5,Yes
2139,2504,4257,Late Delivery,2025-10-07,Late Delivery,2,Opened,Processed,2025-10-07,2025-10-09,3441.92,84.45,12.43,6,Yes
2140,2508,4264,Wrong Item,2025-10-01,Late Delivery,2,Damaged,Processed,2025-10-01,2025-10-04,172533.36,128.17,39.94,5,Yes
2141,2508,4265,Late Delivery,2025-10-02,Late Delivery,1,Opened,Processed,2025-10-02,2025-10-03,4681.95,70.5,20.44,9,Yes
2142,2509,4266,Quality Issue,2025-10-30,Customer Refused,1,Opened,Processed,2025-10-31,2025-11-01,1719.6,147.42,18.57,2,Yes
2143,2509,4267,Late Delivery,2025-11-02,Customer Refused,1,Damaged,Processed,2025-11-03,2025-11-06,3814.05,114.61,14.64,5,Yes
2144,2509,4268,Wrong Item,2025-10-31,Customer Refused,1,Opened,Processed,2025-11-01,2025-11-03,65839.68,98.0,34.23,1,Yes
2145,2509,4269,Late Delivery,2025-11-01,Customer Refused,1,Damaged,Failed,2025-11-02,2025-11-03,988.03,137.87,13.53,3,Yes
2146,2509,4270,Late Delivery,2025-10-30,Customer Refused,1,Sellable,Pending,2025-10-31,2025-11-03,2290.11,133.99,17.93,1,Yes
2147,2511,4272,Quality Issue,2024-08-23,Customer Refused,1,Sellable,Processed,2024-08-24,2024-08-25,1180.85,149.43,17.03,4,Yes
2148,2514,4277,Late Delivery,2025-07-17,Late Delivery,2,Damaged,Processed,2025-07-17,2025-07-19,751.52,84.08,22.94,5,Yes
2149,2514,4278,Quality Issue,2025-07-20,Late Delivery,1,Opened,Processed,2025-07-20,2025-07-22,647.15,128.62,20.88,5,Yes
2150,2516,4281,Late Delivery,2025-01-08,Customer Refused,1,Opened,Processed,2025-01-08,2025-01-10,42340.3,99.49,27.83,9,Yes
2151,2516,4282,Wrong Item,2025-01-09,Customer Refused,1,Damaged,Processed,2025-01-09,2025-01-12,1436.42,145.68,10.98,4,Yes
2152,2520,4294,Late Delivery,2026-06-20,Customer Refused,1,Sellable,Processed,2026-06-20,2026-06-22,331.29,70.94,12.9,2,Yes
2153,2526,4304,Late Delivery,2025-10-07,Late Delivery,1,Opened,Processed,2025-10-07,2025-10-08,1495.6,111.58,19.43,5,Yes
2154,2526,4305,Quality Issue,2025-10-05,Late Delivery,1,Damaged,Processed,2025-10-05,2025-10-07,86684.48,106.42,34.74,4,Yes
2155,2528,4307,Wrong Item,2025-11-10,Customer Refused,1,Damaged,Processed,2025-11-10,2025-11-11,1837.92,114.85,14.99,3,Yes
2156,2529,4308,Wrong Item,2025-10-11,Late Delivery,1,Sellable,Processed,2025-10-11,2025-10-14,3370.04,73.21,21.15,5,Yes
2157,2530,4309,Quality Issue,2025-01-19,Customer Refused,1,Damaged,Processed,2025-01-20,2025-01-23,545.2,143.52,24.22,4,Yes
2158,2531,4310,Late Delivery,2025-03-03,Late Delivery,1,Sellable,Processed,2025-03-03,2025-03-06,1132.79,100.46,36.19,6,Yes
2159,2532,4311,Wrong Item,2025-03-26,Late Delivery,1,Sellable,Processed,2025-03-27,2025-03-29,3417.41,50.97,23.47,3,Yes
2160,2533,4312,Wrong Item,2025-05-05,Product Quality,1,Damaged,Failed,2025-05-06,2025-05-09,2984.0,69.33,30.48,1,Yes
2161,2536,4316,Wrong Item,2025-07-09,Customer Refused,1,Opened,Pending,2025-07-10,2025-07-12,6435.14,117.4,27.61,9,Yes
2162,2536,4317,Quality Issue,2025-07-07,Customer Refused,1,Damaged,Pending,2025-07-08,2025-07-10,141153.19,117.59,27.88,9,Yes
2163,2536,4318,Late Delivery,2025-07-10,Customer Refused,1,Sellable,Processed,2025-07-11,2025-07-13,1171.41,73.01,17.51,9,Yes
2164,2536,4319,Quality Issue,2025-07-09,Customer Refused,1,Sellable,Failed,2025-07-10,2025-07-11,2328.14,125.0,21.81,2,Yes
2165,2537,4320,Wrong Item,2025-08-01,Customer Refused,2,Damaged,Processed,2025-08-01,2025-08-03,143034.96,67.59,22.45,9,Yes
2166,2537,4321,Wrong Item,2025-08-01,Customer Refused,1,Opened,Processed,2025-08-01,2025-08-02,884.41,71.39,17.13,4,Yes
2167,2541,4327,Wrong Item,2025-08-31,Not as Described,1,Opened,Processed,2025-08-31,2025-09-03,98944.12,69.32,37.33,7,Yes
2168,2546,4337,Late Delivery,2025-06-17,Late Delivery,1,Damaged,Processed,2025-06-17,2025-06-19,753.15,132.55,27.29,2,Yes
2169,2546,4338,Wrong Item,2025-06-19,Late Delivery,1,Sellable,Pending,2025-06-19,2025-06-20,3202.68,117.67,19.14,1,Yes
2170,2546,4339,Wrong Item,2025-06-15,Late Delivery,1,Damaged,Processed,2025-06-15,2025-06-18,32313.15,140.02,29.45,7,Yes
2171,2546,4340,Quality Issue,2025-06-16,Late Delivery,1,Sellable,Processed,2025-06-16,2025-06-18,2538.04,83.48,34.16,2,Yes
2172,2546,4341,Wrong Item,2025-06-18,Late Delivery,1,Opened,Processed,2025-06-18,2025-06-19,2209.5,83.51,26.51,7,Yes
2173,2548,4343,Late Delivery,2025-07-20,Customer Refused,1,Damaged,Processed,2025-07-20,2025-07-21,2245.24,110.85,35.23,3,Yes
2174,2553,4354,Wrong Item,2026-08-07,Customer Refused,1,Sellable,Pending,2026-08-07,2026-08-09,2441.67,51.48,14.45,8,Yes
2175,2554,4355,Late Delivery,2025-06-18,Late Delivery,1,Opened,Processed,2025-06-18,2025-06-19,5187.12,122.6,18.31,1,Yes
2176,2554,4356,Late Delivery,2025-06-15,Late Delivery,1,Sellable,Pending,2025-06-15,2025-06-18,767.7,107.27,39.34,3,Yes
2177,2555,4357,Wrong Item,2025-07-12,Changed Mind,1,Sellable,Processed,2025-07-13,2025-07-15,8651.16,142.57,27.97,9,Yes
2178,2556,4359,Quality Issue,2026-06-05,Size/Fit Issue,1,Sellable,Processed,2026-06-05,2026-06-07,2288.25,64.86,30.38,7,Yes
2179,2558,4361,Late Delivery,2026-01-07,Late Delivery,3,Sellable,Processed,2026-01-07,2026-01-08,8720.53,144.53,34.01,7,Yes
2180,2558,4362,Late Delivery,2026-01-08,Late Delivery,1,Sellable,Pending,2026-01-08,2026-01-10,148.68,84.93,25.35,9,Yes
2181,2562,4366,Late Delivery,2024-11-12,Late Delivery,2,Sellable,Processed,2024-11-12,2024-11-15,6753.02,114.27,27.23,5,Yes
2182,2563,4367,Quality Issue,2026-04-05,Late Delivery,2,Sellable,Pending,2026-04-05,2026-04-06,2846.0,65.37,23.5,2,Yes
2183,2563,4368,Quality Issue,2026-04-02,Late Delivery,1,Opened,Processed,2026-04-02,2026-04-03,2230.56,113.74,31.36,3,Yes
2184,2566,4372,Wrong Item,2026-06-22,Late Delivery,1,Sellable,Processed,2026-06-22,2026-06-25,1254.75,57.59,32.12,3,Yes
2185,2567,4373,Wrong Item,2026-07-12,Customer Refused,1,Damaged,Pending,2026-07-12,2026-07-15,2303.09,134.06,38.63,7,Yes
2186,2568,4374,Wrong Item,2024-09-24,Late Delivery,1,Damaged,Processed,2024-09-24,2024-09-27,368.33,77.37,18.29,4,Yes
2187,2568,4375,Late Delivery,2024-09-28,Late Delivery,2,Opened,Pending,2024-09-28,2024-10-01,128262.1,133.14,28.74,2,Yes
2188,2568,4376,Wrong Item,2024-09-26,Late Delivery,1,Sellable,Pending,2024-09-26,2024-09-27,43086.8,68.43,10.59,4,Yes
2189,2570,4379,Wrong Item,2025-10-08,Late Delivery,1,Damaged,Processed,2025-10-08,2025-10-09,1565.23,110.24,21.81,1,Yes
2190,2570,4380,Wrong Item,2025-10-08,Late Delivery,1,Opened,Processed,2025-10-08,2025-10-11,19747.45,105.65,32.05,7,Yes
2191,2570,4381,Wrong Item,2025-10-07,Late Delivery,1,Sellable,Processed,2025-10-07,2025-10-08,39316.48,71.9,18.74,4,Yes
2192,2574,4386,Wrong Item,2024-10-26,Customer Refused,1,Damaged,Processed,2024-10-26,2024-10-29,1312.43,140.93,19.48,6,Yes
2193,2575,4387,Late Delivery,2025-05-23,Late Delivery,1,Opened,Pending,2025-05-23,2025-05-24,1126.27,58.51,25.05,6,Yes
2194,2575,4388,Late Delivery,2025-05-23,Late Delivery,1,Opened,Pending,2025-05-23,2025-05-26,2591.44,97.58,33.24,6,Yes
2195,2579,4394,Quality Issue,2025-10-03,Customer Refused,1,Opened,Processed,2025-10-04,2025-10-06,32907.0,51.59,33.19,4,Yes
2196,2579,4395,Late Delivery,2025-10-01,Customer Refused,1,Opened,Processed,2025-10-02,2025-10-04,92165.84,92.76,14.66,4,Yes
2197,2579,4396,Wrong Item,2025-09-30,Customer Refused,2,Sellable,Pending,2025-10-01,2025-10-03,13467.08,60.4,19.03,8,Yes
2198,2579,4397,Quality Issue,2025-09-30,Customer Refused,2,Sellable,Pending,2025-10-01,2025-10-02,141834.1,87.09,29.74,5,Yes
2199,2580,4398,Wrong Item,2025-10-28,Customer Refused,1,Damaged,Processed,2025-10-28,2025-10-31,3079.68,74.04,27.96,9,Yes
2200,2580,4399,Quality Issue,2025-10-26,Customer Refused,1,Opened,Processed,2025-10-26,2025-10-28,35381.82,120.4,22.73,9,Yes
2201,2582,4401,Quality Issue,2025-12-09,Damaged Product,1,Damaged,Processed,2025-12-10,2025-12-12,38676.11,160.56,47.34,9,Yes
2202,2583,4402,Wrong Item,2026-01-16,Customer Refused,2,Damaged,Processed,2026-01-16,2026-01-18,1960.97,90.17,14.5,4,Yes
2203,2584,4403,Quality Issue,2025-05-10,Customer Refused,1,Opened,Processed,2025-05-10,2025-05-12,41005.82,82.81,14.03,3,Yes
2204,2584,4404,Late Delivery,2025-05-10,Customer Refused,2,Damaged,Processed,2025-05-10,2025-05-12,108549.63,60.91,13.8,9,Yes
2205,2584,4405,Late Delivery,2025-05-10,Customer Refused,1,Damaged,Processed,2025-05-10,2025-05-13,2445.19,103.8,32.01,1,Yes
2206,2584,4406,Wrong Item,2025-05-12,Customer Refused,1,Opened,Processed,2025-05-12,2025-05-13,2233.82,98.18,19.1,2,Yes
2207,2589,4413,Late Delivery,2024-10-23,Customer Refused,1,Sellable,Processed,2024-10-23,2024-10-25,2385.87,115.28,18.53,4,Yes
2208,2590,4414,Quality Issue,2024-12-03,Customer Refused,2,Sellable,Processed,2024-12-04,2024-12-05,8124.22,59.82,29.9,4,Yes
2209,2592,4416,Wrong Item,2025-01-16,Customer Refused,1,Damaged,Failed,2025-01-16,2025-01-19,2777.18,84.29,27.99,4,Yes
2210,2594,4418,Late Delivery,2025-10-25,Late Delivery,1,Sellable,Processed,2025-10-25,2025-10-26,1482.53,86.97,18.0,9,Yes
2211,2594,4419,Wrong Item,2025-10-26,Late Delivery,1,Damaged,Pending,2025-10-26,2025-10-27,37139.23,118.21,13.45,9,Yes
2212,2594,4420,Wrong Item,2025-10-26,Late Delivery,1,Damaged,Processed,2025-10-26,2025-10-29,2676.51,122.72,13.56,1,Yes
2213,2595,4421,Quality Issue,2024-08-18,Customer Refused,1,Damaged,Processed,2024-08-18,2024-08-19,3558.07,137.7,25.59,3,Yes
2214,2598,4424,Wrong Item,2025-06-21,Not as Described,1,Sellable,Processed,2025-06-22,2025-06-25,3820.98,168.71,18.19,8,Yes
2215,2599,4426,Quality Issue,2025-12-21,Customer Refused,1,Opened,Processed,2025-12-21,2025-12-22,1957.25,69.55,30.73,1,Yes
2216,2599,4427,Quality Issue,2025-12-23,Customer Refused,1,Sellable,Processed,2025-12-23,2025-12-24,2306.36,95.14,20.04,6,Yes
2217,2601,4429,Late Delivery,2024-12-27,Damaged Product,1,Opened,Processed,2024-12-27,2024-12-31,2580.55,121.62,40.08,3,Yes
2218,2602,4430,Late Delivery,2025-02-11,Late Delivery,1,Sellable,Processed,2025-02-11,2025-02-14,1757.87,148.72,23.81,7,Yes
2219,2604,4432,Quality Issue,2026-05-22,Late Delivery,1,Sellable,Processed,2026-05-22,2026-05-23,2800.43,139.38,29.01,2,Yes
2220,2604,4433,Quality Issue,2026-05-20,Late Delivery,1,Damaged,Processed,2026-05-20,2026-05-21,4966.7,69.13,24.58,6,Yes
2221,2605,4434,Quality Issue,2026-06-27,Late Delivery,1,Sellable,Processed,2026-06-27,2026-06-30,3631.25,142.37,12.0,7,Yes
2222,2606,4435,Late Delivery,2025-01-02,Customer Refused,3,Damaged,Processed,2025-01-02,2025-01-05,1944.24,56.08,10.44,9,Yes
2223,2607,4436,Late Delivery,2024-12-02,Customer Refused,1,Sellable,Processed,2024-12-02,2024-12-05,40522.57,133.51,23.48,6,Yes
2224,2607,4437,Wrong Item,2024-12-02,Customer Refused,1,Opened,Processed,2024-12-02,2024-12-05,30982.51,108.75,18.29,3,Yes
2225,2608,4438,Quality Issue,2025-07-10,Customer Refused,1,Sellable,Processed,2025-07-10,2025-07-12,1747.18,50.96,26.52,6,Yes
2226,2608,4439,Quality Issue,2025-07-12,Customer Refused,1,Sellable,Processed,2025-07-12,2025-07-15,3885.29,123.59,34.46,5,Yes
2227,2609,4440,Late Delivery,2025-08-14,Customer Refused,1,Damaged,Processed,2025-08-14,2025-08-17,1578.22,58.97,29.97,7,Yes
2228,2613,4446,Late Delivery,2024-10-24,Customer Refused,1,Opened,Processed,2024-10-24,2024-10-27,593.81,110.43,16.18,8,Yes
2229,2614,4447,Wrong Item,2024-12-10,Customer Refused,1,Damaged,Processed,2024-12-10,2024-12-13,3136.2,126.27,35.11,5,Yes
2230,2614,4448,Quality Issue,2024-12-12,Customer Refused,1,Opened,Processed,2024-12-12,2024-12-13,3301.99,74.63,34.47,4,Yes
2231,2614,4449,Quality Issue,2024-12-12,Customer Refused,1,Sellable,Processed,2024-12-12,2024-12-15,1700.48,107.51,27.1,2,Yes
2232,2614,4450,Quality Issue,2024-12-09,Customer Refused,1,Opened,Pending,2024-12-09,2024-12-11,70830.14,70.06,17.54,7,Yes
2233,2614,4451,Quality Issue,2024-12-13,Customer Refused,1,Sellable,Processed,2024-12-13,2024-12-15,68245.35,145.3,31.36,5,Yes
2234,2615,4452,Late Delivery,2025-01-26,Customer Refused,1,Sellable,Processed,2025-01-26,2025-01-27,829.68,95.3,11.95,2,Yes
2235,2616,4453,Quality Issue,2025-03-09,Customer Refused,2,Opened,Pending,2025-03-09,2025-03-12,142477.87,131.4,26.94,7,Yes
2236,2616,4454,Late Delivery,2025-03-08,Customer Refused,1,Damaged,Processed,2025-03-08,2025-03-10,2130.54,141.55,39.74,6,Yes
2237,2620,4459,Wrong Item,2026-05-25,Late Delivery,1,Opened,Processed,2026-05-25,2026-05-28,2449.68,107.92,20.84,7,Yes
2238,2620,4460,Wrong Item,2026-05-24,Late Delivery,1,Damaged,Processed,2026-05-24,2026-05-27,1952.34,68.4,11.93,8,Yes
2239,2621,4461,Late Delivery,2026-03-25,Customer Refused,1,Opened,Processed,2026-03-25,2026-03-28,2305.14,87.47,34.89,1,Yes
2240,2624,4468,Wrong Item,2024-11-01,Customer Refused,2,Opened,Processed,2024-11-01,2024-11-03,5725.22,54.35,12.04,6,Yes
2241,2624,4469,Quality Issue,2024-10-30,Customer Refused,2,Damaged,Processed,2024-10-30,2024-11-02,9861.04,80.76,37.95,1,Yes
2242,2625,4470,Wrong Item,2025-01-10,Customer Refused,1,Sellable,Failed,2025-01-10,2025-01-11,22472.15,128.37,37.48,5,Yes
2243,2628,4475,Late Delivery,2024-09-18,Size/Fit Issue,2,Damaged,Processed,2024-09-19,2024-09-23,2336.92,105.65,33.04,5,Yes
2244,2629,4477,Wrong Item,2025-06-16,Late Delivery,1,Opened,Processed,2025-06-16,2025-06-19,3124.58,86.18,22.23,4,Yes
2245,2630,4478,Wrong Item,2025-07-25,Customer Refused,1,Sellable,Processed,2025-07-25,2025-07-28,83272.9,53.65,33.21,1,Yes
2246,2632,4481,Wrong Item,2025-01-12,Late Delivery,1,Damaged,Failed,2025-01-12,2025-01-15,414.51,67.51,21.93,4,Yes
2247,2633,4482,Late Delivery,2025-03-04,Customer Refused,1,Damaged,Processed,2025-03-04,2025-03-07,68651.02,51.68,25.88,9,Yes
2248,2633,4483,Quality Issue,2025-03-04,Customer Refused,1,Damaged,Processed,2025-03-04,2025-03-07,1166.29,105.98,32.32,7,Yes
2249,2634,4484,Late Delivery,2025-04-11,Late Delivery,1,Opened,Pending,2025-04-11,2025-04-14,35413.03,75.67,28.63,5,Yes
2250,2635,4485,Late Delivery,2026-06-22,Late Delivery,1,Sellable,Processed,2026-06-22,2026-06-23,39796.63,63.53,28.99,9,Yes
2251,2636,4486,Late Delivery,2025-10-10,Late Delivery,1,Damaged,Processed,2025-10-11,,0.0,81.52,42.46,6,No
2252,2637,4488,Wrong Item,2025-11-16,Late Delivery,2,Opened,Processed,2025-11-16,2025-11-18,4264.58,107.61,37.75,9,Yes
2253,2638,4489,Quality Issue,2026-07-07,Customer Refused,1,Sellable,Processed,2026-07-07,2026-07-10,29996.05,129.35,20.61,3,Yes
2254,2638,4490,Quality Issue,2026-07-09,Customer Refused,1,Damaged,Processed,2026-07-09,2026-07-12,31159.3,102.03,31.74,2,Yes
2255,2641,4493,Quality Issue,2025-08-21,Late Delivery,1,Damaged,Processed,2025-08-21,2025-08-23,393.77,139.65,14.68,6,Yes
2256,2641,4494,Quality Issue,2025-08-22,Late Delivery,1,Opened,Processed,2025-08-22,2025-08-24,5322.5,113.66,21.35,2,Yes
2257,2641,4495,Quality Issue,2025-08-22,Late Delivery,1,Sellable,Processed,2025-08-22,2025-08-25,2099.25,113.14,18.09,3,Yes
2258,2642,4496,Quality Issue,2025-02-01,Late Delivery,2,Sellable,Processed,2025-02-01,2025-02-04,55734.77,139.97,35.73,9,Yes
2259,2642,4497,Quality Issue,2025-01-31,Late Delivery,1,Opened,Processed,2025-01-31,2025-02-03,42092.21,94.87,16.61,4,Yes
2260,2643,4498,Wrong Item,2024-11-26,Customer Refused,1,Opened,Processed,2024-11-26,2024-11-29,39011.03,124.3,30.38,8,Yes
2261,2644,4499,Late Delivery,2025-01-06,Late Delivery,1,Opened,Processed,2025-01-06,2025-01-08,3376.26,79.65,10.14,8,Yes
2262,2646,4501,Late Delivery,2026-05-29,Late Delivery,1,Sellable,Processed,2026-05-29,2026-05-30,1216.8,136.94,15.65,6,Yes
2263,2647,4502,Late Delivery,2024-10-27,Late Delivery,1,Sellable,Processed,2024-10-27,2024-10-29,1529.46,79.57,12.03,9,Yes
2264,2647,4503,Late Delivery,2024-10-27,Late Delivery,2,Damaged,Processed,2024-10-27,2024-10-28,74820.38,112.79,24.86,9,Yes
2265,2649,4506,Late Delivery,2025-10-10,Damaged Product,3,Opened,Processed,2025-10-10,2025-10-11,393404.1,167.16,29.04,3,Yes
2266,2650,4507,Late Delivery,2025-03-06,Customer Refused,1,Sellable,Processed,2025-03-06,2025-03-08,529.36,116.76,16.27,4,Yes
2267,2653,4510,Quality Issue,2026-01-27,Late Delivery,1,Sellable,Processed,2026-01-27,2026-01-29,4586.79,51.49,26.03,5,Yes
2268,2654,4511,Wrong Item,2025-03-29,Late Delivery,1,Opened,Failed,2025-03-29,2025-03-31,12134.46,63.73,27.21,5,Yes
2269,2654,4512,Quality Issue,2025-03-31,Late Delivery,1,Opened,Processed,2025-03-31,2025-04-03,33642.49,138.18,39.31,1,Yes
2270,2656,4514,Wrong Item,2025-10-16,Customer Refused,2,Sellable,Processed,2025-10-16,2025-10-17,55304.87,149.02,39.92,9,Yes
2271,2657,4515,Late Delivery,2026-05-18,Changed Mind,1,Damaged,Pending,2026-05-18,,0.0,126.49,25.81,7,No
2272,2658,4516,Wrong Item,2024-10-07,Customer Refused,1,Damaged,Processed,2024-10-07,2024-10-08,106416.54,52.37,31.77,1,Yes
2273,2660,4519,Wrong Item,2026-03-07,Customer Refused,1,Sellable,Processed,2026-03-07,2026-03-09,2313.52,99.43,35.73,4,Yes
2274,2663,4522,Quality Issue,2026-04-09,Customer Refused,1,Damaged,Pending,2026-04-09,2026-04-11,2235.87,95.87,11.96,6,Yes
2275,2664,4523,Late Delivery,2026-05-20,Customer Refused,2,Opened,Pending,2026-05-20,2026-05-21,4483.32,69.4,33.85,2,Yes
2276,2664,4524,Quality Issue,2026-05-17,Customer Refused,1,Damaged,Processed,2026-05-17,2026-05-20,1247.4,128.42,12.22,3,Yes
2277,2668,4529,Late Delivery,2026-01-19,Customer Refused,1,Sellable,Pending,2026-01-19,2026-01-20,806.45,93.76,30.31,1,Yes
2278,2668,4530,Wrong Item,2026-01-18,Customer Refused,1,Sellable,Processed,2026-01-18,2026-01-21,2675.41,98.47,25.52,3,Yes
2279,2669,4531,Quality Issue,2026-02-28,Customer Refused,1,Damaged,Processed,2026-02-28,2026-03-01,2049.76,56.16,16.31,8,Yes
2280,2672,4534,Quality Issue,2025-11-08,Late Delivery,1,Opened,Processed,2025-11-08,2025-11-11,149505.23,94.66,23.3,9,Yes
2281,2674,4537,Late Delivery,2024-08-24,Customer Refused,1,Sellable,Pending,2024-08-24,2024-08-27,4241.51,116.15,10.69,2,Yes
2282,2675,4538,Wrong Item,2024-09-26,Size/Fit Issue,1,Opened,Processed,2024-09-26,,796.08,90.31,22.07,3,Yes
2283,2675,4540,Wrong Item,2024-09-27,Changed Mind,1,Opened,Processed,2024-09-28,,0.0,66.3,40.65,7,No
2284,2676,4543,Wrong Item,2024-11-10,Customer Refused,1,Damaged,Processed,2024-11-10,2024-11-12,66425.97,148.29,23.48,7,Yes
2285,2679,4546,Wrong Item,2024-12-01,Late Delivery,2,Opened,Processed,2024-12-01,2024-12-04,5051.17,73.54,28.37,2,Yes
2286,2682,4549,Wrong Item,2025-12-03,Late Delivery,1,Sellable,Processed,2025-12-03,2025-12-05,84155.3,113.05,10.84,6,Yes
2287,2682,4550,Quality Issue,2025-12-02,Late Delivery,1,Damaged,Processed,2025-12-02,2025-12-04,2760.99,51.24,14.89,2,Yes
2288,2683,4551,Late Delivery,2026-01-02,Customer Refused,1,Damaged,Pending,2026-01-02,2026-01-03,804.21,79.1,22.61,3,Yes
2289,2684,4552,Wrong Item,2026-07-31,Late Delivery,1,Damaged,Processed,2026-07-31,2026-08-01,499.78,62.4,15.23,6,Yes
2290,2684,4553,Late Delivery,2026-07-27,Late Delivery,1,Opened,Processed,2026-07-27,2026-07-30,753.98,56.62,10.07,9,Yes
2291,2686,4556,Late Delivery,2024-11-19,Not as Described,1,Sellable,Processed,2024-11-19,2024-11-23,2885.56,103.54,24.77,7,Yes
2292,2687,4559,Wrong Item,2025-08-24,Customer Refused,2,Sellable,Processed,2025-08-24,2025-08-27,64509.48,147.93,24.08,3,Yes
2293,2689,4561,Late Delivery,2024-10-27,Late Delivery,1,Damaged,Processed,2024-10-27,2024-10-29,56227.35,109.64,36.23,6,Yes
2294,2690,4563,Quality Issue,2024-11-17,Product Quality,1,Sellable,Pending,2024-11-17,2024-11-20,1971.98,140.92,44.38,9,Yes
2295,2691,4564,Wrong Item,2025-02-26,Late Delivery,2,Opened,Pending,2025-02-26,2025-02-27,6381.67,105.8,31.39,3,Yes
2296,2691,4565,Wrong Item,2025-03-01,Late Delivery,2,Opened,Processed,2025-03-01,2025-03-03,8938.28,114.11,33.41,1,Yes
2297,2691,4566,Late Delivery,2025-02-25,Late Delivery,1,Sellable,Processed,2025-02-25,2025-02-28,1085.48,121.85,24.67,2,Yes
2298,2691,4567,Quality Issue,2025-02-28,Late Delivery,1,Damaged,Processed,2025-02-28,2025-03-01,7229.18,144.72,17.67,3,Yes
2299,2691,4568,Quality Issue,2025-02-28,Late Delivery,3,Damaged,Processed,2025-02-28,2025-03-01,16515.96,134.76,18.97,4,Yes
2300,2692,4569,Wrong Item,2025-01-20,Late Delivery,1,Damaged,Processed,2025-01-20,2025-01-23,1946.24,146.81,17.94,1,Yes
2301,2693,4570,Wrong Item,2025-02-24,Customer Refused,2,Opened,Processed,2025-02-24,2025-02-25,6659.78,124.21,32.65,6,Yes
2302,2693,4571,Wrong Item,2025-02-25,Customer Refused,1,Sellable,Processed,2025-02-25,2025-02-27,100878.51,89.11,18.09,9,Yes
2303,2694,4572,Quality Issue,2024-10-27,Customer Refused,2,Damaged,Processed,2024-10-27,2024-10-29,70057.02,121.79,38.1,6,Yes
2304,2694,4573,Late Delivery,2024-10-27,Customer Refused,1,Opened,Processed,2024-10-27,2024-10-28,4145.53,145.57,12.52,1,Yes
2305,2696,4575,Quality Issue,2026-02-25,Late Delivery,1,Damaged,Processed,2026-02-25,2026-02-26,916.17,65.22,19.15,3,Yes
2306,2696,4576,Wrong Item,2026-02-23,Late Delivery,1,Sellable,Processed,2026-02-23,2026-02-24,60801.41,144.76,36.02,3,Yes
2307,2696,4577,Quality Issue,2026-02-22,Late Delivery,1,Sellable,Processed,2026-02-22,2026-02-25,1901.81,95.54,33.58,6,Yes
2308,2697,4578,Quality Issue,2025-07-25,Customer Refused,1,Opened,Processed,2025-07-25,2025-07-27,1932.65,119.34,12.12,2,Yes
2309,2697,4579,Late Delivery,2025-07-22,Customer Refused,1,Damaged,Processed,2025-07-22,2025-07-25,2897.99,130.98,13.32,2,Yes
2310,2699,4581,Wrong Item,2025-12-01,Customer Refused,1,Damaged,Processed,2025-12-01,2025-12-03,6527.51,73.14,38.48,1,Yes
2311,2701,4583,Wrong Item,2025-08-18,Customer Refused,1,Opened,Processed,2025-08-18,2025-08-20,2056.03,106.06,23.26,4,Yes
2312,2701,4584,Quality Issue,2025-08-16,Customer Refused,2,Sellable,Processed,2025-08-16,2025-08-17,6704.12,115.87,14.6,1,Yes
2313,2701,4585,Wrong Item,2025-08-16,Customer Refused,2,Sellable,Processed,2025-08-16,2025-08-17,4081.58,75.92,10.47,5,Yes
2314,2701,4586,Late Delivery,2025-08-18,Customer Refused,3,Opened,Processed,2025-08-18,2025-08-21,7963.68,134.14,19.85,9,Yes
2315,2703,4588,Wrong Item,2026-02-01,Late Delivery,1,Sellable,Failed,2026-02-01,2026-02-04,1922.57,106.21,25.12,2,Yes
2316,2704,4589,Late Delivery,2026-03-13,Late Delivery,1,Damaged,Processed,2026-03-13,2026-03-14,23448.95,128.77,12.63,6,Yes
2317,2704,4590,Wrong Item,2026-03-09,Late Delivery,1,Damaged,Processed,2026-03-09,2026-03-10,2821.02,106.7,20.13,1,Yes
2318,2705,4591,Wrong Item,2024-09-30,Customer Refused,1,Damaged,Pending,2024-09-30,2024-10-03,2197.36,53.93,19.8,1,Yes
2319,2706,4592,Wrong Item,2024-11-03,Customer Refused,1,Opened,Failed,2024-11-04,2024-11-06,90813.43,119.92,15.2,6,Yes
2320,2706,4593,Quality Issue,2024-11-03,Customer Refused,1,Opened,Processed,2024-11-04,2024-11-06,2650.0,102.29,29.35,4,Yes
2321,2706,4594,Quality Issue,2024-11-07,Customer Refused,1,Opened,Processed,2024-11-08,2024-11-11,2410.54,60.23,10.02,6,Yes
2322,2706,4595,Late Delivery,2024-11-07,Customer Refused,1,Sellable,Processed,2024-11-08,2024-11-09,8651.16,57.57,33.53,2,Yes
2323,2708,4597,Wrong Item,2025-08-25,Late Delivery,1,Damaged,Processed,2025-08-25,2025-08-27,1299.82,59.98,13.51,2,Yes
2324,2708,4598,Quality Issue,2025-08-25,Late Delivery,1,Opened,Processed,2025-08-25,2025-08-28,4993.18,112.72,36.11,4,Yes
2325,2708,4599,Wrong Item,2025-08-25,Late Delivery,1,Opened,Processed,2025-08-25,2025-08-26,75774.01,93.58,34.74,2,Yes
2326,2709,4600,Quality Issue,2025-06-13,Customer Refused,2,Damaged,Processed,2025-06-13,2025-06-16,5409.01,115.66,31.2,2,Yes
2327,2709,4601,Late Delivery,2025-06-12,Customer Refused,1,Damaged,Processed,2025-06-12,2025-06-13,2444.12,149.38,17.98,5,Yes
2328,2712,4604,Wrong Item,2026-07-21,Customer Refused,1,Opened,Pending,2026-07-21,2026-07-22,25313.6,114.83,12.35,8,Yes
2329,2712,4605,Quality Issue,2026-07-18,Customer Refused,1,Opened,Processed,2026-07-18,2026-07-21,1652.54,144.89,20.4,5,Yes
2330,2712,4606,Late Delivery,2026-07-19,Customer Refused,2,Damaged,Processed,2026-07-19,2026-07-21,339501.02,69.3,12.39,4,Yes
2331,2712,4607,Quality Issue,2026-07-18,Customer Refused,1,Opened,Processed,2026-07-18,2026-07-19,2414.67,50.01,29.59,8,Yes
2332,2714,4610,Quality Issue,2025-08-28,Customer Refused,2,Damaged,Processed,2025-08-28,2025-08-31,75066.25,109.82,35.15,5,Yes
2333,2717,4615,Late Delivery,2025-10-18,Damaged Product,1,Damaged,Processed,2025-10-19,2025-10-21,38400.12,110.32,40.34,8,Yes
2334,2719,4620,Wrong Item,2024-10-18,Customer Refused,1,Sellable,Failed,2024-10-18,2024-10-19,823.08,71.75,38.81,1,Yes
2335,2719,4621,Quality Issue,2024-10-16,Customer Refused,1,Damaged,Pending,2024-10-16,2024-10-19,118575.77,71.82,35.93,9,Yes
2336,2720,4622,Quality Issue,2025-02-10,Customer Refused,1,Opened,Processed,2025-02-10,2025-02-12,7974.73,85.22,36.6,3,Yes
2337,2722,4624,Quality Issue,2025-09-28,Customer Refused,1,Damaged,Processed,2025-09-28,2025-09-30,3802.67,132.49,39.92,2,Yes
2338,2722,4625,Quality Issue,2025-09-29,Customer Refused,1,Damaged,Processed,2025-09-29,2025-10-02,1342.16,54.16,21.64,2,Yes
2339,2723,4626,Late Delivery,2025-01-27,Customer Refused,1,Sellable,Processed,2025-01-27,2025-01-29,65480.43,63.75,10.7,9,Yes
2340,2723,4627,Late Delivery,2025-01-30,Customer Refused,1,Opened,Processed,2025-01-30,2025-02-02,2007.79,128.48,16.05,8,Yes
2341,2723,4628,Quality Issue,2025-01-29,Customer Refused,1,Opened,Failed,2025-01-29,2025-02-01,33021.86,79.53,19.18,1,Yes
2342,2724,4629,Wrong Item,2025-12-22,Late Delivery,1,Damaged,Processed,2025-12-22,2025-12-25,1982.92,122.23,34.76,4,Yes
2343,2725,4630,Quality Issue,2026-01-17,Customer Refused,1,Sellable,Processed,2026-01-17,2026-01-19,26807.56,125.42,39.5,6,Yes
2344,2726,4631,Late Delivery,2026-01-31,Customer Refused,1,Damaged,Pending,2026-01-31,2026-02-02,3327.55,111.97,13.9,8,Yes
2345,2727,4632,Late Delivery,2026-02-18,Customer Refused,1,Damaged,Processed,2026-02-18,2026-02-20,2654.56,125.35,32.09,2,Yes
2346,2734,4640,Wrong Item,2025-09-23,Customer Refused,1,Opened,Pending,2025-09-23,2025-09-25,5467.85,133.48,29.73,9,Yes
2347,2736,4643,Wrong Item,2025-02-28,Customer Refused,1,Sellable,Pending,2025-02-28,2025-03-03,3868.11,72.2,11.93,6,Yes
2348,2736,4644,Wrong Item,2025-02-24,Customer Refused,1,Damaged,Processed,2025-02-24,2025-02-26,2851.06,67.49,30.27,5,Yes
2349,2738,4647,Wrong Item,2026-06-17,Customer Refused,1,Opened,Processed,2026-06-17,2026-06-19,52750.88,62.28,27.76,2,Yes
2350,2738,4648,Wrong Item,2026-06-13,Customer Refused,1,Damaged,Pending,2026-06-13,2026-06-15,7680.86,68.77,31.22,2,Yes
2351,2739,4649,Late Delivery,2026-07-12,Late Delivery,1,Damaged,Processed,2026-07-12,2026-07-15,79042.42,52.33,21.13,3,Yes
2352,2741,4653,Quality Issue,2025-07-27,Customer Refused,1,Damaged,Processed,2025-07-27,2025-07-29,26993.39,99.94,24.98,9,Yes
2353,2742,4654,Wrong Item,2025-10-03,Customer Refused,1,Damaged,Processed,2025-10-03,2025-10-06,64431.04,67.62,37.9,6,Yes
2354,2742,4655,Quality Issue,2025-10-03,Customer Refused,1,Damaged,Processed,2025-10-03,2025-10-04,100562.21,66.75,15.17,3,Yes
2355,2742,4656,Late Delivery,2025-10-01,Customer Refused,1,Sellable,Processed,2025-10-01,2025-10-03,2938.62,101.23,37.67,4,Yes
2356,2744,4660,Quality Issue,2025-04-15,Customer Refused,1,Sellable,Processed,2025-04-15,2025-04-16,1280.27,86.4,18.94,5,Yes
2357,2747,4663,Quality Issue,2025-01-17,Late Delivery,1,Opened,Pending,2025-01-17,2025-01-19,4067.39,88.24,34.72,4,Yes
2358,2749,4665,Quality Issue,2025-04-02,Customer Refused,1,Opened,Processed,2025-04-02,2025-04-05,2061.1,146.04,11.35,9,Yes
2359,2749,4666,Late Delivery,2025-04-01,Customer Refused,1,Damaged,Processed,2025-04-01,2025-04-03,18497.48,52.92,11.37,6,Yes
2360,2750,4667,Late Delivery,2025-04-25,Late Delivery,1,Opened,Processed,2025-04-25,2025-04-26,35395.32,122.12,13.54,8,Yes
2361,2750,4668,Quality Issue,2025-04-24,Late Delivery,2,Opened,Processed,2025-04-24,2025-04-25,862.59,68.83,37.78,4,Yes
2362,2751,4669,Wrong Item,2025-05-04,Customer Refused,1,Sellable,Processed,2025-05-04,2025-05-05,1108.11,133.96,16.47,3,Yes
2363,2757,4682,Wrong Item,2025-07-18,Late Delivery,1,Damaged,Processed,2025-07-18,2025-07-19,39646.54,72.11,37.05,1,Yes
2364,2759,4684,Quality Issue,2025-10-12,Size/Fit Issue,3,Opened,Processed,2025-10-13,2025-10-15,8327.79,174.05,22.69,1,Yes
2365,2761,4686,Wrong Item,2024-09-30,Customer Refused,1,Damaged,Processed,2024-09-30,2024-10-01,142.41,80.86,20.72,8,Yes
2366,2761,4687,Wrong Item,2024-09-28,Customer Refused,1,Sellable,Processed,2024-09-28,2024-09-29,2452.55,68.87,30.64,6,Yes
2367,2762,4688,Wrong Item,2024-11-09,Late Delivery,1,Sellable,Processed,2024-11-09,2024-11-12,2486.65,138.3,39.69,4,Yes
2368,2762,4689,Wrong Item,2024-11-10,Late Delivery,2,Sellable,Processed,2024-11-10,2024-11-13,48113.36,58.85,19.26,8,Yes
2369,2765,4692,Late Delivery,2026-05-27,Not as Described,1,Opened,Processed,2026-05-27,,41679.89,108.04,34.38,9,Yes
2370,2766,4696,Wrong Item,2025-05-04,Late Delivery,1,Sellable,Processed,2025-05-04,2025-05-06,33755.19,121.14,25.93,6,Yes
2371,2768,4698,Wrong Item,2025-08-14,Changed Mind,1,Opened,Processed,2025-08-14,2025-08-18,1495.14,141.16,33.59,7,Yes
2372,2769,4699,Wrong Item,2025-09-21,Customer Refused,1,Opened,Processed,2025-09-22,2025-09-24,600.31,96.95,18.57,5,Yes
2373,2770,4700,Late Delivery,2025-08-29,Changed Mind,2,Opened,Processed,2025-08-30,2025-08-31,12406.05,119.73,49.28,9,Yes
2374,2771,4703,Late Delivery,2025-08-05,Product Quality,1,Sellable,Processed,2025-08-05,,0.0,162.91,35.14,6,No
2375,2772,4704,Quality Issue,2025-09-10,Customer Refused,2,Sellable,Processed,2025-09-10,2025-09-13,729.28,94.29,29.38,4,Yes
2376,2774,4707,Late Delivery,2025-08-26,Customer Refused,1,Sellable,Pending,2025-08-26,2025-08-27,2097.58,115.53,17.88,7,Yes
2377,2774,4708,Late Delivery,2025-08-26,Customer Refused,2,Sellable,Failed,2025-08-26,2025-08-29,3668.78,137.92,17.59,1,Yes
2378,2775,4709,Late Delivery,2026-06-20,Late Delivery,1,Damaged,Processed,2026-06-20,2026-06-21,45624.99,134.2,22.95,8,Yes
2379,2777,4712,Late Delivery,2025-08-12,Late Delivery,1,Opened,Processed,2025-08-12,2025-08-14,3048.21,145.11,35.33,9,Yes
2380,2777,4713,Wrong Item,2025-08-12,Late Delivery,1,Opened,Processed,2025-08-12,2025-08-15,40645.24,94.19,11.8,1,Yes
2381,2777,4714,Late Delivery,2025-08-10,Late Delivery,1,Sellable,Processed,2025-08-10,2025-08-11,23706.99,70.24,31.32,7,Yes
2382,2778,4715,Late Delivery,2024-11-25,Late Delivery,3,Opened,Processed,2024-11-25,2024-11-27,2939.55,93.01,38.8,9,Yes
2383,2779,4716,Quality Issue,2025-01-10,Size/Fit Issue,1,Damaged,Processed,2025-01-10,2025-01-11,2282.98,82.81,17.42,9,Yes
2384,2782,4723,Wrong Item,2025-10-08,Late Delivery,1,Damaged,Pending,2025-10-08,2025-10-11,52735.8,101.17,34.51,4,Yes
2385,2784,4725,Wrong Item,2026-07-25,Customer Refused,1,Damaged,Processed,2026-07-25,2026-07-27,3705.87,81.35,24.82,5,Yes
2386,2786,4727,Wrong Item,2025-07-26,Late Delivery,2,Damaged,Pending,2025-07-26,2025-07-27,7206.62,130.79,37.48,5,Yes
2387,2787,4728,Late Delivery,2025-12-26,Changed Mind,2,Opened,Processed,2025-12-26,,3937.92,63.76,45.4,3,Yes
2388,2788,4730,Wrong Item,2026-02-05,Late Delivery,3,Opened,Processed,2026-02-05,2026-02-08,12762.36,106.82,30.18,1,Yes
2389,2794,4740,Late Delivery,2024-09-01,Late Delivery,1,Opened,Pending,2024-09-01,2024-09-04,331.29,79.61,25.17,4,Yes
2390,2794,4741,Quality Issue,2024-09-02,Late Delivery,1,Sellable,Processed,2024-09-02,2024-09-04,1931.15,128.1,11.11,5,Yes
2391,2794,4742,Late Delivery,2024-09-03,Late Delivery,2,Damaged,Processed,2024-09-03,2024-09-04,1236.84,132.32,39.3,4,Yes
2392,2796,4744,Late Delivery,2026-07-24,Customer Refused,1,Opened,Processed,2026-07-24,2026-07-27,5415.24,100.04,32.99,2,Yes
2393,2797,4745,Quality Issue,2025-07-09,Customer Refused,1,Sellable,Processed,2025-07-09,2025-07-11,1308.14,146.17,35.09,7,Yes
2394,2800,4748,Quality Issue,2024-11-05,Not as Described,1,Sellable,Processed,2024-11-05,2024-11-09,1880.53,137.59,26.83,7,Yes
2395,2802,4751,Wrong Item,2024-12-18,Customer Refused,1,Opened,Processed,2024-12-18,2024-12-21,65841.07,146.42,24.56,8,Yes
2396,2807,4758,Quality Issue,2025-05-25,Late Delivery,2,Opened,Processed,2025-05-26,2025-05-28,93106.18,87.85,18.77,6,Yes
2397,2809,4760,Quality Issue,2024-10-30,Customer Refused,1,Opened,Pending,2024-10-30,2024-11-02,2994.74,129.75,17.28,9,Yes
2398,2810,4763,Late Delivery,2025-08-18,Not as Described,1,Damaged,Processed,2025-08-19,2025-08-22,39200.02,112.07,46.05,4,Yes
2399,2812,4766,Quality Issue,2025-04-24,Late Delivery,1,Sellable,Processed,2025-04-24,2025-04-27,492.79,137.0,18.47,8,Yes
2400,2813,4767,Quality Issue,2025-05-13,Customer Refused,2,Sellable,Processed,2025-05-13,2025-05-15,4713.88,98.4,13.69,1,Yes
2401,2814,4768,Quality Issue,2025-09-28,Late Delivery,1,Damaged,Processed,2025-09-28,2025-10-01,916.17,121.88,37.93,8,Yes
2402,2815,4769,Wrong Item,2025-07-26,Late Delivery,1,Sellable,Failed,2025-07-26,2025-07-29,2653.12,110.48,14.84,8,Yes
2403,2818,4773,Quality Issue,2026-03-08,Late Delivery,1,Opened,Processed,2026-03-08,2026-03-10,33473.5,108.87,35.06,2,Yes
2404,2819,4774,Quality Issue,2026-03-29,Damaged Product,1,Opened,Processed,2026-03-30,2026-04-02,37463.22,64.51,26.27,4,Yes
2405,2825,4782,Quality Issue,2025-12-06,Late Delivery,1,Sellable,Processed,2025-12-06,2025-12-09,21281.34,92.35,13.59,5,Yes
2406,2826,4783,Late Delivery,2025-01-07,Changed Mind,1,Defective,Processed,2025-01-07,,52835.83,131.51,34.52,9,Yes
2407,2827,4785,Wrong Item,2024-10-16,Changed Mind,1,Damaged,Processed,2024-10-16,2024-10-18,856.38,84.1,16.0,5,Yes
2408,2829,4787,Wrong Item,2024-11-05,Damaged Product,1,Sellable,Processed,2024-11-05,2024-11-06,1709.68,83.38,25.25,9,Yes
2409,2830,4790,Wrong Item,2024-10-17,Late Delivery,1,Opened,Processed,2024-10-17,2024-10-20,1579.03,50.32,11.95,8,Yes
2410,2834,4794,Late Delivery,2025-07-30,Late Delivery,1,Damaged,Processed,2025-07-30,2025-08-02,28892.95,72.13,31.97,3,Yes
2411,2835,4795,Quality Issue,2025-08-24,Customer Refused,1,Damaged,Processed,2025-08-24,2025-08-27,175329.35,104.6,19.24,1,Yes
2412,2835,4796,Late Delivery,2025-08-26,Customer Refused,1,Sellable,Processed,2025-08-26,2025-08-27,41855.8,135.97,24.9,4,Yes
2413,2838,4799,Late Delivery,2024-10-26,Customer Refused,1,Sellable,Processed,2024-10-26,2024-10-29,2952.32,57.94,24.7,5,Yes
2414,2838,4800,Late Delivery,2024-10-27,Customer Refused,1,Damaged,Processed,2024-10-27,2024-10-29,2543.91,60.22,29.7,5,Yes
2415,2839,4801,Quality Issue,2025-12-20,Customer Refused,1,Damaged,Processed,2025-12-20,2025-12-21,2021.43,103.41,35.94,8,Yes
2416,2839,4802,Wrong Item,2025-12-22,Customer Refused,1,Damaged,Processed,2025-12-22,2025-12-23,375.9,129.69,27.76,3,Yes
2417,2839,4803,Late Delivery,2025-12-22,Customer Refused,1,Opened,Processed,2025-12-22,2025-12-23,3282.57,97.93,12.35,3,Yes
2418,2841,4805,Quality Issue,2024-11-10,Customer Refused,1,Opened,Processed,2024-11-10,2024-11-12,4644.87,145.91,24.29,6,Yes
2419,2842,4806,Late Delivery,2024-11-29,Damaged Product,1,Sellable,Processed,2024-11-29,,3005.29,90.18,31.43,7,Yes
2420,2843,4807,Late Delivery,2025-06-21,Late Delivery,1,Sellable,Processed,2025-06-22,2025-06-24,1632.06,95.4,27.57,6,Yes
2421,2844,4808,Late Delivery,2025-01-06,Customer Refused,2,Damaged,Processed,2025-01-06,2025-01-08,163790.89,131.24,15.93,8,Yes
2422,2844,4809,Late Delivery,2025-01-08,Customer Refused,1,Sellable,Processed,2025-01-08,2025-01-10,1081.12,81.33,32.87,8,Yes
2423,2845,4810,Late Delivery,2025-02-17,Customer Refused,1,Sellable,Processed,2025-02-18,2025-02-20,6678.03,106.44,17.55,8,Yes
2424,2847,4812,Wrong Item,2025-06-23,Customer Refused,1,Damaged,Processed,2025-06-23,2025-06-25,72522.87,92.63,17.35,7,Yes
2425,2847,4813,Wrong Item,2025-06-25,Customer Refused,1,Sellable,Processed,2025-06-25,2025-06-28,3107.83,102.56,21.28,9,Yes
2426,2847,4814,Late Delivery,2025-06-23,Customer Refused,1,Damaged,Processed,2025-06-23,2025-06-26,332.1,101.99,10.13,1,Yes
2427,2847,4815,Late Delivery,2025-06-25,Customer Refused,1,Damaged,Processed,2025-06-25,2025-06-26,2735.05,88.85,35.42,4,Yes
2428,2847,4816,Wrong Item,2025-06-23,Customer Refused,1,Sellable,Processed,2025-06-23,2025-06-26,116501.05,50.05,30.81,7,Yes
2429,2850,4819,Quality Issue,2026-01-11,Changed Mind,1,Damaged,Processed,2026-01-12,,2323.31,73.73,39.11,2,Yes
2430,2852,4824,Wrong Item,2025-05-18,Customer Refused,1,Damaged,Processed,2025-05-18,2025-05-21,2923.05,149.18,13.5,1,Yes
2431,2852,4825,Wrong Item,2025-05-18,Customer Refused,1,Opened,Pending,2025-05-18,2025-05-20,2711.84,81.82,19.55,3,Yes
2432,2854,4828,Late Delivery,2026-02-24,Late Delivery,2,Sellable,Processed,2026-02-24,2026-02-25,67834.09,86.91,14.02,6,Yes
2433,2855,4829,Late Delivery,2026-03-17,Customer Refused,2,Opened,Processed,2026-03-17,2026-03-20,4558.64,50.24,18.86,4,Yes
2434,2858,4832,Late Delivery,2024-11-25,Customer Refused,1,Opened,Processed,2024-11-25,2024-11-26,41867.78,53.35,28.31,7,Yes
2435,2860,4835,Wrong Item,2026-03-06,Customer Refused,1,Sellable,Processed,2026-03-07,2026-03-09,41114.17,112.29,12.24,5,Yes
2436,2861,4836,Quality Issue,2025-03-19,Customer Refused,2,Opened,Processed,2025-03-19,2025-03-21,125213.32,111.7,15.03,2,Yes
2437,2863,4838,Quality Issue,2026-03-12,Customer Refused,1,Sellable,Processed,2026-03-12,2026-03-14,3372.43,99.03,24.12,1,Yes
2438,2863,4839,Wrong Item,2026-03-10,Customer Refused,1,Opened,Processed,2026-03-10,2026-03-13,17246.47,113.39,33.15,5,Yes
2439,2865,4841,Wrong Item,2025-03-18,Size/Fit Issue,1,Damaged,Pending,2025-03-18,,0.0,68.19,33.09,6,No
2440,2866,4842,Late Delivery,2025-04-08,Late Delivery,1,Defective,Processed,2025-04-08,2025-04-12,4299.46,70.14,29.49,2,Yes
2441,2867,4845,Late Delivery,2025-07-21,Customer Refused,1,Sellable,Processed,2025-07-21,2025-07-23,45657.93,100.74,26.84,7,Yes
2442,2867,4846,Quality Issue,2025-07-24,Customer Refused,1,Opened,Processed,2025-07-24,2025-07-26,1437.39,86.41,36.58,4,Yes
2443,2870,4851,Wrong Item,2025-06-14,Late Delivery,1,Opened,Processed,2025-06-14,2025-06-16,2263.98,106.15,15.04,4,Yes
2444,2870,4852,Wrong Item,2025-06-14,Late Delivery,1,Sellable,Processed,2025-06-14,2025-06-15,2016.06,142.42,30.07,8,Yes
2445,2871,4853,Wrong Item,2026-04-12,Customer Refused,1,Sellable,Failed,2026-04-12,2026-04-15,3603.31,142.92,31.07,2,Yes
2446,2873,4856,Wrong Item,2024-11-14,Late Delivery,1,Opened,Processed,2024-11-14,2024-11-16,62864.23,98.72,14.81,5,Yes
2447,2873,4857,Quality Issue,2024-11-17,Late Delivery,1,Opened,Processed,2024-11-17,2024-11-18,1170.09,135.0,14.56,7,Yes
2448,2875,4859,Late Delivery,2024-08-17,Customer Refused,2,Opened,Pending,2024-08-17,2024-08-19,4503.62,80.5,26.58,3,Yes
2449,2876,4860,Wrong Item,2025-05-27,Customer Refused,1,Damaged,Pending,2025-05-27,2025-05-28,34181.12,78.08,13.89,4,Yes
2450,2879,4865,Wrong Item,2024-08-29,Damaged Product,1,Opened,Processed,2024-08-30,2024-09-01,2323.79,115.82,17.49,1,Yes
2451,2881,4867,Late Delivery,2025-03-22,Customer Refused,2,Sellable,Processed,2025-03-22,2025-03-24,192585.14,79.14,33.98,8,Yes
2452,2881,4868,Wrong Item,2025-03-19,Customer Refused,1,Opened,Processed,2025-03-19,2025-03-21,121078.87,64.73,10.54,1,Yes
2453,2881,4869,Late Delivery,2025-03-22,Customer Refused,1,Damaged,Processed,2025-03-22,2025-03-25,2559.4,120.92,29.92,3,Yes
2454,2881,4870,Quality Issue,2025-03-21,Customer Refused,1,Damaged,Pending,2025-03-21,2025-03-22,3271.1,113.5,35.69,7,Yes
2455,2885,4874,Late Delivery,2026-02-10,Customer Refused,2,Opened,Processed,2026-02-10,2026-02-12,62486.54,97.85,30.14,8,Yes
2456,2885,4875,Quality Issue,2026-02-06,Customer Refused,1,Opened,Processed,2026-02-06,2026-02-08,1331.49,134.18,35.17,8,Yes
2457,2886,4876,Wrong Item,2026-03-27,Product Quality,1,Sellable,Processed,2026-03-27,2026-03-28,110609.66,90.89,38.66,5,Yes
2458,2887,4878,Wrong Item,2025-08-02,Late Delivery,3,Damaged,Processed,2025-08-02,2025-08-05,10469.95,112.74,18.26,6,Yes
2459,2891,4882,Wrong Item,2026-01-01,Customer Refused,1,Opened,Pending,2026-01-01,2026-01-04,119873.15,140.22,24.49,9,Yes
2460,2891,4883,Wrong Item,2026-01-01,Customer Refused,1,Opened,Processed,2026-01-01,2026-01-02,58035.63,120.84,24.53,6,Yes
2461,2891,4884,Quality Issue,2026-01-01,Customer Refused,1,Damaged,Processed,2026-01-01,2026-01-02,90116.43,88.65,29.57,2,Yes
2462,2891,4885,Wrong Item,2026-01-03,Customer Refused,2,Opened,Processed,2026-01-03,2026-01-05,1476.49,107.79,36.93,6,Yes
2463,2892,4886,Wrong Item,2026-03-03,Customer Refused,2,Damaged,Processed,2026-03-03,2026-03-05,33241.27,79.71,29.53,5,Yes
2464,2892,4887,Wrong Item,2026-03-05,Customer Refused,1,Sellable,Processed,2026-03-05,2026-03-08,361.86,125.88,31.93,7,Yes
2465,2892,4888,Late Delivery,2026-03-05,Customer Refused,1,Opened,Processed,2026-03-05,2026-03-07,508.86,78.76,37.6,7,Yes
2466,2892,4889,Late Delivery,2026-03-03,Customer Refused,1,Opened,Processed,2026-03-03,2026-03-05,420.38,57.24,25.04,7,Yes
2467,2892,4890,Late Delivery,2026-03-02,Customer Refused,1,Sellable,Failed,2026-03-02,2026-03-04,55170.63,67.59,37.64,8,Yes
2468,2896,4895,Quality Issue,2026-04-29,Customer Refused,1,Opened,Processed,2026-04-29,2026-05-02,1506.84,107.98,24.92,3,Yes
2469,2897,4896,Quality Issue,2026-05-26,Changed Mind,1,Damaged,Pending,2026-05-26,,293.19,66.61,20.5,9,Yes
2470,2897,4897,Wrong Item,2026-05-26,Late Delivery,1,Opened,Processed,2026-05-26,2026-05-30,48077.53,129.31,38.65,7,Yes
2471,2897,4899,Wrong Item,2026-05-21,Product Quality,1,Sellable,Processed,2026-05-21,,1971.98,75.23,32.04,9,Yes
2472,2898,4901,Wrong Item,2025-05-09,Late Delivery,1,Damaged,Processed,2025-05-09,2025-05-12,25716.53,130.07,26.53,3,Yes
2473,2898,4902,Late Delivery,2025-05-11,Late Delivery,1,Damaged,Processed,2025-05-11,2025-05-13,121705.32,135.28,15.12,8,Yes
2474,2898,4903,Quality Issue,2025-05-09,Late Delivery,1,Sellable,Processed,2025-05-09,2025-05-11,1549.39,105.04,24.84,8,Yes
2475,2901,4908,Quality Issue,2025-04-28,Customer Refused,1,Sellable,Pending,2025-04-28,2025-05-01,59454.08,86.27,22.02,9,Yes
2476,2903,4911,Quality Issue,2026-07-08,Product Quality,1,Opened,Processed,2026-07-09,,1801.9,156.09,40.55,2,Yes
2477,2905,4914,Wrong Item,2025-05-20,Customer Refused,1,Opened,Processed,2025-05-20,2025-05-23,1161.26,89.73,26.09,9,Yes
2478,2908,4917,Late Delivery,2025-06-13,Customer Refused,1,Sellable,Processed,2025-06-13,2025-06-15,113943.37,136.01,16.4,4,Yes
2479,2908,4918,Wrong Item,2025-06-13,Customer Refused,1,Opened,Processed,2025-06-13,2025-06-16,4233.91,60.93,30.06,3,Yes
2480,2910,4920,Quality Issue,2025-02-10,Customer Refused,1,Damaged,Processed,2025-02-10,2025-02-12,1891.83,96.42,13.45,3,Yes
2481,2911,4921,Quality Issue,2026-01-24,Customer Refused,2,Damaged,Processed,2026-01-24,2026-01-26,1959.6,138.22,22.02,4,Yes
2482,2911,4922,Wrong Item,2026-01-25,Customer Refused,1,Sellable,Pending,2026-01-25,2026-01-26,2877.25,101.26,18.23,3,Yes
2483,2913,4924,Quality Issue,2025-06-29,Late Delivery,1,Sellable,Processed,2025-06-30,2025-07-01,31737.7,69.9,39.6,4,Yes
2484,2915,4930,Late Delivery,2025-03-25,Customer Refused,1,Opened,Pending,2025-03-25,2025-03-28,1813.84,135.05,37.21,6,Yes
2485,2915,4931,Wrong Item,2025-03-23,Customer Refused,3,Opened,Processed,2025-03-23,2025-03-26,5888.75,76.38,31.69,3,Yes
2486,2915,4932,Late Delivery,2025-03-25,Customer Refused,1,Sellable,Pending,2025-03-25,2025-03-28,2860.73,73.37,35.81,2,Yes
2487,2915,4933,Wrong Item,2025-03-25,Customer Refused,1,Sellable,Processed,2025-03-25,2025-03-28,410.8,117.24,26.0,5,Yes
2488,2916,4934,Late Delivery,2024-10-19,Customer Refused,1,Sellable,Processed,2024-10-19,2024-10-22,1568.71,96.05,14.89,4,Yes
2489,2917,4935,Late Delivery,2025-10-04,Late Delivery,2,Opened,Processed,2025-10-04,2025-10-07,84583.86,134.76,30.8,3,Yes
2490,2918,4936,Quality Issue,2025-11-03,Late Delivery,1,Opened,Failed,2025-11-03,2025-11-05,9243.49,139.63,24.18,3,Yes
2491,2923,4944,Quality Issue,2025-06-29,Late Delivery,1,Sellable,Processed,2025-06-29,2025-06-30,966.01,126.98,17.64,9,Yes
2492,2924,4945,Wrong Item,2026-05-24,Late Delivery,1,Opened,Processed,2026-05-24,2026-05-26,4250.81,132.63,24.85,7,Yes
2493,2926,4947,Wrong Item,2025-04-09,Late Delivery,2,Opened,Failed,2025-04-09,2025-04-11,4599.14,53.83,15.48,6,Yes
2494,2927,4948,Late Delivery,2025-05-16,Customer Refused,1,Opened,Processed,2025-05-16,2025-05-19,2699.16,51.76,13.57,8,Yes
2495,2928,4949,Wrong Item,2026-06-16,Customer Refused,1,Opened,Processed,2026-06-16,2026-06-18,56335.2,104.94,29.66,8,Yes
2496,2929,4950,Wrong Item,2026-02-22,Late Delivery,1,Opened,Processed,2026-02-22,2026-02-23,55858.51,88.71,19.1,5,Yes
2497,2929,4951,Wrong Item,2026-02-19,Late Delivery,2,Sellable,Pending,2026-02-19,2026-02-22,4541.49,135.13,28.06,3,Yes
2498,2930,4952,Wrong Item,2026-05-01,Customer Refused,1,Sellable,Processed,2026-05-01,2026-05-02,1838.39,64.0,18.3,5,Yes
2499,2930,4953,Wrong Item,2026-05-01,Customer Refused,1,Sellable,Processed,2026-05-01,2026-05-04,4480.11,135.17,37.78,5,Yes
2500,2931,4954,Wrong Item,2026-05-14,Late Delivery,1,Sellable,Processed,2026-05-15,2026-05-16,1844.43,58.97,15.54,6,Yes
2501,2932,4955,Quality Issue,2025-11-29,Customer Refused,1,Opened,Processed,2025-11-29,2025-11-30,366.99,128.23,33.59,2,Yes
2502,2932,4956,Wrong Item,2025-11-29,Customer Refused,1,Damaged,Processed,2025-11-29,2025-12-01,1450.73,50.62,37.61,3,Yes
2503,2934,4958,Wrong Item,2026-07-31,Late Delivery,1,Damaged,Processed,2026-07-31,2026-08-02,3139.38,50.97,32.9,7,Yes
2504,2934,4959,Quality Issue,2026-07-31,Late Delivery,1,Damaged,Pending,2026-07-31,2026-08-03,449.44,56.66,26.34,4,Yes
2505,2934,4960,Quality Issue,2026-07-31,Late Delivery,1,Opened,Processed,2026-07-31,2026-08-03,1246.67,106.38,39.55,8,Yes
2506,2934,4961,Quality Issue,2026-07-29,Late Delivery,1,Sellable,Processed,2026-07-29,2026-07-31,1406.48,127.65,23.35,2,Yes
2507,2934,4962,Wrong Item,2026-07-29,Late Delivery,1,Sellable,Pending,2026-07-29,2026-07-30,50088.28,129.01,24.08,7,Yes
2508,2936,4965,Wrong Item,2025-08-23,Customer Refused,2,Damaged,Processed,2025-08-24,2025-08-27,2757.73,107.52,29.29,3,Yes
2509,2938,4967,Wrong Item,2025-04-04,Customer Refused,2,Sellable,Processed,2025-04-04,2025-04-05,1216.24,57.97,21.35,1,Yes
2510,2939,4968,Wrong Item,2025-08-23,Late Delivery,1,Opened,Processed,2025-08-23,2025-08-26,3564.11,144.22,34.73,7,Yes
2511,2944,4975,Quality Issue,2025-03-09,Late Delivery,1,Sellable,Processed,2025-03-09,2025-03-11,161346.19,119.15,38.24,2,Yes
2512,2946,4978,Quality Issue,2026-07-19,Damaged Product,1,Sellable,Pending,2026-07-19,2026-07-21,36071.09,174.03,19.5,8,Yes
2513,2947,4979,Quality Issue,2025-01-29,Customer Refused,1,Opened,Processed,2025-01-29,2025-02-01,78038.07,79.71,34.13,2,Yes
2514,2957,4991,Quality Issue,2024-11-28,Customer Refused,1,Opened,Processed,2024-11-29,2024-12-01,1058.92,76.36,39.66,6,Yes
2515,2958,4992,Late Delivery,2025-02-09,Customer Refused,1,Opened,Processed,2025-02-09,2025-02-10,2246.14,126.54,24.38,4,Yes
2516,2958,4993,Late Delivery,2025-02-09,Customer Refused,1,Sellable,Processed,2025-02-09,2025-02-10,2049.76,86.49,31.05,2,Yes
2517,2960,4999,Quality Issue,2024-09-01,Product Quality,1,Opened,Pending,2024-09-01,2024-09-03,2177.89,63.31,37.23,1,Yes
2518,2963,5002,Wrong Item,2026-03-05,Customer Refused,1,Opened,Processed,2026-03-05,2026-03-06,4145.53,92.33,31.03,7,Yes
2519,2969,5008,Quality Issue,2025-05-20,Late Delivery,1,Sellable,Processed,2025-05-20,2025-05-23,3104.78,124.04,27.93,5,Yes
2520,2970,5009,Quality Issue,2025-06-10,Customer Refused,1,Sellable,Processed,2025-06-10,2025-06-12,2649.54,131.7,18.94,2,Yes
2521,2971,5010,Quality Issue,2025-08-05,Customer Refused,1,Sellable,Processed,2025-08-05,2025-08-07,99.91,121.32,36.81,8,No
2522,2973,5013,Wrong Item,2025-08-01,Not as Described,2,Opened,Processed,2025-08-02,2025-08-05,3896.72,94.21,24.67,7,Yes
2523,2975,5016,Wrong Item,2025-09-16,Customer Refused,1,Damaged,Processed,2025-09-16,2025-09-17,36745.03,61.3,16.63,9,Yes
2524,2976,5017,Quality Issue,2025-10-08,Customer Refused,2,Damaged,Processed,2025-10-08,2025-10-09,4026.3,143.33,21.6,8,Yes
2525,2977,5018,Late Delivery,2024-09-25,Late Delivery,3,Opened,Pending,2024-09-25,2024-09-26,1143.37,130.33,10.94,6,Yes
2526,2978,5019,Quality Issue,2024-10-26,Customer Refused,1,Sellable,Pending,2024-10-26,2024-10-27,1358.29,136.0,23.41,8,Yes
2527,2978,5020,Wrong Item,2024-10-27,Customer Refused,1,Opened,Pending,2024-10-27,2024-10-28,3201.0,52.22,13.19,7,Yes
2528,2979,5021,Quality Issue,2025-09-17,Customer Refused,1,Opened,Failed,2025-09-18,2025-09-20,58270.67,87.96,21.73,4,Yes
2529,2981,5024,Quality Issue,2026-06-06,Late Delivery,2,Damaged,Processed,2026-06-07,2026-06-09,5043.08,124.11,30.87,8,Yes
2530,2982,5025,Late Delivery,2026-07-08,Damaged Product,1,Defective,Processed,2026-07-08,2026-07-10,90618.22,64.32,45.66,7,Yes
2531,2983,5026,Wrong Item,2026-04-05,Size/Fit Issue,1,Opened,Pending,2026-04-05,2026-04-09,5455.75,152.84,18.01,6,Yes
2532,2984,5031,Quality Issue,2026-04-21,Customer Refused,1,Opened,Processed,2026-04-21,2026-04-23,3872.32,100.85,25.01,5,Yes
2533,2987,5038,Late Delivery,2024-08-24,Customer Refused,1,Damaged,Processed,2024-08-24,2024-08-25,4466.75,128.02,36.49,7,Yes
2534,2988,5039,Late Delivery,2025-03-05,Customer Refused,1,Damaged,Processed,2025-03-05,2025-03-06,1257.21,117.17,22.38,9,Yes
2535,2988,5040,Late Delivery,2025-03-06,Customer Refused,1,Sellable,Pending,2025-03-06,2025-03-08,2949.13,103.48,18.4,1,Yes
2536,2989,5041,Quality Issue,2025-04-15,Customer Refused,1,Opened,Processed,2025-04-15,2025-04-18,35111.55,108.85,22.2,1,Yes
2537,2991,5043,Quality Issue,2024-09-15,Customer Refused,1,Sellable,Processed,2024-09-15,2024-09-18,467.59,72.21,27.42,3,Yes
2538,2991,5044,Late Delivery,2024-09-12,Customer Refused,1,Sellable,Processed,2024-09-12,2024-09-15,1025.2,52.77,12.75,7,Yes
2539,2992,5045,Quality Issue,2024-10-23,Customer Refused,1,Opened,Pending,2024-10-23,2024-10-25,109761.79,72.97,38.42,8,Yes
2540,2992,5046,Late Delivery,2024-10-19,Customer Refused,1,Sellable,Processed,2024-10-19,2024-10-21,698.31,128.34,16.77,4,Yes
2541,2992,5047,Wrong Item,2024-10-21,Customer Refused,2,Opened,Processed,2024-10-21,2024-10-23,56959.7,77.57,27.3,8,Yes
2542,2993,5049,Quality Issue,2026-03-08,Changed Mind,1,Opened,Processed,2026-03-08,2026-03-12,2051.19,162.34,36.27,3,Yes
2543,2997,5059,Quality Issue,2026-08-03,Late Delivery,1,Sellable,Processed,2026-08-03,2026-08-06,2290.44,101.74,38.36,8,Yes
2544,2998,5060,Late Delivery,2025-07-02,Customer Refused,1,Damaged,Processed,2025-07-02,2025-07-05,1238.31,106.81,19.45,3,Yes
2545,3002,5065,Quality Issue,2025-08-28,Changed Mind,1,Opened,Processed,2025-08-28,2025-08-31,3419.21,86.11,41.39,3,Yes
2546,3005,5071,Late Delivery,2026-05-26,Customer Refused,1,Opened,Pending,2026-05-26,2026-05-28,70901.36,74.68,18.14,5,Yes
2547,3005,5072,Wrong Item,2026-05-23,Customer Refused,1,Damaged,Processed,2026-05-23,2026-05-25,7184.58,59.89,14.46,8,Yes
2548,3007,5074,Late Delivery,2026-06-02,Late Delivery,1,Sellable,Processed,2026-06-02,2026-06-05,2584.77,128.45,20.79,3,Yes
2549,3007,5075,Quality Issue,2026-06-06,Late Delivery,1,Opened,Failed,2026-06-06,2026-06-09,9347.84,51.08,18.68,7,Yes
2550,3013,5087,Wrong Item,2024-12-07,Customer Refused,1,Opened,Processed,2024-12-07,2024-12-09,2411.83,127.62,15.24,2,Yes
2551,3015,5093,Wrong Item,2025-11-18,Damaged Product,2,Defective,Processed,2025-11-18,2025-11-19,72997.27,75.53,42.68,4,Yes
2552,3021,5102,Wrong Item,2026-03-11,Customer Refused,1,Sellable,Processed,2026-03-12,2026-03-14,75355.2,140.3,22.77,1,Yes
2553,3021,5103,Quality Issue,2026-03-12,Customer Refused,3,Opened,Processed,2026-03-13,2026-03-14,25677.09,63.54,18.51,2,Yes
2554,3021,5104,Late Delivery,2026-03-14,Customer Refused,1,Damaged,Processed,2026-03-15,2026-03-17,4013.76,87.56,10.38,7,Yes
2555,3021,5105,Late Delivery,2026-03-14,Customer Refused,1,Opened,Processed,2026-03-15,2026-03-16,695.37,111.08,30.65,5,Yes
2556,3021,5106,Late Delivery,2026-03-15,Customer Refused,2,Sellable,Processed,2026-03-16,2026-03-19,93635.13,111.1,19.06,3,Yes
2557,3022,5107,Quality Issue,2025-02-16,Customer Refused,1,Opened,Processed,2025-02-16,2025-02-19,878.14,128.83,12.72,3,Yes
2558,3024,5109,Late Delivery,2025-06-01,Late Delivery,1,Damaged,Processed,2025-06-01,2025-06-02,2804.68,53.49,14.86,1,Yes
2559,3024,5110,Wrong Item,2025-05-31,Late Delivery,1,Damaged,Failed,2025-05-31,2025-06-02,652.42,133.6,37.79,5,Yes
2560,3026,5116,Wrong Item,2024-12-29,Customer Refused,1,Sellable,Failed,2024-12-29,2025-01-01,74601.64,115.14,13.26,7,Yes
2561,3028,5122,Quality Issue,2026-01-12,Late Delivery,2,Opened,Processed,2026-01-12,2026-01-15,691.45,90.18,30.33,2,Yes
2562,3029,5123,Wrong Item,2024-12-05,Late Delivery,1,Opened,Pending,2024-12-05,2024-12-06,4132.76,96.1,22.44,3,Yes
2563,3029,5124,Late Delivery,2024-12-06,Late Delivery,2,Sellable,Processed,2024-12-06,2024-12-09,6520.7,82.03,36.49,9,Yes
2564,3029,5125,Late Delivery,2024-12-08,Late Delivery,1,Opened,Pending,2024-12-08,2024-12-10,1312.07,68.58,16.28,2,Yes
2565,3029,5126,Wrong Item,2024-12-06,Late Delivery,1,Damaged,Pending,2024-12-06,2024-12-08,2883.7,76.43,17.96,7,Yes
2566,3029,5127,Quality Issue,2024-12-09,Late Delivery,1,Sellable,Processed,2024-12-09,2024-12-12,43562.14,107.68,15.5,4,Yes
2567,3031,5131,Quality Issue,2024-11-18,Changed Mind,1,Sellable,Processed,2024-11-18,,0.0,66.7,48.03,6,No
2568,3037,5141,Late Delivery,2025-12-01,Late Delivery,1,Sellable,Processed,2025-12-01,2025-12-04,26648.95,144.19,38.26,1,Yes
2569,3038,5142,Quality Issue,2025-12-26,Customer Refused,1,Opened,Processed,2025-12-26,2025-12-27,106894.58,125.74,19.8,5,Yes
2570,3038,5143,Quality Issue,2025-12-26,Customer Refused,1,Opened,Processed,2025-12-26,2025-12-27,3000.81,54.86,19.84,4,Yes
2571,3040,5147,Quality Issue,2025-01-07,Late Delivery,2,Opened,Processed,2025-01-08,2025-01-10,2043.44,139.35,33.82,5,Yes
2572,3040,5148,Wrong Item,2025-01-06,Late Delivery,1,Opened,Failed,2025-01-07,2025-01-09,663.94,130.37,33.64,4,Yes
2573,3040,5149,Quality Issue,2025-01-04,Late Delivery,1,Sellable,Processed,2025-01-05,2025-01-06,3301.96,98.18,36.2,3,Yes
2574,3040,5150,Late Delivery,2025-01-06,Late Delivery,1,Damaged,Processed,2025-01-07,2025-01-09,9723.58,95.43,28.78,3,Yes
2575,3040,5151,Late Delivery,2025-01-04,Late Delivery,1,Sellable,Processed,2025-01-05,2025-01-06,1682.02,135.79,37.29,8,Yes
2576,3045,5160,Late Delivery,2025-05-12,Late Delivery,1,Damaged,Processed,2025-05-12,2025-05-15,36734.99,69.61,36.13,6,Yes
2577,3045,5161,Quality Issue,2025-05-16,Late Delivery,1,Sellable,Processed,2025-05-16,2025-05-18,1700.32,128.85,14.65,7,Yes
2578,3045,5162,Late Delivery,2025-05-15,Late Delivery,2,Opened,Pending,2025-05-15,2025-05-18,85531.47,99.49,18.94,5,Yes
2579,3045,5163,Late Delivery,2025-05-15,Late Delivery,1,Damaged,Pending,2025-05-15,2025-05-17,46445.07,95.75,35.32,9,Yes
2580,3047,5165,Wrong Item,2025-12-23,Late Delivery,1,Damaged,Processed,2025-12-23,2025-12-24,115.38,141.48,38.29,5,Yes
2581,3049,5169,Late Delivery,2024-12-21,Customer Refused,1,Sellable,Processed,2024-12-21,2024-12-22,3171.95,85.36,24.37,4,Yes
2582,3049,5170,Quality Issue,2024-12-23,Customer Refused,1,Damaged,Processed,2024-12-23,2024-12-25,48040.86,94.74,34.3,9,Yes
2583,3050,5171,Wrong Item,2026-04-01,Late Delivery,1,Opened,Processed,2026-04-01,2026-04-02,74351.8,132.97,31.03,6,Yes
2584,3052,5173,Wrong Item,2026-03-19,Late Delivery,1,Sellable,Processed,2026-03-19,2026-03-21,3407.41,75.3,17.28,9,Yes
2585,3052,5174,Quality Issue,2026-03-19,Late Delivery,2,Opened,Processed,2026-03-19,2026-03-21,52550.89,90.4,29.34,5,Yes
2586,3054,5177,Wrong Item,2025-06-07,Customer Refused,1,Opened,Processed,2025-06-07,2025-06-09,46016.38,78.44,25.51,3,Yes
2587,3055,5178,Late Delivery,2025-07-04,Late Delivery,2,Sellable,Processed,2025-07-04,2025-07-05,157113.89,92.59,36.24,8,Yes
2588,3055,5179,Quality Issue,2025-07-02,Late Delivery,1,Damaged,Processed,2025-07-02,2025-07-03,19474.55,91.55,16.39,2,Yes
2589,3055,5180,Late Delivery,2025-07-02,Late Delivery,1,Damaged,Processed,2025-07-02,2025-07-03,2531.15,127.54,39.18,1,Yes
2590,3056,5181,Late Delivery,2026-03-05,Customer Refused,2,Opened,Processed,2026-03-05,2026-03-06,2802.68,65.04,20.89,5,Yes
2591,3057,5182,Late Delivery,2026-04-16,Customer Refused,1,Damaged,Processed,2026-04-17,2026-04-19,1881.25,96.49,32.25,3,Yes
2592,3058,5183,Quality Issue,2026-01-30,Late Delivery,1,Sellable,Processed,2026-01-30,2026-02-02,3013.53,88.48,18.58,8,Yes
2593,3059,5184,Quality Issue,2026-02-25,Customer Refused,2,Opened,Pending,2026-02-25,2026-02-26,2707.88,98.31,17.06,8,Yes
2594,3059,5185,Quality Issue,2026-03-01,Customer Refused,2,Opened,Processed,2026-03-01,2026-03-03,5398.32,56.15,27.98,5,Yes
2595,3059,5186,Wrong Item,2026-02-25,Customer Refused,1,Opened,Processed,2026-02-25,2026-02-26,2388.11,69.46,23.97,2,Yes
2596,3060,5188,Wrong Item,2025-11-23,Damaged Product,1,Sellable,Processed,2025-11-23,2025-11-27,8320.61,138.92,48.21,2,Yes
2597,3060,5189,Wrong Item,2025-11-23,Damaged Product,1,Sellable,Processed,2025-11-23,2025-11-25,79298.27,108.19,38.43,8,Yes
2598,3060,5190,Late Delivery,2025-11-26,Product Quality,1,Opened,Processed,2025-11-26,2025-11-30,3019.04,165.17,38.57,1,Yes
2599,3064,5199,Wrong Item,2025-10-10,Late Delivery,1,Sellable,Processed,2025-10-10,2025-10-12,10557.87,148.37,30.57,6,Yes
2600,3064,5200,Quality Issue,2025-10-09,Late Delivery,1,Sellable,Processed,2025-10-09,2025-10-11,2066.32,101.58,10.18,9,Yes
2601,3067,5203,Wrong Item,2026-06-19,Customer Refused,1,Opened,Processed,2026-06-19,2026-06-21,2448.47,80.19,36.61,7,Yes
2602,3069,5206,Quality Issue,2026-01-17,Product Quality,1,Defective,Processed,2026-01-18,2026-01-20,2103.24,175.87,43.85,7,Yes
2603,3071,5208,Wrong Item,2025-12-10,Customer Refused,1,Opened,Processed,2025-12-10,2025-12-12,1518.07,111.76,35.76,6,Yes
2604,3074,5213,Late Delivery,2024-10-23,Customer Refused,1,Opened,Processed,2024-10-23,2024-10-25,79042.42,96.18,19.48,1,Yes
2605,3074,5214,Wrong Item,2024-10-23,Customer Refused,1,Damaged,Processed,2024-10-23,2024-10-24,3542.11,127.81,39.11,9,Yes
2606,3075,5215,Wrong Item,2024-11-04,Customer Refused,2,Damaged,Processed,2024-11-04,2024-11-05,1824.41,148.08,36.93,6,Yes
2607,3076,5216,Quality Issue,2025-12-31,Late Delivery,1,Sellable,Processed,2025-12-31,2026-01-03,4571.62,64.87,23.89,4,Yes
2608,3076,5217,Quality Issue,2025-12-31,Late Delivery,1,Damaged,Processed,2025-12-31,2026-01-01,2396.84,98.11,11.67,2,Yes
2609,3076,5218,Quality Issue,2025-12-29,Late Delivery,1,Sellable,Pending,2025-12-29,2026-01-01,28203.04,102.63,22.08,5,Yes
2610,3076,5219,Late Delivery,2025-12-30,Late Delivery,2,Sellable,Processed,2025-12-30,2025-12-31,6474.15,141.34,11.26,5,Yes
2611,3081,5225,Quality Issue,2024-10-07,Customer Refused,1,Damaged,Processed,2024-10-08,2024-10-09,1343.94,138.36,36.63,5,Yes
2612,3082,5226,Wrong Item,2025-08-10,Late Delivery,2,Sellable,Processed,2025-08-11,2025-08-14,2039.37,51.43,37.22,9,Yes
2613,3082,5227,Wrong Item,2025-08-13,Late Delivery,1,Damaged,Processed,2025-08-14,2025-08-17,116405.7,94.87,20.46,9,Yes
2614,3085,5237,Wrong Item,2026-03-22,Customer Refused,1,Damaged,Processed,2026-03-22,2026-03-23,2869.09,86.44,21.78,9,Yes
2615,3085,5238,Wrong Item,2026-03-23,Customer Refused,1,Damaged,Processed,2026-03-23,2026-03-25,1247.51,104.45,35.84,9,Yes
2616,3085,5239,Quality Issue,2026-03-25,Customer Refused,1,Opened,Processed,2026-03-25,2026-03-27,1872.85,91.71,32.79,7,Yes
2617,3085,5240,Wrong Item,2026-03-24,Customer Refused,1,Damaged,Pending,2026-03-24,2026-03-26,2084.3,140.85,15.57,9,Yes
2618,3085,5241,Late Delivery,2026-03-25,Customer Refused,1,Damaged,Processed,2026-03-25,2026-03-27,40867.96,74.66,18.06,6,Yes
2619,3090,5248,Wrong Item,2025-07-25,Late Delivery,1,Opened,Processed,2025-07-25,2025-07-26,3427.26,70.11,19.83,4,Yes
2620,3090,5249,Quality Issue,2025-07-29,Late Delivery,1,Opened,Processed,2025-07-29,2025-07-31,1726.63,112.78,18.1,4,Yes
2621,3091,5250,Quality Issue,2026-04-23,Late Delivery,1,Opened,Processed,2026-04-23,2026-04-26,1540.01,131.05,35.25,2,Yes
2622,3092,5251,Wrong Item,2026-05-27,Customer Refused,1,Opened,Processed,2026-05-27,2026-05-29,808.84,82.54,34.76,7,Yes
2623,3094,5253,Quality Issue,2024-11-21,Customer Refused,1,Sellable,Processed,2024-11-21,2024-11-22,322.75,64.52,19.97,9,Yes
2624,3094,5254,Quality Issue,2024-11-19,Customer Refused,3,Opened,Failed,2024-11-19,2024-11-20,8541.06,65.9,23.51,3,Yes
2625,3094,5255,Quality Issue,2024-11-19,Customer Refused,1,Sellable,Processed,2024-11-19,2024-11-20,3314.16,59.97,38.29,5,Yes
2626,3094,5256,Quality Issue,2024-11-23,Customer Refused,1,Sellable,Processed,2024-11-23,2024-11-26,2427.87,53.04,11.9,9,Yes
2627,3096,5258,Late Delivery,2026-03-13,Late Delivery,1,Opened,Processed,2026-03-13,2026-03-16,1563.36,134.64,19.34,1,Yes
2628,3098,5263,Quality Issue,2025-04-21,Product Quality,1,Damaged,Processed,2025-04-21,,108340.99,100.64,42.06,1,Yes
2629,3100,5267,Late Delivery,2025-02-08,Customer Refused,1,Damaged,Processed,2025-02-08,2025-02-11,1285.35,63.83,33.43,9,Yes
2630,3101,5268,Wrong Item,2024-12-11,Customer Refused,1,Opened,Pending,2024-12-11,2024-12-13,40892.67,84.89,18.28,9,Yes
2631,3101,5269,Late Delivery,2024-12-12,Customer Refused,1,Opened,Processed,2024-12-12,2024-12-15,2673.98,132.48,38.29,2,Yes
2632,3101,5270,Quality Issue,2024-12-11,Customer Refused,2,Sellable,Processed,2024-12-11,2024-12-13,3684.63,92.96,36.85,1,Yes
2633,3101,5271,Wrong Item,2024-12-10,Customer Refused,3,Damaged,Processed,2024-12-10,2024-12-12,8992.75,85.79,28.24,4,Yes
2634,3103,5274,Quality Issue,2025-06-29,Late Delivery,2,Sellable,Pending,2025-06-29,2025-07-02,5257.88,148.52,22.28,8,Yes
2635,3103,5275,Late Delivery,2025-06-25,Late Delivery,2,Sellable,Processed,2025-06-25,2025-06-27,151741.33,147.87,15.81,9,Yes
2636,3103,5276,Late Delivery,2025-06-27,Late Delivery,1,Damaged,Processed,2025-06-27,2025-06-30,2558.8,70.88,24.75,2,Yes
2637,3108,5283,Late Delivery,2026-04-16,Late Delivery,1,Opened,Processed,2026-04-16,2026-04-19,2919.89,88.15,10.03,1,Yes
2638,3108,5284,Late Delivery,2026-04-18,Late Delivery,1,Opened,Processed,2026-04-18,2026-04-19,3400.93,117.32,39.07,3,Yes
2639,3110,5286,Wrong Item,2026-01-23,Customer Refused,3,Sellable,Processed,2026-01-23,2026-01-24,3160.38,127.86,33.87,8,Yes
2640,3110,5287,Quality Issue,2026-01-20,Customer Refused,1,Damaged,Processed,2026-01-20,2026-01-23,84890.72,131.05,11.45,8,Yes
2641,3112,5290,Wrong Item,2026-01-26,Not as Described,1,Damaged,Processed,2026-01-27,2026-01-30,104010.55,73.88,32.48,7,Yes
2642,3113,5291,Late Delivery,2025-03-09,Customer Refused,1,Opened,Processed,2025-03-10,2025-03-12,22001.07,107.2,26.53,6,Yes
2643,3114,5292,Quality Issue,2025-04-08,Late Delivery,3,Damaged,Processed,2025-04-08,2025-04-11,104981.08,53.16,15.73,7,Yes
2644,3114,5293,Quality Issue,2025-04-07,Late Delivery,1,Damaged,Processed,2025-04-07,2025-04-10,2185.21,149.75,17.99,5,Yes
2645,3116,5296,Quality Issue,2026-07-17,Late Delivery,2,Sellable,Processed,2026-07-17,2026-07-19,48967.42,134.37,17.15,2,Yes
2646,3121,5301,Late Delivery,2025-08-15,Customer Refused,1,Damaged,Processed,2025-08-15,2025-08-16,2780.23,79.48,25.94,2,Yes
2647,3123,5304,Late Delivery,2025-11-28,Late Delivery,1,Opened,Processed,2025-11-28,2025-11-29,3547.28,62.08,20.97,4,Yes
2648,3124,5305,Quality Issue,2026-01-06,Customer Refused,2,Sellable,Processed,2026-01-06,2026-01-09,141108.38,57.41,14.23,3,Yes
2649,3124,5306,Wrong Item,2026-01-04,Customer Refused,1,Opened,Processed,2026-01-04,2026-01-05,2230.56,112.6,10.91,6,Yes
2650,3124,5307,Wrong Item,2026-01-03,Customer Refused,2,Sellable,Processed,2026-01-03,2026-01-05,75136.28,125.49,18.65,8,Yes
2651,3124,5308,Quality Issue,2026-01-03,Customer Refused,1,Sellable,Pending,2026-01-03,2026-01-04,468.23,120.03,21.43,4,Yes
2652,3124,5309,Wrong Item,2026-01-03,Customer Refused,1,Sellable,Processed,2026-01-03,2026-01-06,2523.95,60.59,22.57,1,Yes
2653,3125,5310,Wrong Item,2024-08-08,Customer Refused,3,Opened,Processed,2024-08-08,2024-08-10,4786.56,78.91,11.61,7,Yes
2654,3125,5311,Late Delivery,2024-08-10,Customer Refused,1,Sellable,Processed,2024-08-10,2024-08-12,26128.07,53.12,15.63,1,Yes
2655,3128,5314,Quality Issue,2025-07-18,Size/Fit Issue,1,Defective,Processed,2025-07-19,2025-07-23,2240.32,148.46,43.87,4,Yes
2656,3129,5316,Late Delivery,2025-08-08,Customer Refused,1,Opened,Processed,2025-08-08,2025-08-11,758.0,148.27,23.93,8,Yes
2657,3129,5317,Quality Issue,2025-08-08,Customer Refused,1,Damaged,Processed,2025-08-08,2025-08-09,225.63,50.71,25.76,9,Yes
2658,3129,5318,Wrong Item,2025-08-10,Customer Refused,1,Opened,Processed,2025-08-10,2025-08-12,35618.64,52.51,10.55,5,Yes
2659,3129,5319,Quality Issue,2025-08-12,Customer Refused,3,Damaged,Processed,2025-08-12,2025-08-15,345762.68,107.71,20.36,6,Yes
2660,3129,5320,Late Delivery,2025-08-12,Customer Refused,1,Damaged,Pending,2025-08-12,2025-08-15,3092.28,75.44,31.23,2,Yes
2661,3130,5321,Quality Issue,2025-09-13,Late Delivery,1,Damaged,Processed,2025-09-13,2025-09-14,767.7,88.42,27.63,3,Yes
2662,3130,5322,Quality Issue,2025-09-10,Late Delivery,1,Sellable,Processed,2025-09-10,2025-09-12,2040.79,126.4,37.81,6,Yes
2663,3132,5324,Late Delivery,2024-12-13,Changed Mind,1,Damaged,Processed,2024-12-13,2024-12-17,4357.76,138.03,16.95,7,Yes
2664,3133,5325,Quality Issue,2025-05-26,Customer Refused,1,Damaged,Processed,2025-05-26,2025-05-29,3375.08,86.17,24.96,4,Yes
2665,3135,5327,Wrong Item,2025-02-22,Changed Mind,1,Sellable,Processed,2025-02-22,2025-02-26,512.95,102.08,49.61,7,Yes
2666,3137,5330,Quality Issue,2025-12-15,Customer Refused,1,Sellable,Processed,2025-12-15,2025-12-18,3070.17,67.33,10.84,5,Yes
2667,3138,5331,Quality Issue,2026-01-02,Customer Refused,1,Opened,Processed,2026-01-02,2026-01-04,2245.37,115.72,36.63,9,Yes
2668,3138,5332,Quality Issue,2025-12-31,Customer Refused,1,Opened,Processed,2025-12-31,2026-01-01,51823.27,78.15,33.95,1,Yes
2669,3138,5333,Wrong Item,2026-01-02,Customer Refused,1,Damaged,Processed,2026-01-02,2026-01-03,25457.33,51.42,36.13,6,Yes
2670,3138,5334,Quality Issue,2026-01-01,Customer Refused,1,Sellable,Processed,2026-01-01,2026-01-03,757.63,103.92,11.34,7,Yes
2671,3139,5335,Wrong Item,2025-11-03,Customer Refused,1,Damaged,Processed,2025-11-03,2025-11-06,206.72,98.96,15.57,3,Yes
2672,3139,5336,Wrong Item,2025-11-01,Customer Refused,1,Opened,Processed,2025-11-01,2025-11-04,1556.46,105.38,18.6,6,Yes
2673,3140,5337,Late Delivery,2025-11-25,Customer Refused,1,Damaged,Processed,2025-11-25,2025-11-27,115536.04,124.78,33.61,3,Yes
2674,3140,5338,Quality Issue,2025-11-24,Customer Refused,1,Sellable,Pending,2025-11-24,2025-11-26,8753.11,68.16,21.86,8,Yes
2675,3141,5339,Wrong Item,2025-06-29,Product Quality,1,Sellable,Processed,2025-06-29,2025-06-30,1887.65,152.19,44.98,5,Yes
2676,3142,5340,Late Delivery,2025-07-15,Late Delivery,1,Damaged,Processed,2025-07-15,2025-07-16,29617.39,128.66,34.94,2,Yes
2677,3142,5341,Late Delivery,2025-07-12,Late Delivery,1,Opened,Processed,2025-07-12,2025-07-13,2247.01,57.29,24.73,7,Yes
2678,3142,5342,Late Delivery,2025-07-13,Late Delivery,1,Damaged,Pending,2025-07-13,2025-07-15,1671.74,60.94,20.5,4,Yes
2679,3142,5343,Quality Issue,2025-07-15,Late Delivery,2,Opened,Processed,2025-07-15,2025-07-18,203326.2,104.55,31.49,8,Yes
2680,3142,5344,Wrong Item,2025-07-11,Late Delivery,1,Damaged,Failed,2025-07-11,2025-07-12,754.4,55.52,22.07,8,Yes
2681,3145,5349,Late Delivery,2025-05-31,Customer Refused,1,Sellable,Pending,2025-05-31,2025-06-02,157461.72,90.05,12.57,8,Yes
2682,3148,5356,Quality Issue,2025-02-16,Customer Refused,1,Opened,Processed,2025-02-16,2025-02-19,9634.51,60.94,12.12,6,Yes
2683,3151,5361,Quality Issue,2025-01-11,Customer Refused,1,Damaged,Failed,2025-01-12,2025-01-14,659.72,144.83,36.17,1,Yes
2684,3153,5367,Late Delivery,2025-05-18,Product Quality,1,Sellable,Pending,2025-05-19,2025-05-22,2642.32,170.95,28.48,7,Yes
2685,3154,5370,Wrong Item,2026-07-17,Late Delivery,1,Damaged,Processed,2026-07-17,2026-07-18,44898.72,103.07,17.15,8,Yes
2686,3154,5371,Wrong Item,2026-07-17,Late Delivery,1,Opened,Processed,2026-07-17,2026-07-19,13060.79,146.18,23.84,1,Yes
2687,3155,5372,Quality Issue,2024-08-14,Damaged Product,1,Opened,Pending,2024-08-14,2024-08-17,1642.97,159.74,33.31,8,Yes
2688,3156,5374,Wrong Item,2024-09-10,Customer Refused,2,Opened,Failed,2024-09-10,2024-09-12,542.58,121.51,30.7,9,Yes
2689,3157,5375,Quality Issue,2024-11-15,Customer Refused,2,Damaged,Processed,2024-11-15,2024-11-16,135013.44,58.57,26.75,2,Yes
2690,3160,5378,Quality Issue,2026-06-08,Late Delivery,1,Damaged,Pending,2026-06-08,2026-06-09,9412.43,98.19,35.53,6,Yes
2691,3161,5379,Wrong Item,2026-06-27,Customer Refused,1,Damaged,Processed,2026-06-27,2026-06-29,1359.72,55.8,36.06,8,Yes
2692,3162,5380,Wrong Item,2025-12-23,Late Delivery,1,Damaged,Processed,2025-12-23,2025-12-25,6993.16,110.39,17.25,4,Yes
2693,3162,5381,Late Delivery,2025-12-21,Late Delivery,1,Sellable,Processed,2025-12-21,2025-12-24,25042.9,138.63,26.62,5,Yes
2694,3166,5387,Late Delivery,2025-04-02,Customer Refused,1,Sellable,Processed,2025-04-02,2025-04-03,1530.71,138.42,18.57,4,Yes
2695,3170,5392,Wrong Item,2025-06-17,Customer Refused,1,Sellable,Processed,2025-06-17,2025-06-19,3691.51,51.13,18.16,8,Yes
2696,3170,5393,Late Delivery,2025-06-20,Customer Refused,1,Damaged,Processed,2025-06-20,2025-06-22,3266.24,140.78,37.94,2,Yes
2697,3175,5401,Late Delivery,2026-03-03,Customer Refused,2,Sellable,Processed,2026-03-03,2026-03-05,249999.94,75.0,37.19,1,Yes
2698,3175,5402,Quality Issue,2026-03-03,Customer Refused,1,Sellable,Pending,2026-03-03,2026-03-05,1514.51,68.11,13.34,2,Yes
2699,3175,5403,Late Delivery,2026-03-02,Customer Refused,1,Sellable,Pending,2026-03-02,2026-03-04,44095.41,96.0,15.89,4,Yes
2700,3175,5404,Late Delivery,2026-03-03,Customer Refused,1,Opened,Processed,2026-03-03,2026-03-06,4145.53,140.26,35.29,7,Yes
2701,3175,5405,Late Delivery,2026-03-04,Customer Refused,1,Opened,Processed,2026-03-04,2026-03-07,90650.62,67.19,14.61,1,Yes
2702,3176,5406,Quality Issue,2025-04-18,Customer Refused,1,Damaged,Processed,2025-04-18,2025-04-20,91741.7,86.32,20.76,4,Yes
2703,3178,5411,Late Delivery,2024-09-29,Customer Refused,2,Damaged,Processed,2024-09-29,2024-10-01,22519.34,115.4,14.47,6,Yes
2704,3178,5412,Late Delivery,2024-09-29,Customer Refused,1,Opened,Processed,2024-09-29,2024-10-01,1676.63,103.32,25.16,8,Yes
2705,3183,5420,Quality Issue,2025-12-01,Customer Refused,1,Sellable,Pending,2025-12-01,2025-12-04,1591.31,119.8,37.44,4,Yes
2706,3183,5421,Quality Issue,2025-12-01,Customer Refused,3,Opened,Processed,2025-12-01,2025-12-04,117056.33,57.14,15.42,8,Yes
2707,3183,5422,Wrong Item,2025-11-28,Customer Refused,1,Opened,Processed,2025-11-28,2025-12-01,244.19,113.11,33.15,4,Yes
2708,3186,5428,Late Delivery,2026-01-05,Damaged Product,1,Sellable,Processed,2026-01-05,,0.0,103.83,27.51,3,No
2709,3187,5429,Quality Issue,2026-03-02,Customer Refused,1,Damaged,Processed,2026-03-02,2026-03-03,2664.48,75.97,31.53,6,Yes
2710,3189,5432,Late Delivery,2026-02-15,Late Delivery,1,Opened,Processed,2026-02-15,2026-02-18,9634.51,69.3,33.48,2,Yes
2711,3189,5433,Wrong Item,2026-02-16,Late Delivery,3,Damaged,Processed,2026-02-16,2026-02-17,7263.27,116.93,29.24,3,Yes
2712,3191,5435,Wrong Item,2024-10-11,Customer Refused,1,Damaged,Processed,2024-10-11,2024-10-14,165567.2,100.62,25.44,5,Yes
2713,3192,5436,Quality Issue,2024-11-13,Damaged Product,1,Opened,Processed,2024-11-13,2024-11-16,3078.22,129.18,26.41,8,Yes
2714,3193,5437,Quality Issue,2026-03-01,Late Delivery,1,Sellable,Processed,2026-03-01,2026-03-04,3958.62,136.52,32.5,6,Yes
2715,3194,5438,Late Delivery,2026-04-01,Late Delivery,1,Opened,Processed,2026-04-01,2026-04-03,24569.14,117.82,27.58,5,Yes
2716,3195,5439,Quality Issue,2025-08-14,Customer Refused,1,Opened,Pending,2025-08-15,2025-08-18,5829.47,128.07,34.67,2,Yes
2717,3197,5442,Late Delivery,2025-04-19,Customer Refused,1,Opened,Processed,2025-04-19,2025-04-21,12444.0,92.7,14.07,2,Yes
2718,3199,5444,Wrong Item,2026-05-12,Late Delivery,2,Damaged,Pending,2026-05-12,2026-05-15,8580.61,114.03,13.02,8,Yes
2719,3199,5445,Quality Issue,2026-05-12,Late Delivery,1,Sellable,Processed,2026-05-12,2026-05-15,77466.32,135.98,22.19,4,Yes
2720,3200,5446,Late Delivery,2025-06-02,Customer Refused,1,Opened,Processed,2025-06-02,2025-06-03,691.68,138.06,23.56,8,Yes
2721,3200,5447,Late Delivery,2025-05-30,Customer Refused,1,Opened,Pending,2025-05-30,2025-06-02,778.49,52.32,29.31,4,Yes
2722,3207,5467,Late Delivery,2026-07-28,Damaged Product,1,Sellable,Processed,2026-07-29,2026-07-31,2008.67,87.81,16.23,2,Yes
2723,3209,5469,Quality Issue,2025-04-19,Customer Refused,1,Opened,Processed,2025-04-20,2025-04-23,5682.13,103.83,36.97,7,Yes
2724,3209,5470,Late Delivery,2025-04-19,Customer Refused,2,Opened,Processed,2025-04-20,2025-04-21,106622.42,62.75,22.82,5,Yes
2725,3209,5471,Wrong Item,2025-04-15,Customer Refused,1,Damaged,Processed,2025-04-16,2025-04-19,102916.76,77.47,36.22,3,Yes
2726,3209,5472,Late Delivery,2025-04-18,Customer Refused,1,Damaged,Processed,2025-04-19,2025-04-22,362.27,65.74,14.88,2,Yes
2727,3211,5474,Late Delivery,2025-06-18,Late Delivery,1,Sellable,Processed,2025-06-18,2025-06-21,1648.72,53.52,36.24,3,Yes
2728,3212,5475,Late Delivery,2025-07-23,Customer Refused,2,Sellable,Processed,2025-07-23,2025-07-24,5398.32,116.33,30.76,2,Yes
2729,3213,5476,Quality Issue,2025-11-08,Late Delivery,1,Sellable,Processed,2025-11-08,2025-11-10,2421.46,86.68,36.33,9,Yes
2730,3214,5477,Wrong Item,2025-12-20,Customer Refused,1,Damaged,Processed,2025-12-20,2025-12-23,3027.63,149.29,16.69,6,Yes
2731,3218,5483,Late Delivery,2025-08-19,Customer Refused,2,Sellable,Processed,2025-08-19,2025-08-20,15088.66,133.9,21.5,5,Yes
2732,3219,5484,Late Delivery,2026-01-14,Late Delivery,3,Damaged,Processed,2026-01-14,2026-01-15,3699.83,124.85,38.2,3,Yes
2733,3219,5485,Late Delivery,2026-01-18,Late Delivery,1,Sellable,Pending,2026-01-18,2026-01-19,3475.27,116.49,19.6,7,Yes
2734,3219,5486,Wrong Item,2026-01-15,Late Delivery,1,Damaged,Processed,2026-01-15,2026-01-16,42279.87,87.83,11.82,7,Yes
2735,3219,5487,Wrong Item,2026-01-17,Late Delivery,1,Sellable,Failed,2026-01-17,2026-01-20,1300.82,134.71,26.59,7,Yes
2736,3224,5499,Quality Issue,2024-10-03,Late Delivery,1,Sellable,Processed,2024-10-03,2024-10-05,2100.98,54.71,13.03,5,Yes
2737,3226,5502,Quality Issue,2025-11-04,Damaged Product,1,Opened,Failed,2025-11-04,,0.0,146.25,20.42,9,No
2738,3227,5505,Late Delivery,2025-04-16,Customer Refused,1,Sellable,Processed,2025-04-16,2025-04-18,2538.2,146.28,26.37,8,Yes
2739,3228,5506,Wrong Item,2025-06-07,Late Delivery,1,Damaged,Pending,2025-06-07,2025-06-10,20339.76,104.37,18.71,5,Yes
2740,3228,5507,Quality Issue,2025-06-09,Late Delivery,1,Sellable,Processed,2025-06-09,2025-06-11,1973.32,113.65,13.71,5,Yes
2741,3228,5508,Wrong Item,2025-06-07,Late Delivery,1,Damaged,Processed,2025-06-07,2025-06-10,1840.53,103.06,34.0,1,Yes
2742,3228,5509,Quality Issue,2025-06-09,Late Delivery,1,Damaged,Processed,2025-06-09,2025-06-12,32418.75,130.82,22.06,2,Yes
2743,3233,5514,Late Delivery,2026-07-12,Customer Refused,1,Opened,Pending,2026-07-12,2026-07-14,2128.62,79.0,19.35,6,Yes
2744,3239,5525,Quality Issue,2025-03-19,Late Delivery,1,Opened,Processed,2025-03-19,2025-03-20,492.97,105.06,13.38,5,Yes
2745,3240,5526,Late Delivery,2024-11-27,Late Delivery,2,Damaged,Pending,2024-11-27,2024-11-28,295381.46,127.45,28.97,5,Yes
2746,3240,5527,Late Delivery,2024-11-28,Late Delivery,2,Sellable,Processed,2024-11-28,2024-11-30,191590.67,107.97,26.71,7,Yes
2747,3242,5530,Quality Issue,2026-07-30,Product Quality,1,Sellable,Processed,2026-07-31,2026-08-03,932.68,149.56,24.02,4,Yes
2748,3244,5533,Quality Issue,2025-03-13,Late Delivery,1,Opened,Processed,2025-03-14,2025-03-15,42340.3,62.28,27.31,9,Yes
2749,3246,5535,Wrong Item,2026-01-14,Customer Refused,1,Opened,Processed,2026-01-14,2026-01-16,3732.02,133.48,31.43,3,Yes
2750,3247,5536,Quality Issue,2026-06-26,Late Delivery,1,Sellable,Processed,2026-06-26,2026-06-28,45805.31,92.59,38.0,7,Yes
2751,3248,5537,Wrong Item,2026-08-01,Customer Refused,1,Sellable,Processed,2026-08-01,2026-08-04,932.68,97.04,21.13,4,Yes
2752,3248,5538,Late Delivery,2026-07-29,Customer Refused,1,Opened,Processed,2026-07-29,2026-07-31,2980.81,76.38,34.09,1,Yes
2753,3248,5539,Late Delivery,2026-07-29,Customer Refused,2,Opened,Processed,2026-07-29,2026-07-31,4565.96,82.13,17.76,6,Yes
2754,3248,5540,Late Delivery,2026-08-01,Customer Refused,1,Sellable,Processed,2026-08-01,2026-08-03,376.18,94.34,20.13,2,Yes
2755,3250,5542,Late Delivery,2026-06-07,Customer Refused,1,Opened,Processed,2026-06-07,2026-06-09,114670.41,62.53,25.19,6,Yes
2756,3250,5543,Quality Issue,2026-06-05,Customer Refused,1,Opened,Processed,2026-06-05,2026-06-07,2044.94,53.34,39.1,3,Yes
2757,3253,5551,Late Delivery,2025-08-18,Customer Refused,1,Opened,Processed,2025-08-18,2025-08-19,42526.8,101.65,31.64,3,Yes
2758,3253,5552,Quality Issue,2025-08-16,Customer Refused,1,Sellable,Processed,2025-08-16,2025-08-19,549.12,106.7,30.36,1,Yes
2759,3255,5554,Late Delivery,2026-07-06,Customer Refused,1,Opened,Processed,2026-07-06,2026-07-08,8822.9,65.2,21.48,3,Yes
2760,3255,5555,Wrong Item,2026-07-07,Customer Refused,1,Opened,Processed,2026-07-07,2026-07-09,2246.14,62.31,11.7,4,Yes
2761,3256,5556,Late Delivery,2026-08-20,Late Delivery,1,Opened,Processed,2026-08-20,2026-08-23,1141.17,131.04,32.28,4,Yes
2762,3256,5557,Quality Issue,2026-08-16,Late Delivery,1,Damaged,Processed,2026-08-16,2026-08-17,3115.57,133.41,34.15,2,Yes
2763,3257,5558,Late Delivery,2025-11-01,Late Delivery,1,Opened,Processed,2025-11-02,2025-11-04,1219.15,56.61,11.12,8,Yes
2764,3258,5559,Wrong Item,2024-09-15,Late Delivery,1,Opened,Processed,2024-09-15,2024-09-16,696.07,80.18,18.34,9,Yes
2765,3258,5560,Quality Issue,2024-09-13,Late Delivery,2,Opened,Processed,2024-09-13,2024-09-15,13507.41,143.85,34.5,9,Yes
2766,3259,5561,Late Delivery,2024-11-03,Late Delivery,1,Defective,Processed,2024-11-03,2024-11-07,1119.84,173.12,46.77,3,Yes
2767,3265,5574,Wrong Item,2025-04-22,Late Delivery,1,Opened,Processed,2025-04-23,2025-04-26,1207.41,124.43,32.34,4,Yes
2768,3265,5575,Wrong Item,2025-04-19,Late Delivery,1,Damaged,Processed,2025-04-20,2025-04-22,6939.58,137.05,22.17,7,Yes
2769,3265,5576,Late Delivery,2025-04-20,Late Delivery,1,Opened,Processed,2025-04-21,2025-04-24,24941.68,114.4,11.46,6,Yes
2770,3266,5577,Late Delivery,2025-05-04,Customer Refused,1,Sellable,Processed,2025-05-04,2025-05-07,1795.23,122.77,27.57,3,Yes
2771,3266,5578,Quality Issue,2025-05-06,Customer Refused,1,Opened,Processed,2025-05-06,2025-05-07,2479.15,144.06,34.34,1,Yes
2772,3267,5579,Late Delivery,2024-11-03,Customer Refused,1,Sellable,Processed,2024-11-03,2024-11-06,3081.74,72.25,17.62,3,Yes
2773,3269,5583,Wrong Item,2025-02-02,Customer Refused,1,Damaged,Processed,2025-02-03,2025-02-06,1957.03,98.95,11.81,8,Yes
2774,3272,5590,Wrong Item,2025-07-17,Customer Refused,1,Damaged,Processed,2025-07-17,2025-07-19,111107.12,119.8,27.02,5,Yes
2775,3273,5591,Quality Issue,2025-01-17,Late Delivery,1,Damaged,Pending,2025-01-17,2025-01-18,7166.94,83.75,17.35,9,Yes
2776,3274,5592,Late Delivery,2025-10-18,Product Quality,2,Opened,Failed,2025-10-19,2025-10-20,2406.52,169.76,44.1,2,Yes
2777,3275,5593,Wrong Item,2025-11-18,Late Delivery,3,Damaged,Processed,2025-11-18,2025-11-21,207841.17,70.49,12.99,4,Yes
2778,3277,5595,Wrong Item,2024-10-24,Product Quality,3,Damaged,Processed,2024-10-25,2024-10-29,5254.44,87.52,44.41,8,Yes
2779,3277,5596,Wrong Item,2024-10-21,Damaged Product,1,Damaged,Processed,2024-10-22,2024-10-24,1318.24,110.58,20.55,5,Yes
2780,3278,5597,Late Delivery,2024-11-14,Customer Refused,1,Sellable,Processed,2024-11-14,2024-11-15,48740.36,66.78,27.33,8,Yes
2781,3279,5598,Wrong Item,2026-02-12,Customer Refused,1,Damaged,Processed,2026-02-12,2026-02-14,2582.33,80.31,15.01,8,Yes
2782,3279,5599,Wrong Item,2026-02-09,Customer Refused,1,Sellable,Processed,2026-02-09,2026-02-10,1588.45,135.22,11.45,9,Yes
2783,3281,5601,Late Delivery,2024-08-23,Customer Refused,1,Opened,Processed,2024-08-23,2024-08-26,2548.46,105.17,14.56,9,Yes
2784,3285,5611,Quality Issue,2026-02-27,Customer Refused,1,Damaged,Processed,2026-02-27,2026-03-01,707.12,149.65,20.9,3,Yes
2785,3287,5613,Late Delivery,2026-04-13,Customer Refused,1,Damaged,Processed,2026-04-14,2026-04-15,877.66,142.89,22.01,8,Yes
2786,3289,5615,Late Delivery,2025-04-22,Customer Refused,1,Damaged,Processed,2025-04-22,2025-04-25,41378.36,63.62,34.83,3,Yes
2787,3294,5626,Late Delivery,2025-07-17,Customer Refused,1,Damaged,Processed,2025-07-17,2025-07-18,854.11,121.21,32.8,5,Yes
2788,3297,5630,Wrong Item,2024-10-19,Late Delivery,3,Sellable,Processed,2024-10-19,2024-10-21,6297.75,107.85,36.74,4,Yes
2789,3297,5631,Quality Issue,2024-10-20,Late Delivery,1,Opened,Failed,2024-10-20,2024-10-21,52750.88,57.42,33.48,1,Yes
2790,3298,5632,Wrong Item,2024-11-27,Customer Refused,1,Damaged,Processed,2024-11-27,2024-11-28,2354.29,116.46,29.42,7,Yes
2791,3301,5640,Quality Issue,2025-08-11,Customer Refused,3,Sellable,Processed,2025-08-11,2025-08-14,8595.3,133.02,33.55,2,Yes
2792,3302,5641,Late Delivery,2025-09-09,Customer Refused,1,Opened,Processed,2025-09-09,2025-09-10,1436.09,55.1,19.42,5,Yes
2793,3302,5642,Late Delivery,2025-09-09,Customer Refused,1,Damaged,Processed,2025-09-09,2025-09-10,620.66,125.77,22.77,1,Yes
2794,3303,5643,Quality Issue,2026-05-12,Customer Refused,1,Damaged,Processed,2026-05-12,2026-05-15,17225.88,106.46,33.58,8,Yes
2795,3304,5644,Wrong Item,2026-05-05,Late Delivery,1,Damaged,Processed,2026-05-05,2026-05-06,8522.54,89.61,15.7,5,Yes
2796,3304,5645,Quality Issue,2026-05-07,Late Delivery,2,Opened,Processed,2026-05-07,2026-05-09,93652.82,110.05,25.11,2,Yes
2797,3307,5649,Wrong Item,2025-10-22,Product Quality,1,Sellable,Pending,2025-10-22,,0.0,73.7,17.64,8,No
2798,3308,5650,Late Delivery,2025-09-14,Late Delivery,1,Sellable,Processed,2025-09-14,2025-09-17,134.99,95.6,39.73,2,Yes
2799,3308,5651,Late Delivery,2025-09-14,Late Delivery,1,Opened,Processed,2025-09-14,2025-09-16,2847.67,96.4,31.96,1,Yes
2800,3309,5652,Quality Issue,2024-12-20,Late Delivery,2,Opened,Failed,2024-12-20,2024-12-21,348555.86,107.12,12.92,3,Yes
2801,3310,5653,Quality Issue,2025-01-08,Customer Refused,1,Opened,Pending,2025-01-08,2025-01-11,2038.97,118.66,14.02,6,Yes
2802,3310,5654,Late Delivery,2025-01-09,Customer Refused,1,Opened,Processed,2025-01-09,2025-01-12,2783.2,84.41,31.0,8,Yes
2803,3311,5655,Quality Issue,2025-01-24,Late Delivery,1,Damaged,Processed,2025-01-24,2025-01-26,9999.58,81.85,26.54,1,Yes
2804,3314,5661,Wrong Item,2026-04-07,Late Delivery,1,Damaged,Pending,2026-04-07,2026-04-09,367.23,91.74,29.06,9,Yes
2805,3314,5662,Quality Issue,2026-04-05,Late Delivery,2,Opened,Processed,2026-04-05,2026-04-07,36361.63,77.32,28.59,4,Yes
2806,3314,5663,Wrong Item,2026-04-05,Late Delivery,1,Sellable,Processed,2026-04-05,2026-04-07,1614.92,112.29,22.17,3,Yes
2807,3314,5664,Quality Issue,2026-04-04,Late Delivery,1,Opened,Processed,2026-04-04,2026-04-05,4875.86,65.32,37.11,2,Yes
2808,3315,5665,Late Delivery,2026-04-29,Customer Refused,1,Sellable,Processed,2026-04-29,2026-05-02,79711.08,65.95,10.19,5,Yes
2809,3315,5666,Quality Issue,2026-04-27,Customer Refused,1,Opened,Pending,2026-04-27,2026-04-28,2551.84,140.44,22.96,6,Yes
2810,3315,5667,Wrong Item,2026-04-26,Customer Refused,1,Opened,Processed,2026-04-26,2026-04-29,17555.65,143.52,38.31,6,Yes
2811,3316,5668,Wrong Item,2026-01-29,Customer Refused,2,Damaged,Processed,2026-01-30,2026-01-31,1072.55,119.42,18.7,4,Yes
2812,3321,5674,Wrong Item,2026-03-03,Customer Refused,2,Sellable,Processed,2026-03-03,2026-03-04,7724.8,108.88,17.3,4,Yes
2813,3321,5675,Wrong Item,2026-03-01,Customer Refused,1,Damaged,Processed,2026-03-01,2026-03-04,2994.79,128.54,19.73,1,Yes
2814,3322,5676,Late Delivery,2024-08-09,Late Delivery,1,Opened,Processed,2024-08-10,2024-08-11,1309.52,57.0,24.9,5,Yes
2815,3323,5677,Quality Issue,2025-05-01,Late Delivery,2,Opened,Pending,2025-05-01,2025-05-02,4017.34,143.15,27.86,3,Yes
2816,3324,5678,Quality Issue,2025-06-14,Late Delivery,1,Sellable,Processed,2025-06-14,2025-06-16,1098.55,53.95,30.45,3,Yes
2817,3325,5679,Late Delivery,2026-05-13,Late Delivery,1,Damaged,Processed,2026-05-13,2026-05-14,300.39,60.38,33.55,3,Yes
2818,3325,5680,Wrong Item,2026-05-12,Late Delivery,1,Opened,Processed,2026-05-12,2026-05-13,1141.74,115.88,32.51,2,Yes
2819,3328,5684,Wrong Item,2026-07-03,Customer Refused,1,Opened,Processed,2026-07-03,2026-07-04,2407.8,137.08,20.16,5,Yes
2820,3328,5685,Quality Issue,2026-07-03,Customer Refused,1,Opened,Processed,2026-07-03,2026-07-04,717.1,66.67,39.11,5,Yes
2821,3328,5686,Wrong Item,2026-06-30,Customer Refused,3,Sellable,Processed,2026-06-30,2026-07-01,12117.48,50.03,22.82,3,Yes
2822,3329,5687,Quality Issue,2025-02-25,Late Delivery,1,Sellable,Processed,2025-02-25,2025-02-26,36231.4,133.98,11.83,2,Yes
2823,3331,5689,Wrong Item,2025-10-25,Customer Refused,1,Damaged,Processed,2025-10-25,2025-10-27,1105.43,61.33,22.45,2,Yes
2824,3331,5690,Quality Issue,2025-10-21,Customer Refused,1,Opened,Processed,2025-10-21,2025-10-24,3607.13,68.45,38.52,4,Yes
2825,3332,5691,Late Delivery,2025-05-18,Late Delivery,1,Damaged,Processed,2025-05-18,2025-05-20,576.17,129.91,23.56,5,Yes
2826,3332,5692,Quality Issue,2025-05-19,Late Delivery,1,Damaged,Processed,2025-05-19,2025-05-20,2578.94,144.12,29.54,6,Yes
2827,3332,5693,Wrong Item,2025-05-18,Late Delivery,1,Sellable,Failed,2025-05-18,2025-05-21,1911.17,52.53,38.54,4,Yes
2828,3334,5695,Late Delivery,2026-04-20,Customer Refused,1,Damaged,Processed,2026-04-20,2026-04-21,1066.57,51.84,36.07,3,Yes
2829,3334,5696,Late Delivery,2026-04-17,Customer Refused,2,Damaged,Pending,2026-04-17,2026-04-18,6877.14,148.47,12.43,9,Yes
2830,3334,5697,Late Delivery,2026-04-18,Customer Refused,1,Opened,Processed,2026-04-18,2026-04-21,656.63,64.84,23.39,4,Yes
2831,3339,5703,Late Delivery,2026-06-27,Customer Refused,1,Sellable,Processed,2026-06-27,2026-06-29,34181.12,109.91,12.32,6,Yes
2832,3339,5704,Late Delivery,2026-06-27,Customer Refused,1,Damaged,Failed,2026-06-27,2026-06-29,2847.02,134.95,12.34,4,Yes
2833,3341,5707,Wrong Item,2025-12-27,Customer Refused,1,Sellable,Processed,2025-12-28,2025-12-29,13534.84,87.26,13.28,9,Yes
2834,3345,5711,Late Delivery,2025-11-29,Late Delivery,1,Sellable,Processed,2025-11-29,2025-12-02,2948.83,56.32,24.07,2,Yes
2835,3345,5712,Wrong Item,2025-11-29,Late Delivery,2,Sellable,Processed,2025-11-29,2025-12-02,4655.38,52.6,31.45,6,Yes
2836,3346,5713,Quality Issue,2026-01-15,Customer Refused,1,Damaged,Pending,2026-01-15,2026-01-18,3732.33,144.56,17.32,5,Yes
2837,3346,5714,Wrong Item,2026-01-14,Customer Refused,1,Damaged,Processed,2026-01-14,2026-01-17,1778.19,79.57,38.87,2,Yes
2838,3347,5715,Late Delivery,2026-03-21,Customer Refused,1,Sellable,Processed,2026-03-21,2026-03-24,489.72,140.46,35.54,7,Yes
2839,3348,5716,Wrong Item,2026-04-07,Customer Refused,1,Damaged,Processed,2026-04-07,2026-04-10,724.59,102.98,34.64,5,Yes
2840,3348,5717,Wrong Item,2026-04-07,Customer Refused,1,Opened,Processed,2026-04-07,2026-04-09,15467.45,112.99,37.12,9,Yes
2841,3356,5727,Wrong Item,2025-02-15,Late Delivery,1,Opened,Processed,2025-02-15,2025-02-16,28872.88,144.84,14.51,7,Yes
2842,3356,5728,Wrong Item,2025-02-15,Late Delivery,1,Damaged,Processed,2025-02-15,2025-02-18,3339.03,83.13,34.01,6,Yes
2843,3358,5730,Late Delivery,2025-07-16,Late Delivery,1,Damaged,Processed,2025-07-16,2025-07-19,3156.99,110.46,19.47,5,Yes
2844,3358,5731,Wrong Item,2025-07-20,Late Delivery,1,Opened,Pending,2025-07-20,2025-07-23,2805.39,110.86,24.49,1,Yes
2845,3362,5740,Wrong Item,2024-12-12,Late Delivery,1,Damaged,Processed,2024-12-13,2024-12-15,3203.45,55.3,31.41,1,Yes
2846,3363,5741,Wrong Item,2025-01-07,Customer Refused,1,Damaged,Pending,2025-01-07,2025-01-09,2832.17,128.65,38.98,3,Yes
2847,3363,5742,Quality Issue,2025-01-07,Customer Refused,1,Damaged,Processed,2025-01-07,2025-01-08,18311.46,103.92,21.92,1,Yes
2848,3364,5743,Late Delivery,2025-05-03,Late Delivery,1,Sellable,Processed,2025-05-03,2025-05-05,289.42,144.88,28.51,7,Yes
2849,3370,5751,Quality Issue,2026-03-16,Late Delivery,1,Damaged,Processed,2026-03-16,2026-03-18,2359.51,71.98,13.07,4,Yes
2850,3371,5752,Wrong Item,2026-01-03,Late Delivery,3,Damaged,Processed,2026-01-03,2026-01-06,6169.69,83.35,18.22,6,Yes
2851,3373,5754,Wrong Item,2026-01-19,Customer Refused,1,Damaged,Pending,2026-01-19,2026-01-21,47571.01,91.78,26.24,8,Yes
2852,3373,5755,Late Delivery,2026-01-17,Customer Refused,1,Damaged,Processed,2026-01-17,2026-01-20,6283.42,109.38,11.67,9,Yes
2853,3374,5756,Wrong Item,2025-08-06,Customer Refused,2,Damaged,Processed,2025-08-06,2025-08-09,8449.04,149.65,36.3,5,Yes
2854,3374,5757,Quality Issue,2025-08-03,Customer Refused,1,Sellable,Processed,2025-08-03,2025-08-05,122504.09,84.99,33.78,1,Yes
2855,3374,5758,Quality Issue,2025-08-04,Customer Refused,1,Sellable,Failed,2025-08-04,2025-08-06,2043.91,71.54,10.67,5,Yes
2856,3374,5759,Quality Issue,2025-08-04,Customer Refused,2,Damaged,Processed,2025-08-04,2025-08-07,15802.08,80.93,20.28,5,Yes
2857,3375,5760,Late Delivery,2026-01-12,Late Delivery,1,Sellable,Processed,2026-01-12,2026-01-14,2633.72,115.7,15.04,7,Yes
2858,3376,5764,Wrong Item,2026-02-01,Size/Fit Issue,1,Opened,Processed,2026-02-01,2026-02-04,3078.83,103.89,28.71,3,Yes
2859,3379,5769,Wrong Item,2025-12-25,Customer Refused,2,Sellable,Processed,2025-12-25,2025-12-26,3145.57,131.48,39.25,2,Yes
2860,3381,5775,Quality Issue,2025-05-05,Late Delivery,1,Sellable,Failed,2025-05-05,2025-05-06,1862.9,56.16,18.91,2,Yes
2861,3382,5776,Wrong Item,2025-06-28,Customer Refused,1,Opened,Pending,2025-06-28,2025-06-29,40671.19,110.79,16.5,4,Yes
2862,3382,5777,Quality Issue,2025-06-28,Customer Refused,3,Damaged,Processed,2025-06-28,2025-06-30,6116.91,97.25,28.79,2,Yes
2863,3383,5778,Quality Issue,2026-01-21,Late Delivery,2,Opened,Processed,2026-01-21,2026-01-24,1770.37,98.98,33.63,9,Yes
2864,3384,5779,Wrong Item,2026-02-17,Customer Refused,1,Damaged,Failed,2026-02-17,2026-02-18,6208.29,69.53,26.76,5,Yes
2865,3385,5780,Wrong Item,2026-03-01,Late Delivery,1,Sellable,Processed,2026-03-01,2026-03-02,3805.7,91.26,14.81,6,Yes
2866,3386,5781,Wrong Item,2026-05-13,Late Delivery,1,Damaged,Processed,2026-05-13,2026-05-15,645.28,121.59,11.82,9,Yes
2867,3386,5782,Late Delivery,2026-05-15,Late Delivery,1,Sellable,Processed,2026-05-15,2026-05-17,357.79,135.74,19.51,9,Yes
2868,3393,5791,Quality Issue,2025-11-16,Late Delivery,1,Sellable,Processed,2025-11-16,2025-11-17,5092.96,62.66,21.28,1,Yes
2869,3393,5792,Quality Issue,2025-11-14,Late Delivery,1,Opened,Pending,2025-11-14,2025-11-17,131443.04,130.16,35.76,7,Yes
2870,3393,5793,Quality Issue,2025-11-16,Late Delivery,1,Sellable,Processed,2025-11-16,2025-11-18,3227.95,144.17,31.42,3,Yes
2871,3393,5794,Late Delivery,2025-11-14,Late Delivery,1,Sellable,Pending,2025-11-14,2025-11-16,2387.8,119.78,29.61,9,Yes
2872,3393,5795,Late Delivery,2025-11-14,Late Delivery,1,Damaged,Processed,2025-11-14,2025-11-15,2584.77,144.01,21.74,7,Yes
2873,3394,5796,Wrong Item,2025-03-14,Late Delivery,1,Sellable,Failed,2025-03-14,2025-03-17,2360.32,82.79,32.92,2,Yes
2874,3394,5797,Wrong Item,2025-03-13,Late Delivery,1,Damaged,Processed,2025-03-13,2025-03-15,24569.14,71.17,30.3,3,Yes
2875,3394,5798,Late Delivery,2025-03-13,Late Delivery,1,Opened,Processed,2025-03-13,2025-03-14,2674.52,109.24,38.37,1,Yes
2876,3395,5799,Quality Issue,2025-09-26,Customer Refused,2,Damaged,Processed,2025-09-26,2025-09-28,7825.38,100.79,32.74,3,Yes
2877,3395,5800,Quality Issue,2025-09-28,Customer Refused,1,Opened,Pending,2025-09-28,2025-10-01,6849.54,73.73,19.19,2,Yes
2878,3397,5802,Wrong Item,2025-08-17,Customer Refused,1,Damaged,Processed,2025-08-17,2025-08-19,188.03,107.17,30.99,5,Yes
2879,3401,5807,Late Delivery,2025-04-07,Late Delivery,2,Damaged,Processed,2025-04-08,2025-04-09,5064.26,139.31,12.37,7,Yes
2880,3401,5808,Wrong Item,2025-04-04,Late Delivery,1,Damaged,Processed,2025-04-05,2025-04-07,32947.49,137.75,33.91,9,Yes
2881,3403,5810,Late Delivery,2025-06-05,Size/Fit Issue,1,Opened,Processed,2025-06-06,2025-06-08,1977.54,79.36,32.05,3,Yes
2882,3404,5811,Late Delivery,2026-02-25,Customer Refused,1,Damaged,Processed,2026-02-25,2026-02-28,1518.07,61.98,22.74,7,Yes
2883,3405,5812,Quality Issue,2026-01-17,Customer Refused,1,Sellable,Processed,2026-01-17,2026-01-20,3613.87,126.85,16.78,5,Yes
2884,3406,5813,Wrong Item,2026-02-25,Customer Refused,1,Opened,Processed,2026-02-25,2026-02-28,1464.98,95.97,10.2,4,Yes
2885,3406,5814,Late Delivery,2026-02-25,Customer Refused,1,Sellable,Failed,2026-02-25,2026-02-28,7185.86,73.46,15.75,7,Yes
2886,3406,5815,Wrong Item,2026-02-22,Customer Refused,1,Damaged,Processed,2026-02-22,2026-02-23,1957.25,135.36,30.86,6,Yes
2887,3406,5816,Late Delivery,2026-02-23,Customer Refused,1,Damaged,Processed,2026-02-23,2026-02-24,38676.18,140.08,21.26,4,Yes
2888,3412,5826,Wrong Item,2025-06-04,Size/Fit Issue,1,Sellable,Processed,2025-06-04,2025-06-05,2247.01,109.56,22.82,8,Yes
2889,3413,5827,Quality Issue,2025-10-04,Late Delivery,2,Sellable,Processed,2025-10-04,2025-10-06,309412.78,54.38,35.31,7,Yes
2890,3416,5832,Late Delivery,2025-07-06,Late Delivery,1,Opened,Processed,2025-07-06,2025-07-08,357.51,144.79,19.54,3,Yes
2891,3416,5833,Quality Issue,2025-07-10,Late Delivery,1,Sellable,Processed,2025-07-10,2025-07-13,2388.11,53.67,17.81,8,Yes
2892,3416,5834,Wrong Item,2025-07-10,Late Delivery,1,Damaged,Processed,2025-07-10,2025-07-11,91887.4,70.46,27.67,6,Yes
2893,3416,5835,Wrong Item,2025-07-07,Late Delivery,1,Sellable,Processed,2025-07-07,2025-07-10,87171.31,113.75,27.29,2,Yes
2894,3416,5836,Quality Issue,2025-07-08,Late Delivery,1,Sellable,Processed,2025-07-08,2025-07-10,4935.26,97.6,17.12,2,Yes
2895,3417,5837,Late Delivery,2025-08-15,Customer Refused,1,Sellable,Processed,2025-08-15,2025-08-16,37181.78,68.25,13.99,7,Yes
2896,3417,5838,Quality Issue,2025-08-16,Customer Refused,1,Opened,Processed,2025-08-16,2025-08-17,84876.19,86.93,21.72,8,Yes
2897,3418,5839,Quality Issue,2026-01-23,Product Quality,1,Damaged,Pending,2026-01-23,2026-01-24,3294.13,108.93,40.23,7,Yes
2898,3418,5840,Late Delivery,2026-01-20,Not as Described,1,Opened,Processed,2026-01-20,2026-01-21,3468.07,117.14,26.64,8,Yes
2899,3419,5844,Quality Issue,2026-02-10,Customer Refused,3,Damaged,Processed,2026-02-10,2026-02-12,11434.61,125.75,22.03,1,Yes
2900,3420,5845,Quality Issue,2026-07-19,Late Delivery,1,Damaged,Processed,2026-07-19,2026-07-22,155364.8,107.62,22.46,4,Yes
2901,3420,5846,Wrong Item,2026-07-16,Late Delivery,1,Opened,Processed,2026-07-16,2026-07-17,4138.39,116.32,30.02,8,Yes
2902,3422,5848,Late Delivery,2026-07-04,Customer Refused,1,Damaged,Processed,2026-07-04,2026-07-06,1874.06,64.32,16.23,5,Yes
2903,3424,5851,Quality Issue,2025-06-03,Late Delivery,1,Damaged,Processed,2025-06-03,2025-06-06,1733.2,124.05,12.16,3,Yes
2904,3424,5852,Wrong Item,2025-06-05,Late Delivery,1,Opened,Processed,2025-06-05,2025-06-07,17625.11,138.24,27.1,6,Yes
2905,3425,5853,Quality Issue,2025-01-23,Customer Refused,1,Opened,Processed,2025-01-24,2025-01-25,1618.41,68.56,31.42,6,Yes
2906,3425,5854,Quality Issue,2025-01-26,Customer Refused,2,Sellable,Processed,2025-01-27,2025-01-29,1638.66,93.02,39.14,4,Yes
2907,3426,5855,Quality Issue,2025-03-01,Damaged Product,1,Opened,Processed,2025-03-01,2025-03-03,47120.94,134.31,42.58,1,Yes
2908,3426,5856,Wrong Item,2025-02-27,Changed Mind,2,Damaged,Processed,2025-02-27,2025-02-28,7917.24,167.99,22.12,3,Yes
2909,3427,5857,Quality Issue,2025-01-24,Damaged Product,1,Opened,Pending,2025-01-24,2025-01-27,2827.89,146.7,36.69,3,Yes
2910,3428,5861,Wrong Item,2025-05-23,Customer Refused,1,Damaged,Processed,2025-05-23,2025-05-25,3227.95,50.06,22.79,5,Yes
2911,3428,5862,Late Delivery,2025-05-20,Customer Refused,1,Sellable,Processed,2025-05-20,2025-05-21,2799.12,119.37,26.17,1,Yes
2912,3428,5863,Late Delivery,2025-05-21,Customer Refused,1,Damaged,Processed,2025-05-21,2025-05-24,350.95,142.4,10.32,7,Yes
2913,3428,5864,Wrong Item,2025-05-20,Customer Refused,1,Damaged,Processed,2025-05-20,2025-05-23,87286.27,84.3,36.29,2,Yes
2914,3428,5865,Wrong Item,2025-05-19,Customer Refused,2,Sellable,Processed,2025-05-19,2025-05-22,8569.5,125.18,31.02,4,Yes
2915,3429,5866,Late Delivery,2025-06-20,Customer Refused,1,Sellable,Processed,2025-06-20,2025-06-21,89157.48,59.35,38.89,5,Yes
2916,3432,5870,Late Delivery,2025-05-30,Damaged Product,1,Opened,Processed,2025-05-31,2025-06-04,1546.51,62.68,49.77,9,Yes
2917,3433,5872,Late Delivery,2025-06-30,Customer Refused,1,Opened,Pending,2025-06-30,2025-07-02,66120.19,148.0,34.63,7,Yes
2918,3435,5878,Quality Issue,2026-01-28,Customer Refused,1,Sellable,Processed,2026-01-28,2026-01-29,35628.09,149.86,39.47,7,Yes
2919,3435,5879,Late Delivery,2026-01-31,Customer Refused,1,Sellable,Processed,2026-01-31,2026-02-03,1161.26,112.88,11.43,7,Yes
2920,3435,5880,Wrong Item,2026-01-30,Customer Refused,1,Opened,Processed,2026-01-30,2026-02-02,223.24,74.04,30.47,8,Yes
2921,3435,5881,Wrong Item,2026-02-01,Customer Refused,1,Damaged,Processed,2026-02-01,2026-02-03,1980.08,106.55,22.34,5,Yes
2922,3437,5883,Late Delivery,2025-07-28,Late Delivery,2,Opened,Processed,2025-07-28,2025-07-29,4740.24,101.82,19.22,5,Yes
2923,3437,5884,Late Delivery,2025-07-28,Late Delivery,1,Damaged,Processed,2025-07-28,2025-07-29,8074.74,110.68,26.78,4,Yes
2924,3438,5885,Wrong Item,2025-01-25,Late Delivery,1,Opened,Processed,2025-01-25,2025-01-28,1152.55,117.08,34.81,9,Yes
2925,3438,5886,Wrong Item,2025-01-24,Late Delivery,1,Sellable,Processed,2025-01-24,2025-01-26,20303.01,114.33,19.58,7,Yes
2926,3438,5887,Late Delivery,2025-01-26,Late Delivery,3,Damaged,Pending,2025-01-26,2025-01-28,13717.35,128.71,33.64,4,Yes
2927,3438,5888,Late Delivery,2025-01-24,Late Delivery,1,Sellable,Processed,2025-01-24,2025-01-25,489.72,109.2,39.94,6,Yes
2928,3439,5889,Wrong Item,2025-03-09,Late Delivery,1,Opened,Processed,2025-03-09,2025-03-11,343.7,104.3,23.99,5,Yes
2929,3440,5890,Quality Issue,2026-05-07,Late Delivery,1,Damaged,Processed,2026-05-07,2026-05-08,440.43,139.81,39.04,2,Yes
2930,3442,5892,Wrong Item,2026-07-09,Size/Fit Issue,1,Sellable,Processed,2026-07-10,2026-07-13,3021.03,175.09,22.52,5,Yes
2931,3443,5893,Wrong Item,2025-04-09,Customer Refused,1,Damaged,Processed,2025-04-09,2025-04-10,1194.71,137.24,25.27,2,Yes
2932,3444,5894,Wrong Item,2024-11-11,Late Delivery,1,Damaged,Failed,2024-11-11,2024-11-13,2156.01,116.64,27.0,1,Yes
2933,3447,5901,Late Delivery,2026-01-07,Late Delivery,1,Opened,Processed,2026-01-07,2026-01-10,33980.93,79.46,27.75,4,Yes
2934,3447,5902,Quality Issue,2026-01-08,Late Delivery,1,Sellable,Processed,2026-01-08,2026-01-09,353.6,94.29,17.58,5,Yes
2935,3450,5906,Late Delivery,2024-12-11,Customer Refused,1,Damaged,Processed,2024-12-11,2024-12-12,2174.86,125.18,11.09,5,Yes
2936,3450,5907,Quality Issue,2024-12-09,Customer Refused,2,Sellable,Pending,2024-12-09,2024-12-10,61965.02,137.72,38.07,4,Yes
2937,3450,5908,Wrong Item,2024-12-11,Customer Refused,1,Sellable,Processed,2024-12-11,2024-12-12,29823.32,101.27,13.82,7,Yes
2938,3450,5909,Quality Issue,2024-12-10,Customer Refused,1,Damaged,Processed,2024-12-10,2024-12-13,54005.3,58.99,11.49,6,Yes
2939,3451,5910,Wrong Item,2024-10-05,Late Delivery,1,Opened,Processed,2024-10-05,2024-10-06,96459.24,62.05,23.5,5,Yes
2940,3452,5912,Late Delivery,2024-08-14,Product Quality,1,Opened,Processed,2024-08-14,2024-08-15,3009.18,115.97,44.03,9,Yes
2941,3453,5914,Quality Issue,2024-09-03,Customer Refused,1,Opened,Processed,2024-09-03,2024-09-05,85858.77,132.92,26.61,7,Yes
2942,3455,5918,Late Delivery,2026-01-02,Late Delivery,1,Opened,Processed,2026-01-02,2026-01-05,78846.27,138.46,16.68,8,Yes
2943,3455,5919,Quality Issue,2026-01-01,Late Delivery,1,Damaged,Processed,2026-01-01,2026-01-03,39012.6,102.45,38.59,4,Yes
2944,3455,5920,Wrong Item,2026-01-01,Late Delivery,1,Opened,Processed,2026-01-01,2026-01-04,2312.12,61.62,10.92,6,Yes
2945,3457,5923,Quality Issue,2024-09-22,Late Delivery,1,Sellable,Processed,2024-09-22,2024-09-24,570.02,127.57,25.3,5,Yes
2946,3458,5924,Quality Issue,2024-10-14,Customer Refused,1,Opened,Processed,2024-10-14,2024-10-17,75515.31,91.83,20.76,3,Yes
2947,3458,5925,Quality Issue,2024-10-13,Customer Refused,1,Damaged,Processed,2024-10-13,2024-10-14,4089.03,147.56,24.06,7,Yes
2948,3460,5930,Wrong Item,2024-12-14,Customer Refused,1,Opened,Failed,2024-12-14,2024-12-15,119671.35,110.76,14.34,6,Yes
2949,3460,5931,Quality Issue,2024-12-12,Customer Refused,1,Opened,Processed,2024-12-12,2024-12-14,1199.33,141.55,35.9,3,Yes
2950,3460,5932,Late Delivery,2024-12-10,Customer Refused,1,Damaged,Processed,2024-12-10,2024-12-12,398.9,93.11,23.37,9,Yes
2951,3464,5939,Quality Issue,2024-12-02,Late Delivery,2,Opened,Pending,2024-12-03,2024-12-06,14126.53,77.69,37.78,1,Yes
2952,3468,5944,Late Delivery,2025-02-25,Late Delivery,1,Opened,Processed,2025-02-25,2025-02-27,3695.67,99.07,17.44,2,Yes
2953,3469,5945,Wrong Item,2026-01-03,Customer Refused,1,Opened,Processed,2026-01-03,2026-01-04,3079.52,121.39,16.88,2,Yes
2954,3469,5946,Late Delivery,2025-12-31,Customer Refused,2,Sellable,Processed,2025-12-31,2026-01-01,5839.78,81.54,15.1,3,Yes
2955,3469,5947,Quality Issue,2026-01-02,Customer Refused,1,Damaged,Processed,2026-01-02,2026-01-05,274.73,71.25,22.91,3,Yes
2956,3469,5948,Wrong Item,2026-01-02,Customer Refused,2,Sellable,Processed,2026-01-02,2026-01-03,49138.28,50.29,39.84,4,Yes
2957,3469,5949,Quality Issue,2026-01-01,Customer Refused,2,Sellable,Processed,2026-01-01,2026-01-04,34701.12,99.88,16.51,8,Yes
2958,3470,5951,Wrong Item,2025-06-14,Late Delivery,1,Damaged,Processed,2025-06-14,2025-06-18,3060.41,125.47,37.22,4,Yes
2959,3474,5957,Late Delivery,2024-10-04,Late Delivery,1,Opened,Processed,2024-10-04,2024-10-05,1425.1,53.35,31.57,1,Yes
2960,3474,5958,Quality Issue,2024-10-05,Late Delivery,1,Sellable,Failed,2024-10-05,2024-10-07,53368.41,97.95,35.45,7,Yes
2961,3475,5959,Late Delivery,2025-10-05,Late Delivery,1,Opened,Processed,2025-10-05,2025-10-08,1222.2,121.32,17.4,7,Yes
2962,3476,5960,Wrong Item,2025-10-22,Customer Refused,1,Damaged,Processed,2025-10-22,2025-10-25,74873.86,52.15,32.72,5,Yes
2963,3477,5961,Quality Issue,2025-03-05,Late Delivery,1,Opened,Processed,2025-03-05,2025-03-07,20921.1,131.27,35.25,1,Yes
2964,3478,5962,Wrong Item,2025-03-30,Late Delivery,1,Damaged,Processed,2025-03-31,2025-04-01,44694.65,145.61,12.12,7,Yes
2965,3479,5963,Quality Issue,2024-08-17,Customer Refused,1,Sellable,Processed,2024-08-17,2024-08-19,1887.65,113.22,22.71,2,Yes
2966,3480,5968,Late Delivery,2024-09-18,Size/Fit Issue,1,Opened,Processed,2024-09-18,2024-09-22,2284.99,84.74,35.26,4,Yes
2967,3484,5974,Late Delivery,2024-10-14,Late Delivery,2,Sellable,Processed,2024-10-14,2024-10-16,65628.51,130.56,32.0,7,Yes
2968,3485,5975,Quality Issue,2024-12-07,Late Delivery,1,Damaged,Failed,2024-12-07,2024-12-08,2636.99,94.78,15.73,3,Yes
2969,3486,5976,Wrong Item,2025-01-20,Late Delivery,2,Opened,Processed,2025-01-21,2025-01-22,241557.48,112.76,19.64,7,Yes
2970,3488,5978,Wrong Item,2025-07-24,Late Delivery,1,Damaged,Processed,2025-07-24,2025-07-27,2740.94,54.4,28.09,3,Yes
2971,3490,5980,Late Delivery,2026-01-25,Size/Fit Issue,1,Defective,Processed,2026-01-26,,1937.28,178.9,44.44,6,Yes
2972,3491,5981,Late Delivery,2026-06-29,Late Delivery,1,Opened,Processed,2026-06-29,2026-06-30,41070.71,112.13,34.48,5,Yes
2973,3491,5982,Wrong Item,2026-07-02,Late Delivery,1,Sellable,Processed,2026-07-02,2026-07-04,698.75,72.51,22.88,1,Yes
2974,3491,5983,Quality Issue,2026-07-02,Late Delivery,1,Damaged,Processed,2026-07-02,2026-07-03,97658.07,133.82,19.51,7,Yes
2975,3492,5984,Late Delivery,2025-07-23,Late Delivery,1,Sellable,Processed,2025-07-23,2025-07-25,1540.04,90.43,12.06,2,Yes
2976,3495,5988,Wrong Item,2024-10-26,Customer Refused,1,Sellable,Processed,2024-10-27,2024-10-30,164837.36,85.05,38.86,3,Yes
2977,3495,5989,Late Delivery,2024-10-26,Customer Refused,3,Damaged,Processed,2024-10-27,2024-10-29,8080.32,112.15,27.63,2,Yes
2978,3498,5992,Quality Issue,2025-09-02,Late Delivery,1,Sellable,Processed,2025-09-02,2025-09-04,2423.3,91.64,19.72,4,Yes
2979,3499,5993,Wrong Item,2024-10-21,Late Delivery,2,Damaged,Processed,2024-10-22,2024-10-24,156719.08,134.63,26.96,2,Yes
2980,3500,5994,Late Delivery,2025-09-11,Customer Refused,1,Damaged,Processed,2025-09-11,2025-09-14,2462.78,119.04,30.62,7,Yes
2981,3501,5995,Late Delivery,2025-10-16,Customer Refused,1,Damaged,Processed,2025-10-16,2025-10-17,429.3,104.04,37.15,4,Yes
2982,3501,5996,Quality Issue,2025-10-15,Customer Refused,1,Damaged,Processed,2025-10-15,2025-10-18,3061.22,87.53,30.36,6,Yes
2983,3501,5997,Wrong Item,2025-10-15,Customer Refused,1,Damaged,Failed,2025-10-15,2025-10-18,522.68,147.53,16.45,6,Yes
2984,3502,5998,Quality Issue,2025-07-20,Late Delivery,3,Opened,Processed,2025-07-20,2025-07-23,205604.22,77.13,11.45,1,Yes
2985,3504,6000,Quality Issue,2025-10-24,Customer Refused,1,Sellable,Processed,2025-10-24,2025-10-25,2574.58,117.92,19.03,3,Yes
2986,3504,6001,Quality Issue,2025-10-24,Customer Refused,1,Damaged,Processed,2025-10-24,2025-10-26,29323.3,133.97,24.02,4,Yes
2987,3505,6002,Quality Issue,2025-12-06,Customer Refused,1,Sellable,Pending,2025-12-06,2025-12-09,1536.41,109.16,19.02,6,Yes
2988,3506,6003,Late Delivery,2024-09-15,Late Delivery,1,Sellable,Processed,2024-09-15,2024-09-16,13055.24,128.1,13.04,2,Yes
2989,3512,6014,Quality Issue,2026-07-19,Late Delivery,1,Damaged,Processed,2026-07-19,2026-07-20,692.14,67.07,22.13,9,Yes
2990,3513,6015,Quality Issue,2024-10-12,Customer Refused,2,Opened,Pending,2024-10-12,2024-10-13,82861.82,59.16,37.1,5,Yes
2991,3514,6016,Quality Issue,2024-11-19,Late Delivery,1,Damaged,Processed,2024-11-19,2024-11-20,3718.48,109.6,12.06,1,Yes
2992,3514,6017,Late Delivery,2024-11-19,Late Delivery,1,Opened,Processed,2024-11-19,2024-11-22,3802.67,112.42,31.12,9,Yes
2993,3515,6018,Late Delivery,2026-01-16,Customer Refused,1,Damaged,Pending,2026-01-16,2026-01-18,8090.45,121.92,37.26,2,Yes
2994,3515,6019,Wrong Item,2026-01-16,Customer Refused,1,Sellable,Processed,2026-01-16,2026-01-19,10527.06,97.94,28.71,2,Yes
2995,3518,6025,Wrong Item,2026-02-08,Customer Refused,1,Opened,Processed,2026-02-08,2026-02-09,4110.18,93.35,13.0,5,Yes
2996,3519,6026,Quality Issue,2025-01-16,Late Delivery,1,Sellable,Processed,2025-01-16,2025-01-17,31110.03,125.26,36.35,9,Yes
2997,3519,6027,Late Delivery,2025-01-16,Late Delivery,1,Damaged,Processed,2025-01-16,2025-01-17,3369.1,106.97,34.34,7,Yes
2998,3520,6028,Wrong Item,2025-10-29,Customer Refused,1,Opened,Pending,2025-10-29,2025-11-01,1865.01,107.23,19.12,9,Yes
2999,3520,6029,Late Delivery,2025-10-30,Customer Refused,1,Damaged,Processed,2025-10-30,2025-11-01,2746.88,106.96,19.22,9,Yes
3000,3520,6030,Wrong Item,2025-10-31,Customer Refused,1,Damaged,Processed,2025-10-31,2025-11-01,2273.13,57.84,26.64,3,Yes
3001,3523,6034,Quality Issue,2025-04-03,Late Delivery,1,Opened,Failed,2025-04-03,2025-04-05,22954.92,57.11,30.11,4,Yes
3002,3525,6036,Quality Issue,2025-04-27,Late Delivery,1,Damaged,Failed,2025-04-28,2025-04-30,1376.39,82.85,18.53,1,Yes
3003,3528,6045,Wrong Item,2025-08-03,Changed Mind,1,Opened,Processed,2025-08-04,2025-08-05,246.09,79.32,32.18,7,Yes
3004,3529,6046,Late Delivery,2025-08-23,Late Delivery,1,Sellable,Processed,2025-08-23,2025-08-26,28185.14,129.36,26.77,2,Yes
3005,3531,6049,Quality Issue,2026-01-24,Customer Refused,1,Damaged,Pending,2026-01-24,2026-01-26,104002.12,124.84,31.47,5,Yes
3006,3534,6057,Quality Issue,2025-02-05,Late Delivery,1,Damaged,Processed,2025-02-05,2025-02-07,578.14,71.16,36.11,3,Yes
3007,3535,6058,Quality Issue,2025-05-09,Not as Described,1,Sellable,Processed,2025-05-10,2025-05-12,1532.66,177.09,45.7,7,Yes
3008,3537,6061,Late Delivery,2025-02-09,Customer Refused,1,Opened,Processed,2025-02-09,2025-02-12,49950.6,111.3,36.45,1,Yes
3009,3537,6062,Wrong Item,2025-02-12,Customer Refused,2,Damaged,Processed,2025-02-12,2025-02-14,7025.18,143.1,31.62,9,Yes
3010,3541,6072,Late Delivery,2025-10-22,Product Quality,1,Sellable,Processed,2025-10-22,2025-10-23,122881.84,166.1,15.02,8,Yes
3011,3543,6074,Quality Issue,2025-07-25,Late Delivery,1,Sellable,Processed,2025-07-25,2025-07-27,67752.1,116.8,19.5,3,Yes
3012,3545,6079,Quality Issue,2025-10-24,Late Delivery,1,Sellable,Processed,2025-10-24,2025-10-27,57952.35,135.71,15.8,8,Yes
3013,3545,6080,Late Delivery,2025-10-23,Late Delivery,2,Sellable,Processed,2025-10-23,2025-10-26,5868.3,57.4,10.92,8,Yes
3014,3546,6081,Quality Issue,2026-07-18,Late Delivery,1,Sellable,Processed,2026-07-18,2026-07-19,1070.58,133.75,34.2,7,Yes
3015,3546,6082,Late Delivery,2026-07-16,Late Delivery,3,Damaged,Processed,2026-07-16,2026-07-19,11246.62,121.16,13.45,6,Yes
3016,3546,6083,Late Delivery,2026-07-16,Late Delivery,1,Sellable,Processed,2026-07-16,2026-07-19,52735.29,108.43,30.9,8,Yes
3017,3546,6084,Wrong Item,2026-07-17,Late Delivery,2,Damaged,Processed,2026-07-17,2026-07-19,2620.85,77.25,39.65,2,Yes
3018,3548,6087,Quality Issue,2025-08-30,Changed Mind,1,Sellable,Processed,2025-08-30,2025-09-03,2767.71,60.68,17.06,6,Yes
3019,3548,6089,Wrong Item,2025-09-02,Changed Mind,1,Defective,Processed,2025-09-02,,64.24,162.76,22.25,6,No
3020,3552,6094,Late Delivery,2025-09-21,Customer Refused,1,Sellable,Processed,2025-09-21,2025-09-24,1217.82,78.94,17.0,6,Yes
3021,3554,6098,Wrong Item,2025-03-06,Product Quality,1,Sellable,Processed,2025-03-06,2025-03-07,5219.54,70.97,15.46,7,Yes
3022,3555,6101,Quality Issue,2025-01-10,Damaged Product,1,Defective,Processed,2025-01-10,2025-01-11,14515.31,67.1,22.0,1,Yes
3023,3556,6102,Wrong Item,2026-03-10,Customer Refused,1,Sellable,Processed,2026-03-10,2026-03-11,3201.22,114.55,28.69,9,Yes
3024,3556,6103,Wrong Item,2026-03-09,Customer Refused,3,Damaged,Pending,2026-03-09,2026-03-12,5111.13,52.15,16.83,7,Yes
3025,3557,6104,Wrong Item,2025-09-30,Customer Refused,1,Opened,Processed,2025-10-01,2025-10-02,11092.68,74.78,13.7,4,Yes
3026,3557,6105,Quality Issue,2025-09-28,Customer Refused,1,Damaged,Processed,2025-09-29,2025-10-01,3912.69,113.65,20.78,9,Yes
3027,3559,6107,Wrong Item,2026-05-04,Late Delivery,1,Damaged,Processed,2026-05-04,2026-05-06,2438.74,83.47,24.66,5,Yes
3028,3560,6108,Wrong Item,2026-05-30,Customer Refused,1,Damaged,Failed,2026-05-30,2026-05-31,923.42,138.34,21.62,4,Yes
3029,3560,6109,Late Delivery,2026-05-30,Customer Refused,2,Damaged,Failed,2026-05-30,2026-05-31,11319.41,76.25,19.01,4,Yes
3030,3564,6113,Quality Issue,2025-02-19,Customer Refused,1,Damaged,Processed,2025-02-19,2025-02-20,70352.07,53.69,20.19,6,Yes
3031,3564,6114,Quality Issue,2025-02-19,Customer Refused,1,Damaged,Pending,2025-02-19,2025-02-22,2584.26,147.29,26.05,3,Yes
3032,3564,6115,Quality Issue,2025-02-17,Customer Refused,1,Opened,Processed,2025-02-17,2025-02-19,1110.07,75.1,21.68,9,Yes
3033,3564,6116,Wrong Item,2025-02-18,Customer Refused,1,Damaged,Pending,2025-02-18,2025-02-20,278.67,97.38,39.43,3,Yes
3034,3564,6117,Wrong Item,2025-02-18,Customer Refused,1,Sellable,Processed,2025-02-18,2025-02-21,1755.56,59.75,32.56,2,Yes
3035,3565,6118,Quality Issue,2025-03-23,Customer Refused,1,Opened,Failed,2025-03-23,2025-03-25,3868.37,56.3,21.98,9,Yes
3036,3568,6121,Quality Issue,2024-09-22,Customer Refused,1,Opened,Processed,2024-09-22,2024-09-25,1435.82,120.03,39.39,8,Yes
3037,3568,6122,Late Delivery,2024-09-21,Customer Refused,1,Opened,Processed,2024-09-21,2024-09-23,109573.83,143.61,19.4,8,Yes
3038,3568,6123,Wrong Item,2024-09-20,Customer Refused,2,Opened,Processed,2024-09-20,2024-09-23,240.46,95.05,21.54,3,Yes
3039,3568,6124,Wrong Item,2024-09-23,Customer Refused,2,Sellable,Processed,2024-09-23,2024-09-25,154679.94,109.33,37.8,1,Yes
3040,3569,6125,Wrong Item,2024-10-29,Customer Refused,1,Opened,Pending,2024-10-29,2024-10-31,571.66,104.48,27.47,1,Yes
3041,3571,6127,Late Delivery,2025-08-28,Late Delivery,1,Opened,Pending,2025-08-28,2025-08-29,42595.72,56.28,27.83,7,Yes
3042,3572,6128,Late Delivery,2025-01-04,Customer Refused,1,Opened,Pending,2025-01-04,2025-01-05,1480.29,103.92,19.72,6,Yes
3043,3578,6136,Wrong Item,2026-04-18,Late Delivery,1,Opened,Processed,2026-04-18,2026-04-19,2482.37,111.49,35.53,4,Yes
3044,3581,6139,Wrong Item,2025-07-12,Customer Refused,2,Opened,Processed,2025-07-12,2025-07-13,3631.34,88.45,29.31,4,Yes
3045,3582,6140,Late Delivery,2025-08-18,Customer Refused,1,Sellable,Processed,2025-08-18,2025-08-19,968.61,70.49,32.39,1,Yes
3046,3583,6141,Late Delivery,2025-01-27,Customer Refused,2,Sellable,Processed,2025-01-27,2025-01-30,425.57,123.11,21.03,1,Yes
3047,3586,6146,Quality Issue,2026-05-21,Late Delivery,1,Damaged,Processed,2026-05-21,2026-05-23,67752.1,95.19,33.85,4,Yes
3048,3587,6147,Wrong Item,2026-07-07,Late Delivery,1,Damaged,Pending,2026-07-07,2026-07-08,145328.64,136.98,23.29,9,Yes
3049,3593,6155,Quality Issue,2025-07-15,Late Delivery,2,Damaged,Processed,2025-07-15,2025-07-18,3246.22,122.63,15.34,3,Yes
3050,3593,6156,Wrong Item,2025-07-14,Late Delivery,1,Damaged,Processed,2025-07-14,2025-07-15,2051.19,94.59,18.47,8,Yes
3051,3594,6157,Late Delivery,2025-08-03,Late Delivery,1,Opened,Processed,2025-08-03,2025-08-06,8513.82,135.82,30.28,8,Yes
3052,3594,6158,Wrong Item,2025-08-01,Late Delivery,1,Opened,Pending,2025-08-01,2025-08-04,160306.62,73.54,16.5,3,Yes
3053,3596,6161,Wrong Item,2026-03-16,Product Quality,1,Sellable,Processed,2026-03-16,,0.0,163.5,29.17,4,No
3054,3598,6164,Quality Issue,2024-11-20,Product Quality,1,Opened,Processed,2024-11-21,2024-11-23,3669.94,160.25,46.55,1,Yes
3055,3599,6165,Quality Issue,2026-02-13,Customer Refused,3,Opened,Processed,2026-02-13,2026-02-16,4982.78,131.64,10.09,9,Yes
3056,3599,6166,Quality Issue,2026-02-13,Customer Refused,1,Sellable,Processed,2026-02-13,2026-02-16,71765.96,114.37,29.32,3,Yes
3057,3600,6167,Quality Issue,2026-03-28,Customer Refused,1,Damaged,Pending,2026-03-28,2026-03-30,486.89,86.96,24.6,4,Yes
3058,3602,6171,Wrong Item,2025-09-12,Damaged Product,1,Opened,Failed,2025-09-12,,0.0,106.71,39.54,4,No
3059,3605,6176,Wrong Item,2025-06-14,Late Delivery,1,Damaged,Processed,2025-06-14,2025-06-17,60466.93,74.26,12.75,7,Yes
3060,3606,6177,Wrong Item,2025-07-19,Customer Refused,1,Sellable,Processed,2025-07-19,2025-07-21,27489.86,109.34,35.35,1,Yes
3061,3606,6178,Late Delivery,2025-07-21,Customer Refused,1,Damaged,Processed,2025-07-21,2025-07-24,121884.72,73.66,18.89,3,Yes
3062,3606,6179,Wrong Item,2025-07-21,Customer Refused,1,Damaged,Processed,2025-07-21,2025-07-22,3385.71,60.26,32.71,1,Yes
3063,3606,6180,Quality Issue,2025-07-17,Customer Refused,1,Damaged,Processed,2025-07-17,2025-07-19,25069.29,101.92,30.34,8,Yes
3064,3607,6181,Late Delivery,2026-02-01,Late Delivery,1,Damaged,Processed,2026-02-01,2026-02-04,225.23,143.44,36.57,3,Yes
3065,3608,6182,Late Delivery,2024-12-02,Customer Refused,2,Opened,Pending,2024-12-02,2024-12-05,6166.54,137.08,37.45,9,Yes
3066,3610,6186,Late Delivery,2025-10-19,Not as Described,1,Sellable,Pending,2025-10-19,2025-10-20,39528.2,97.12,27.38,2,Yes
3067,3611,6187,Late Delivery,2026-06-21,Late Delivery,1,Sellable,Processed,2026-06-21,2026-06-22,24033.8,128.57,17.7,9,Yes
3068,3611,6188,Late Delivery,2026-06-23,Late Delivery,1,Damaged,Pending,2026-06-23,2026-06-24,78675.07,147.45,23.06,9,Yes
3069,3611,6189,Wrong Item,2026-06-21,Late Delivery,1,Sellable,Processed,2026-06-21,2026-06-23,5314.96,143.29,17.46,5,Yes
3070,3611,6190,Late Delivery,2026-06-23,Late Delivery,1,Opened,Processed,2026-06-23,2026-06-24,12682.38,50.91,22.92,2,Yes
3071,3612,6191,Wrong Item,2026-07-13,Customer Refused,1,Opened,Failed,2026-07-13,2026-07-16,3691.19,50.22,22.72,2,Yes
3072,3612,6192,Quality Issue,2026-07-11,Customer Refused,2,Opened,Pending,2026-07-11,2026-07-14,7962.28,114.27,26.09,5,Yes
3073,3615,6195,Late Delivery,2024-12-03,Customer Refused,1,Damaged,Processed,2024-12-03,2024-12-06,8556.38,58.29,30.06,7,Yes
3074,3616,6196,Wrong Item,2025-11-19,Late Delivery,1,Sellable,Processed,2025-11-19,2025-11-20,2698.3,106.15,10.38,2,Yes
3075,3617,6197,Wrong Item,2025-12-22,Late Delivery,1,Opened,Pending,2025-12-22,2025-12-23,582.83,115.7,17.99,8,Yes
3076,3618,6199,Quality Issue,2025-06-01,Damaged Product,2,Sellable,Processed,2025-06-02,2025-06-05,6159.04,102.5,46.33,7,Yes
3077,3619,6200,Late Delivery,2025-06-24,Late Delivery,1,Opened,Processed,2025-06-24,2025-06-25,143.15,69.32,32.81,2,Yes
3078,3622,6205,Wrong Item,2025-02-16,Late Delivery,1,Sellable,Processed,2025-02-16,2025-02-18,2431.48,103.9,20.44,9,Yes
3079,3622,6206,Wrong Item,2025-02-15,Late Delivery,1,Opened,Pending,2025-02-15,2025-02-16,56581.9,83.78,34.67,6,Yes
3080,3622,6207,Late Delivery,2025-02-18,Late Delivery,3,Sellable,Processed,2025-02-18,2025-02-20,1156.42,121.93,34.8,5,Yes
3081,3622,6208,Quality Issue,2025-02-16,Late Delivery,1,Sellable,Processed,2025-02-16,2025-02-17,9734.42,123.66,19.46,9,Yes
3082,3623,6209,Late Delivery,2026-02-26,Customer Refused,2,Damaged,Processed,2026-02-26,2026-02-27,77695.83,149.23,30.41,5,Yes
3083,3626,6213,Quality Issue,2025-05-23,Late Delivery,1,Sellable,Processed,2025-05-24,2025-05-26,494.49,147.97,24.63,2,Yes
3084,3627,6214,Quality Issue,2024-10-19,Customer Refused,1,Opened,Processed,2024-10-19,2024-10-21,79168.76,145.81,33.27,6,Yes
3085,3632,6223,Wrong Item,2025-09-03,Late Delivery,1,Sellable,Processed,2025-09-03,2025-09-05,3771.24,110.36,36.98,5,Yes
3086,3632,6224,Quality Issue,2025-09-06,Late Delivery,1,Sellable,Processed,2025-09-06,2025-09-08,1171.67,81.77,26.51,4,Yes
3087,3633,6225,Late Delivery,2025-10-10,Customer Refused,1,Damaged,Pending,2025-10-10,2025-10-12,1855.31,92.21,34.31,3,Yes
3088,3633,6226,Quality Issue,2025-10-09,Customer Refused,1,Sellable,Pending,2025-10-09,2025-10-12,2215.95,69.53,24.0,6,Yes
3089,3633,6227,Wrong Item,2025-10-12,Customer Refused,1,Sellable,Pending,2025-10-12,2025-10-14,2040.79,138.7,25.26,6,Yes
3090,3636,6234,Quality Issue,2024-10-07,Late Delivery,1,Damaged,Processed,2024-10-07,2024-10-10,3153.82,136.23,10.41,5,Yes
3091,3637,6235,Wrong Item,2024-10-29,Customer Refused,2,Opened,Processed,2024-10-29,2024-10-30,4439.2,129.53,30.56,7,Yes
3092,3638,6240,Quality Issue,2024-09-06,Damaged Product,1,Defective,Processed,2024-09-07,,0.0,62.57,16.57,2,No
3093,3639,6241,Wrong Item,2025-10-29,Customer Refused,1,Sellable,Failed,2025-10-29,2025-10-31,6883.21,87.8,23.5,7,Yes
3094,3642,6244,Quality Issue,2026-04-20,Late Delivery,2,Sellable,Processed,2026-04-20,2026-04-22,1041.67,63.62,36.86,3,Yes
3095,3642,6245,Wrong Item,2026-04-20,Late Delivery,2,Opened,Pending,2026-04-20,2026-04-23,7387.35,107.85,17.92,4,Yes
3096,3644,6247,Wrong Item,2025-05-18,Product Quality,1,Sellable,Processed,2025-05-18,,2729.25,64.84,34.33,3,Yes
3097,3645,6249,Wrong Item,2024-10-14,Size/Fit Issue,1,Opened,Processed,2024-10-14,2024-10-17,1219.63,177.12,32.16,8,Yes
3098,3646,6250,Wrong Item,2024-11-03,Late Delivery,2,Damaged,Processed,2024-11-03,2024-11-05,596.88,66.65,16.48,9,Yes
3099,3647,6251,Late Delivery,2026-02-02,Customer Refused,1,Sellable,Processed,2026-02-02,2026-02-05,2941.21,78.03,11.64,5,Yes
3100,3647,6252,Quality Issue,2026-02-03,Customer Refused,2,Sellable,Processed,2026-02-03,2026-02-06,1785.75,74.78,38.18,3,Yes
3101,3648,6253,Quality Issue,2025-12-15,Late Delivery,1,Opened,Processed,2025-12-15,2025-12-16,32516.39,76.54,31.6,9,Yes
3102,3649,6254,Wrong Item,2026-01-09,Late Delivery,1,Sellable,Processed,2026-01-09,2026-01-12,7980.45,60.92,14.98,2,Yes
3103,3650,6255,Wrong Item,2025-03-28,Late Delivery,1,Sellable,Processed,2025-03-28,2025-03-30,6610.72,69.07,29.54,2,Yes
3104,3652,6257,Late Delivery,2025-11-24,Late Delivery,1,Damaged,Processed,2025-11-24,2025-11-27,21231.96,137.51,17.29,8,Yes
3105,3656,6261,Late Delivery,2026-04-12,Customer Refused,1,Sellable,Processed,2026-04-12,2026-04-13,144508.43,99.8,32.56,5,Yes
3106,3656,6262,Late Delivery,2026-04-13,Customer Refused,1,Damaged,Processed,2026-04-13,2026-04-15,30111.08,122.3,17.33,4,Yes
3107,3658,6265,Late Delivery,2024-12-10,Not as Described,1,Opened,Processed,2024-12-10,2024-12-11,2498.73,153.64,24.58,5,Yes
3108,3659,6268,Wrong Item,2025-04-05,Late Delivery,1,Sellable,Processed,2025-04-05,2025-04-08,1690.55,116.01,31.67,4,Yes
3109,3664,6273,Quality Issue,2025-05-29,Product Quality,1,Sellable,Processed,2025-05-29,2025-05-31,2648.96,178.86,43.5,3,Yes
3110,3666,6275,Quality Issue,2025-01-29,Customer Refused,1,Opened,Processed,2025-01-29,2025-01-30,2677.84,86.69,10.93,3,Yes
3111,3666,6276,Wrong Item,2025-01-31,Customer Refused,1,Sellable,Processed,2025-01-31,2025-02-01,682.9,138.58,33.91,8,Yes
3112,3666,6277,Late Delivery,2025-01-30,Customer Refused,1,Damaged,Processed,2025-01-30,2025-02-01,2010.76,76.85,30.69,2,Yes
3113,3667,6278,Wrong Item,2025-03-06,Customer Refused,1,Damaged,Processed,2025-03-06,2025-03-08,1295.72,132.74,27.95,5,Yes
3114,3668,6279,Quality Issue,2025-05-27,Customer Refused,1,Opened,Processed,2025-05-27,2025-05-29,4694.51,54.04,16.74,9,Yes
3115,3671,6285,Late Delivery,2025-10-24,Customer Refused,1,Damaged,Processed,2025-10-24,2025-10-26,376.21,68.61,10.97,9,Yes
3116,3672,6286,Wrong Item,2025-06-08,Customer Refused,2,Opened,Pending,2025-06-08,2025-06-10,3943.96,113.78,13.68,4,Yes
3117,3673,6287,Quality Issue,2025-07-24,Damaged Product,1,Damaged,Processed,2025-07-24,2025-07-26,113637.26,119.7,21.3,3,Yes
3118,3675,6290,Late Delivery,2024-09-03,Late Delivery,1,Opened,Pending,2024-09-03,2024-09-04,493.6,94.42,33.97,8,Yes
3119,3676,6291,Quality Issue,2025-11-13,Customer Refused,1,Damaged,Processed,2025-11-13,2025-11-14,1191.71,69.19,16.55,8,Yes
3120,3676,6292,Quality Issue,2025-11-16,Customer Refused,1,Opened,Processed,2025-11-16,2025-11-18,69311.31,132.93,33.23,6,Yes
3121,3676,6293,Quality Issue,2025-11-15,Customer Refused,1,Sellable,Failed,2025-11-15,2025-11-17,1176.46,130.42,36.77,5,Yes
3122,3676,6294,Late Delivery,2025-11-15,Customer Refused,1,Damaged,Processed,2025-11-15,2025-11-17,707.75,117.18,10.23,8,Yes
3123,3677,6295,Late Delivery,2025-11-30,Late Delivery,3,Opened,Processed,2025-11-30,2025-12-02,53930.1,59.08,19.86,4,Yes
3124,3680,6300,Wrong Item,2025-11-23,Late Delivery,1,Damaged,Pending,2025-11-23,2025-11-24,566.49,96.59,16.89,5,Yes
3125,3680,6301,Late Delivery,2025-11-21,Late Delivery,1,Sellable,Processed,2025-11-21,2025-11-23,1688.0,76.73,32.72,9,Yes
3126,3682,6303,Quality Issue,2025-09-02,Customer Refused,2,Opened,Processed,2025-09-02,2025-09-04,6406.98,50.17,12.76,5,Yes
3127,3683,6304,Wrong Item,2025-03-09,Customer Refused,1,Opened,Pending,2025-03-09,2025-03-12,3501.95,60.71,24.01,7,Yes
3128,3684,6305,Late Delivery,2025-04-16,Customer Refused,1,Opened,Processed,2025-04-16,2025-04-18,24544.17,131.79,29.62,1,Yes
3129,3684,6306,Wrong Item,2025-04-20,Customer Refused,1,Sellable,Processed,2025-04-20,2025-04-21,2888.58,129.38,28.91,6,Yes
3130,3684,6307,Late Delivery,2025-04-19,Customer Refused,2,Opened,Processed,2025-04-19,2025-04-20,58519.14,88.25,24.39,2,Yes
3131,3684,6308,Late Delivery,2025-04-20,Customer Refused,1,Damaged,Pending,2025-04-20,2025-04-23,91809.55,118.74,25.37,3,Yes
3132,3685,6309,Quality Issue,2025-01-01,Customer Refused,1,Opened,Processed,2025-01-01,2025-01-04,2798.85,77.0,34.16,9,Yes
3133,3685,6310,Quality Issue,2024-12-31,Customer Refused,1,Opened,Pending,2024-12-31,2025-01-02,26941.12,86.39,17.73,3,Yes
3134,3685,6311,Late Delivery,2025-01-02,Customer Refused,2,Sellable,Failed,2025-01-02,2025-01-03,8317.34,78.07,33.3,2,Yes
3135,3686,6312,Late Delivery,2026-03-03,Customer Refused,3,Sellable,Processed,2026-03-03,2026-03-05,8744.87,130.95,10.74,8,Yes
3136,3689,6316,Quality Issue,2025-07-28,Late Delivery,1,Opened,Failed,2025-07-28,2025-07-30,2881.52,105.21,12.36,1,Yes
3137,3695,6326,Wrong Item,2025-10-06,Customer Refused,1,Sellable,Processed,2025-10-06,2025-10-08,2094.35,117.83,19.26,5,Yes
3138,3697,6328,Late Delivery,2025-06-13,Damaged Product,1,Sellable,Pending,2025-06-14,2025-06-18,47120.94,122.12,37.26,9,Yes
3139,3699,6331,Quality Issue,2025-03-26,Late Delivery,1,Damaged,Processed,2025-03-26,2025-03-27,2521.38,76.01,23.33,5,Yes
3140,3699,6332,Late Delivery,2025-03-23,Late Delivery,2,Damaged,Pending,2025-03-23,2025-03-26,205543.89,88.68,25.35,3,Yes
3141,3700,6333,Quality Issue,2026-07-11,Customer Refused,1,Opened,Pending,2026-07-11,2026-07-14,27489.86,78.41,11.29,6,Yes
3142,3700,6334,Quality Issue,2026-07-13,Customer Refused,1,Opened,Pending,2026-07-13,2026-07-14,1234.99,55.83,26.46,8,Yes
3143,3703,6337,Quality Issue,2024-08-08,Customer Refused,1,Sellable,Processed,2024-08-08,2024-08-11,874.9,122.16,32.84,2,Yes
3144,3704,6338,Quality Issue,2026-05-19,Customer Refused,1,Sellable,Pending,2026-05-19,2026-05-21,7680.86,60.53,21.66,9,Yes
3145,3705,6339,Wrong Item,2025-01-29,Late Delivery,2,Opened,Processed,2025-01-29,2025-01-30,1059.23,136.02,18.41,2,Yes
3146,3705,6340,Wrong Item,2025-01-26,Late Delivery,1,Damaged,Processed,2025-01-26,2025-01-28,1375.48,107.48,19.71,1,Yes
3147,3708,6343,Wrong Item,2025-07-10,Late Delivery,2,Sellable,Processed,2025-07-10,2025-07-12,1830.26,133.8,31.33,1,Yes
3148,3711,6346,Wrong Item,2026-03-07,Customer Refused,2,Opened,Failed,2026-03-07,2026-03-08,3239.7,56.6,33.76,4,Yes
3149,3712,6347,Wrong Item,2026-07-04,Customer Refused,1,Damaged,Processed,2026-07-04,2026-07-06,1480.29,138.54,36.07,9,Yes
3150,3715,6350,Wrong Item,2025-04-20,Customer Refused,1,Damaged,Failed,2025-04-20,2025-04-23,66573.21,56.1,25.02,6,Yes
3151,3715,6351,Late Delivery,2025-04-20,Customer Refused,1,Damaged,Processed,2025-04-20,2025-04-21,991.94,123.73,20.66,8,Yes
3152,3716,6352,Quality Issue,2025-12-02,Changed Mind,1,Defective,Processed,2025-12-02,2025-12-04,5886.45,156.69,35.66,1,Yes
3153,3717,6354,Late Delivery,2026-01-08,Late Delivery,1,Sellable,Processed,2026-01-08,2026-01-10,114574.6,93.39,30.9,5,Yes
3154,3717,6355,Late Delivery,2026-01-08,Late Delivery,2,Opened,Processed,2026-01-08,2026-01-10,13674.01,133.04,32.18,1,Yes
3155,3718,6356,Wrong Item,2026-01-23,Customer Refused,1,Damaged,Processed,2026-01-23,2026-01-24,2649.54,99.28,27.25,2,Yes
3156,3720,6358,Wrong Item,2024-10-11,Late Delivery,1,Damaged,Processed,2024-10-11,2024-10-14,1380.4,51.47,18.48,5,Yes
3157,3720,6359,Wrong Item,2024-10-10,Late Delivery,1,Opened,Processed,2024-10-10,2024-10-11,30984.43,95.88,23.57,5,Yes
3158,3720,6360,Wrong Item,2024-10-09,Late Delivery,3,Damaged,Processed,2024-10-09,2024-10-10,10385.04,143.6,22.52,3,Yes
3159,3720,6361,Quality Issue,2024-10-12,Late Delivery,2,Opened,Processed,2024-10-12,2024-10-14,128194.92,78.02,38.11,6,Yes
3160,3721,6362,Wrong Item,2025-06-10,Customer Refused,1,Sellable,Pending,2025-06-10,2025-06-13,31107.67,80.11,15.3,7,Yes
3161,3723,6364,Wrong Item,2024-10-04,Customer Refused,1,Sellable,Processed,2024-10-04,2024-10-05,25069.29,125.87,12.32,6,Yes
3162,3724,6365,Late Delivery,2024-10-20,Customer Refused,1,Opened,Processed,2024-10-20,2024-10-21,2255.84,147.3,38.02,8,Yes
3163,3724,6366,Late Delivery,2024-10-22,Customer Refused,1,Opened,Processed,2024-10-22,2024-10-25,206.94,140.88,35.66,9,Yes
3164,3724,6367,Late Delivery,2024-10-22,Customer Refused,1,Sellable,Processed,2024-10-22,2024-10-23,108646.65,131.48,28.76,9,Yes
3165,3725,6368,Quality Issue,2026-05-20,Late Delivery,1,Sellable,Processed,2026-05-20,2026-05-23,10589.46,125.69,31.44,3,Yes
3166,3727,6370,Wrong Item,2026-08-07,Late Delivery,1,Opened,Processed,2026-08-07,2026-08-08,708.17,132.01,29.31,9,Yes
3167,3728,6371,Quality Issue,2026-01-22,Customer Refused,1,Sellable,Pending,2026-01-22,2026-01-24,1808.32,148.61,25.29,5,Yes
3168,3729,6372,Quality Issue,2026-03-04,Customer Refused,1,Opened,Processed,2026-03-04,2026-03-06,7752.13,118.3,33.85,2,Yes
3169,3730,6373,Wrong Item,2025-11-22,Late Delivery,1,Damaged,Processed,2025-11-22,2025-11-25,1664.89,127.72,26.73,8,Yes
3170,3730,6374,Wrong Item,2025-11-24,Late Delivery,1,Damaged,Processed,2025-11-24,2025-11-26,2409.67,96.98,23.71,8,Yes
3171,3733,6379,Wrong Item,2025-01-23,Late Delivery,2,Opened,Processed,2025-01-23,2025-01-25,2997.55,79.74,17.4,6,Yes
3172,3733,6380,Quality Issue,2025-01-21,Late Delivery,1,Damaged,Processed,2025-01-21,2025-01-24,1630.98,72.07,30.45,2,Yes
3173,3735,6384,Quality Issue,2026-01-01,Customer Refused,1,Damaged,Processed,2026-01-01,2026-01-02,877.0,136.66,31.23,7,Yes
3174,3737,6387,Late Delivery,2024-11-06,Customer Refused,3,Sellable,Processed,2024-11-06,2024-11-07,6309.72,107.5,11.56,4,Yes
3175,3738,6388,Quality Issue,2024-12-04,Late Delivery,1,Sellable,Processed,2024-12-05,2024-12-08,293.42,104.17,27.39,5,Yes
3176,3742,6392,Quality Issue,2025-08-16,Customer Refused,1,Sellable,Processed,2025-08-16,2025-08-18,50439.8,107.32,37.96,9,Yes
3177,3745,6397,Wrong Item,2024-12-01,Customer Refused,1,Opened,Processed,2024-12-01,2024-12-03,2777.89,61.65,11.94,9,Yes
3178,3745,6398,Wrong Item,2024-12-03,Customer Refused,1,Sellable,Processed,2024-12-03,2024-12-06,400.88,66.2,20.11,8,Yes
3179,3747,6400,Wrong Item,2024-10-02,Customer Refused,1,Damaged,Processed,2024-10-02,2024-10-03,1119.28,114.55,11.47,9,Yes
3180,3748,6401,Late Delivery,2024-10-18,Customer Refused,1,Opened,Pending,2024-10-18,2024-10-19,2452.28,142.18,27.95,5,Yes
3181,3748,6402,Wrong Item,2024-10-18,Customer Refused,1,Damaged,Processed,2024-10-18,2024-10-21,42827.29,128.85,19.18,6,Yes
3182,3749,6403,Quality Issue,2024-09-26,Late Delivery,1,Opened,Processed,2024-09-26,2024-09-29,5216.92,117.04,34.75,2,Yes
3183,3750,6404,Quality Issue,2026-07-14,Customer Refused,1,Sellable,Processed,2026-07-14,2026-07-17,71498.52,64.38,19.17,3,Yes
3184,3750,6405,Wrong Item,2026-07-12,Customer Refused,1,Opened,Pending,2026-07-12,2026-07-13,2777.87,117.94,24.51,1,Yes
3185,3750,6406,Quality Issue,2026-07-16,Customer Refused,1,Damaged,Processed,2026-07-16,2026-07-17,144.94,67.62,22.9,8,Yes
3186,3752,6408,Wrong Item,2026-03-06,Customer Refused,2,Sellable,Processed,2026-03-06,2026-03-08,302413.32,125.18,37.05,5,Yes
3187,3752,6409,Quality Issue,2026-03-10,Customer Refused,1,Opened,Processed,2026-03-10,2026-03-13,3621.4,116.71,24.96,6,Yes
3188,3753,6410,Quality Issue,2025-10-22,Late Delivery,1,Sellable,Pending,2025-10-22,2025-10-23,4370.73,106.61,18.26,5,Yes
3189,3755,6412,Quality Issue,2026-06-16,Customer Refused,1,Sellable,Pending,2026-06-16,2026-06-18,2906.84,148.67,32.27,9,Yes
3190,3756,6413,Wrong Item,2025-03-09,Customer Refused,1,Damaged,Failed,2025-03-09,2025-03-11,163028.84,60.26,31.38,3,Yes
3191,3757,6414,Quality Issue,2025-04-14,Late Delivery,1,Opened,Processed,2025-04-14,2025-04-16,2914.89,111.58,33.11,6,Yes
3192,3758,6415,Quality Issue,2026-05-20,Late Delivery,1,Sellable,Processed,2026-05-20,2026-05-22,38235.86,134.86,38.67,7,Yes
3193,3758,6416,Wrong Item,2026-05-19,Late Delivery,2,Sellable,Processed,2026-05-19,2026-05-21,144835.99,57.1,20.02,5,Yes
3194,3761,6419,Quality Issue,2026-07-09,Late Delivery,1,Opened,Processed,2026-07-09,2026-07-11,1108.44,132.37,26.0,1,Yes
3195,3762,6420,Wrong Item,2025-12-11,Customer Refused,1,Sellable,Processed,2025-12-11,2025-12-14,3345.29,62.11,15.9,2,Yes
3196,3762,6421,Wrong Item,2025-12-12,Customer Refused,1,Opened,Processed,2025-12-12,2025-12-13,47000.84,52.92,22.06,8,Yes
3197,3763,6422,Wrong Item,2026-01-22,Customer Refused,2,Opened,Processed,2026-01-22,2026-01-25,59128.54,140.29,18.83,7,Yes
3198,3763,6423,Late Delivery,2026-01-18,Customer Refused,1,Damaged,Failed,2026-01-18,2026-01-20,44085.91,66.45,21.1,3,Yes
3199,3764,6424,Wrong Item,2026-01-08,Customer Refused,1,Sellable,Failed,2026-01-08,2026-01-09,7479.78,95.0,27.5,8,Yes
3200,3767,6427,Quality Issue,2026-06-12,Customer Refused,2,Sellable,Processed,2026-06-12,2026-06-14,1472.76,81.0,13.94,5,Yes
3201,3767,6428,Late Delivery,2026-06-12,Customer Refused,1,Damaged,Processed,2026-06-12,2026-06-13,313.35,147.45,35.39,9,Yes
3202,3770,6431,Late Delivery,2025-09-24,Customer Refused,1,Opened,Pending,2025-09-24,2025-09-27,1987.18,86.61,17.12,4,Yes
3203,3770,6432,Wrong Item,2025-09-24,Customer Refused,3,Opened,Pending,2025-09-24,2025-09-27,2249.6,133.72,10.74,6,Yes
3204,3770,6433,Wrong Item,2025-09-27,Customer Refused,1,Sellable,Processed,2025-09-27,2025-09-30,233.43,69.19,17.71,7,Yes
3205,3771,6435,Late Delivery,2024-11-01,Late Delivery,1,Damaged,Pending,2024-11-01,2024-11-02,1115.97,155.07,21.49,2,Yes
3206,3772,6438,Late Delivery,2025-09-14,Late Delivery,2,Sellable,Processed,2025-09-14,2025-09-17,21962.42,75.72,39.15,3,Yes
3207,3773,6439,Wrong Item,2026-04-12,Late Delivery,1,Sellable,Processed,2026-04-12,2026-04-13,3015.51,79.44,15.68,4,Yes
3208,3773,6440,Quality Issue,2026-04-09,Late Delivery,2,Opened,Processed,2026-04-09,2026-04-10,6208.18,88.5,30.62,1,Yes
3209,3773,6441,Late Delivery,2026-04-09,Late Delivery,1,Damaged,Processed,2026-04-09,2026-04-10,36620.41,59.35,17.19,1,Yes
3210,3773,6442,Wrong Item,2026-04-11,Late Delivery,3,Opened,Processed,2026-04-11,2026-04-14,224358.2,75.47,26.13,5,Yes
3211,3774,6443,Quality Issue,2026-05-21,Late Delivery,3,Opened,Pending,2026-05-21,2026-05-22,7163.4,94.18,27.01,9,Yes
3212,3780,6452,Quality Issue,2026-06-13,Damaged Product,1,Opened,Processed,2026-06-13,2026-06-14,20054.58,166.41,48.44,2,Yes
3213,3780,6453,Quality Issue,2026-06-14,Not as Described,1,Defective,Processed,2026-06-14,2026-06-17,3333.45,63.32,33.98,4,Yes
3214,3782,6455,Wrong Item,2026-06-20,Customer Refused,1,Sellable,Processed,2026-06-20,2026-06-23,1106.25,100.55,35.69,5,Yes
3215,3782,6456,Wrong Item,2026-06-23,Customer Refused,1,Damaged,Processed,2026-06-23,2026-06-25,23576.86,103.65,18.86,3,Yes
3216,3785,6462,Late Delivery,2024-10-23,Late Delivery,1,Sellable,Failed,2024-10-23,2024-10-26,63465.62,68.19,12.33,1,Yes
3217,3785,6463,Late Delivery,2024-10-23,Late Delivery,2,Opened,Pending,2024-10-23,2024-10-24,1828.77,70.63,21.64,1,Yes
3218,3785,6464,Quality Issue,2024-10-22,Late Delivery,3,Opened,Processed,2024-10-22,2024-10-23,1212.35,53.7,32.67,7,Yes
3219,3785,6465,Quality Issue,2024-10-23,Late Delivery,2,Opened,Processed,2024-10-23,2024-10-24,5012.08,85.28,26.71,4,Yes
3220,3785,6466,Quality Issue,2024-10-21,Late Delivery,1,Damaged,Processed,2024-10-21,2024-10-22,107400.8,114.96,37.09,4,Yes
3221,3788,6469,Wrong Item,2025-09-03,Customer Refused,1,Sellable,Processed,2025-09-03,2025-09-04,4805.7,72.23,33.8,5,Yes
3222,3789,6470,Late Delivery,2024-08-31,Late Delivery,1,Sellable,Processed,2024-08-31,2024-09-01,3141.76,139.25,21.4,6,Yes
3223,3790,6471,Wrong Item,2024-12-08,Late Delivery,3,Damaged,Processed,2024-12-08,2024-12-10,4162.43,86.33,33.12,3,Yes
3224,3790,6472,Quality Issue,2024-12-08,Late Delivery,1,Damaged,Failed,2024-12-08,2024-12-11,5080.25,63.76,37.22,4,Yes
3225,3791,6473,Wrong Item,2025-09-28,Customer Refused,1,Sellable,Processed,2025-09-28,2025-09-30,4134.19,84.99,20.17,3,Yes
3226,3791,6474,Wrong Item,2025-09-28,Customer Refused,1,Opened,Pending,2025-09-28,2025-10-01,66007.59,131.06,25.98,4,Yes
3227,3791,6475,Quality Issue,2025-09-24,Customer Refused,1,Damaged,Processed,2025-09-24,2025-09-27,432.41,64.8,33.38,7,Yes
3228,3792,6477,Quality Issue,2024-09-12,Not as Described,1,Defective,Processed,2024-09-13,2024-09-14,35199.45,163.31,48.47,9,Yes
3229,3793,6478,Quality Issue,2024-10-01,Customer Refused,2,Opened,Pending,2024-10-01,2024-10-03,2079.04,148.62,25.22,9,Yes
3230,3798,6486,Quality Issue,2024-09-04,Customer Refused,1,Opened,Failed,2024-09-04,2024-09-06,116186.43,98.5,29.99,5,Yes
3231,3798,6487,Quality Issue,2024-09-04,Customer Refused,1,Opened,Processed,2024-09-04,2024-09-05,29857.44,85.21,31.2,9,Yes
3232,3798,6488,Quality Issue,2024-09-01,Customer Refused,1,Sellable,Processed,2024-09-01,2024-09-04,2099.25,118.57,34.36,4,Yes
3233,3799,6489,Wrong Item,2025-08-17,Late Delivery,1,Sellable,Processed,2025-08-17,2025-08-20,3375.08,127.99,36.64,8,Yes
3234,3799,6490,Late Delivery,2025-08-15,Late Delivery,1,Sellable,Pending,2025-08-15,2025-08-17,2134.64,135.71,39.72,6,Yes
3235,3799,6491,Late Delivery,2025-08-16,Late Delivery,1,Opened,Processed,2025-08-16,2025-08-17,4417.46,118.91,25.34,2,Yes
3236,3799,6492,Wrong Item,2025-08-17,Late Delivery,1,Sellable,Processed,2025-08-17,2025-08-18,131443.04,61.11,11.61,5,Yes
3237,3799,6493,Wrong Item,2025-08-17,Late Delivery,1,Opened,Processed,2025-08-17,2025-08-20,112608.37,108.68,38.44,8,Yes
3238,3800,6494,Late Delivery,2025-03-24,Late Delivery,1,Opened,Processed,2025-03-24,2025-03-26,2590.74,70.71,12.97,1,Yes
3239,3800,6495,Late Delivery,2025-03-24,Late Delivery,1,Sellable,Pending,2025-03-24,2025-03-26,103085.04,75.11,29.99,9,Yes
3240,3800,6496,Wrong Item,2025-03-20,Late Delivery,1,Sellable,Processed,2025-03-20,2025-03-23,60918.22,55.66,26.49,2,Yes
3241,3800,6497,Wrong Item,2025-03-21,Late Delivery,1,Damaged,Processed,2025-03-21,2025-03-24,2866.32,110.96,14.1,3,Yes
3242,3800,6498,Late Delivery,2025-03-23,Late Delivery,1,Sellable,Processed,2025-03-23,2025-03-26,2765.02,100.83,26.54,6,Yes
3243,3801,6499,Quality Issue,2025-04-23,Late Delivery,1,Damaged,Processed,2025-04-24,2025-04-26,95.44,97.08,35.64,9,No
3244,3804,6502,Quality Issue,2025-10-25,Customer Refused,1,Sellable,Processed,2025-10-25,2025-10-27,1897.54,103.88,12.72,4,Yes
3245,3805,6503,Quality Issue,2025-11-24,Customer Refused,1,Sellable,Processed,2025-11-24,2025-11-26,38562.36,102.29,15.0,2,Yes
3246,3805,6504,Late Delivery,2025-11-28,Customer Refused,1,Damaged,Processed,2025-11-28,2025-11-30,3811.09,66.78,21.68,4,Yes
3247,3807,6506,Wrong Item,2025-09-24,Late Delivery,2,Sellable,Processed,2025-09-24,2025-09-25,199336.92,55.79,21.11,5,Yes
3248,3808,6507,Wrong Item,2025-03-08,Late Delivery,1,Sellable,Pending,2025-03-08,2025-03-09,2110.75,57.29,25.95,3,Yes
3249,3809,6508,Wrong Item,2025-11-05,Product Quality,1,Defective,Pending,2025-11-06,2025-11-09,2617.21,134.61,35.52,5,Yes
3250,3810,6509,Late Delivery,2025-12-22,Customer Refused,1,Sellable,Pending,2025-12-22,2025-12-25,2910.53,86.27,16.46,4,Yes
3251,3811,6510,Late Delivery,2026-02-05,Late Delivery,1,Opened,Processed,2026-02-05,2026-02-08,1372.64,145.77,32.92,6,Yes
3252,3811,6511,Wrong Item,2026-02-05,Late Delivery,3,Sellable,Processed,2026-02-05,2026-02-08,11973.06,129.77,28.45,7,Yes
3253,3811,6512,Wrong Item,2026-02-07,Late Delivery,1,Opened,Processed,2026-02-07,2026-02-10,1847.99,116.98,19.44,5,Yes
3254,3811,6513,Late Delivery,2026-02-08,Late Delivery,1,Opened,Pending,2026-02-08,2026-02-09,87400.04,79.76,23.92,4,Yes
3255,3811,6514,Wrong Item,2026-02-05,Late Delivery,1,Opened,Processed,2026-02-05,2026-02-06,59397.69,148.8,24.59,5,Yes
3256,3812,6515,Wrong Item,2026-01-27,Damaged Product,1,Damaged,Processed,2026-01-27,2026-01-28,113197.22,68.93,35.84,6,Yes
3257,3814,6519,Quality Issue,2026-03-03,Late Delivery,2,Opened,Processed,2026-03-03,2026-03-05,224872.99,119.1,11.64,1,Yes
3258,3816,6521,Late Delivery,2026-03-14,Customer Refused,1,Damaged,Processed,2026-03-15,2026-03-18,4310.72,123.79,19.07,9,Yes
3259,3819,6524,Quality Issue,2026-07-21,Customer Refused,1,Damaged,Processed,2026-07-21,2026-07-23,7185.86,67.57,14.16,6,Yes
3260,3819,6525,Quality Issue,2026-07-20,Customer Refused,2,Opened,Processed,2026-07-20,2026-07-21,174621.22,107.01,29.45,9,Yes
3261,3819,6526,Wrong Item,2026-07-24,Customer Refused,1,Opened,Processed,2026-07-24,2026-07-27,285.32,91.9,36.39,1,Yes
3262,3819,6527,Wrong Item,2026-07-22,Customer Refused,2,Opened,Processed,2026-07-22,2026-07-23,6720.28,141.55,27.67,8,Yes
3263,3819,6528,Wrong Item,2026-07-23,Customer Refused,1,Damaged,Processed,2026-07-23,2026-07-26,64361.62,75.88,17.99,9,Yes
3264,3823,6535,Wrong Item,2024-12-23,Customer Refused,1,Damaged,Processed,2024-12-23,2024-12-26,2927.34,126.39,31.54,1,Yes
3265,3823,6536,Wrong Item,2024-12-23,Customer Refused,1,Opened,Processed,2024-12-23,2024-12-25,2144.56,118.5,13.1,7,Yes
3266,3823,6537,Late Delivery,2024-12-23,Customer Refused,1,Sellable,Processed,2024-12-23,2024-12-26,31109.63,113.96,22.61,5,Yes
3267,3827,6542,Wrong Item,2024-12-28,Customer Refused,1,Damaged,Processed,2024-12-28,2024-12-31,2269.05,132.2,26.35,1,Yes
3268,3830,6549,Late Delivery,2024-12-04,Late Delivery,1,Damaged,Processed,2024-12-04,2024-12-05,40156.73,152.03,18.11,3,Yes
3269,3831,6554,Wrong Item,2026-06-14,Product Quality,1,Defective,Processed,2026-06-14,2026-06-18,750.26,87.22,19.36,6,Yes
3270,3832,6557,Wrong Item,2025-05-05,Late Delivery,1,Sellable,Processed,2025-05-05,2025-05-07,138590.82,66.72,24.46,6,Yes
3271,3832,6558,Quality Issue,2025-05-06,Late Delivery,1,Damaged,Processed,2025-05-06,2025-05-09,172880.36,104.6,11.73,4,Yes
3272,3834,6560,Wrong Item,2026-03-17,Customer Refused,1,Sellable,Processed,2026-03-17,2026-03-19,44783.42,65.58,12.33,1,Yes
3273,3834,6561,Late Delivery,2026-03-15,Customer Refused,1,Opened,Processed,2026-03-15,2026-03-18,21536.92,68.94,30.41,3,Yes
3274,3836,6563,Quality Issue,2025-05-16,Late Delivery,1,Damaged,Pending,2025-05-16,2025-05-19,1565.23,100.23,10.45,8,Yes
3275,3836,6564,Late Delivery,2025-05-20,Late Delivery,3,Damaged,Pending,2025-05-20,2025-05-23,108224.79,107.05,33.03,4,Yes
3276,3836,6565,Quality Issue,2025-05-20,Late Delivery,2,Opened,Processed,2025-05-20,2025-05-21,4819.64,76.76,36.68,2,Yes
3277,3838,6567,Late Delivery,2025-09-22,Customer Refused,1,Sellable,Processed,2025-09-22,2025-09-23,79231.46,85.33,33.33,8,Yes
3278,3839,6568,Quality Issue,2025-10-11,Customer Refused,2,Opened,Processed,2025-10-11,2025-10-13,2641.62,67.56,37.99,8,Yes
3279,3839,6569,Wrong Item,2025-10-09,Customer Refused,1,Sellable,Failed,2025-10-09,2025-10-10,127274.2,82.83,27.48,6,Yes
3280,3841,6571,Late Delivery,2025-07-18,Customer Refused,1,Damaged,Processed,2025-07-18,2025-07-19,76057.59,138.67,15.22,7,Yes
3281,3841,6572,Quality Issue,2025-07-16,Customer Refused,1,Damaged,Processed,2025-07-16,2025-07-18,25060.1,136.34,37.87,3,Yes
3282,3842,6573,Late Delivery,2026-02-15,Customer Refused,1,Sellable,Pending,2026-02-15,2026-02-18,3041.45,97.95,34.97,8,Yes
3283,3843,6574,Late Delivery,2026-03-22,Customer Refused,1,Opened,Processed,2026-03-22,2026-03-25,6064.28,76.16,10.37,9,Yes
3284,3847,6578,Wrong Item,2026-06-26,Customer Refused,1,Sellable,Processed,2026-06-26,2026-06-29,2038.97,69.89,31.99,9,Yes
3285,3848,6579,Quality Issue,2026-02-01,Customer Refused,2,Damaged,Processed,2026-02-01,2026-02-03,214102.72,84.96,10.03,7,Yes
3286,3848,6580,Late Delivery,2026-01-31,Customer Refused,1,Damaged,Processed,2026-01-31,2026-02-03,1217.82,110.74,17.03,9,Yes
3287,3849,6581,Wrong Item,2026-04-17,Customer Refused,1,Damaged,Processed,2026-04-17,2026-04-20,538.52,114.04,20.14,9,Yes
3288,3849,6582,Wrong Item,2026-04-18,Customer Refused,2,Opened,Processed,2026-04-18,2026-04-21,5299.08,73.96,14.91,1,Yes
3289,3850,6583,Wrong Item,2026-05-09,Customer Refused,1,Sellable,Processed,2026-05-09,2026-05-12,47983.47,116.21,14.73,2,Yes
3290,3850,6584,Quality Issue,2026-05-08,Customer Refused,1,Opened,Failed,2026-05-08,2026-05-09,3515.07,101.15,36.68,3,Yes
3291,3851,6585,Late Delivery,2025-03-09,Late Delivery,1,Sellable,Processed,2025-03-09,2025-03-12,36631.13,65.82,12.91,8,Yes
3292,3851,6586,Late Delivery,2025-03-11,Late Delivery,1,Opened,Processed,2025-03-11,2025-03-14,2236.47,115.28,32.37,6,Yes
3293,3852,6587,Late Delivery,2025-03-28,Customer Refused,1,Opened,Processed,2025-03-28,2025-03-31,1720.96,90.06,31.99,3,Yes
3294,3852,6588,Wrong Item,2025-03-28,Customer Refused,1,Damaged,Processed,2025-03-28,2025-03-29,3117.76,56.59,16.12,4,Yes
3295,3852,6589,Late Delivery,2025-03-27,Customer Refused,1,Opened,Processed,2025-03-27,2025-03-29,7944.3,142.24,23.61,8,Yes
3296,3854,6591,Late Delivery,2024-11-07,Late Delivery,1,Opened,Failed,2024-11-07,2024-11-09,260.09,78.21,18.58,6,Yes
3297,3854,6592,Late Delivery,2024-11-09,Late Delivery,2,Opened,Pending,2024-11-09,2024-11-11,1433.53,135.03,22.58,8,Yes
3298,3854,6593,Quality Issue,2024-11-09,Late Delivery,1,Sellable,Processed,2024-11-09,2024-11-10,861.3,88.02,22.82,2,Yes
3299,3854,6594,Quality Issue,2024-11-08,Late Delivery,1,Damaged,Processed,2024-11-08,2024-11-11,8560.57,142.26,26.48,8,Yes
3300,3854,6595,Late Delivery,2024-11-06,Late Delivery,1,Sellable,Processed,2024-11-06,2024-11-08,5103.77,124.65,35.65,7,Yes
3301,3859,6603,Quality Issue,2025-10-25,Late Delivery,1,Opened,Pending,2025-10-25,2025-10-26,1167.58,105.84,29.46,8,Yes
3302,3860,6604,Quality Issue,2025-05-09,Late Delivery,3,Damaged,Processed,2025-05-09,2025-05-11,99680.86,108.74,16.67,3,Yes
3303,3860,6605,Quality Issue,2025-05-09,Late Delivery,1,Opened,Processed,2025-05-09,2025-05-10,2580.26,131.22,34.55,9,Yes
3304,3860,6606,Late Delivery,2025-05-08,Late Delivery,1,Sellable,Failed,2025-05-08,2025-05-11,614.66,130.54,35.48,7,Yes
3305,3860,6607,Late Delivery,2025-05-12,Late Delivery,1,Opened,Processed,2025-05-12,2025-05-15,2356.62,52.99,38.28,3,Yes
3306,3860,6608,Late Delivery,2025-05-11,Late Delivery,1,Sellable,Processed,2025-05-11,2025-05-13,116457.86,56.24,21.72,5,Yes
3307,3861,6609,Late Delivery,2025-05-31,Late Delivery,2,Sellable,Processed,2025-05-31,2025-06-02,4509.96,90.9,21.26,8,Yes
3308,3861,6610,Quality Issue,2025-06-01,Late Delivery,2,Sellable,Processed,2025-06-01,2025-06-03,177234.22,123.52,10.33,8,Yes
3309,3861,6611,Quality Issue,2025-05-31,Late Delivery,1,Opened,Processed,2025-05-31,2025-06-02,3314.16,75.53,25.87,9,Yes
3310,3864,6615,Quality Issue,2026-07-02,Damaged Product,1,Sellable,Processed,2026-07-03,2026-07-07,37450.49,90.54,15.02,3,Yes
3311,3868,6619,Late Delivery,2025-04-27,Customer Refused,1,Damaged,Processed,2025-04-27,2025-04-28,855.0,107.06,11.82,1,Yes
3312,3869,6620,Late Delivery,2025-05-24,Late Delivery,1,Opened,Processed,2025-05-24,2025-05-26,2047.73,134.47,12.64,4,Yes
3313,3872,6628,Quality Issue,2025-04-09,Customer Refused,1,Opened,Processed,2025-04-09,2025-04-12,5957.8,87.51,18.23,5,Yes
3314,3873,6629,Wrong Item,2025-04-25,Late Delivery,3,Opened,Processed,2025-04-25,2025-04-26,7914.3,55.61,24.65,9,Yes
3315,3875,6632,Wrong Item,2025-10-28,Late Delivery,1,Sellable,Processed,2025-10-28,2025-10-30,47547.77,92.72,20.7,7,Yes
3316,3875,6633,Quality Issue,2025-10-29,Late Delivery,1,Damaged,Processed,2025-10-29,2025-10-30,1606.74,87.66,14.5,9,Yes
3317,3876,6634,Wrong Item,2026-03-27,Customer Refused,1,Sellable,Pending,2026-03-27,2026-03-28,1968.64,52.88,12.38,1,Yes
3318,3876,6635,Quality Issue,2026-03-25,Customer Refused,1,Opened,Pending,2026-03-25,2026-03-27,9021.21,63.37,34.99,9,Yes
3319,3881,6641,Wrong Item,2025-05-28,Changed Mind,1,Opened,Processed,2025-05-29,2025-06-02,62248.1,113.96,47.84,2,Yes
3320,3883,6643,Late Delivery,2025-06-04,Customer Refused,3,Damaged,Processed,2025-06-04,2025-06-07,141592.74,97.66,25.78,4,Yes
3321,3885,6646,Wrong Item,2024-12-27,Customer Refused,1,Damaged,Pending,2024-12-27,2024-12-30,2794.34,67.69,16.11,8,Yes
3322,3885,6647,Late Delivery,2024-12-24,Customer Refused,1,Opened,Processed,2024-12-24,2024-12-27,991.29,143.93,21.77,1,Yes
3323,3885,6648,Wrong Item,2024-12-26,Customer Refused,2,Opened,Processed,2024-12-26,2024-12-29,4260.82,118.74,26.91,5,Yes
3324,3885,6649,Quality Issue,2024-12-28,Customer Refused,1,Damaged,Processed,2024-12-28,2024-12-30,862.39,149.53,10.55,5,Yes
3325,3887,6654,Late Delivery,2026-05-03,Customer Refused,2,Sellable,Pending,2026-05-03,2026-05-06,216121.4,123.69,10.52,6,Yes
3326,3887,6655,Late Delivery,2026-05-04,Customer Refused,1,Sellable,Processed,2026-05-04,2026-05-06,1480.79,137.52,12.02,5,Yes
3327,3889,6657,Wrong Item,2025-12-09,Customer Refused,1,Damaged,Processed,2025-12-09,2025-12-12,26543.86,135.16,33.76,8,Yes
3328,3890,6658,Late Delivery,2026-01-03,Late Delivery,1,Opened,Pending,2026-01-03,2026-01-06,77713.93,99.24,33.7,5,Yes
3329,3895,6674,Wrong Item,2026-05-18,Late Delivery,2,Damaged,Processed,2026-05-18,2026-05-19,61342.84,102.14,39.09,7,Yes
3330,3895,6675,Late Delivery,2026-05-16,Late Delivery,1,Sellable,Pending,2026-05-16,2026-05-18,459.12,83.09,25.84,9,Yes
3331,3897,6678,Wrong Item,2024-08-19,Customer Refused,1,Damaged,Processed,2024-08-20,2024-08-23,14513.0,147.64,29.82,3,Yes
3332,3900,6683,Wrong Item,2025-09-08,Late Delivery,1,Opened,Processed,2025-09-08,2025-09-10,74678.64,92.29,20.71,2,Yes
3333,3900,6684,Quality Issue,2025-09-12,Late Delivery,1,Sellable,Pending,2025-09-12,2025-09-13,17314.68,135.04,19.63,5,Yes
3334,3901,6685,Late Delivery,2026-04-13,Late Delivery,1,Sellable,Processed,2026-04-13,2026-04-14,3082.06,65.68,29.62,7,Yes
3335,3902,6686,Late Delivery,2026-05-02,Late Delivery,3,Sellable,Pending,2026-05-02,2026-05-05,68682.45,90.37,38.33,8,Yes
3336,3903,6687,Quality Issue,2025-03-01,Late Delivery,1,Sellable,Processed,2025-03-01,2025-03-02,225.23,126.58,11.59,7,Yes
3337,3903,6688,Wrong Item,2025-03-04,Late Delivery,1,Opened,Processed,2025-03-04,2025-03-05,750.13,146.63,17.5,8,Yes
3338,3905,6690,Late Delivery,2025-12-02,Late Delivery,2,Opened,Processed,2025-12-02,2025-12-03,8712.59,140.59,13.97,3,Yes
3339,3907,6692,Wrong Item,2025-06-19,Customer Refused,1,Opened,Processed,2025-06-20,2025-06-23,1647.24,66.65,10.72,2,Yes
3340,3907,6693,Quality Issue,2025-06-19,Customer Refused,1,Damaged,Processed,2025-06-20,2025-06-23,368.87,112.6,27.04,3,Yes
3341,3907,6694,Quality Issue,2025-06-21,Customer Refused,1,Opened,Processed,2025-06-22,2025-06-23,625.05,53.64,14.01,8,Yes
3342,3907,6695,Late Delivery,2025-06-17,Customer Refused,1,Opened,Pending,2025-06-18,2025-06-19,62639.65,106.97,35.36,4,Yes
3343,3908,6696,Quality Issue,2026-04-17,Damaged Product,1,Opened,Processed,2026-04-17,,1731.25,152.1,19.73,5,Yes
3344,3911,6699,Quality Issue,2025-05-25,Customer Refused,1,Damaged,Processed,2025-05-25,2025-05-28,30788.48,90.18,26.86,4,Yes
3345,3911,6700,Quality Issue,2025-05-26,Customer Refused,1,Opened,Processed,2025-05-26,2025-05-29,2902.91,95.65,32.41,7,Yes
3346,3911,6701,Late Delivery,2025-05-24,Customer Refused,1,Sellable,Processed,2025-05-24,2025-05-27,4275.29,73.23,10.42,7,Yes
3347,3911,6702,Wrong Item,2025-05-26,Customer Refused,1,Opened,Processed,2025-05-26,2025-05-28,74127.77,100.29,19.49,2,Yes
3348,3911,6703,Wrong Item,2025-05-22,Customer Refused,1,Opened,Processed,2025-05-22,2025-05-24,1018.85,91.79,22.8,2,Yes
3349,3912,6704,Wrong Item,2025-06-17,Customer Refused,1,Damaged,Pending,2025-06-17,2025-06-20,46301.19,72.9,11.25,9,Yes
3350,3912,6705,Wrong Item,2025-06-19,Customer Refused,1,Opened,Processed,2025-06-19,2025-06-21,35984.99,107.16,23.86,7,Yes
3351,3912,6706,Wrong Item,2025-06-18,Customer Refused,3,Opened,Processed,2025-06-18,2025-06-19,73809.84,119.49,34.33,6,Yes
3352,3914,6709,Quality Issue,2026-04-25,Customer Refused,1,Damaged,Processed,2026-04-25,2026-04-26,1567.17,52.5,36.93,2,Yes
3353,3914,6710,Wrong Item,2026-04-28,Customer Refused,1,Sellable,Processed,2026-04-28,2026-04-30,36655.81,95.67,30.92,7,Yes
3354,3919,6717,Wrong Item,2026-03-23,Customer Refused,1,Opened,Processed,2026-03-23,2026-03-25,99371.9,66.68,34.23,5,Yes
3355,3919,6718,Wrong Item,2026-03-21,Customer Refused,1,Damaged,Pending,2026-03-21,2026-03-24,59141.89,77.14,26.71,1,Yes
3356,3921,6720,Late Delivery,2025-10-06,Not as Described,1,Damaged,Processed,2025-10-07,2025-10-10,2241.66,162.99,28.06,1,Yes
3357,3924,6724,Wrong Item,2026-07-01,Late Delivery,1,Sellable,Pending,2026-07-01,2026-07-03,88183.51,53.57,34.54,8,Yes
3358,3924,6725,Quality Issue,2026-06-30,Late Delivery,1,Damaged,Processed,2026-06-30,2026-07-01,1095.25,95.05,32.41,4,Yes
3359,3924,6726,Quality Issue,2026-06-28,Late Delivery,1,Sellable,Failed,2026-06-28,2026-06-30,605.84,89.12,31.59,2,Yes
3360,3924,6727,Late Delivery,2026-07-02,Late Delivery,1,Damaged,Processed,2026-07-02,2026-07-05,30096.25,127.73,17.37,9,Yes
3361,3924,6728,Quality Issue,2026-07-01,Late Delivery,1,Opened,Failed,2026-07-01,2026-07-03,83642.73,54.38,38.89,5,Yes
3362,3926,6730,Wrong Item,2024-12-11,Late Delivery,1,Sellable,Processed,2024-12-11,2024-12-13,1595.09,74.64,12.62,9,Yes
3363,3930,6737,Wrong Item,2025-07-16,Product Quality,1,Sellable,Processed,2025-07-16,2025-07-20,1222.47,163.34,49.48,7,Yes
3364,3932,6739,Quality Issue,2024-11-17,Customer Refused,1,Opened,Processed,2024-11-17,2024-11-18,1424.65,65.97,22.63,9,Yes
3365,3938,6746,Late Delivery,2025-01-22,Late Delivery,2,Sellable,Processed,2025-01-23,2025-01-26,87454.98,111.54,35.03,9,Yes
3366,3939,6747,Wrong Item,2026-06-24,Customer Refused,1,Damaged,Pending,2026-06-24,2026-06-27,2455.94,149.88,12.3,9,Yes
3367,3941,6753,Late Delivery,2026-04-04,Customer Refused,1,Damaged,Processed,2026-04-04,2026-04-06,2051.19,131.34,18.56,2,Yes
3368,3941,6754,Quality Issue,2026-04-06,Customer Refused,1,Opened,Processed,2026-04-06,2026-04-07,2282.98,74.37,22.5,8,Yes
3369,3943,6757,Wrong Item,2025-01-01,Customer Refused,1,Damaged,Processed,2025-01-01,2025-01-03,34033.06,90.54,24.44,2,Yes
3370,3944,6758,Wrong Item,2025-12-04,Customer Refused,1,Sellable,Processed,2025-12-04,2025-12-07,1595.48,103.2,24.75,3,Yes
3371,3948,6763,Wrong Item,2026-01-18,Customer Refused,1,Opened,Processed,2026-01-18,2026-01-20,270.67,126.27,32.4,2,Yes
3372,3950,6765,Late Delivery,2026-01-22,Customer Refused,1,Sellable,Processed,2026-01-22,2026-01-23,1404.51,136.97,28.98,7,Yes
3373,3953,6768,Late Delivery,2025-08-28,Late Delivery,3,Opened,Failed,2025-08-28,2025-08-30,327943.94,58.01,21.7,7,Yes
3374,3953,6769,Wrong Item,2025-08-28,Late Delivery,1,Opened,Processed,2025-08-28,2025-08-30,2924.22,97.29,29.65,8,Yes
3375,3954,6770,Wrong Item,2025-09-21,Customer Refused,1,Damaged,Processed,2025-09-21,2025-09-23,1029.33,59.07,27.34,6,Yes
3376,3956,6772,Wrong Item,2026-02-10,Customer Refused,1,Opened,Pending,2026-02-10,2026-02-12,3600.04,148.75,17.82,7,Yes
3377,3956,6773,Late Delivery,2026-02-10,Customer Refused,1,Damaged,Failed,2026-02-10,2026-02-12,28256.8,64.11,29.42,4,Yes
3378,3957,6774,Quality Issue,2024-11-17,Customer Refused,2,Opened,Processed,2024-11-17,2024-11-18,7651.97,72.38,33.22,7,Yes
3379,3958,6775,Quality Issue,2024-12-21,Late Delivery,2,Sellable,Processed,2024-12-21,2024-12-23,5604.54,125.76,23.19,5,Yes
3380,3963,6780,Late Delivery,2025-08-15,Late Delivery,1,Sellable,Processed,2025-08-15,2025-08-17,54455.64,50.4,24.65,1,Yes
3381,3965,6784,Quality Issue,2025-11-05,Late Delivery,1,Opened,Failed,2025-11-05,2025-11-06,70115.68,108.19,33.81,5,Yes
3382,3965,6785,Late Delivery,2025-11-06,Late Delivery,1,Sellable,Processed,2025-11-06,2025-11-08,92060.98,97.26,35.68,2,Yes
3383,3967,6788,Wrong Item,2026-03-16,Damaged Product,1,Sellable,Processed,2026-03-16,2026-03-19,51233.09,98.59,15.53,9,Yes
3384,3968,6790,Quality Issue,2026-04-30,Late Delivery,1,Sellable,Processed,2026-04-30,2026-05-01,8607.9,78.48,22.96,7,Yes
3385,3968,6791,Late Delivery,2026-04-29,Late Delivery,2,Sellable,Pending,2026-04-29,2026-05-01,4606.21,147.03,36.18,2,Yes
3386,3968,6792,Quality Issue,2026-04-27,Late Delivery,1,Opened,Processed,2026-04-27,2026-04-30,111995.51,102.65,21.15,5,Yes
3387,3968,6793,Late Delivery,2026-04-29,Late Delivery,1,Sellable,Processed,2026-04-29,2026-05-02,2014.89,88.46,38.94,6,Yes
3388,3969,6794,Late Delivery,2026-03-28,Late Delivery,1,Defective,Failed,2026-03-28,2026-03-31,1256.2,170.75,40.83,8,Yes
3389,3969,6795,Quality Issue,2026-03-29,Damaged Product,1,Opened,Processed,2026-03-29,2026-03-31,88784.49,110.57,39.75,9,Yes
3390,3971,6798,Wrong Item,2026-06-02,Customer Refused,1,Opened,Processed,2026-06-02,2026-06-05,80620.6,79.66,21.11,6,Yes
3391,3971,6799,Wrong Item,2026-06-05,Customer Refused,2,Damaged,Processed,2026-06-05,2026-06-08,133768.23,133.91,20.15,3,Yes
3392,3975,6805,Wrong Item,2025-07-12,Late Delivery,1,Opened,Processed,2025-07-12,2025-07-14,1154.53,120.21,27.49,2,Yes
3393,3976,6807,Quality Issue,2025-12-28,Not as Described,1,Sellable,Processed,2025-12-28,2025-12-31,1705.51,152.59,38.93,5,Yes
3394,3978,6810,Quality Issue,2025-03-10,Customer Refused,3,Sellable,Processed,2025-03-11,2025-03-13,83338.64,115.4,16.76,9,Yes
3395,3979,6811,Wrong Item,2024-08-24,Customer Refused,1,Sellable,Pending,2024-08-24,2024-08-27,53621.87,123.82,38.09,9,Yes
3396,3980,6812,Quality Issue,2026-03-17,Late Delivery,1,Sellable,Processed,2026-03-17,2026-03-20,2081.51,148.81,33.17,4,Yes
3397,3983,6818,Late Delivery,2026-04-22,Customer Refused,3,Sellable,Processed,2026-04-22,2026-04-25,35722.47,64.79,13.8,9,Yes
3398,3984,6819,Late Delivery,2026-02-24,Customer Refused,2,Damaged,Processed,2026-02-24,2026-02-25,6617.83,75.68,15.62,2,Yes
3399,3986,6821,Quality Issue,2025-11-21,Customer Refused,1,Opened,Processed,2025-11-21,2025-11-24,2881.52,64.14,13.93,8,Yes
3400,3986,6822,Late Delivery,2025-11-25,Customer Refused,1,Opened,Processed,2025-11-25,2025-11-28,1812.2,105.29,32.09,5,Yes
3401,3989,6825,Late Delivery,2025-10-07,Customer Refused,1,Sellable,Pending,2025-10-07,2025-10-10,636.21,91.02,34.39,4,Yes
3402,3991,6827,Late Delivery,2026-01-18,Late Delivery,1,Sellable,Processed,2026-01-18,2026-01-19,2664.77,133.65,36.11,3,Yes
3403,3992,6828,Late Delivery,2025-01-21,Customer Refused,1,Sellable,Processed,2025-01-21,2025-01-24,2075.08,67.24,21.14,2,Yes
3404,3994,6831,Quality Issue,2025-12-30,Late Delivery,3,Damaged,Pending,2025-12-30,2026-01-01,6691.68,116.67,33.83,8,Yes
3405,3995,6832,Wrong Item,2026-01-23,Customer Refused,1,Sellable,Processed,2026-01-23,2026-01-25,746.16,146.09,35.57,8,Yes
3406,3995,6833,Wrong Item,2026-01-24,Customer Refused,1,Sellable,Processed,2026-01-24,2026-01-25,1321.58,114.25,11.17,1,Yes
3407,3997,6835,Wrong Item,2025-07-21,Customer Refused,1,Sellable,Processed,2025-07-21,2025-07-23,10592.11,115.19,24.01,9,Yes
3408,4002,6840,Quality Issue,2026-04-20,Customer Refused,1,Opened,Processed,2026-04-20,2026-04-23,3330.28,86.65,32.38,3,Yes
3409,4002,6841,Late Delivery,2026-04-24,Customer Refused,1,Sellable,Processed,2026-04-24,2026-04-27,26420.51,120.66,33.6,5,Yes
3410,4004,6847,Late Delivery,2026-06-30,Late Delivery,1,Damaged,Pending,2026-06-30,2026-07-03,1738.55,56.43,27.78,8,Yes
3411,4007,6853,Late Delivery,2025-12-01,Size/Fit Issue,1,Opened,Failed,2025-12-01,2025-12-03,1899.03,161.7,32.66,9,Yes
3412,4008,6854,Wrong Item,2026-07-12,Late Delivery,1,Sellable,Processed,2026-07-12,2026-07-13,32277.62,127.61,36.63,9,Yes
3413,4011,6860,Quality Issue,2025-03-17,Customer Refused,1,Sellable,Processed,2025-03-18,2025-03-20,2743.78,138.83,15.48,3,Yes
3414,4012,6861,Late Delivery,2025-03-19,Damaged Product,1,Opened,Processed,2025-03-19,2025-03-22,1811.5,101.51,37.8,8,Yes
3415,4013,6863,Wrong Item,2025-04-10,Customer Refused,1,Opened,Processed,2025-04-10,2025-04-11,25107.75,60.6,26.66,4,Yes
3416,4014,6864,Late Delivery,2024-10-10,Customer Refused,1,Sellable,Pending,2024-10-10,2024-10-13,544.63,78.51,21.29,3,Yes
3417,4015,6865,Quality Issue,2025-06-25,Late Delivery,1,Sellable,Pending,2025-06-25,2025-06-27,4930.52,140.74,36.63,3,Yes
3418,4017,6867,Late Delivery,2026-06-11,Customer Refused,1,Opened,Processed,2026-06-11,2026-06-13,26071.56,65.35,31.97,8,Yes
3419,4018,6868,Late Delivery,2026-07-17,Customer Refused,1,Damaged,Processed,2026-07-17,2026-07-18,901.6,99.38,33.4,9,Yes
3420,4019,6869,Quality Issue,2026-06-07,Customer Refused,1,Sellable,Processed,2026-06-07,2026-06-10,77882.93,104.41,32.38,3,Yes
3421,4022,6872,Quality Issue,2024-08-09,Customer Refused,1,Sellable,Pending,2024-08-09,2024-08-10,3261.61,119.95,17.18,5,Yes
3422,4023,6873,Quality Issue,2024-12-17,Customer Refused,1,Sellable,Pending,2024-12-18,2024-12-19,2793.57,71.69,38.73,8,Yes
3423,4023,6874,Quality Issue,2024-12-18,Customer Refused,1,Damaged,Processed,2024-12-19,2024-12-20,38300.24,144.39,34.76,3,Yes
3424,4024,6875,Quality Issue,2025-11-01,Late Delivery,2,Sellable,Processed,2025-11-01,2025-11-04,26601.4,101.14,21.51,6,Yes
3425,4027,6878,Wrong Item,2024-09-23,Customer Refused,1,Sellable,Processed,2024-09-23,2024-09-25,2122.25,127.22,18.61,5,Yes
3426,4030,6882,Wrong Item,2025-12-09,Customer Refused,1,Sellable,Processed,2025-12-09,2025-12-12,68245.35,61.11,26.16,9,Yes
3427,4030,6883,Quality Issue,2025-12-09,Customer Refused,1,Sellable,Processed,2025-12-09,2025-12-11,1939.57,53.36,27.26,1,Yes
3428,4030,6884,Quality Issue,2025-12-09,Customer Refused,1,Opened,Processed,2025-12-09,2025-12-10,1217.82,144.25,35.53,4,Yes
3429,4030,6885,Wrong Item,2025-12-12,Customer Refused,1,Opened,Pending,2025-12-12,2025-12-13,2664.12,63.04,24.45,7,Yes
3430,4031,6886,Wrong Item,2024-08-23,Size/Fit Issue,1,Opened,Processed,2024-08-23,2024-08-25,2630.46,66.22,30.17,6,Yes
3431,4034,6889,Wrong Item,2024-09-21,Customer Refused,1,Opened,Processed,2024-09-21,2024-09-23,2004.87,112.38,11.67,1,Yes
3432,4035,6890,Wrong Item,2024-10-10,Customer Refused,1,Sellable,Processed,2024-10-10,2024-10-12,526.33,129.37,13.37,5,Yes
3433,4036,6891,Late Delivery,2026-05-23,Customer Refused,1,Sellable,Processed,2026-05-23,2026-05-24,2502.62,139.74,17.61,8,Yes
3434,4037,6892,Late Delivery,2026-07-01,Size/Fit Issue,1,Damaged,Processed,2026-07-01,2026-07-02,2125.0,121.97,27.28,4,Yes
3435,4039,6898,Wrong Item,2026-06-12,Damaged Product,1,Opened,Pending,2026-06-12,2026-06-13,34112.39,116.35,37.82,6,Yes
3436,4039,6900,Wrong Item,2026-06-12,Size/Fit Issue,1,Defective,Pending,2026-06-12,2026-06-15,1113.83,78.2,32.22,2,Yes
3437,4040,6901,Wrong Item,2026-06-05,Late Delivery,1,Damaged,Processed,2026-06-06,2026-06-08,2982.18,147.27,33.42,5,Yes
3438,4041,6902,Late Delivery,2026-07-03,Customer Refused,1,Damaged,Processed,2026-07-03,2026-07-05,124766.67,117.54,29.29,3,Yes
3439,4042,6903,Quality Issue,2026-05-23,Customer Refused,2,Opened,Processed,2026-05-23,2026-05-24,12316.04,139.44,12.48,8,Yes
3440,4043,6904,Wrong Item,2026-05-22,Late Delivery,1,Sellable,Processed,2026-05-22,2026-05-23,2698.3,78.21,15.52,5,Yes
3441,4045,6906,Late Delivery,2024-08-28,Late Delivery,2,Sellable,Processed,2024-08-28,2024-08-29,3193.92,76.02,14.02,3,Yes
3442,4048,6909,Quality Issue,2025-09-08,Customer Refused,1,Opened,Processed,2025-09-09,2025-09-10,168286.95,116.85,23.8,2,Yes
3443,4054,6922,Late Delivery,2025-11-29,Late Delivery,2,Sellable,Failed,2025-11-29,2025-11-30,6256.81,66.72,33.49,1,Yes
3444,4054,6923,Late Delivery,2025-12-05,Product Quality,1,Opened,Pending,2025-12-06,2025-12-08,20644.24,91.6,16.42,8,Yes
3445,4055,6925,Quality Issue,2025-12-16,Customer Refused,1,Damaged,Processed,2025-12-16,2025-12-17,18699.32,59.95,18.78,1,Yes
3446,4055,6926,Wrong Item,2025-12-18,Customer Refused,1,Sellable,Processed,2025-12-18,2025-12-20,3958.62,144.59,34.21,9,Yes
3447,4056,6927,Late Delivery,2024-12-07,Customer Refused,1,Sellable,Processed,2024-12-07,2024-12-09,15176.87,94.56,31.14,3,Yes
3448,4057,6930,Late Delivery,2024-12-27,Product Quality,1,Opened,Processed,2024-12-27,2024-12-28,2211.94,96.44,29.08,4,Yes
3449,4060,6934,Wrong Item,2025-02-10,Late Delivery,1,Opened,Processed,2025-02-10,2025-02-13,1333.51,84.85,25.08,1,Yes
3450,4060,6935,Wrong Item,2025-02-09,Late Delivery,1,Sellable,Processed,2025-02-09,2025-02-11,1673.86,102.59,10.88,1,Yes
3451,4063,6940,Late Delivery,2025-04-01,Late Delivery,1,Opened,Processed,2025-04-01,2025-04-03,103005.05,129.3,39.05,4,Yes
3452,4064,6941,Quality Issue,2024-12-13,Customer Refused,1,Sellable,Processed,2024-12-14,2024-12-17,1980.55,128.25,32.38,8,Yes
3453,4064,6942,Wrong Item,2024-12-16,Customer Refused,1,Damaged,Pending,2024-12-17,2024-12-18,51931.39,138.85,12.54,4,Yes
3454,4066,6944,Quality Issue,2025-05-02,Late Delivery,1,Damaged,Processed,2025-05-02,2025-05-03,1611.27,146.53,22.72,7,Yes
3455,4066,6945,Quality Issue,2025-05-04,Late Delivery,1,Sellable,Processed,2025-05-04,2025-05-05,2629.74,123.69,17.42,8,Yes
3456,4066,6946,Wrong Item,2025-05-06,Late Delivery,2,Opened,Processed,2025-05-06,2025-05-09,7513.88,113.3,11.13,8,Yes
3457,4067,6947,Late Delivery,2024-12-31,Late Delivery,1,Sellable,Pending,2024-12-31,2025-01-03,1230.1,95.19,22.18,8,Yes
3458,4068,6948,Wrong Item,2025-02-10,Customer Refused,1,Opened,Processed,2025-02-10,2025-02-12,17934.3,107.01,27.52,2,Yes
3459,4072,6955,Quality Issue,2025-03-07,Late Delivery,1,Damaged,Processed,2025-03-07,2025-03-08,180650.08,144.0,37.2,6,Yes
3460,4074,6957,Quality Issue,2025-09-21,Customer Refused,1,Sellable,Failed,2025-09-21,2025-09-24,30788.48,76.81,14.75,5,Yes
3461,4074,6958,Quality Issue,2025-09-23,Customer Refused,2,Opened,Processed,2025-09-23,2025-09-24,5398.32,84.7,30.2,7,Yes
3462,4074,6959,Wrong Item,2025-09-21,Customer Refused,1,Opened,Processed,2025-09-21,2025-09-23,2851.06,138.06,27.42,6,Yes
3463,4074,6960,Late Delivery,2025-09-23,Customer Refused,2,Opened,Processed,2025-09-23,2025-09-26,107642.78,144.42,29.11,8,Yes
3464,4074,6961,Wrong Item,2025-09-23,Customer Refused,1,Opened,Processed,2025-09-23,2025-09-26,342.29,133.11,37.87,2,Yes
3465,4075,6962,Late Delivery,2025-10-16,Late Delivery,1,Damaged,Processed,2025-10-16,2025-10-19,53715.45,114.07,24.42,5,Yes
3466,4076,6963,Wrong Item,2025-10-03,Size/Fit Issue,1,Sellable,Processed,2025-10-04,2025-10-08,1510.36,126.62,22.0,5,Yes
3467,4078,6969,Late Delivery,2026-04-30,Late Delivery,1,Opened,Pending,2026-05-01,2026-05-04,3237.04,74.38,22.49,5,Yes
3468,4079,6971,Quality Issue,2025-10-04,Customer Refused,1,Sellable,Processed,2025-10-04,2025-10-05,2387.8,121.96,19.11,7,Yes
3469,4079,6972,Wrong Item,2025-10-07,Customer Refused,1,Sellable,Failed,2025-10-07,2025-10-09,3243.97,113.87,22.64,4,Yes
3470,4079,6973,Quality Issue,2025-10-06,Customer Refused,1,Sellable,Processed,2025-10-06,2025-10-08,13829.56,148.93,36.85,9,Yes
3471,4080,6974,Quality Issue,2025-11-04,Customer Refused,1,Sellable,Pending,2025-11-05,2025-11-08,23393.64,116.42,16.37,4,Yes
3472,4082,6978,Quality Issue,2026-07-09,Customer Refused,2,Sellable,Pending,2026-07-09,2026-07-11,159613.28,149.34,15.26,2,Yes
3473,4085,6986,Late Delivery,2024-10-01,Late Delivery,1,Sellable,Processed,2024-10-01,2024-10-02,3421.88,144.65,16.7,9,Yes
3474,4086,6987,Quality Issue,2025-08-14,Late Delivery,1,Damaged,Failed,2025-08-14,2025-08-15,2412.34,84.91,26.76,4,Yes
3475,4086,6988,Late Delivery,2025-08-12,Late Delivery,1,Damaged,Processed,2025-08-12,2025-08-13,339.34,134.73,37.33,3,Yes
3476,4087,6989,Quality Issue,2025-05-02,Customer Refused,2,Opened,Processed,2025-05-02,2025-05-03,56333.47,134.42,15.11,7,Yes
3477,4087,6990,Late Delivery,2025-05-02,Customer Refused,1,Damaged,Processed,2025-05-02,2025-05-04,313.93,80.1,31.95,7,Yes
3478,4087,6991,Late Delivery,2025-05-06,Customer Refused,1,Sellable,Processed,2025-05-06,2025-05-09,27810.34,92.49,11.34,8,Yes
3479,4087,6992,Quality Issue,2025-05-04,Customer Refused,1,Opened,Pending,2025-05-04,2025-05-05,44457.71,85.7,27.92,4,Yes
3480,4087,6993,Late Delivery,2025-05-04,Customer Refused,1,Opened,Processed,2025-05-04,2025-05-07,725.36,111.52,36.01,6,Yes
3481,4088,6994,Late Delivery,2025-06-09,Late Delivery,1,Sellable,Processed,2025-06-09,2025-06-11,3948.46,97.58,16.49,6,Yes
3482,4090,6996,Quality Issue,2025-06-18,Late Delivery,1,Damaged,Processed,2025-06-18,2025-06-21,8944.73,121.48,11.99,1,Yes
3483,4091,6997,Quality Issue,2026-01-29,Customer Refused,3,Damaged,Processed,2026-01-29,2026-01-31,18710.18,78.43,27.22,7,Yes
3484,4093,6999,Quality Issue,2025-07-26,Not as Described,1,Opened,Processed,2025-07-26,2025-07-30,4870.47,122.85,26.4,2,Yes
3485,4093,7000,Wrong Item,2025-07-23,Damaged Product,1,Sellable,Processed,2025-07-23,2025-07-25,4417.46,137.88,24.78,4,Yes
3486,4095,7002,Wrong Item,2025-05-28,Customer Refused,1,Damaged,Pending,2025-05-28,2025-05-29,207.78,73.76,11.48,8,Yes
3487,4096,7003,Quality Issue,2025-07-01,Late Delivery,1,Opened,Processed,2025-07-01,2025-07-02,643.39,124.76,37.29,2,Yes
3488,4100,7011,Wrong Item,2026-05-19,Late Delivery,1,Sellable,Processed,2026-05-19,2026-05-21,4067.39,85.74,14.22,1,Yes
3489,4101,7014,Late Delivery,2025-11-01,Changed Mind,1,Sellable,Processed,2025-11-01,2025-11-05,2069.17,140.53,30.14,4,Yes
3490,4101,7015,Late Delivery,2025-10-29,Late Delivery,1,Sellable,Processed,2025-10-29,2025-11-02,149894.5,75.91,40.56,3,Yes
3491,4104,7020,Late Delivery,2025-08-29,Late Delivery,1,Opened,Processed,2025-08-30,2025-08-31,7175.29,81.0,22.14,8,Yes
3492,4105,7021,Late Delivery,2026-01-08,Late Delivery,1,Opened,Processed,2026-01-08,2026-01-11,5286.96,56.71,18.17,5,Yes
3493,4105,7022,Quality Issue,2026-01-07,Late Delivery,1,Opened,Processed,2026-01-07,2026-01-10,26635.3,132.17,23.56,9,Yes
3494,4106,7023,Quality Issue,2025-11-04,Customer Refused,1,Opened,Processed,2025-11-04,2025-11-07,957.7,112.8,13.21,3,Yes
3495,4106,7024,Quality Issue,2025-11-06,Customer Refused,1,Sellable,Processed,2025-11-06,2025-11-09,1436.42,71.21,16.38,2,Yes
3496,4108,7028,Late Delivery,2025-10-17,Size/Fit Issue,1,Sellable,Processed,2025-10-17,2025-10-21,5455.75,77.86,25.28,6,Yes
3497,4110,7030,Late Delivery,2025-06-28,Customer Refused,1,Damaged,Processed,2025-06-28,2025-06-30,1877.54,56.38,27.7,1,Yes
3498,4110,7031,Quality Issue,2025-06-25,Customer Refused,1,Damaged,Failed,2025-06-25,2025-06-27,128779.84,130.26,20.86,4,Yes
3499,4110,7032,Late Delivery,2025-06-28,Customer Refused,3,Opened,Processed,2025-06-28,2025-06-30,363919.33,127.69,18.24,4,Yes
3500,4110,7033,Quality Issue,2025-06-25,Customer Refused,1,Sellable,Processed,2025-06-25,2025-06-28,2901.65,105.09,29.48,5,Yes
3501,4112,7035,Wrong Item,2025-01-08,Customer Refused,1,Damaged,Processed,2025-01-08,2025-01-09,6323.41,51.04,39.96,9,Yes
3502,4118,7044,Quality Issue,2024-10-15,Late Delivery,1,Damaged,Pending,2024-10-15,2024-10-18,75380.11,119.65,34.18,9,Yes
3503,4118,7045,Late Delivery,2024-10-14,Late Delivery,1,Damaged,Processed,2024-10-14,2024-10-17,4941.54,114.6,30.75,2,Yes
3504,4119,7046,Wrong Item,2024-11-26,Customer Refused,1,Opened,Processed,2024-11-27,2024-11-28,2783.2,132.25,13.27,5,Yes
3505,4120,7047,Wrong Item,2025-12-24,Customer Refused,2,Sellable,Pending,2025-12-24,2025-12-26,15046.4,144.72,39.36,6,Yes
3506,4122,7053,Quality Issue,2025-05-14,Customer Refused,1,Sellable,Processed,2025-05-14,2025-05-16,1580.6,89.11,31.93,8,Yes
3507,4123,7054,Quality Issue,2025-06-27,Customer Refused,1,Opened,Processed,2025-06-27,2025-06-28,52798.3,117.62,31.37,4,Yes
3508,4124,7055,Quality Issue,2025-04-03,Late Delivery,1,Sellable,Processed,2025-04-03,2025-04-04,1718.88,109.2,15.45,9,Yes
3509,4125,7056,Late Delivery,2025-04-16,Late Delivery,1,Opened,Processed,2025-04-16,2025-04-18,1011.17,127.08,11.35,2,Yes
3510,4127,7059,Wrong Item,2026-01-30,Late Delivery,1,Opened,Pending,2026-01-30,2026-02-02,3671.85,107.36,31.54,1,Yes
3511,4128,7060,Wrong Item,2025-03-25,Customer Refused,1,Damaged,Processed,2025-03-25,2025-03-28,2378.33,81.37,16.86,8,Yes
3512,4129,7061,Quality Issue,2025-04-28,Late Delivery,1,Opened,Processed,2025-04-28,2025-05-01,5943.63,112.03,34.51,6,Yes
3513,4133,7071,Wrong Item,2025-08-31,Customer Refused,1,Damaged,Processed,2025-08-31,2025-09-02,2559.79,94.84,19.63,2,Yes
3514,4134,7072,Wrong Item,2026-08-03,Late Delivery,1,Sellable,Pending,2026-08-03,2026-08-05,900.91,140.56,22.53,3,Yes
3515,4141,7083,Late Delivery,2025-05-19,Customer Refused,1,Sellable,Processed,2025-05-19,2025-05-22,1678.82,112.77,14.4,6,Yes
3516,4144,7086,Quality Issue,2024-09-11,Late Delivery,1,Damaged,Processed,2024-09-11,2024-09-12,2066.14,105.44,22.23,6,Yes
3517,4145,7087,Quality Issue,2025-08-19,Customer Refused,2,Opened,Pending,2025-08-19,2025-08-21,68578.64,79.48,11.27,5,Yes
3518,4145,7088,Quality Issue,2025-08-19,Customer Refused,3,Damaged,Processed,2025-08-19,2025-08-22,6024.94,74.72,12.27,7,Yes
3519,4146,7089,Late Delivery,2025-09-06,Late Delivery,1,Sellable,Pending,2025-09-06,2025-09-08,67026.51,97.52,23.32,2,Yes
3520,4147,7090,Wrong Item,2026-05-25,Damaged Product,1,Opened,Processed,2026-05-25,2026-05-29,3079.68,84.72,27.18,1,Yes
3521,4148,7092,Wrong Item,2025-01-21,Late Delivery,1,Opened,Processed,2025-01-21,2025-01-24,299.46,112.99,35.56,3,Yes
3522,4148,7093,Quality Issue,2025-01-23,Late Delivery,1,Damaged,Processed,2025-01-23,2025-01-25,3626.49,100.33,24.7,7,Yes
3523,4150,7096,Late Delivery,2024-11-02,Late Delivery,1,Damaged,Processed,2024-11-02,2024-11-03,2044.71,57.06,20.66,1,Yes
3524,4151,7097,Wrong Item,2025-03-12,Late Delivery,2,Damaged,Processed,2025-03-13,2025-03-14,1539.2,107.36,28.38,3,Yes
3525,4151,7098,Late Delivery,2025-03-09,Late Delivery,1,Opened,Processed,2025-03-10,2025-03-13,5467.85,87.42,26.36,4,Yes
3526,4151,7099,Quality Issue,2025-03-12,Late Delivery,1,Damaged,Processed,2025-03-13,2025-03-15,32254.74,118.55,20.29,4,Yes
3527,4151,7100,Wrong Item,2025-03-09,Late Delivery,2,Damaged,Processed,2025-03-10,2025-03-13,199.82,135.28,18.18,5,Yes
3528,4151,7101,Wrong Item,2025-03-11,Late Delivery,1,Opened,Processed,2025-03-12,2025-03-14,3160.05,50.99,17.26,1,Yes
3529,4152,7102,Quality Issue,2025-04-19,Customer Refused,1,Sellable,Processed,2025-04-19,2025-04-22,792.74,73.63,17.24,3,Yes
3530,4152,7103,Wrong Item,2025-04-20,Customer Refused,3,Sellable,Processed,2025-04-20,2025-04-22,2698.86,100.65,25.67,4,Yes
3531,4154,7105,Late Delivery,2026-06-07,Customer Refused,1,Sellable,Processed,2026-06-07,2026-06-10,4321.14,64.26,31.68,2,Yes
3532,4154,7106,Late Delivery,2026-06-07,Customer Refused,3,Opened,Processed,2026-06-07,2026-06-10,7174.81,126.12,39.71,2,Yes
3533,4154,7107,Wrong Item,2026-06-07,Customer Refused,1,Opened,Processed,2026-06-07,2026-06-09,32997.67,136.2,30.42,5,Yes
3534,4154,7108,Late Delivery,2026-06-07,Customer Refused,1,Damaged,Pending,2026-06-07,2026-06-09,2632.04,109.13,29.34,7,Yes
3535,4154,7109,Wrong Item,2026-06-05,Customer Refused,1,Opened,Processed,2026-06-05,2026-06-06,60421.58,109.03,18.13,3,Yes
3536,4155,7112,Quality Issue,2025-08-19,Changed Mind,1,Defective,Processed,2025-08-20,2025-08-24,3924.91,161.13,35.62,3,Yes
3537,4156,7114,Quality Issue,2025-09-14,Customer Refused,1,Opened,Pending,2025-09-14,2025-09-17,1886.55,134.56,19.79,6,Yes
3538,4157,7115,Late Delivery,2026-07-09,Customer Refused,1,Sellable,Processed,2026-07-09,2026-07-10,1603.07,99.53,37.6,2,Yes
3539,4158,7116,Wrong Item,2026-07-31,Late Delivery,1,Damaged,Processed,2026-07-31,2026-08-01,1436.09,65.13,37.56,2,Yes
3540,4158,7117,Wrong Item,2026-07-31,Late Delivery,1,Opened,Processed,2026-07-31,2026-08-01,3093.55,82.74,10.22,2,Yes
3541,4160,7119,Wrong Item,2024-10-18,Late Delivery,1,Damaged,Processed,2024-10-18,2024-10-20,2387.75,137.79,17.79,1,Yes
3542,4161,7120,Late Delivery,2024-11-18,Customer Refused,1,Sellable,Failed,2024-11-19,2024-11-20,36173.12,147.16,34.65,5,Yes
3543,4161,7121,Quality Issue,2024-11-18,Customer Refused,1,Opened,Pending,2024-11-19,2024-11-22,3227.95,141.54,11.04,6,Yes
3544,4162,7122,Wrong Item,2026-02-11,Late Delivery,2,Damaged,Pending,2026-02-11,2026-02-12,271179.74,119.01,16.67,8,Yes
3545,4163,7123,Quality Issue,2025-04-17,Customer Refused,1,Sellable,Pending,2025-04-17,2025-04-19,110571.06,84.37,30.32,7,Yes
3546,4163,7124,Quality Issue,2025-04-18,Customer Refused,1,Opened,Pending,2025-04-18,2025-04-21,119149.05,134.91,38.21,4,Yes
3547,4164,7126,Wrong Item,2026-06-26,Not as Described,1,Sellable,Processed,2026-06-27,2026-07-01,2649.15,60.35,21.05,6,Yes
3548,4166,7128,Quality Issue,2025-08-20,Late Delivery,1,Sellable,Failed,2025-08-20,2025-08-22,25562.14,92.99,15.36,9,Yes
3549,4167,7129,Late Delivery,2025-08-31,Late Delivery,1,Sellable,Processed,2025-08-31,2025-09-03,887.94,87.42,24.22,5,Yes
3550,4169,7132,Late Delivery,2025-09-18,Changed Mind,1,Damaged,Failed,2025-09-18,2025-09-22,2387.8,81.09,16.49,5,Yes
3551,4170,7134,Late Delivery,2024-12-24,Product Quality,1,Defective,Processed,2024-12-25,2024-12-28,839.71,89.3,24.15,9,Yes
3552,4173,7144,Quality Issue,2024-12-22,Late Delivery,1,Opened,Processed,2024-12-22,2024-12-23,1407.19,81.74,35.05,8,Yes
3553,4174,7145,Late Delivery,2026-01-13,Customer Refused,1,Sellable,Processed,2026-01-13,2026-01-14,102408.5,143.13,11.22,3,Yes
3554,4174,7146,Wrong Item,2026-01-14,Customer Refused,1,Opened,Failed,2026-01-14,2026-01-16,34615.74,80.82,15.54,7,Yes
3555,4177,7150,Wrong Item,2025-02-11,Damaged Product,1,Opened,Processed,2025-02-12,2025-02-14,959.6,152.39,42.04,7,Yes
3556,4183,7158,Quality Issue,2025-12-29,Customer Refused,1,Opened,Processed,2025-12-29,2026-01-01,4425.84,118.48,22.18,1,Yes
3557,4183,7159,Late Delivery,2025-12-28,Customer Refused,1,Opened,Failed,2025-12-28,2025-12-29,1791.56,109.25,24.8,5,Yes
3558,4183,7160,Wrong Item,2025-12-31,Customer Refused,1,Opened,Processed,2025-12-31,2026-01-01,85517.75,134.44,21.27,3,Yes
3559,4185,7163,Quality Issue,2025-10-14,Customer Refused,1,Sellable,Processed,2025-10-14,2025-10-17,24569.14,50.56,31.05,1,Yes
3560,4187,7165,Quality Issue,2024-11-19,Late Delivery,1,Damaged,Processed,2024-11-19,2024-11-23,27941.03,132.45,16.97,1,Yes
3561,4189,7170,Quality Issue,2025-07-28,Changed Mind,1,Opened,Processed,2025-07-28,2025-07-29,2881.52,102.9,40.53,5,Yes
3562,4190,7171,Wrong Item,2025-02-09,Customer Refused,1,Damaged,Pending,2025-02-09,2025-02-10,24569.14,105.44,12.97,3,Yes
3563,4191,7172,Quality Issue,2025-10-27,Customer Refused,1,Opened,Processed,2025-10-27,2025-10-28,25397.05,120.17,25.09,2,Yes
3564,4192,7173,Wrong Item,2026-05-17,Late Delivery,1,Opened,Processed,2026-05-17,2026-05-19,23422.89,126.24,34.22,7,Yes
3565,4192,7174,Late Delivery,2026-05-20,Late Delivery,1,Sellable,Processed,2026-05-20,2026-05-22,470.77,112.15,15.26,4,Yes
3566,4193,7175,Late Delivery,2025-12-16,Late Delivery,1,Sellable,Processed,2025-12-16,2025-12-17,5061.9,81.48,12.07,9,Yes
3567,4194,7176,Late Delivery,2026-01-07,Late Delivery,1,Damaged,Processed,2026-01-07,2026-01-10,2532.26,86.67,26.15,7,Yes
3568,4196,7178,Wrong Item,2026-07-21,Customer Refused,1,Damaged,Processed,2026-07-21,2026-07-24,1658.99,69.73,39.96,3,Yes
3569,4197,7179,Wrong Item,2026-07-18,Customer Refused,2,Damaged,Processed,2026-07-18,2026-07-21,4227.78,146.48,17.52,9,Yes
3570,4199,7181,Quality Issue,2025-12-28,Late Delivery,1,Sellable,Processed,2025-12-28,2026-01-01,70122.26,84.4,37.59,3,Yes
3571,4200,7183,Quality Issue,2026-03-09,Customer Refused,1,Damaged,Processed,2026-03-09,2026-03-11,55374.93,132.38,38.0,1,Yes
3572,4202,7185,Late Delivery,2026-01-25,Customer Refused,1,Opened,Processed,2026-01-25,2026-01-28,2826.39,60.8,27.63,5,Yes
3573,4204,7187,Quality Issue,2025-11-20,Late Delivery,1,Opened,Pending,2025-11-20,2025-11-21,2241.66,123.08,31.76,8,Yes
3574,4204,7188,Wrong Item,2025-11-20,Late Delivery,1,Sellable,Processed,2025-11-20,2025-11-22,1123.17,143.33,13.34,8,Yes
3575,4208,7192,Late Delivery,2025-02-20,Customer Refused,1,Opened,Processed,2025-02-20,2025-02-21,1557.05,112.38,37.8,4,Yes
3576,4209,7193,Quality Issue,2024-12-27,Product Quality,1,Opened,Processed,2024-12-27,,1394.51,154.4,35.27,6,Yes
3577,4211,7195,Wrong Item,2024-12-15,Customer Refused,1,Opened,Processed,2024-12-15,2024-12-16,22496.2,77.92,37.18,9,Yes
3578,4215,7204,Wrong Item,2025-05-23,Late Delivery,1,Sellable,Processed,2025-05-23,2025-05-25,2188.74,81.11,39.48,9,Yes
3579,4216,7205,Wrong Item,2024-09-27,Late Delivery,2,Sellable,Processed,2024-09-27,2024-09-28,34701.12,95.64,36.02,3,Yes
3580,4217,7206,Wrong Item,2024-10-16,Late Delivery,1,Opened,Processed,2024-10-16,2024-10-18,2976.87,112.13,29.81,3,Yes
3581,4219,7208,Late Delivery,2025-04-13,Customer Refused,1,Opened,Processed,2025-04-13,2025-04-15,7088.49,144.29,24.14,5,Yes
3582,4219,7209,Wrong Item,2025-04-13,Customer Refused,1,Damaged,Processed,2025-04-13,2025-04-14,1579.03,142.53,20.77,1,Yes
3583,4219,7210,Late Delivery,2025-04-12,Customer Refused,1,Sellable,Processed,2025-04-12,2025-04-13,2021.43,75.44,31.52,6,Yes
3584,4219,7211,Late Delivery,2025-04-15,Customer Refused,1,Sellable,Processed,2025-04-15,2025-04-18,7004.87,55.46,18.74,2,Yes
3585,4220,7212,Wrong Item,2024-09-19,Late Delivery,1,Damaged,Processed,2024-09-19,2024-09-21,5431.26,85.09,28.99,3,Yes
3586,4221,7213,Late Delivery,2026-07-16,Customer Refused,1,Sellable,Pending,2026-07-16,2026-07-18,2021.43,67.77,24.39,6,Yes
3587,4225,7221,Late Delivery,2025-09-22,Customer Refused,2,Damaged,Processed,2025-09-22,2025-09-24,60227.41,112.94,33.36,7,Yes
3588,4225,7222,Quality Issue,2025-09-20,Customer Refused,3,Opened,Processed,2025-09-20,2025-09-22,6916.25,131.74,35.94,3,Yes
3589,4225,7223,Late Delivery,2025-09-19,Customer Refused,2,Damaged,Processed,2025-09-19,2025-09-20,3573.63,86.9,33.89,4,Yes
3590,4228,7226,Wrong Item,2026-02-22,Customer Refused,1,Sellable,Processed,2026-02-22,2026-02-24,2832.85,84.11,10.44,9,Yes
3591,4228,7227,Wrong Item,2026-02-21,Customer Refused,1,Opened,Pending,2026-02-21,2026-02-23,76678.69,86.99,33.59,2,Yes
3592,4228,7228,Quality Issue,2026-02-22,Customer Refused,1,Damaged,Processed,2026-02-22,2026-02-25,22001.83,64.61,22.33,3,Yes
3593,4228,7229,Late Delivery,2026-02-22,Customer Refused,2,Damaged,Processed,2026-02-22,2026-02-25,167043.06,123.43,24.31,6,Yes
3594,4231,7232,Late Delivery,2026-05-25,Late Delivery,1,Sellable,Processed,2026-05-25,2026-05-28,9391.1,65.76,32.18,9,Yes
3595,4231,7233,Quality Issue,2026-05-28,Late Delivery,1,Opened,Processed,2026-05-28,2026-05-31,5763.55,83.57,32.85,9,Yes
3596,4232,7234,Wrong Item,2025-05-04,Customer Refused,3,Sellable,Processed,2025-05-04,2025-05-05,9847.71,103.5,15.15,4,Yes
3597,4232,7235,Late Delivery,2025-05-05,Customer Refused,1,Opened,Processed,2025-05-05,2025-05-08,538.52,116.09,25.04,1,Yes
3598,4232,7236,Wrong Item,2025-05-05,Customer Refused,1,Opened,Pending,2025-05-05,2025-05-06,54300.88,144.85,21.05,5,Yes
3599,4232,7237,Quality Issue,2025-05-03,Customer Refused,1,Opened,Processed,2025-05-03,2025-05-06,1619.93,67.79,34.21,3,Yes
3600,4232,7238,Late Delivery,2025-05-05,Customer Refused,1,Damaged,Pending,2025-05-05,2025-05-06,35413.03,100.67,12.6,2,Yes
3601,4236,7242,Wrong Item,2026-03-30,Customer Refused,1,Opened,Processed,2026-03-30,2026-04-02,1579.03,118.88,11.86,2,Yes
3602,4237,7243,Wrong Item,2026-05-08,Late Delivery,1,Damaged,Pending,2026-05-09,2026-05-12,70786.74,144.45,32.64,1,Yes
3603,4238,7244,Late Delivery,2025-02-15,Late Delivery,1,Opened,Pending,2025-02-15,2025-02-16,13060.79,123.7,23.41,4,Yes
3604,4246,7253,Late Delivery,2026-03-09,Customer Refused,1,Damaged,Processed,2026-03-10,2026-03-13,4371.9,126.62,18.16,6,Yes
3605,4248,7255,Wrong Item,2025-04-19,Late Delivery,1,Opened,Failed,2025-04-19,2025-04-21,1397.61,128.38,19.55,8,Yes
3606,4248,7256,Wrong Item,2025-04-20,Late Delivery,1,Opened,Processed,2025-04-20,2025-04-22,3515.07,111.65,19.0,4,Yes
3607,4249,7257,Late Delivery,2025-05-22,Late Delivery,1,Opened,Processed,2025-05-22,2025-05-24,57952.35,57.18,36.42,2,Yes
3608,4249,7258,Late Delivery,2025-05-22,Late Delivery,1,Sellable,Pending,2025-05-22,2025-05-23,219.13,79.65,29.14,9,Yes
3609,4249,7259,Late Delivery,2025-05-20,Late Delivery,1,Damaged,Pending,2025-05-20,2025-05-23,174294.31,59.18,12.41,2,Yes
3610,4249,7260,Quality Issue,2025-05-23,Late Delivery,1,Damaged,Processed,2025-05-23,2025-05-24,1650.33,144.03,36.62,5,Yes
3611,4250,7261,Wrong Item,2024-11-15,Not as Described,1,Sellable,Processed,2024-11-15,2024-11-19,1931.15,173.14,20.38,8,Yes
3612,4254,7266,Quality Issue,2026-06-16,Late Delivery,1,Opened,Processed,2026-06-16,2026-06-18,366.96,67.45,14.35,9,Yes
3613,4256,7268,Quality Issue,2025-12-02,Late Delivery,1,Opened,Processed,2025-12-03,2025-12-04,135797.2,113.59,35.83,3,Yes
3614,4257,7269,Wrong Item,2026-01-08,Customer Refused,1,Damaged,Processed,2026-01-09,2026-01-12,1241.17,137.04,23.89,2,Yes
3615,4257,7270,Late Delivery,2026-01-09,Customer Refused,1,Sellable,Pending,2026-01-10,2026-01-12,1555.44,105.75,16.74,1,Yes
3616,4257,7271,Wrong Item,2026-01-12,Customer Refused,1,Damaged,Processed,2026-01-13,2026-01-14,1154.3,83.52,21.89,8,Yes
3617,4257,7272,Late Delivery,2026-01-12,Customer Refused,1,Opened,Processed,2026-01-13,2026-01-14,77179.41,93.53,18.06,2,Yes
3618,4259,7274,Late Delivery,2024-09-24,Late Delivery,3,Opened,Failed,2024-09-24,2024-09-26,73020.43,135.41,39.18,4,Yes
3619,4259,7275,Late Delivery,2024-09-21,Late Delivery,2,Opened,Processed,2024-09-21,2024-09-22,314383.55,141.11,19.63,9,Yes
3620,4260,7276,Quality Issue,2024-10-11,Customer Refused,1,Opened,Processed,2024-10-11,2024-10-13,1818.39,111.95,21.55,9,Yes
3621,4261,7277,Late Delivery,2026-01-31,Customer Refused,1,Damaged,Processed,2026-01-31,2026-02-02,4956.04,86.37,26.35,5,Yes
3622,4262,7278,Quality Issue,2025-09-02,Customer Refused,1,Opened,Pending,2025-09-02,2025-09-05,2654.56,126.17,38.78,9,Yes
3623,4263,7279,Late Delivery,2025-10-03,Late Delivery,1,Sellable,Processed,2025-10-03,2025-10-04,1485.46,146.8,11.97,8,Yes
3624,4264,7280,Late Delivery,2025-10-31,Customer Refused,1,Opened,Processed,2025-10-31,2025-11-02,734.86,95.72,24.07,7,Yes
3625,4264,7281,Quality Issue,2025-10-27,Customer Refused,1,Damaged,Processed,2025-10-27,2025-10-28,2456.82,132.87,34.76,9,Yes
3626,4264,7282,Late Delivery,2025-10-28,Customer Refused,2,Damaged,Processed,2025-10-28,2025-10-29,802.96,93.94,20.29,1,Yes
3627,4264,7283,Late Delivery,2025-10-31,Customer Refused,1,Damaged,Processed,2025-10-31,2025-11-03,32492.4,68.04,29.86,3,Yes
3628,4264,7284,Late Delivery,2025-10-27,Customer Refused,3,Damaged,Processed,2025-10-27,2025-10-29,526878.54,108.63,15.27,6,Yes
3629,4265,7285,Late Delivery,2024-12-08,Late Delivery,1,Opened,Processed,2024-12-08,2024-12-11,3603.31,54.91,18.42,5,Yes
3630,4267,7287,Late Delivery,2026-03-16,Late Delivery,1,Damaged,Processed,2026-03-16,2026-03-17,2121.52,109.55,18.75,4,Yes
3631,4270,7290,Wrong Item,2026-06-26,Late Delivery,1,Damaged,Processed,2026-06-26,2026-06-27,4633.29,95.42,31.16,5,Yes
3632,4271,7292,Late Delivery,2025-02-27,Not as Described,1,Sellable,Processed,2025-02-28,2025-03-03,1134.64,165.63,43.61,2,Yes
3633,4272,7295,Late Delivery,2025-08-21,Customer Refused,1,Sellable,Processed,2025-08-21,2025-08-23,4375.33,117.34,19.84,5,Yes
3634,4272,7296,Wrong Item,2025-08-25,Customer Refused,1,Opened,Processed,2025-08-25,2025-08-28,57952.35,89.43,23.61,3,Yes
3635,4272,7297,Late Delivery,2025-08-24,Customer Refused,1,Opened,Processed,2025-08-24,2025-08-25,5523.77,112.56,37.99,3,Yes
3636,4272,7298,Late Delivery,2025-08-21,Customer Refused,1,Damaged,Pending,2025-08-21,2025-08-24,3237.95,111.32,32.22,4,Yes
3637,4272,7299,Late Delivery,2025-08-25,Customer Refused,1,Sellable,Pending,2025-08-25,2025-08-27,1971.98,110.43,23.14,4,Yes
3638,4274,7301,Wrong Item,2026-07-14,Customer Refused,1,Opened,Processed,2026-07-14,2026-07-16,3016.69,87.51,26.32,8,Yes
3639,4275,7305,Quality Issue,2024-10-02,Damaged Product,1,Damaged,Processed,2024-10-02,2024-10-03,818.29,162.71,36.56,1,Yes
3640,4276,7306,Wrong Item,2025-09-27,Late Delivery,1,Opened,Processed,2025-09-27,2025-09-29,2091.51,64.11,21.37,9,Yes
3641,4277,7307,Wrong Item,2025-10-31,Late Delivery,1,Damaged,Processed,2025-10-31,2025-11-03,41765.2,77.97,20.22,8,Yes
3642,4280,7312,Late Delivery,2026-04-11,Customer Refused,1,Opened,Processed,2026-04-11,2026-04-12,643.39,107.17,35.12,8,Yes
3643,4282,7318,Quality Issue,2025-01-15,Damaged Product,1,Sellable,Processed,2025-01-16,,92332.53,84.29,30.15,8,Yes
3644,4283,7320,Wrong Item,2024-12-16,Late Delivery,1,Opened,Processed,2024-12-16,2024-12-19,643.39,149.81,23.13,9,Yes
3645,4284,7321,Wrong Item,2025-01-26,Customer Refused,1,Opened,Pending,2025-01-26,2025-01-27,71604.88,51.94,10.53,4,Yes
3646,4286,7323,Quality Issue,2025-09-20,Late Delivery,1,Sellable,Processed,2025-09-20,2025-09-22,3048.93,125.9,32.82,5,Yes
3647,4288,7325,Late Delivery,2026-01-31,Customer Refused,1,Damaged,Processed,2026-01-31,2026-02-01,81515.51,146.58,33.95,7,Yes
3648,4288,7326,Quality Issue,2026-02-04,Customer Refused,1,Opened,Failed,2026-02-04,2026-02-06,98624.7,86.69,15.19,8,Yes
3649,4289,7327,Wrong Item,2026-02-19,Late Delivery,1,Damaged,Processed,2026-02-19,2026-02-22,433.67,116.29,28.31,8,Yes
3650,4289,7328,Quality Issue,2026-02-22,Late Delivery,1,Sellable,Processed,2026-02-22,2026-02-24,2108.02,124.78,24.38,6,Yes
3651,4290,7329,Late Delivery,2025-05-12,Late Delivery,1,Sellable,Processed,2025-05-12,2025-05-14,53698.04,132.58,12.18,4,Yes
3652,4290,7330,Late Delivery,2025-05-14,Late Delivery,1,Opened,Failed,2025-05-14,2025-05-15,310.7,72.67,10.18,1,Yes
3653,4290,7331,Late Delivery,2025-05-16,Late Delivery,1,Opened,Processed,2025-05-16,2025-05-17,23751.76,60.02,20.5,7,Yes
3654,4290,7332,Wrong Item,2025-05-16,Late Delivery,1,Opened,Processed,2025-05-16,2025-05-19,61157.41,71.25,37.34,1,Yes
3655,4292,7334,Wrong Item,2026-06-03,Late Delivery,2,Sellable,Processed,2026-06-04,2026-06-05,75219.2,81.4,18.02,5,Yes
3656,4293,7335,Late Delivery,2025-09-01,Customer Refused,2,Opened,Processed,2025-09-02,2025-09-05,3184.46,123.02,12.68,2,Yes
3657,4293,7336,Late Delivery,2025-09-05,Customer Refused,1,Opened,Pending,2025-09-06,2025-09-09,112281.05,97.35,36.81,4,Yes
3658,4293,7337,Late Delivery,2025-09-02,Customer Refused,1,Sellable,Processed,2025-09-03,2025-09-05,143754.93,64.71,21.61,4,Yes
3659,4293,7338,Late Delivery,2025-09-05,Customer Refused,1,Damaged,Processed,2025-09-06,2025-09-09,1239.02,134.09,38.24,6,Yes
3660,4294,7339,Quality Issue,2026-01-10,Late Delivery,1,Sellable,Processed,2026-01-10,2026-01-13,6762.4,95.38,30.29,2,Yes
3661,4296,7341,Late Delivery,2025-11-14,Late Delivery,1,Opened,Processed,2025-11-14,2025-11-16,785.75,122.08,20.47,2,Yes
3662,4298,7343,Quality Issue,2024-11-14,Customer Refused,1,Sellable,Processed,2024-11-14,2024-11-15,107520.57,117.74,32.4,2,Yes
3663,4301,7347,Late Delivery,2024-08-17,Damaged Product,1,Opened,Processed,2024-08-17,,2686.0,114.04,48.36,8,Yes
3664,4301,7349,Late Delivery,2024-08-15,Late Delivery,1,Defective,Processed,2024-08-15,2024-08-18,578.4,87.08,23.35,8,Yes
3665,4303,7353,Wrong Item,2025-05-15,Customer Refused,2,Sellable,Pending,2025-05-15,2025-05-18,7181.91,65.16,26.15,4,Yes
3666,4304,7354,Wrong Item,2025-06-15,Late Delivery,1,Opened,Pending,2025-06-16,2025-06-17,1161.26,142.72,37.89,9,Yes
3667,4305,7355,Quality Issue,2025-10-16,Late Delivery,1,Defective,Processed,2025-10-16,2025-10-18,1485.23,143.01,31.34,4,Yes
3668,4307,7359,Quality Issue,2026-04-09,Late Delivery,1,Damaged,Processed,2026-04-09,2026-04-11,2224.83,138.07,29.02,1,Yes
3669,4312,7365,Wrong Item,2026-07-30,Late Delivery,2,Sellable,Processed,2026-07-30,2026-08-01,2653.56,85.6,26.6,3,Yes
3670,4312,7366,Wrong Item,2026-07-29,Late Delivery,2,Opened,Processed,2026-07-29,2026-07-30,7917.24,82.05,33.82,2,Yes
3671,4312,7367,Late Delivery,2026-07-29,Late Delivery,1,Opened,Processed,2026-07-29,2026-08-01,162782.38,51.41,22.68,6,Yes
3672,4313,7368,Late Delivery,2025-08-30,Damaged Product,1,Damaged,Processed,2025-08-30,2025-09-02,2522.94,62.96,44.31,5,Yes
3673,4314,7369,Wrong Item,2024-08-16,Customer Refused,1,Damaged,Processed,2024-08-16,2024-08-18,1955.05,145.0,32.9,2,Yes
3674,4316,7371,Wrong Item,2025-10-14,Late Delivery,1,Sellable,Processed,2025-10-14,2025-10-17,2046.87,107.97,35.86,5,Yes
3675,4317,7372,Quality Issue,2025-11-19,Customer Refused,1,Damaged,Processed,2025-11-19,2025-11-20,19135.21,68.48,32.47,8,Yes
3676,4317,7373,Late Delivery,2025-11-22,Customer Refused,1,Damaged,Processed,2025-11-22,2025-11-23,9412.43,82.24,25.34,1,Yes
3677,4317,7374,Wrong Item,2025-11-18,Customer Refused,1,Sellable,Pending,2025-11-18,2025-11-21,979.8,68.77,29.31,9,Yes
3678,4317,7375,Wrong Item,2025-11-18,Customer Refused,1,Sellable,Processed,2025-11-18,2025-11-21,2233.01,83.42,26.02,8,Yes
3679,4318,7376,Wrong Item,2025-01-03,Late Delivery,1,Opened,Processed,2025-01-03,2025-01-04,284.96,50.02,39.66,8,Yes
3680,4319,7377,Quality Issue,2025-04-14,Customer Refused,1,Damaged,Processed,2025-04-14,2025-04-15,4359.3,134.4,18.88,9,Yes
3681,4320,7378,Quality Issue,2025-01-02,Damaged Product,1,Sellable,Processed,2025-01-02,2025-01-04,2693.75,94.01,43.76,2,Yes
3682,4321,7379,Quality Issue,2026-06-03,Customer Refused,1,Damaged,Processed,2026-06-03,2026-06-06,1633.99,108.93,20.47,4,Yes
3683,4322,7380,Wrong Item,2026-06-18,Late Delivery,1,Opened,Processed,2026-06-18,2026-06-21,4001.93,139.21,39.58,5,Yes
3684,4325,7383,Late Delivery,2024-10-15,Late Delivery,1,Opened,Processed,2024-10-15,2024-10-16,4251.61,51.7,35.74,9,Yes
3685,4326,7384,Wrong Item,2024-11-28,Late Delivery,1,Opened,Processed,2024-11-28,2024-11-29,1496.64,149.21,15.48,8,Yes
3686,4330,7392,Late Delivery,2026-07-05,Customer Refused,1,Sellable,Failed,2026-07-05,2026-07-08,5292.4,128.94,18.81,1,Yes
3687,4331,7393,Late Delivery,2026-08-06,Late Delivery,2,Damaged,Processed,2026-08-06,2026-08-07,6138.9,76.44,33.96,7,Yes
3688,4333,7395,Late Delivery,2025-11-11,Customer Refused,1,Opened,Processed,2025-11-11,2025-11-13,1342.53,89.04,24.97,1,Yes
3689,4334,7398,Wrong Item,2025-12-24,Product Quality,1,Opened,Processed,2025-12-25,2025-12-29,1649.73,151.46,45.52,5,Yes
3690,4335,7399,Quality Issue,2025-05-05,Size/Fit Issue,1,Sellable,Processed,2025-05-05,2025-05-09,2548.46,135.81,25.68,9,Yes
3691,4335,7400,Wrong Item,2025-05-01,Damaged Product,1,Sellable,Pending,2025-05-01,,116356.97,155.87,26.97,9,Yes
3692,4336,7403,Late Delivery,2025-09-30,Customer Refused,1,Damaged,Processed,2025-09-30,2025-10-01,1600.42,127.64,28.21,4,Yes
3693,4341,7410,Late Delivery,2025-09-26,Customer Refused,1,Opened,Processed,2025-09-27,2025-09-30,1553.01,143.65,13.31,3,Yes
3694,4346,7417,Wrong Item,2025-03-18,Customer Refused,1,Damaged,Processed,2025-03-18,2025-03-19,1806.2,116.36,22.31,3,Yes
3695,4346,7418,Late Delivery,2025-03-21,Customer Refused,1,Opened,Processed,2025-03-21,2025-03-22,1089.19,69.17,23.62,8,Yes
3696,4347,7419,Quality Issue,2025-04-14,Size/Fit Issue,1,Sellable,Processed,2025-04-15,2025-04-19,2934.15,158.9,42.25,6,Yes
3697,4348,7420,Quality Issue,2026-03-10,Late Delivery,2,Opened,Processed,2026-03-10,2026-03-12,349265.85,69.53,10.96,3,Yes
3698,4349,7421,Quality Issue,2026-04-24,Late Delivery,1,Sellable,Processed,2026-04-24,2026-04-25,3802.67,126.51,28.31,7,Yes
3699,4350,7422,Wrong Item,2024-12-24,Customer Refused,1,Damaged,Processed,2024-12-24,2024-12-27,7405.95,100.0,24.71,6,Yes
3700,4352,7424,Late Delivery,2025-02-26,Customer Refused,1,Opened,Processed,2025-02-26,2025-02-27,4199.2,53.15,14.11,8,Yes
3701,4352,7425,Quality Issue,2025-02-24,Customer Refused,1,Sellable,Processed,2025-02-24,2025-02-26,2069.49,114.55,20.83,8,Yes
3702,4352,7426,Wrong Item,2025-02-25,Customer Refused,1,Sellable,Processed,2025-02-25,2025-02-27,758.42,91.67,26.47,9,Yes
3703,4352,7427,Wrong Item,2025-02-25,Customer Refused,1,Damaged,Failed,2025-02-25,2025-02-26,445.51,83.36,26.92,7,Yes
3704,4355,7432,Wrong Item,2025-05-26,Customer Refused,1,Sellable,Processed,2025-05-26,2025-05-27,1424.59,83.81,20.88,1,Yes
3705,4355,7433,Late Delivery,2025-05-28,Customer Refused,1,Sellable,Pending,2025-05-28,2025-05-31,859.42,53.07,35.05,1,Yes
3706,4358,7436,Wrong Item,2026-07-29,Damaged Product,1,Damaged,Processed,2026-07-29,2026-07-30,1714.52,111.2,29.06,2,Yes
3707,4360,7442,Wrong Item,2025-05-19,Late Delivery,1,Sellable,Processed,2025-05-19,2025-05-22,949.37,55.0,18.33,3,Yes
3708,4363,7446,Late Delivery,2024-10-22,Product Quality,1,Opened,Pending,2024-10-22,2024-10-24,1418.42,82.2,31.99,6,Yes
3709,4365,7448,Quality Issue,2025-12-09,Customer Refused,1,Sellable,Processed,2025-12-09,2025-12-11,82188.32,87.86,29.52,4,Yes
3710,4366,7449,Late Delivery,2025-04-14,Customer Refused,1,Damaged,Processed,2025-04-14,2025-04-16,1422.51,77.35,29.96,7,Yes
3711,4366,7450,Late Delivery,2025-04-12,Customer Refused,1,Sellable,Pending,2025-04-12,2025-04-15,41096.5,77.32,33.77,1,Yes
3712,4366,7451,Late Delivery,2025-04-12,Customer Refused,2,Damaged,Processed,2025-04-12,2025-04-15,3698.62,71.61,13.45,6,Yes
3713,4366,7452,Late Delivery,2025-04-14,Customer Refused,1,Opened,Processed,2025-04-14,2025-04-16,1767.25,100.13,37.41,4,Yes
3714,4367,7453,Quality Issue,2025-09-30,Customer Refused,1,Sellable,Processed,2025-10-01,2025-10-02,1455.72,62.19,13.14,8,Yes
3715,4367,7454,Wrong Item,2025-10-02,Customer Refused,1,Opened,Processed,2025-10-03,2025-10-06,809.19,57.32,18.14,3,Yes
3716,4368,7455,Late Delivery,2025-08-12,Customer Refused,1,Opened,Failed,2025-08-12,2025-08-15,371.6,116.83,29.4,3,Yes
3717,4370,7458,Wrong Item,2024-08-28,Customer Refused,2,Damaged,Processed,2024-08-28,2024-08-29,3029.02,141.91,15.6,5,Yes
3718,4372,7460,Wrong Item,2025-01-31,Customer Refused,1,Damaged,Processed,2025-01-31,2025-02-03,3409.89,128.72,16.54,7,Yes
3719,4372,7461,Late Delivery,2025-01-31,Customer Refused,1,Sellable,Failed,2025-01-31,2025-02-03,1394.76,109.45,16.2,7,Yes
3720,4372,7462,Late Delivery,2025-02-01,Customer Refused,1,Damaged,Processed,2025-02-01,2025-02-04,2570.37,53.79,36.78,4,Yes
3721,4372,7463,Late Delivery,2025-02-01,Customer Refused,2,Opened,Pending,2025-02-01,2025-02-04,5315.22,65.75,37.88,3,Yes
3722,4372,7464,Wrong Item,2025-01-30,Customer Refused,1,Sellable,Processed,2025-01-30,2025-01-31,3129.62,122.98,16.15,1,Yes
3723,4374,7467,Quality Issue,2026-06-06,Late Delivery,1,Sellable,Pending,2026-06-06,2026-06-09,77206.12,100.54,28.02,2,Yes
3724,4376,7469,Late Delivery,2024-12-30,Late Delivery,1,Opened,Processed,2024-12-30,2025-01-01,30090.09,129.23,28.21,6,Yes
3725,4378,7471,Wrong Item,2024-12-31,Late Delivery,1,Opened,Processed,2024-12-31,2025-01-03,1156.68,59.9,20.07,7,Yes
3726,4380,7473,Wrong Item,2026-02-25,Late Delivery,1,Damaged,Processed,2026-02-25,2026-02-28,5685.06,102.0,29.71,7,Yes
3727,4382,7475,Late Delivery,2025-06-03,Late Delivery,1,Opened,Processed,2025-06-03,2025-06-04,1647.24,94.85,39.06,3,Yes
3728,4383,7476,Quality Issue,2026-02-14,Late Delivery,1,Damaged,Processed,2026-02-15,2026-02-16,25655.92,82.03,36.55,3,Yes
3729,4384,7477,Late Delivery,2026-03-13,Customer Refused,1,Sellable,Pending,2026-03-13,2026-03-16,1385.81,86.49,35.78,5,Yes
3730,4384,7478,Late Delivery,2026-03-10,Customer Refused,1,Damaged,Processed,2026-03-10,2026-03-11,250.81,70.86,30.64,6,Yes
3731,4385,7479,Quality Issue,2025-11-08,Product Quality,1,Defective,Processed,2025-11-09,2025-11-12,2532.21,80.62,25.9,5,Yes
3732,4387,7481,Quality Issue,2025-09-12,Customer Refused,1,Damaged,Processed,2025-09-12,2025-09-13,2406.6,60.9,31.42,9,Yes
3733,4387,7482,Quality Issue,2025-09-11,Customer Refused,2,Sellable,Processed,2025-09-11,2025-09-12,3471.52,132.24,26.75,8,Yes
3734,4388,7483,Quality Issue,2025-09-16,Late Delivery,1,Opened,Processed,2025-09-16,2025-09-18,36992.28,138.25,13.94,5,Yes
3735,4389,7484,Wrong Item,2025-08-05,Changed Mind,1,Sellable,Processed,2025-08-06,2025-08-07,778.75,110.88,22.49,7,Yes
3736,4394,7492,Late Delivery,2025-05-02,Customer Refused,1,Opened,Processed,2025-05-02,2025-05-04,114670.41,139.4,19.44,6,Yes
3737,4395,7493,Wrong Item,2025-01-19,Late Delivery,1,Sellable,Processed,2025-01-19,2025-01-20,3293.88,107.36,31.41,9,Yes
3738,4398,7496,Late Delivery,2025-05-04,Customer Refused,1,Damaged,Processed,2025-05-04,2025-05-05,1813.48,136.65,18.51,5,Yes
3739,4400,7498,Late Delivery,2025-03-08,Customer Refused,1,Opened,Processed,2025-03-08,2025-03-10,3150.64,91.23,19.47,7,Yes
3740,4400,7499,Late Delivery,2025-03-05,Customer Refused,2,Sellable,Processed,2025-03-05,2025-03-07,6755.26,81.17,12.33,6,Yes
3741,4402,7502,Wrong Item,2024-08-18,Late Delivery,3,Opened,Processed,2024-08-18,2024-08-19,2069.32,101.55,13.5,6,Yes
3742,4402,7503,Quality Issue,2024-08-20,Late Delivery,1,Sellable,Processed,2024-08-20,2024-08-22,2444.0,104.13,22.32,7,Yes
3743,4403,7504,Wrong Item,2026-04-15,Customer Refused,1,Opened,Processed,2026-04-15,2026-04-18,252.27,131.14,37.91,1,Yes
3744,4403,7505,Quality Issue,2026-04-16,Customer Refused,1,Sellable,Pending,2026-04-16,2026-04-18,42812.39,138.09,23.11,2,Yes
3745,4405,7507,Quality Issue,2026-07-30,Customer Refused,2,Damaged,Processed,2026-07-30,2026-07-31,231638.78,59.78,34.91,9,Yes
3746,4405,7508,Late Delivery,2026-07-31,Customer Refused,1,Opened,Processed,2026-07-31,2026-08-02,1929.67,100.29,36.42,3,Yes
3747,4405,7509,Quality Issue,2026-07-31,Customer Refused,1,Sellable,Processed,2026-07-31,2026-08-01,680.59,51.01,19.85,7,Yes
3748,4405,7510,Quality Issue,2026-08-02,Customer Refused,1,Damaged,Processed,2026-08-02,2026-08-03,25449.67,68.65,21.95,2,Yes
3749,4406,7511,Late Delivery,2025-12-16,Late Delivery,1,Opened,Processed,2025-12-16,2025-12-17,869.9,95.9,28.63,3,Yes
3750,4411,7517,Quality Issue,2026-02-05,Size/Fit Issue,1,Sellable,Processed,2026-02-06,2026-02-10,3810.15,83.39,26.39,9,Yes
3751,4412,7518,Wrong Item,2026-03-12,Customer Refused,1,Damaged,Processed,2026-03-12,2026-03-15,2127.33,95.83,18.17,7,Yes
3752,4413,7519,Wrong Item,2026-03-10,Late Delivery,1,Opened,Processed,2026-03-10,2026-03-13,964.58,62.66,38.12,8,Yes
3753,4414,7520,Quality Issue,2026-04-23,Customer Refused,2,Opened,Processed,2026-04-23,2026-04-25,3039.93,105.81,11.84,4,Yes
3754,4414,7521,Late Delivery,2026-04-24,Customer Refused,1,Opened,Processed,2026-04-24,2026-04-26,1145.56,96.82,17.39,5,Yes
3755,4414,7522,Late Delivery,2026-04-23,Customer Refused,1,Sellable,Processed,2026-04-23,2026-04-25,1992.62,112.85,34.29,5,Yes
3756,4415,7523,Quality Issue,2026-07-02,Late Delivery,1,Opened,Processed,2026-07-02,2026-07-05,1238.31,146.71,17.04,8,Yes
3757,4419,7528,Late Delivery,2025-12-25,Late Delivery,1,Sellable,Processed,2025-12-25,2025-12-26,87655.71,61.09,36.96,8,Yes
3758,4420,7529,Late Delivery,2025-12-25,Customer Refused,1,Opened,Processed,2025-12-25,2025-12-28,148976.59,78.74,31.05,3,Yes
3759,4422,7531,Late Delivery,2026-06-29,Customer Refused,2,Damaged,Processed,2026-06-29,2026-07-02,5672.7,80.02,13.9,1,Yes
3760,4424,7533,Quality Issue,2025-04-04,Late Delivery,2,Damaged,Processed,2025-04-04,2025-04-06,2239.76,70.12,20.29,9,Yes
3761,4424,7534,Quality Issue,2025-04-05,Late Delivery,1,Opened,Processed,2025-04-05,2025-04-08,246.09,93.15,16.44,2,Yes
3762,4424,7535,Quality Issue,2025-04-05,Late Delivery,2,Opened,Processed,2025-04-05,2025-04-07,83359.78,117.65,32.33,6,Yes
3763,4425,7536,Late Delivery,2025-12-07,Customer Refused,1,Damaged,Processed,2025-12-07,2025-12-09,2655.82,57.59,21.19,9,Yes
3764,4433,7548,Late Delivery,2025-10-09,Size/Fit Issue,1,Defective,Processed,2025-10-09,2025-10-13,1392.09,99.27,22.64,8,Yes
3765,4435,7553,Late Delivery,2025-11-08,Late Delivery,2,Damaged,Processed,2025-11-08,2025-11-11,5350.68,100.11,22.74,7,Yes
3766,4436,7554,Quality Issue,2025-04-18,Late Delivery,1,Opened,Processed,2025-04-18,2025-04-19,383.21,121.67,26.26,2,Yes
3767,4436,7555,Quality Issue,2025-04-17,Late Delivery,1,Opened,Pending,2025-04-17,2025-04-18,2192.45,54.66,36.55,3,Yes
3768,4436,7556,Late Delivery,2025-04-16,Late Delivery,1,Sellable,Processed,2025-04-16,2025-04-19,1533.76,107.09,34.73,5,Yes
3769,4436,7557,Late Delivery,2025-04-17,Late Delivery,1,Opened,Pending,2025-04-17,2025-04-19,2182.55,102.49,17.74,6,Yes
3770,4436,7558,Wrong Item,2025-04-20,Late Delivery,1,Damaged,Processed,2025-04-20,2025-04-22,33576.51,142.51,34.08,5,Yes
3771,4437,7559,Late Delivery,2025-12-02,Customer Refused,1,Opened,Processed,2025-12-02,2025-12-05,27015.88,70.14,35.76,5,Yes
3772,4446,7574,Late Delivery,2025-02-05,Customer Refused,1,Opened,Failed,2025-02-06,2025-02-07,2290.51,135.51,13.11,9,Yes
3773,4449,7577,Wrong Item,2026-04-09,Late Delivery,1,Opened,Pending,2026-04-09,2026-04-10,3756.94,134.8,24.73,2,Yes
3774,4449,7578,Wrong Item,2026-04-08,Late Delivery,1,Opened,Processed,2026-04-08,2026-04-09,88617.11,62.38,39.24,3,Yes
3775,4449,7579,Late Delivery,2026-04-09,Late Delivery,1,Opened,Pending,2026-04-09,2026-04-12,119759.19,51.09,26.69,5,Yes
3776,4449,7580,Quality Issue,2026-04-07,Late Delivery,1,Opened,Processed,2026-04-07,2026-04-10,32254.74,80.33,11.21,6,Yes
3777,4450,7582,Quality Issue,2026-04-28,Late Delivery,1,Sellable,Processed,2026-04-28,2026-05-01,57550.22,151.83,42.93,4,Yes
3778,4451,7585,Wrong Item,2024-10-21,Customer Refused,1,Opened,Processed,2024-10-21,2024-10-24,704.63,111.27,34.9,1,Yes
3779,4451,7586,Quality Issue,2024-10-24,Customer Refused,1,Damaged,Pending,2024-10-24,2024-10-26,42767.95,80.89,24.65,5,Yes
3780,4454,7589,Quality Issue,2025-08-09,Late Delivery,1,Sellable,Processed,2025-08-09,2025-08-10,349.02,79.04,19.91,8,Yes
3781,4456,7593,Quality Issue,2025-04-25,Late Delivery,1,Damaged,Processed,2025-04-25,2025-04-28,1117.41,133.59,18.94,3,Yes
3782,4459,7597,Late Delivery,2025-05-15,Late Delivery,3,Sellable,Processed,2025-05-15,2025-05-17,12052.67,96.99,34.42,8,Yes
3783,4460,7598,Late Delivery,2025-06-13,Customer Refused,1,Sellable,Pending,2025-06-13,2025-06-16,2832.83,73.91,23.39,2,Yes
3784,4461,7599,Late Delivery,2025-11-14,Customer Refused,1,Opened,Processed,2025-11-15,2025-11-17,1230.1,98.62,12.02,9,Yes
3785,4461,7600,Late Delivery,2025-11-14,Customer Refused,1,Damaged,Processed,2025-11-15,2025-11-18,61678.24,127.78,14.58,5,Yes
3786,4463,7602,Wrong Item,2024-09-15,Customer Refused,1,Opened,Processed,2024-09-15,2024-09-16,7044.95,79.3,31.53,8,Yes
3787,4463,7603,Wrong Item,2024-09-19,Customer Refused,1,Sellable,Processed,2024-09-19,2024-09-21,3981.14,94.18,31.84,5,Yes
3788,4463,7604,Wrong Item,2024-09-16,Customer Refused,1,Opened,Processed,2024-09-16,2024-09-17,93084.78,95.49,28.25,5,Yes
3789,4463,7605,Quality Issue,2024-09-19,Customer Refused,1,Sellable,Processed,2024-09-19,2024-09-22,3184.05,149.48,26.97,9,Yes
3790,4463,7606,Quality Issue,2024-09-18,Customer Refused,2,Opened,Processed,2024-09-18,2024-09-19,87994.12,67.87,10.79,4,Yes
3791,4465,7612,Late Delivery,2024-09-03,Late Delivery,1,Damaged,Processed,2024-09-03,2024-09-05,3233.42,53.28,10.42,1,Yes
3792,4467,7614,Wrong Item,2025-11-25,Product Quality,1,Opened,Processed,2025-11-26,2025-11-29,2569.59,155.86,23.42,5,Yes
3793,4472,7622,Wrong Item,2025-06-17,Customer Refused,1,Opened,Processed,2025-06-17,2025-06-18,82188.32,85.08,11.02,3,Yes
3794,4474,7625,Wrong Item,2026-05-14,Customer Refused,1,Sellable,Processed,2026-05-14,2026-05-17,3890.6,100.61,23.66,6,Yes
3795,4475,7626,Wrong Item,2026-06-19,Late Delivery,1,Sellable,Processed,2026-06-19,2026-06-22,2277.43,83.83,21.42,2,Yes
3796,4476,7627,Wrong Item,2024-08-22,Late Delivery,1,Opened,Processed,2024-08-22,2024-08-23,5102.56,73.27,30.85,9,Yes
3797,4483,7636,Wrong Item,2025-05-13,Customer Refused,1,Damaged,Processed,2025-05-13,2025-05-16,23180.09,92.01,22.26,4,Yes
3798,4485,7638,Late Delivery,2026-06-25,Late Delivery,1,Opened,Processed,2026-06-25,2026-06-26,1110.07,52.11,37.31,9,Yes
3799,4485,7639,Quality Issue,2026-06-27,Late Delivery,1,Opened,Pending,2026-06-27,2026-06-29,1223.85,65.74,16.98,7,Yes
3800,4486,7640,Wrong Item,2025-01-07,Late Delivery,1,Damaged,Processed,2025-01-07,2025-01-09,110696.34,92.42,38.69,3,Yes
3801,4488,7643,Quality Issue,2025-02-05,Customer Refused,1,Damaged,Processed,2025-02-05,2025-02-06,8087.08,59.56,38.48,1,Yes
3802,4491,7649,Wrong Item,2026-07-30,Customer Refused,1,Damaged,Processed,2026-07-30,2026-08-01,36343.46,76.06,35.14,2,Yes
3803,4491,7650,Quality Issue,2026-07-30,Customer Refused,1,Opened,Processed,2026-07-30,2026-07-31,916.17,135.25,37.66,1,Yes
3804,4492,7651,Quality Issue,2025-01-10,Late Delivery,1,Sellable,Processed,2025-01-10,2025-01-13,3614.11,103.73,21.11,6,Yes
3805,4494,7653,Wrong Item,2025-02-09,Late Delivery,2,Opened,Processed,2025-02-09,2025-02-10,2872.84,82.36,34.94,7,Yes
3806,4494,7654,Late Delivery,2025-02-08,Late Delivery,1,Damaged,Processed,2025-02-08,2025-02-09,1742.34,101.54,33.49,8,Yes
3807,4494,7655,Quality Issue,2025-02-05,Late Delivery,1,Damaged,Processed,2025-02-05,2025-02-08,237.87,123.2,35.68,5,Yes
3808,4503,7672,Quality Issue,2026-02-28,Customer Refused,1,Sellable,Processed,2026-02-28,2026-03-02,4470.06,138.81,31.49,9,Yes
3809,4504,7673,Late Delivery,2026-03-31,Customer Refused,3,Damaged,Processed,2026-03-31,2026-04-03,43539.0,136.35,28.31,8,Yes
3810,4504,7674,Quality Issue,2026-03-31,Customer Refused,1,Sellable,Processed,2026-03-31,2026-04-02,547.89,88.38,17.36,1,Yes
3811,4504,7675,Late Delivery,2026-03-29,Customer Refused,2,Opened,Processed,2026-03-29,2026-04-01,8216.26,53.74,17.85,1,Yes
3812,4504,7676,Wrong Item,2026-04-02,Customer Refused,1,Opened,Processed,2026-04-02,2026-04-03,605.84,118.41,10.24,7,Yes
3813,4510,7687,Quality Issue,2026-08-06,Late Delivery,1,Opened,Processed,2026-08-07,2026-08-10,77339.97,147.25,14.8,1,Yes
3814,4510,7688,Wrong Item,2026-08-05,Late Delivery,1,Sellable,Processed,2026-08-06,2026-08-07,3456.57,125.16,39.55,4,Yes
3815,4511,7689,Late Delivery,2026-02-26,Late Delivery,1,Damaged,Processed,2026-02-26,2026-02-28,4002.09,59.95,22.11,8,Yes
3816,4511,7690,Quality Issue,2026-02-25,Late Delivery,1,Opened,Pending,2026-02-25,2026-02-28,75344.62,64.33,27.83,8,Yes
3817,4511,7691,Quality Issue,2026-03-01,Late Delivery,1,Damaged,Processed,2026-03-01,2026-03-04,50921.52,140.72,29.99,6,Yes
3818,4512,7692,Late Delivery,2026-04-02,Damaged Product,1,Defective,Processed,2026-04-02,2026-04-04,37861.86,115.8,23.67,8,Yes
3819,4512,7694,Late Delivery,2026-03-31,Damaged Product,1,Opened,Pending,2026-03-31,2026-04-02,29480.54,114.08,46.7,3,Yes
3820,4513,7696,Wrong Item,2026-04-30,Customer Refused,2,Sellable,Processed,2026-04-30,2026-05-03,53664.04,53.21,38.41,2,Yes
3821,4514,7697,Quality Issue,2026-06-05,Customer Refused,1,Damaged,Processed,2026-06-05,2026-06-07,38524.94,98.75,19.94,2,Yes
3822,4514,7698,Late Delivery,2026-06-03,Customer Refused,1,Opened,Processed,2026-06-03,2026-06-05,80354.44,139.86,38.41,8,Yes
3823,4514,7699,Wrong Item,2026-06-03,Customer Refused,2,Damaged,Processed,2026-06-03,2026-06-04,2306.92,124.34,36.36,4,Yes
3824,4514,7700,Late Delivery,2026-06-05,Customer Refused,1,Sellable,Processed,2026-06-05,2026-06-08,2450.4,70.35,17.39,4,Yes
3825,4514,7701,Quality Issue,2026-06-06,Customer Refused,2,Damaged,Processed,2026-06-06,2026-06-09,9994.75,102.4,32.75,7,Yes
3826,4515,7702,Late Delivery,2024-09-03,Customer Refused,1,Opened,Processed,2024-09-03,2024-09-05,1862.88,128.16,12.28,6,Yes
3827,4517,7704,Quality Issue,2024-12-24,Late Delivery,1,Opened,Pending,2024-12-24,2024-12-26,23476.97,130.99,21.32,1,Yes
3828,4519,7707,Late Delivery,2025-12-25,Customer Refused,1,Damaged,Processed,2025-12-25,2025-12-27,3729.47,113.56,21.73,5,Yes
3829,4519,7708,Late Delivery,2025-12-28,Customer Refused,3,Sellable,Pending,2025-12-28,2025-12-29,8426.23,128.81,11.01,1,Yes
3830,4520,7709,Quality Issue,2025-02-05,Late Delivery,1,Damaged,Processed,2025-02-05,2025-02-06,1134.17,63.95,16.01,4,Yes
3831,4520,7710,Wrong Item,2025-02-06,Late Delivery,1,Damaged,Processed,2025-02-06,2025-02-09,46462.81,127.97,27.28,4,Yes
3832,4522,7712,Quality Issue,2025-07-09,Customer Refused,1,Opened,Processed,2025-07-09,2025-07-11,14993.91,111.25,22.22,3,Yes
3833,4524,7714,Late Delivery,2024-08-27,Customer Refused,1,Sellable,Processed,2024-08-27,2024-08-28,3214.55,58.88,26.92,4,Yes
3834,4524,7715,Wrong Item,2024-08-29,Customer Refused,1,Damaged,Processed,2024-08-29,2024-09-01,22482.3,58.12,20.48,8,Yes
3835,4525,7716,Wrong Item,2026-03-20,Customer Refused,1,Opened,Processed,2026-03-20,2026-03-22,366.2,58.16,36.12,9,Yes
3836,4526,7717,Quality Issue,2026-07-25,Customer Refused,1,Sellable,Processed,2026-07-25,2026-07-28,104236.37,121.39,21.63,2,Yes
3837,4527,7718,Wrong Item,2026-06-17,Customer Refused,1,Damaged,Processed,2026-06-17,2026-06-20,27471.69,115.9,22.84,3,Yes
3838,4527,7719,Late Delivery,2026-06-20,Customer Refused,2,Sellable,Pending,2026-06-20,2026-06-22,3207.75,77.12,20.27,1,Yes
3839,4527,7720,Quality Issue,2026-06-17,Customer Refused,1,Damaged,Processed,2026-06-17,2026-06-18,2523.54,117.18,39.07,6,Yes
3840,4527,7721,Wrong Item,2026-06-20,Customer Refused,3,Opened,Processed,2026-06-20,2026-06-23,24803.02,136.57,33.87,6,Yes
3841,4527,7722,Late Delivery,2026-06-20,Customer Refused,1,Damaged,Processed,2026-06-20,2026-06-21,3693.74,89.7,23.06,2,Yes
3842,4530,7727,Wrong Item,2024-12-13,Late Delivery,1,Sellable,Processed,2024-12-13,2024-12-15,32254.74,78.58,19.91,3,Yes
3843,4530,7728,Quality Issue,2024-12-13,Late Delivery,1,Sellable,Processed,2024-12-13,2024-12-15,2479.15,91.35,16.98,5,Yes
3844,4531,7729,Wrong Item,2025-09-21,Customer Refused,2,Damaged,Pending,2025-09-21,2025-09-22,736.13,132.25,30.53,5,Yes
3845,4532,7730,Wrong Item,2025-01-12,Late Delivery,1,Sellable,Processed,2025-01-13,2025-01-15,559.01,109.9,27.34,6,Yes
3846,4533,7731,Wrong Item,2025-02-18,Customer Refused,1,Damaged,Pending,2025-02-18,2025-02-20,322.75,70.5,34.35,8,Yes
3847,4533,7732,Wrong Item,2025-02-19,Customer Refused,1,Opened,Processed,2025-02-19,2025-02-22,33748.2,117.58,32.91,4,Yes
3848,4534,7733,Wrong Item,2025-03-06,Late Delivery,2,Damaged,Pending,2025-03-06,2025-03-08,3838.78,119.35,33.62,3,Yes
3849,4535,7734,Quality Issue,2026-05-02,Customer Refused,2,Sellable,Pending,2026-05-03,2026-05-06,39494.9,83.72,13.24,4,Yes
3850,4535,7735,Wrong Item,2026-05-03,Customer Refused,1,Damaged,Processed,2026-05-04,2026-05-05,1924.73,118.21,11.33,1,Yes
3851,4535,7736,Late Delivery,2026-05-05,Customer Refused,1,Sellable,Pending,2026-05-06,2026-05-07,26530.9,113.43,25.48,7,Yes
3852,4536,7737,Wrong Item,2026-06-17,Not as Described,1,Opened,Processed,2026-06-18,2026-06-19,95093.24,71.75,31.18,6,Yes
3853,4537,7738,Wrong Item,2024-10-21,Late Delivery,1,Damaged,Processed,2024-10-21,2024-10-24,2631.03,92.31,18.19,8,Yes
3854,4537,7739,Quality Issue,2024-10-20,Late Delivery,1,Sellable,Processed,2024-10-20,2024-10-22,1834.8,123.76,16.98,2,Yes
3855,4539,7741,Late Delivery,2025-04-03,Late Delivery,1,Opened,Processed,2025-04-03,2025-04-05,373.38,142.54,25.48,8,Yes
3856,4539,7742,Wrong Item,2025-04-04,Late Delivery,1,Sellable,Processed,2025-04-04,2025-04-05,2855.52,84.66,28.15,3,Yes
3857,4540,7743,Quality Issue,2025-08-04,Customer Refused,2,Sellable,Processed,2025-08-04,2025-08-07,5983.48,146.09,35.32,9,Yes
3858,4540,7744,Wrong Item,2025-08-08,Customer Refused,1,Damaged,Processed,2025-08-08,2025-08-10,40808.7,104.1,17.45,1,Yes
3859,4541,7745,Late Delivery,2025-06-06,Late Delivery,2,Damaged,Processed,2025-06-06,2025-06-07,276961.28,67.82,27.96,5,Yes
3860,4546,7756,Quality Issue,2024-09-26,Changed Mind,1,Sellable,Processed,2024-09-26,2024-09-27,3187.33,151.25,32.87,1,Yes
3861,4547,7757,Wrong Item,2024-10-21,Late Delivery,3,Damaged,Processed,2024-10-21,2024-10-24,6893.94,65.29,34.24,5,Yes
3862,4547,7758,Late Delivery,2024-10-19,Late Delivery,1,Sellable,Processed,2024-10-19,2024-10-21,30451.12,118.59,18.55,5,Yes
3863,4547,7759,Quality Issue,2024-10-20,Late Delivery,1,Sellable,Processed,2024-10-20,2024-10-22,2040.79,78.98,31.87,1,Yes
3864,4547,7760,Late Delivery,2024-10-21,Late Delivery,1,Damaged,Processed,2024-10-21,2024-10-22,2570.65,72.89,28.07,3,Yes
3865,4549,7763,Wrong Item,2024-11-09,Late Delivery,1,Opened,Processed,2024-11-09,2024-11-12,3143.2,71.81,35.62,6,Yes
3866,4551,7765,Quality Issue,2026-06-10,Customer Refused,2,Opened,Processed,2026-06-10,2026-06-13,758.86,128.53,19.78,2,Yes
3867,4553,7768,Wrong Item,2026-06-10,Damaged Product,1,Defective,Pending,2026-06-10,2026-06-11,36342.38,167.59,28.49,3,Yes
3868,4556,7774,Wrong Item,2025-04-04,Customer Refused,1,Opened,Failed,2025-04-04,2025-04-06,6330.28,113.91,11.25,3,Yes
3869,4558,7777,Late Delivery,2026-07-15,Customer Refused,2,Damaged,Processed,2026-07-15,2026-07-18,42757.99,131.78,11.07,7,Yes
3870,4558,7778,Late Delivery,2026-07-16,Customer Refused,1,Damaged,Processed,2026-07-16,2026-07-18,617.16,66.5,28.25,5,Yes
3871,4558,7779,Wrong Item,2026-07-18,Customer Refused,1,Damaged,Pending,2026-07-18,2026-07-20,3670.2,59.07,14.68,3,Yes
3872,4558,7780,Quality Issue,2026-07-17,Customer Refused,1,Opened,Processed,2026-07-17,2026-07-18,6786.09,107.65,32.27,9,Yes
3873,4558,7781,Wrong Item,2026-07-15,Customer Refused,1,Opened,Processed,2026-07-15,2026-07-16,271.51,111.45,25.97,1,Yes
3874,4559,7782,Wrong Item,2025-12-30,Product Quality,1,Defective,Pending,2025-12-30,2026-01-02,1372.22,73.11,40.47,6,Yes
3875,4561,7786,Wrong Item,2026-08-09,Customer Refused,3,Sellable,Processed,2026-08-09,2026-08-10,185305.02,56.88,39.37,8,Yes
3876,4564,7789,Wrong Item,2025-10-03,Customer Refused,1,Damaged,Processed,2025-10-03,2025-10-05,127749.44,148.01,17.8,4,Yes
3877,4565,7790,Wrong Item,2025-11-11,Late Delivery,1,Opened,Processed,2025-11-11,2025-11-13,1523.09,129.88,19.2,5,Yes
3878,4568,7796,Wrong Item,2024-11-25,Late Delivery,2,Damaged,Processed,2024-11-25,2024-11-27,9762.62,124.92,10.24,1,Yes
3879,4568,7797,Late Delivery,2024-11-26,Late Delivery,1,Damaged,Processed,2024-11-26,2024-11-29,1578.22,131.85,34.88,7,Yes
3880,4571,7801,Quality Issue,2025-10-21,Customer Refused,1,Opened,Processed,2025-10-21,2025-10-23,2019.53,128.2,11.25,8,Yes
3881,4572,7802,Wrong Item,2025-10-24,Customer Refused,1,Sellable,Processed,2025-10-25,2025-10-26,57415.93,133.83,28.57,5,Yes
3882,4572,7803,Quality Issue,2025-10-24,Customer Refused,1,Damaged,Processed,2025-10-25,2025-10-28,4421.44,132.99,18.71,5,Yes
3883,4572,7804,Quality Issue,2025-10-26,Customer Refused,1,Damaged,Processed,2025-10-27,2025-10-30,1887.26,132.23,13.12,1,Yes
3884,4572,7805,Late Delivery,2025-10-28,Customer Refused,2,Damaged,Processed,2025-10-29,2025-10-30,3849.15,94.05,21.08,5,Yes
3885,4574,7807,Wrong Item,2024-12-07,Customer Refused,1,Opened,Failed,2024-12-07,2024-12-08,2284.87,96.95,19.12,5,Yes
3886,4574,7808,Wrong Item,2024-12-07,Customer Refused,2,Opened,Pending,2024-12-07,2024-12-10,7094.56,53.24,33.37,8,Yes
3887,4574,7809,Wrong Item,2024-12-03,Customer Refused,2,Sellable,Processed,2024-12-03,2024-12-06,3886.64,102.39,30.19,3,Yes
3888,4574,7810,Quality Issue,2024-12-07,Customer Refused,1,Opened,Processed,2024-12-07,2024-12-08,2865.1,95.15,15.52,8,Yes
3889,4575,7811,Wrong Item,2025-01-04,Customer Refused,1,Damaged,Processed,2025-01-05,2025-01-08,5187.12,68.99,24.56,3,Yes
3890,4576,7812,Late Delivery,2024-09-13,Late Delivery,1,Damaged,Processed,2024-09-13,2024-09-14,21623.94,118.79,33.77,1,Yes
3891,4577,7813,Wrong Item,2025-06-28,Late Delivery,2,Opened,Processed,2025-06-28,2025-06-30,13636.13,115.6,12.29,7,Yes
3892,4577,7814,Wrong Item,2025-06-29,Late Delivery,1,Damaged,Pending,2025-06-29,2025-07-01,27943.56,53.77,23.37,4,Yes
3893,4581,7819,Wrong Item,2026-01-21,Customer Refused,1,Sellable,Pending,2026-01-21,2026-01-23,6759.98,58.52,19.03,5,Yes
3894,4581,7820,Late Delivery,2026-01-21,Customer Refused,1,Damaged,Processed,2026-01-21,2026-01-24,116186.43,137.73,14.58,6,Yes
3895,4583,7822,Quality Issue,2026-02-25,Late Delivery,1,Sellable,Processed,2026-02-25,2026-02-28,2086.13,140.5,33.17,7,Yes
3896,4586,7825,Late Delivery,2026-03-22,Customer Refused,1,Sellable,Failed,2026-03-22,2026-03-23,26403.44,73.22,30.71,7,Yes
3897,4590,7830,Late Delivery,2024-11-24,Late Delivery,1,Sellable,Processed,2024-11-24,2024-11-26,4599.92,66.57,24.93,6,Yes
3898,4591,7831,Quality Issue,2025-12-12,Late Delivery,1,Opened,Processed,2025-12-12,2025-12-13,2084.92,79.16,20.41,4,Yes
3899,4591,7832,Wrong Item,2025-12-13,Late Delivery,1,Sellable,Pending,2025-12-13,2025-12-16,3246.11,104.6,13.65,4,Yes
3900,4591,7833,Quality Issue,2025-12-10,Late Delivery,1,Sellable,Processed,2025-12-10,2025-12-13,3851.6,96.67,18.83,7,Yes
3901,4591,7834,Wrong Item,2025-12-10,Late Delivery,1,Sellable,Processed,2025-12-10,2025-12-13,2214.3,115.76,37.94,9,Yes
3902,4591,7835,Wrong Item,2025-12-13,Late Delivery,1,Opened,Processed,2025-12-13,2025-12-14,11671.23,66.77,16.62,1,Yes
3903,4592,7836,Quality Issue,2025-07-18,Customer Refused,1,Sellable,Processed,2025-07-18,2025-07-20,51993.79,149.88,36.09,2,Yes
3904,4592,7837,Quality Issue,2025-07-21,Customer Refused,1,Damaged,Failed,2025-07-21,2025-07-23,1043.73,135.4,11.66,7,Yes
3905,4593,7839,Quality Issue,2025-01-28,Product Quality,2,Opened,Processed,2025-01-28,2025-02-01,100766.28,116.19,38.04,4,Yes
3906,4598,7844,Quality Issue,2025-08-25,Customer Refused,1,Opened,Pending,2025-08-25,2025-08-26,30564.3,107.01,26.1,9,Yes
3907,4598,7845,Quality Issue,2025-08-28,Customer Refused,1,Damaged,Pending,2025-08-28,2025-08-31,125734.18,64.54,32.77,5,Yes
3908,4600,7848,Late Delivery,2025-07-16,Late Delivery,2,Opened,Processed,2025-07-17,2025-07-19,171852.94,128.04,29.55,6,Yes
3909,4604,7852,Quality Issue,2026-07-05,Late Delivery,1,Damaged,Processed,2026-07-05,2026-07-08,2940.55,110.67,26.46,8,Yes
3910,4605,7853,Wrong Item,2026-07-31,Late Delivery,2,Damaged,Processed,2026-07-31,2026-08-02,7609.72,64.02,32.91,6,Yes
3911,4605,7854,Wrong Item,2026-07-27,Late Delivery,2,Sellable,Processed,2026-07-27,2026-07-30,60902.24,97.38,22.54,4,Yes
3912,4606,7855,Late Delivery,2025-12-21,Customer Refused,3,Sellable,Processed,2025-12-21,2025-12-23,7475.4,72.96,10.88,9,Yes
3913,4606,7856,Late Delivery,2025-12-19,Customer Refused,3,Sellable,Processed,2025-12-19,2025-12-22,162619.34,67.66,34.44,6,Yes
3914,4607,7857,Wrong Item,2024-10-30,Customer Refused,1,Damaged,Processed,2024-10-30,2024-11-01,1363.04,72.6,13.22,4,Yes
3915,4608,7858,Quality Issue,2024-12-06,Customer Refused,3,Damaged,Processed,2024-12-06,2024-12-09,38547.82,114.47,11.64,3,Yes
3916,4608,7859,Late Delivery,2024-12-06,Customer Refused,2,Damaged,Processed,2024-12-06,2024-12-08,200349.08,77.08,28.88,3,Yes
3917,4609,7860,Quality Issue,2024-12-23,Customer Refused,1,Sellable,Processed,2024-12-23,2024-12-26,113212.63,130.44,26.06,5,Yes
3918,4609,7861,Wrong Item,2024-12-24,Customer Refused,1,Opened,Processed,2024-12-24,2024-12-27,13164.16,88.8,19.06,4,Yes
3919,4611,7863,Late Delivery,2026-02-23,Customer Refused,1,Opened,Processed,2026-02-23,2026-02-24,2586.46,111.7,17.64,7,Yes
3920,4611,7864,Quality Issue,2026-02-24,Customer Refused,1,Damaged,Pending,2026-02-24,2026-02-27,101329.04,117.09,18.72,7,Yes
3921,4611,7865,Late Delivery,2026-02-22,Customer Refused,1,Opened,Processed,2026-02-22,2026-02-24,5534.51,75.09,33.53,5,Yes
3922,4611,7866,Wrong Item,2026-02-25,Customer Refused,1,Opened,Processed,2026-02-25,2026-02-27,2702.27,54.06,21.26,3,Yes
3923,4611,7867,Quality Issue,2026-02-22,Customer Refused,1,Sellable,Failed,2026-02-22,2026-02-24,3090.86,61.07,36.04,7,Yes
3924,4612,7868,Late Delivery,2025-04-24,Late Delivery,1,Opened,Processed,2025-04-24,2025-04-25,3480.76,141.22,18.12,6,Yes
3925,4612,7869,Wrong Item,2025-04-23,Late Delivery,1,Sellable,Processed,2025-04-23,2025-04-26,119359.74,144.12,16.4,9,Yes
3926,4613,7870,Wrong Item,2025-05-16,Customer Refused,1,Opened,Pending,2025-05-16,2025-05-19,69861.92,107.27,16.78,3,Yes
3927,4617,7879,Wrong Item,2026-04-23,Late Delivery,1,Damaged,Processed,2026-04-23,2026-04-26,940.86,147.58,16.03,3,Yes
3928,4619,7881,Late Delivery,2026-02-12,Late Delivery,1,Sellable,Processed,2026-02-13,2026-02-16,2583.49,74.7,28.08,3,Yes
3929,4619,7882,Wrong Item,2026-02-14,Late Delivery,1,Opened,Processed,2026-02-15,2026-02-17,81163.25,143.33,11.79,4,Yes
3930,4621,7884,Wrong Item,2025-02-26,Late Delivery,3,Damaged,Processed,2025-02-26,2025-02-28,7110.07,125.12,27.86,3,Yes
3931,4622,7885,Wrong Item,2025-02-28,Customer Refused,1,Opened,Processed,2025-02-28,2025-03-03,3252.59,120.03,14.86,5,Yes
3932,4622,7886,Late Delivery,2025-02-28,Customer Refused,1,Sellable,Processed,2025-02-28,2025-03-03,837.44,126.27,18.78,5,Yes
3933,4624,7890,Late Delivery,2025-08-31,Late Delivery,1,Damaged,Pending,2025-08-31,2025-09-02,2258.78,100.54,34.09,4,Yes
3934,4625,7891,Wrong Item,2025-10-18,Late Delivery,1,Damaged,Processed,2025-10-18,2025-10-21,1733.83,94.52,17.6,1,Yes
3935,4626,7892,Late Delivery,2025-06-03,Product Quality,1,Sellable,Processed,2025-06-03,2025-06-05,112070.62,141.65,44.55,9,Yes
3936,4627,7894,Quality Issue,2025-07-15,Not as Described,1,Damaged,Processed,2025-07-15,2025-07-18,109374.17,178.55,27.77,6,Yes
3937,4629,7897,Wrong Item,2025-10-18,Customer Refused,1,Opened,Processed,2025-10-18,2025-10-20,3176.86,86.36,13.42,1,Yes
3938,4630,7899,Quality Issue,2025-11-20,Size/Fit Issue,1,Damaged,Processed,2025-11-20,2025-11-22,2799.12,68.64,46.03,6,Yes
3939,4631,7903,Late Delivery,2024-10-16,Customer Refused,1,Sellable,Pending,2024-10-16,2024-10-17,1492.9,107.8,22.3,2,Yes
3940,4632,7904,Late Delivery,2025-06-28,Late Delivery,1,Opened,Processed,2025-06-28,2025-06-30,270.26,142.35,20.6,2,Yes
3941,4633,7905,Quality Issue,2025-07-23,Customer Refused,2,Sellable,Processed,2025-07-23,2025-07-26,95464.88,56.47,31.25,9,Yes
3942,4634,7908,Quality Issue,2025-10-28,Changed Mind,1,Opened,Processed,2025-10-28,2025-10-30,2768.95,80.35,43.69,1,Yes
3943,4634,7909,Quality Issue,2025-11-03,Product Quality,1,Opened,Processed,2025-11-03,,2372.86,160.68,32.77,9,Yes
3944,4637,7913,Quality Issue,2024-10-27,Late Delivery,1,Damaged,Processed,2024-10-27,2024-10-30,3970.58,110.31,36.32,2,Yes
3945,4640,7917,Quality Issue,2024-10-13,Customer Refused,1,Opened,Processed,2024-10-13,2024-10-16,116284.62,66.45,15.41,6,Yes
3946,4641,7918,Quality Issue,2024-10-26,Customer Refused,1,Damaged,Pending,2024-10-27,2024-10-30,41943.29,72.16,20.98,4,Yes
3947,4643,7920,Quality Issue,2025-01-09,Customer Refused,1,Sellable,Processed,2025-01-09,2025-01-10,521.58,121.81,39.81,6,Yes
3948,4644,7921,Quality Issue,2025-02-03,Late Delivery,1,Damaged,Pending,2025-02-03,2025-02-05,26451.66,144.33,26.34,9,Yes
3949,4646,7923,Wrong Item,2025-04-28,Customer Refused,3,Damaged,Pending,2025-04-28,2025-04-29,4907.41,77.46,12.46,5,Yes
3950,4646,7924,Wrong Item,2025-04-25,Customer Refused,1,Sellable,Processed,2025-04-25,2025-04-26,1006.74,90.68,33.76,4,Yes
3951,4648,7926,Wrong Item,2026-05-19,Late Delivery,1,Damaged,Processed,2026-05-19,2026-05-20,2330.47,125.0,23.48,2,Yes
3952,4648,7927,Quality Issue,2026-05-21,Late Delivery,1,Damaged,Pending,2026-05-21,2026-05-22,2188.03,86.61,26.67,1,Yes
3953,4648,7928,Wrong Item,2026-05-20,Late Delivery,1,Sellable,Processed,2026-05-20,2026-05-21,117641.35,121.97,17.56,6,Yes
3954,4648,7929,Wrong Item,2026-05-21,Late Delivery,1,Opened,Processed,2026-05-21,2026-05-24,1028.57,56.2,38.15,2,Yes
3955,4649,7930,Late Delivery,2025-07-10,Customer Refused,1,Damaged,Processed,2025-07-10,2025-07-13,908.58,55.43,15.9,3,Yes
3956,4652,7937,Late Delivery,2025-06-27,Customer Refused,1,Damaged,Processed,2025-06-27,2025-06-29,767.7,70.43,39.63,8,Yes
3957,4653,7938,Wrong Item,2024-08-19,Late Delivery,1,Damaged,Processed,2024-08-19,2024-08-22,2002.68,84.03,39.91,8,Yes
3958,4655,7942,Wrong Item,2025-12-16,Size/Fit Issue,1,Sellable,Processed,2025-12-16,2025-12-20,1996.71,103.97,37.37,4,Yes
3959,4657,7946,Wrong Item,2024-12-14,Late Delivery,3,Damaged,Processed,2024-12-14,2024-12-17,404.97,125.46,13.92,9,Yes
3960,4657,7947,Late Delivery,2024-12-12,Late Delivery,1,Opened,Failed,2024-12-12,2024-12-15,14343.47,125.28,30.39,4,Yes
3961,4657,7948,Quality Issue,2024-12-13,Late Delivery,1,Sellable,Processed,2024-12-13,2024-12-16,246.09,141.63,16.39,9,Yes
3962,4658,7949,Late Delivery,2025-01-19,Late Delivery,2,Opened,Pending,2025-01-19,2025-01-22,1993.42,134.97,19.63,7,Yes
3963,4658,7950,Late Delivery,2025-01-15,Late Delivery,1,Opened,Pending,2025-01-15,2025-01-16,53405.16,145.11,23.64,4,Yes
3964,4658,7951,Quality Issue,2025-01-19,Late Delivery,1,Opened,Processed,2025-01-19,2025-01-20,2113.22,67.7,16.03,7,Yes
3965,4659,7952,Wrong Item,2025-04-05,Customer Refused,1,Damaged,Processed,2025-04-06,2025-04-08,162.21,65.92,23.76,8,Yes
3966,4663,7959,Wrong Item,2026-05-15,Late Delivery,1,Opened,Processed,2026-05-15,2026-05-18,4000.86,95.66,26.11,1,Yes
3967,4664,7960,Wrong Item,2024-12-20,Late Delivery,2,Opened,Processed,2024-12-20,2024-12-21,99696.78,70.01,36.92,9,Yes
3968,4666,7963,Wrong Item,2026-06-08,Customer Refused,1,Sellable,Processed,2026-06-08,2026-06-09,503.36,137.39,33.1,7,Yes
3969,4666,7964,Late Delivery,2026-06-09,Customer Refused,1,Damaged,Pending,2026-06-09,2026-06-10,8199.93,115.88,14.78,7,Yes
3970,4666,7965,Quality Issue,2026-06-06,Customer Refused,1,Opened,Pending,2026-06-06,2026-06-08,1953.57,121.03,14.36,7,Yes
3971,4666,7966,Wrong Item,2026-06-08,Customer Refused,1,Opened,Processed,2026-06-08,2026-06-11,42730.8,53.67,15.34,2,Yes
3972,4668,7969,Quality Issue,2026-02-20,Customer Refused,1,Opened,Processed,2026-02-21,2026-02-24,533.94,83.91,21.05,2,Yes
3973,4670,7972,Late Delivery,2025-02-15,Product Quality,1,Defective,Processed,2025-02-15,,1830.81,139.64,46.1,2,Yes
3974,4671,7973,Quality Issue,2025-02-20,Customer Refused,2,Opened,Processed,2025-02-20,2025-02-21,3354.65,96.62,14.04,4,Yes
3975,4671,7974,Quality Issue,2025-02-19,Customer Refused,1,Opened,Pending,2025-02-19,2025-02-22,2192.36,113.11,15.73,8,Yes
3976,4671,7975,Quality Issue,2025-02-19,Customer Refused,1,Damaged,Processed,2025-02-19,2025-02-21,1557.39,76.22,21.73,4,Yes
3977,4673,7978,Quality Issue,2025-02-16,Product Quality,1,Sellable,Processed,2025-02-16,2025-02-17,1207.62,130.03,40.6,3,Yes
3978,4674,7983,Quality Issue,2025-02-26,Size/Fit Issue,1,Defective,Processed,2025-02-26,2025-03-01,1075.1,151.59,46.31,2,Yes
3979,4675,7986,Quality Issue,2025-05-19,Damaged Product,1,Sellable,Processed,2025-05-19,2025-05-21,365.28,60.19,39.13,7,Yes
3980,4675,7987,Wrong Item,2025-05-15,Product Quality,1,Sellable,Processed,2025-05-15,2025-05-16,37670.09,109.23,27.71,1,Yes
3981,4676,7988,Wrong Item,2025-05-20,Product Quality,2,Sellable,Processed,2025-05-20,2025-05-24,4415.48,123.73,18.29,8,Yes
3982,4677,7989,Wrong Item,2025-06-18,Product Quality,1,Sellable,Processed,2025-06-18,,1269.51,80.6,34.21,5,Yes
3983,4678,7990,Wrong Item,2025-11-04,Customer Refused,1,Opened,Failed,2025-11-04,2025-11-05,805.01,139.77,27.37,1,Yes
3984,4678,7991,Late Delivery,2025-11-08,Customer Refused,1,Damaged,Processed,2025-11-08,2025-11-11,3603.31,61.74,32.42,9,Yes
3985,4678,7992,Wrong Item,2025-11-06,Customer Refused,1,Damaged,Processed,2025-11-06,2025-11-07,90167.22,100.75,11.79,1,Yes
3986,4678,7993,Late Delivery,2025-11-04,Customer Refused,1,Damaged,Processed,2025-11-04,2025-11-06,3429.31,62.45,38.85,9,Yes
3987,4678,7994,Wrong Item,2025-11-06,Customer Refused,2,Damaged,Pending,2025-11-06,2025-11-07,14356.04,126.66,39.88,8,Yes
3988,4679,7997,Quality Issue,2025-12-02,Late Delivery,1,Sellable,Processed,2025-12-03,2025-12-05,110553.78,106.28,21.58,3,Yes
3989,4680,7999,Wrong Item,2026-03-05,Late Delivery,1,Opened,Processed,2026-03-05,2026-03-06,736.06,55.06,31.54,3,Yes
3990,4682,8001,Late Delivery,2025-07-27,Customer Refused,1,Damaged,Processed,2025-07-27,2025-07-28,3180.63,139.28,22.54,7,Yes
3991,4683,8002,Quality Issue,2025-08-12,Customer Refused,1,Opened,Processed,2025-08-12,2025-08-14,52783.97,139.89,39.67,8,Yes
3992,4688,8012,Wrong Item,2026-05-12,Customer Refused,1,Damaged,Processed,2026-05-12,2026-05-14,45775.71,129.09,29.7,6,Yes
3993,4691,8018,Wrong Item,2025-04-11,Changed Mind,1,Opened,Processed,2025-04-11,2025-04-13,796.08,170.19,23.59,4,Yes
3994,4692,8019,Late Delivery,2025-05-10,Late Delivery,1,Sellable,Processed,2025-05-10,2025-05-11,109066.1,142.1,23.73,6,Yes
3995,4693,8023,Wrong Item,2024-09-20,Damaged Product,2,Defective,Processed,2024-09-20,2024-09-22,46845.78,158.97,19.1,1,Yes
3996,4694,8024,Late Delivery,2026-08-10,Customer Refused,1,Opened,Processed,2026-08-10,2026-08-12,366.63,149.25,11.76,4,Yes
3997,4694,8025,Quality Issue,2026-08-06,Customer Refused,1,Opened,Processed,2026-08-06,2026-08-07,157542.41,60.24,21.9,4,Yes
3998,4701,8038,Wrong Item,2024-10-03,Customer Refused,1,Damaged,Processed,2024-10-03,2024-10-04,1754.24,58.27,12.54,8,Yes
3999,4701,8039,Quality Issue,2024-10-01,Customer Refused,1,Sellable,Pending,2024-10-01,2024-10-03,56781.33,143.06,33.16,8,Yes
4000,4704,8043,Quality Issue,2024-09-28,Late Delivery,1,Sellable,Processed,2024-09-28,2024-09-29,73368.91,83.55,31.4,8,Yes
4001,4704,8044,Wrong Item,2024-09-27,Late Delivery,1,Sellable,Processed,2024-09-27,2024-09-30,46392.71,116.22,10.21,8,Yes
4002,4704,8045,Wrong Item,2024-09-25,Late Delivery,1,Sellable,Processed,2024-09-25,2024-09-27,2904.58,136.25,13.3,6,Yes
4003,4704,8046,Quality Issue,2024-09-24,Late Delivery,2,Damaged,Processed,2024-09-24,2024-09-27,3714.97,114.46,35.12,7,Yes
4004,4709,8058,Wrong Item,2026-05-26,Customer Refused,1,Sellable,Processed,2026-05-26,2026-05-29,118273.99,69.6,18.72,6,Yes
4005,4711,8060,Wrong Item,2025-03-05,Customer Refused,1,Sellable,Processed,2025-03-05,2025-03-07,79010.19,85.95,26.73,3,Yes
4006,4713,8066,Quality Issue,2025-06-02,Late Delivery,1,Sellable,Processed,2025-06-02,2025-06-05,1942.74,112.29,36.9,2,Yes
4007,4714,8067,Late Delivery,2024-11-03,Late Delivery,2,Damaged,Processed,2024-11-03,2024-11-04,806.45,85.98,28.69,2,Yes
4008,4715,8068,Wrong Item,2026-07-14,Customer Refused,1,Opened,Processed,2026-07-14,2026-07-15,2570.65,59.27,11.89,2,Yes
4009,4716,8069,Wrong Item,2024-12-20,Customer Refused,2,Sellable,Processed,2024-12-20,2024-12-21,2614.14,67.51,17.05,8,Yes
4010,4716,8070,Quality Issue,2024-12-20,Customer Refused,1,Damaged,Failed,2024-12-20,2024-12-22,674.42,97.81,36.32,3,Yes
4011,4717,8071,Late Delivery,2024-10-19,Customer Refused,1,Sellable,Processed,2024-10-19,2024-10-21,4758.92,115.3,12.33,7,Yes
4012,4719,8073,Wrong Item,2026-04-12,Late Delivery,1,Opened,Processed,2026-04-12,2026-04-13,47197.58,148.07,23.06,7,Yes
4013,4720,8074,Wrong Item,2025-08-16,Customer Refused,1,Opened,Processed,2025-08-16,2025-08-19,25424.65,109.46,29.76,7,Yes
4014,4720,8075,Wrong Item,2025-08-18,Customer Refused,1,Damaged,Processed,2025-08-18,2025-08-21,24666.5,81.28,25.15,2,Yes
4015,4720,8076,Late Delivery,2025-08-16,Customer Refused,1,Opened,Processed,2025-08-16,2025-08-17,641.61,65.47,18.23,1,Yes
4016,4720,8077,Late Delivery,2025-08-17,Customer Refused,1,Damaged,Processed,2025-08-17,2025-08-18,1220.29,125.7,36.63,5,Yes
4017,4720,8078,Late Delivery,2025-08-14,Customer Refused,2,Opened,Pending,2025-08-14,2025-08-17,158542.08,53.25,23.9,5,Yes
4018,4721,8079,Quality Issue,2025-04-19,Customer Refused,1,Sellable,Processed,2025-04-19,2025-04-20,70938.96,81.26,35.1,3,Yes
4019,4721,8080,Quality Issue,2025-04-16,Customer Refused,2,Sellable,Processed,2025-04-16,2025-04-17,2433.2,62.85,21.31,1,Yes
4020,4721,8081,Quality Issue,2025-04-19,Customer Refused,1,Sellable,Processed,2025-04-19,2025-04-22,674.86,87.32,30.83,4,Yes
4021,4721,8082,Late Delivery,2025-04-16,Customer Refused,2,Damaged,Processed,2025-04-16,2025-04-19,14776.18,91.21,32.42,2,Yes
4022,4726,8087,Wrong Item,2025-01-09,Late Delivery,1,Opened,Processed,2025-01-09,2025-01-10,1114.91,86.72,19.58,5,Yes
4023,4726,8088,Late Delivery,2025-01-11,Late Delivery,1,Sellable,Processed,2025-01-11,2025-01-13,4696.15,77.87,29.76,5,Yes
4024,4729,8091,Quality Issue,2025-07-28,Damaged Product,1,Sellable,Processed,2025-07-28,2025-07-30,2228.73,116.76,27.43,9,Yes
4025,4730,8093,Wrong Item,2024-11-24,Late Delivery,3,Sellable,Processed,2024-11-24,2024-11-27,8339.63,147.67,10.1,5,Yes
4026,4730,8094,Quality Issue,2024-11-25,Late Delivery,1,Opened,Processed,2024-11-25,2024-11-27,3617.69,71.87,15.91,9,Yes
4027,4732,8102,Wrong Item,2025-05-08,Size/Fit Issue,1,Sellable,Processed,2025-05-08,2025-05-12,4644.62,102.63,31.71,2,Yes
4028,4735,8105,Wrong Item,2026-07-01,Late Delivery,1,Opened,Failed,2026-07-01,2026-07-03,1320.81,140.11,16.23,7,Yes
4029,4735,8106,Late Delivery,2026-07-01,Late Delivery,1,Sellable,Processed,2026-07-01,2026-07-04,1456.73,84.34,33.62,2,Yes
4030,4736,8107,Late Delivery,2025-12-24,Customer Refused,1,Damaged,Processed,2025-12-24,2025-12-26,697.87,104.23,24.99,1,Yes
4031,4739,8111,Quality Issue,2026-02-17,Late Delivery,1,Opened,Pending,2026-02-17,2026-02-19,1834.39,75.8,37.51,6,Yes
4032,4740,8113,Wrong Item,2026-03-28,Late Delivery,1,Opened,Processed,2026-03-28,,0.0,173.64,39.35,2,No
4033,4741,8114,Quality Issue,2026-07-24,Customer Refused,1,Sellable,Processed,2026-07-24,2026-07-25,3605.54,124.1,22.95,1,Yes
4034,4743,8118,Wrong Item,2026-06-02,Customer Refused,1,Sellable,Processed,2026-06-02,2026-06-05,3214.36,54.72,20.88,8,Yes
4035,4745,8123,Wrong Item,2025-10-04,Damaged Product,1,Opened,Pending,2025-10-05,2025-10-07,3342.2,118.75,40.81,3,Yes
4036,4747,8128,Wrong Item,2025-04-23,Customer Refused,2,Damaged,Processed,2025-04-23,2025-04-25,8223.0,106.54,14.39,8,Yes
4037,4747,8129,Wrong Item,2025-04-24,Customer Refused,1,Opened,Pending,2025-04-24,2025-04-26,2612.59,119.18,10.14,8,Yes
4038,4748,8130,Late Delivery,2026-02-22,Late Delivery,1,Opened,Processed,2026-02-22,2026-02-25,1518.57,64.81,22.17,9,Yes
4039,4750,8132,Wrong Item,2026-03-30,Late Delivery,2,Opened,Processed,2026-03-30,2026-03-31,6119.72,131.19,34.38,9,Yes
4040,4750,8133,Late Delivery,2026-03-26,Late Delivery,1,Opened,Processed,2026-03-26,2026-03-29,553.98,126.31,13.47,4,Yes
4041,4751,8134,Wrong Item,2026-04-27,Customer Refused,2,Sellable,Processed,2026-04-27,2026-04-28,53521.61,106.69,39.75,6,Yes
4042,4751,8135,Quality Issue,2026-04-24,Customer Refused,1,Opened,Processed,2026-04-24,2026-04-27,694.35,137.16,34.75,2,Yes
4043,4752,8136,Late Delivery,2025-03-31,Customer Refused,1,Sellable,Processed,2025-03-31,2025-04-01,5969.19,83.24,19.92,1,Yes
4044,4756,8142,Quality Issue,2025-08-17,Late Delivery,1,Opened,Processed,2025-08-17,2025-08-19,74141.22,121.8,35.58,4,Yes
4045,4759,8145,Wrong Item,2026-02-01,Customer Refused,3,Damaged,Processed,2026-02-01,2026-02-03,5858.13,140.59,29.54,6,Yes
4046,4764,8154,Quality Issue,2025-01-18,Late Delivery,1,Damaged,Processed,2025-01-18,2025-01-19,3078.22,141.81,30.23,9,Yes
4047,4765,8155,Wrong Item,2025-03-01,Late Delivery,3,Opened,Processed,2025-03-01,2025-03-04,3924.42,65.74,31.38,9,Yes
4048,4768,8158,Quality Issue,2025-08-24,Late Delivery,1,Damaged,Processed,2025-08-24,2025-08-26,40386.91,75.98,24.63,7,Yes
4049,4768,8159,Quality Issue,2025-08-24,Late Delivery,1,Sellable,Processed,2025-08-24,2025-08-27,102096.86,106.82,32.41,5,Yes
4050,4773,8168,Quality Issue,2024-09-15,Customer Refused,2,Opened,Processed,2024-09-15,2024-09-17,78572.97,73.35,15.7,5,Yes
4051,4777,8173,Wrong Item,2024-09-26,Late Delivery,1,Damaged,Processed,2024-09-26,2024-09-27,76783.54,145.1,38.88,6,Yes
4052,4778,8174,Wrong Item,2025-06-26,Customer Refused,1,Opened,Processed,2025-06-27,2025-06-29,949.29,127.34,16.34,7,Yes
4053,4779,8175,Quality Issue,2025-07-23,Late Delivery,1,Sellable,Processed,2025-07-23,2025-07-25,237.17,100.38,12.52,6,Yes
4054,4779,8176,Wrong Item,2025-07-23,Late Delivery,1,Damaged,Processed,2025-07-23,2025-07-26,2902.91,87.37,38.43,7,Yes
4055,4780,8177,Wrong Item,2026-01-17,Customer Refused,1,Sellable,Processed,2026-01-17,2026-01-18,253.09,128.44,18.75,8,Yes
4056,4781,8178,Wrong Item,2026-02-03,Late Delivery,1,Sellable,Processed,2026-02-03,2026-02-05,1234.99,126.83,20.53,4,Yes
4057,4782,8179,Wrong Item,2025-02-01,Customer Refused,1,Opened,Processed,2025-02-01,2025-02-02,357.47,87.5,27.52,2,Yes
4058,4782,8180,Late Delivery,2025-02-05,Customer Refused,1,Opened,Processed,2025-02-05,2025-02-06,1414.8,145.47,11.38,5,Yes
4059,4788,8190,Quality Issue,2025-01-23,Late Delivery,1,Damaged,Processed,2025-01-23,2025-01-24,470.77,99.72,31.07,1,Yes
4060,4788,8191,Quality Issue,2025-01-24,Late Delivery,1,Opened,Processed,2025-01-24,2025-01-25,1430.84,84.52,26.62,9,Yes
4061,4790,8193,Late Delivery,2025-11-18,Size/Fit Issue,1,Defective,Processed,2025-11-18,,0.0,104.87,42.65,6,No
4062,4793,8197,Late Delivery,2025-07-23,Customer Refused,1,Damaged,Processed,2025-07-23,2025-07-25,63397.22,58.21,30.01,5,Yes
4063,4793,8198,Quality Issue,2025-07-23,Customer Refused,1,Damaged,Processed,2025-07-23,2025-07-24,455.19,100.15,21.08,5,Yes
4064,4794,8199,Quality Issue,2025-08-27,Late Delivery,1,Opened,Processed,2025-08-27,2025-08-29,1130.15,89.51,30.05,5,Yes
4065,4794,8200,Wrong Item,2025-08-26,Late Delivery,1,Damaged,Processed,2025-08-26,2025-08-29,518.0,108.17,15.07,9,Yes
4066,4795,8201,Quality Issue,2025-05-30,Late Delivery,1,Opened,Processed,2025-05-30,2025-06-01,2466.18,116.59,17.2,6,Yes
4067,4795,8202,Wrong Item,2025-05-30,Late Delivery,1,Sellable,Processed,2025-05-30,2025-05-31,31743.02,88.97,21.47,4,Yes
4068,4796,8203,Late Delivery,2026-05-09,Customer Refused,1,Damaged,Processed,2026-05-09,2026-05-11,49950.6,129.39,20.38,3,Yes
4069,4798,8205,Quality Issue,2026-07-22,Late Delivery,2,Damaged,Processed,2026-07-22,2026-07-24,5917.74,119.44,26.59,7,Yes
4070,4802,8214,Quality Issue,2025-06-22,Late Delivery,1,Damaged,Processed,2025-06-22,2025-06-25,3827.3,63.95,13.23,1,Yes
4071,4804,8217,Late Delivery,2026-06-23,Customer Refused,1,Damaged,Pending,2026-06-23,2026-06-24,1485.14,131.45,30.1,1,Yes
4072,4804,8218,Wrong Item,2026-06-23,Customer Refused,2,Opened,Processed,2026-06-23,2026-06-26,8848.32,108.12,21.5,6,Yes
4073,4804,8219,Wrong Item,2026-06-23,Customer Refused,1,Sellable,Pending,2026-06-23,2026-06-25,39542.35,72.83,12.17,7,Yes
4074,4804,8220,Wrong Item,2026-06-23,Customer Refused,1,Opened,Processed,2026-06-23,2026-06-24,2192.79,103.15,14.73,2,Yes
4075,4805,8221,Wrong Item,2025-01-29,Customer Refused,1,Damaged,Processed,2025-01-29,2025-01-31,41378.36,106.46,31.41,6,Yes
4076,4805,8222,Late Delivery,2025-01-30,Customer Refused,1,Damaged,Processed,2025-01-30,2025-02-01,2742.09,91.19,28.02,5,Yes
4077,4805,8223,Quality Issue,2025-01-27,Customer Refused,1,Opened,Processed,2025-01-27,2025-01-29,1129.63,102.32,23.89,1,Yes
4078,4805,8224,Late Delivery,2025-01-28,Customer Refused,2,Damaged,Processed,2025-01-28,2025-01-30,87308.82,72.85,37.8,9,Yes
4079,4805,8225,Late Delivery,2025-01-30,Customer Refused,1,Opened,Processed,2025-01-30,2025-02-02,1899.4,89.02,31.01,5,Yes
4080,4808,8228,Wrong Item,2025-04-05,Customer Refused,2,Opened,Processed,2025-04-05,2025-04-08,1426.79,90.17,28.46,9,Yes
4081,4810,8230,Wrong Item,2025-07-31,Late Delivery,2,Sellable,Processed,2025-07-31,2025-08-02,1113.19,130.41,16.14,5,Yes
4082,4815,8240,Quality Issue,2024-08-18,Customer Refused,1,Damaged,Processed,2024-08-18,2024-08-19,598.58,96.27,31.05,9,Yes
4083,4817,8244,Late Delivery,2026-05-25,Customer Refused,2,Opened,Processed,2026-05-25,2026-05-28,4965.76,91.52,14.38,4,Yes
4084,4819,8246,Late Delivery,2026-07-04,Customer Refused,2,Sellable,Processed,2026-07-04,2026-07-07,553.36,111.88,24.74,3,Yes
4085,4820,8247,Late Delivery,2026-07-22,Late Delivery,1,Sellable,Processed,2026-07-22,2026-07-23,2584.26,94.18,37.05,3,Yes
4086,4821,8248,Quality Issue,2025-07-11,Late Delivery,1,Opened,Processed,2025-07-11,2025-07-13,4110.59,145.62,27.26,3,Yes
4087,4821,8249,Wrong Item,2025-07-13,Late Delivery,2,Sellable,Processed,2025-07-13,2025-07-14,277181.64,75.19,38.46,5,Yes
4088,4821,8250,Late Delivery,2025-07-11,Late Delivery,1,Opened,Failed,2025-07-11,2025-07-13,706.67,106.89,22.86,5,Yes
4089,4821,8251,Wrong Item,2025-07-13,Late Delivery,1,Sellable,Failed,2025-07-13,2025-07-15,30703.2,116.83,14.22,3,Yes
4090,4821,8252,Late Delivery,2025-07-14,Late Delivery,1,Opened,Processed,2025-07-14,2025-07-17,3414.72,95.38,34.98,5,Yes
4091,4822,8253,Quality Issue,2026-04-03,Customer Refused,1,Sellable,Processed,2026-04-03,2026-04-06,875.35,80.86,33.14,5,Yes
4092,4822,8254,Late Delivery,2026-03-30,Customer Refused,3,Damaged,Processed,2026-03-30,2026-04-01,111831.91,114.42,25.83,7,Yes
4093,4822,8255,Quality Issue,2026-04-02,Customer Refused,1,Damaged,Processed,2026-04-02,2026-04-05,902.66,133.88,13.6,1,Yes
4094,4822,8256,Late Delivery,2026-04-01,Customer Refused,1,Damaged,Processed,2026-04-01,2026-04-03,1849.62,116.39,29.19,5,Yes
4095,4823,8257,Wrong Item,2026-04-24,Customer Refused,1,Opened,Processed,2026-04-24,2026-04-25,47197.58,80.78,10.83,8,Yes
4096,4823,8258,Wrong Item,2026-04-25,Customer Refused,1,Sellable,Processed,2026-04-25,2026-04-26,1968.64,54.2,24.74,5,Yes
4097,4826,8262,Quality Issue,2026-04-25,Customer Refused,1,Damaged,Processed,2026-04-26,2026-04-29,2456.03,142.53,23.53,3,Yes
4098,4826,8263,Wrong Item,2026-04-27,Customer Refused,1,Sellable,Processed,2026-04-28,2026-04-30,27014.86,69.88,15.7,2,Yes
4099,4827,8264,Wrong Item,2025-04-04,Late Delivery,1,Damaged,Processed,2025-04-04,2025-04-05,24121.07,90.26,19.12,9,Yes
4100,4829,8268,Wrong Item,2024-08-09,Customer Refused,1,Sellable,Processed,2024-08-09,2024-08-12,3008.53,88.79,33.05,8,Yes
4101,4832,8274,Late Delivery,2025-09-30,Customer Refused,2,Sellable,Processed,2025-09-30,2025-10-03,6168.2,85.39,26.84,9,Yes
4102,4832,8275,Late Delivery,2025-09-30,Customer Refused,1,Damaged,Processed,2025-09-30,2025-10-03,48581.11,117.86,23.05,4,Yes
4103,4837,8282,Late Delivery,2025-05-13,Customer Refused,1,Damaged,Processed,2025-05-13,2025-05-14,4110.59,55.52,30.49,9,Yes
4104,4837,8283,Wrong Item,2025-05-13,Customer Refused,1,Damaged,Processed,2025-05-13,2025-05-15,822.97,137.03,21.4,6,Yes
4105,4839,8286,Late Delivery,2025-09-16,Customer Refused,1,Damaged,Pending,2025-09-16,2025-09-17,142233.57,144.57,28.47,6,Yes
4106,4840,8287,Quality Issue,2025-06-03,Customer Refused,2,Sellable,Processed,2025-06-03,2025-06-06,7465.04,88.16,22.56,5,Yes
4107,4841,8288,Wrong Item,2024-12-26,Late Delivery,1,Damaged,Processed,2024-12-26,2024-12-27,981.93,131.21,13.43,2,Yes
4108,4841,8289,Quality Issue,2024-12-24,Late Delivery,3,Damaged,Processed,2024-12-24,2024-12-27,472060.11,90.86,29.58,8,Yes
4109,4841,8290,Wrong Item,2024-12-27,Late Delivery,1,Opened,Processed,2024-12-27,2024-12-28,537.13,129.62,14.24,7,Yes
4110,4841,8291,Wrong Item,2024-12-27,Late Delivery,1,Sellable,Processed,2024-12-27,2024-12-29,1712.23,106.36,37.54,6,Yes
4111,4841,8292,Late Delivery,2024-12-25,Late Delivery,1,Sellable,Processed,2024-12-25,2024-12-26,61330.47,99.53,34.97,9,Yes
4112,4844,8299,Wrong Item,2025-06-18,Late Delivery,1,Opened,Processed,2025-06-19,2025-06-22,4041.27,74.09,11.06,4,Yes
4113,4844,8300,Quality Issue,2025-06-18,Late Delivery,1,Damaged,Processed,2025-06-19,2025-06-21,133103.06,135.8,12.81,9,Yes
4114,4846,8302,Quality Issue,2026-04-01,Customer Refused,1,Opened,Pending,2026-04-01,2026-04-02,29473.15,123.84,30.09,9,Yes
4115,4846,8303,Wrong Item,2026-04-03,Customer Refused,3,Sellable,Processed,2026-04-03,2026-04-05,189352.8,125.15,17.41,3,Yes
4116,4850,8311,Late Delivery,2024-10-13,Customer Refused,1,Damaged,Processed,2024-10-13,2024-10-15,4688.79,74.91,32.64,6,Yes
4117,4851,8312,Quality Issue,2025-04-10,Late Delivery,1,Damaged,Processed,2025-04-10,2025-04-11,481.03,53.28,21.77,9,Yes
4118,4852,8313,Wrong Item,2025-04-28,Customer Refused,1,Damaged,Processed,2025-04-28,2025-04-30,64363.13,65.29,37.86,5,Yes
4119,4859,8323,Late Delivery,2025-05-19,Product Quality,1,Defective,Processed,2025-05-20,2025-05-21,1955.94,144.9,45.71,6,Yes
4120,4861,8325,Wrong Item,2025-11-19,Customer Refused,1,Sellable,Processed,2025-11-19,2025-11-20,80324.28,108.39,20.26,9,Yes
4121,4861,8326,Quality Issue,2025-11-16,Customer Refused,1,Sellable,Pending,2025-11-16,2025-11-19,36071.09,53.55,10.76,5,Yes
4122,4864,8329,Wrong Item,2025-11-04,Customer Refused,1,Sellable,Processed,2025-11-04,2025-11-06,1779.5,144.82,28.32,5,Yes
4123,4864,8330,Wrong Item,2025-11-05,Customer Refused,1,Sellable,Processed,2025-11-05,2025-11-07,706.67,59.75,26.89,1,Yes
4124,4866,8332,Late Delivery,2025-06-08,Customer Refused,1,Opened,Pending,2025-06-08,2025-06-10,120746.52,79.03,30.18,2,Yes
4125,4866,8333,Wrong Item,2025-06-07,Customer Refused,1,Opened,Pending,2025-06-07,2025-06-10,1136.14,56.71,29.84,1,Yes
4126,4868,8336,Late Delivery,2024-09-12,Customer Refused,1,Opened,Processed,2024-09-12,2024-09-13,710.73,119.13,28.57,9,Yes
4127,4871,8340,Late Delivery,2025-08-14,Customer Refused,1,Damaged,Processed,2025-08-14,2025-08-16,942.25,133.98,21.8,8,Yes
4128,4875,8347,Wrong Item,2024-12-21,Customer Refused,1,Damaged,Failed,2024-12-21,2024-12-24,128030.69,97.63,21.01,1,Yes
4129,4878,8351,Quality Issue,2026-02-25,Late Delivery,1,Damaged,Processed,2026-02-25,2026-02-28,48282.31,82.92,16.55,7,Yes
4130,4879,8352,Wrong Item,2026-04-09,Customer Refused,2,Damaged,Processed,2026-04-09,2026-04-10,102426.94,95.1,27.46,9,Yes
4131,4879,8353,Wrong Item,2026-04-09,Customer Refused,1,Damaged,Processed,2026-04-09,2026-04-11,39678.25,127.06,18.31,6,Yes
4132,4882,8356,Late Delivery,2026-02-06,Late Delivery,1,Damaged,Processed,2026-02-06,2026-02-09,3619.58,118.67,16.3,9,Yes
4133,4882,8357,Late Delivery,2026-02-07,Late Delivery,1,Sellable,Processed,2026-02-07,2026-02-08,28778.75,86.46,25.42,8,Yes
4134,4883,8358,Wrong Item,2025-12-28,Late Delivery,1,Opened,Processed,2025-12-28,2025-12-31,1664.88,124.83,32.25,7,Yes
4135,4884,8359,Quality Issue,2026-02-02,Late Delivery,1,Sellable,Processed,2026-02-02,2026-02-04,61985.11,108.35,37.0,1,Yes
4136,4884,8360,Late Delivery,2026-02-03,Late Delivery,3,Opened,Processed,2026-02-03,2026-02-06,14212.81,105.07,20.68,4,Yes
4137,4886,8362,Wrong Item,2024-10-16,Damaged Product,1,Opened,Processed,2024-10-16,2024-10-18,4585.11,167.06,46.58,8,Yes
4138,4892,8370,Wrong Item,2025-04-22,Not as Described,1,Opened,Processed,2025-04-22,2025-04-25,3062.45,110.94,44.36,2,Yes
4139,4892,8371,Late Delivery,2025-04-26,Product Quality,1,Damaged,Processed,2025-04-26,2025-04-28,2315.31,87.25,30.38,6,Yes
4140,4893,8375,Quality Issue,2025-07-26,Customer Refused,1,Sellable,Processed,2025-07-26,2025-07-28,24815.02,78.38,19.07,2,Yes
4141,4894,8376,Quality Issue,2024-08-19,Customer Refused,1,Sellable,Processed,2024-08-19,2024-08-21,987.57,136.48,22.58,4,Yes
4142,4895,8377,Wrong Item,2026-05-13,Customer Refused,1,Sellable,Processed,2026-05-13,2026-05-15,3385.71,144.73,20.36,5,Yes
4143,4899,8381,Wrong Item,2024-09-09,Late Delivery,1,Sellable,Processed,2024-09-09,2024-09-11,6050.29,69.49,27.98,4,Yes
4144,4899,8382,Late Delivery,2024-09-10,Late Delivery,1,Damaged,Processed,2024-09-10,2024-09-12,35641.35,110.55,24.88,7,Yes
4145,4899,8383,Wrong Item,2024-09-12,Late Delivery,2,Opened,Pending,2024-09-12,2024-09-15,10086.33,99.55,28.87,3,Yes
4146,4899,8384,Quality Issue,2024-09-10,Late Delivery,1,Damaged,Pending,2024-09-10,2024-09-13,2762.83,90.38,11.5,4,Yes
4147,4899,8385,Wrong Item,2024-09-08,Late Delivery,1,Opened,Processed,2024-09-08,2024-09-11,22041.85,94.08,34.41,2,Yes
4148,4901,8387,Late Delivery,2025-05-03,Customer Refused,1,Sellable,Processed,2025-05-03,2025-05-04,102152.04,119.49,10.03,4,Yes
4149,4902,8388,Late Delivery,2024-08-22,Late Delivery,1,Damaged,Processed,2024-08-22,2024-08-23,67762.33,138.3,30.56,3,Yes
4150,4902,8389,Late Delivery,2024-08-25,Late Delivery,1,Damaged,Processed,2024-08-25,2024-08-26,3796.66,106.35,16.37,4,Yes
4151,4904,8392,Late Delivery,2024-12-12,Not as Described,1,Opened,Pending,2024-12-13,2024-12-15,568.67,88.8,44.61,8,Yes
4152,4908,8398,Late Delivery,2026-03-07,Late Delivery,3,Damaged,Processed,2026-03-07,2026-03-09,6576.75,97.97,21.95,5,Yes
4153,4908,8399,Late Delivery,2026-03-11,Late Delivery,1,Opened,Processed,2026-03-11,2026-03-13,5092.96,69.11,32.68,6,Yes
4154,4909,8400,Late Delivery,2026-04-18,Late Delivery,1,Damaged,Processed,2026-04-18,2026-04-19,2430.96,88.82,19.55,9,Yes
4155,4914,8408,Quality Issue,2025-04-29,Late Delivery,1,Sellable,Processed,2025-04-29,2025-05-02,135905.94,60.24,22.0,5,Yes
4156,4916,8410,Quality Issue,2025-05-22,Late Delivery,1,Damaged,Processed,2025-05-22,2025-05-23,43135.57,117.73,22.45,2,Yes
4157,4916,8411,Late Delivery,2025-05-24,Late Delivery,2,Opened,Processed,2025-05-24,2025-05-26,9453.84,141.88,32.4,9,Yes
4158,4916,8412,Late Delivery,2025-05-20,Late Delivery,1,Damaged,Processed,2025-05-20,2025-05-23,1779.5,108.4,38.56,2,Yes
4159,4916,8413,Quality Issue,2025-05-24,Late Delivery,1,Damaged,Failed,2025-05-24,2025-05-26,3885.29,89.55,21.05,7,Yes
4160,4917,8414,Quality Issue,2025-10-11,Customer Refused,1,Sellable,Processed,2025-10-11,2025-10-13,104232.36,145.73,39.96,7,Yes
4161,4919,8417,Wrong Item,2025-05-15,Changed Mind,2,Opened,Processed,2025-05-15,2025-05-16,163887.21,151.57,30.27,1,Yes
4162,4922,8424,Wrong Item,2025-02-06,Late Delivery,3,Opened,Processed,2025-02-06,2025-02-08,687.04,59.85,28.54,7,Yes
4163,4925,8431,Late Delivery,2025-02-09,Customer Refused,1,Opened,Processed,2025-02-09,2025-02-11,4479.05,113.74,30.02,6,Yes
4164,4925,8432,Wrong Item,2025-02-10,Customer Refused,1,Sellable,Processed,2025-02-10,2025-02-13,4821.31,74.1,20.9,8,Yes
4165,4925,8433,Wrong Item,2025-02-11,Customer Refused,2,Damaged,Processed,2025-02-11,2025-02-14,4901.0,59.1,37.23,4,Yes
4166,4925,8434,Late Delivery,2025-02-11,Customer Refused,1,Sellable,Processed,2025-02-11,2025-02-14,2978.54,141.91,33.31,6,Yes
4167,4925,8435,Wrong Item,2025-02-07,Customer Refused,1,Damaged,Pending,2025-02-07,2025-02-08,2173.94,128.28,11.29,2,Yes
4168,4929,8439,Quality Issue,2025-03-21,Customer Refused,3,Opened,Processed,2025-03-21,2025-03-24,3594.72,84.29,17.54,5,Yes
4169,4929,8440,Quality Issue,2025-03-21,Customer Refused,1,Opened,Processed,2025-03-21,2025-03-23,51830.54,67.01,23.78,8,Yes
4170,4929,8441,Wrong Item,2025-03-19,Customer Refused,1,Damaged,Processed,2025-03-19,2025-03-20,2288.46,62.9,22.11,3,Yes
4171,4931,8443,Quality Issue,2024-10-16,Customer Refused,1,Opened,Processed,2024-10-16,2024-10-19,621.58,82.57,31.44,3,Yes
4172,4933,8446,Late Delivery,2025-09-01,Late Delivery,1,Opened,Processed,2025-09-01,2025-09-02,7958.95,121.37,36.57,3,Yes
4173,4935,8449,Late Delivery,2026-05-29,Customer Refused,1,Damaged,Processed,2026-05-29,2026-05-30,118047.08,92.53,15.53,9,Yes
4174,4936,8450,Quality Issue,2025-01-15,Customer Refused,1,Damaged,Processed,2025-01-15,2025-01-16,31831.67,116.98,10.93,4,Yes
4175,4937,8454,Wrong Item,2025-08-12,Late Delivery,1,Sellable,Processed,2025-08-12,2025-08-14,38882.91,104.73,21.51,6,Yes
4176,4942,8463,Quality Issue,2025-06-07,Customer Refused,1,Damaged,Processed,2025-06-07,2025-06-10,357.44,53.94,24.01,8,Yes
4177,4942,8464,Wrong Item,2025-06-08,Customer Refused,2,Sellable,Processed,2025-06-08,2025-06-09,157592.42,148.6,28.87,5,Yes
4178,4943,8465,Quality Issue,2026-08-05,Size/Fit Issue,1,Sellable,Processed,2026-08-05,2026-08-07,2350.97,98.81,28.15,4,Yes
4179,4944,8467,Late Delivery,2025-04-26,Customer Refused,1,Sellable,Processed,2025-04-26,2025-04-28,2104.86,143.75,30.78,5,Yes
4180,4946,8470,Late Delivery,2026-07-14,Late Delivery,1,Sellable,Processed,2026-07-14,2026-07-16,3042.4,143.66,38.0,2,Yes
4181,4946,8471,Wrong Item,2026-07-14,Late Delivery,1,Damaged,Processed,2026-07-14,2026-07-15,7664.36,59.38,17.38,1,Yes
4182,4946,8472,Quality Issue,2026-07-12,Late Delivery,1,Opened,Processed,2026-07-12,2026-07-15,3107.66,91.45,17.95,3,Yes
4183,4950,8479,Late Delivery,2025-11-18,Customer Refused,1,Opened,Processed,2025-11-18,2025-11-21,1227.63,142.29,15.93,2,Yes
4184,4951,8480,Late Delivery,2024-12-29,Damaged Product,2,Defective,Processed,2024-12-29,,0.0,74.99,31.9,3,No
4185,4952,8481,Wrong Item,2025-09-29,Late Delivery,3,Sellable,Processed,2025-09-29,2025-09-30,4283.71,62.02,38.6,1,Yes
4186,4952,8482,Wrong Item,2025-09-28,Late Delivery,1,Sellable,Processed,2025-09-28,2025-09-29,4336.95,79.33,29.78,6,Yes
4187,4954,8484,Quality Issue,2024-11-04,Customer Refused,2,Opened,Processed,2024-11-05,2024-11-06,4651.14,98.87,13.42,7,Yes
4188,4954,8485,Wrong Item,2024-11-02,Customer Refused,2,Opened,Pending,2024-11-03,2024-11-06,1719.76,94.88,35.94,6,Yes
4189,4954,8486,Late Delivery,2024-10-31,Customer Refused,1,Damaged,Failed,2024-11-01,2024-11-02,1267.98,60.62,20.08,5,Yes
4190,4954,8487,Wrong Item,2024-11-03,Customer Refused,1,Sellable,Processed,2024-11-04,2024-11-07,5385.89,77.34,28.72,3,Yes
4191,4957,8490,Quality Issue,2026-05-27,Late Delivery,1,Damaged,Processed,2026-05-27,2026-05-28,2846.61,107.51,30.41,9,Yes
4192,4957,8491,Late Delivery,2026-05-29,Late Delivery,1,Damaged,Processed,2026-05-29,2026-05-30,77199.79,67.73,20.22,7,Yes
4193,4957,8492,Quality Issue,2026-05-26,Late Delivery,1,Opened,Processed,2026-05-26,2026-05-28,3519.99,105.19,33.45,6,Yes
4194,4958,8493,Late Delivery,2026-05-13,Customer Refused,1,Sellable,Processed,2026-05-13,2026-05-16,27610.74,105.56,15.06,6,Yes
4195,4958,8494,Wrong Item,2026-05-15,Customer Refused,1,Damaged,Processed,2026-05-15,2026-05-17,2545.16,95.58,36.09,3,Yes
4196,4960,8496,Quality Issue,2025-06-16,Late Delivery,1,Sellable,Processed,2025-06-16,2025-06-17,9440.91,102.25,10.68,3,Yes
4197,4961,8497,Wrong Item,2025-06-30,Customer Refused,1,Damaged,Processed,2025-06-30,2025-07-02,1991.59,59.08,38.68,2,Yes
4198,4961,8498,Quality Issue,2025-06-30,Customer Refused,1,Damaged,Processed,2025-06-30,2025-07-03,2053.5,112.1,34.42,9,Yes
4199,4962,8499,Late Delivery,2025-03-28,Product Quality,1,Damaged,Processed,2025-03-28,2025-03-29,3122.74,120.39,40.97,6,Yes
4200,4965,8503,Quality Issue,2025-06-12,Late Delivery,3,Damaged,Processed,2025-06-12,2025-06-15,61624.5,57.07,23.99,2,Yes
4201,4966,8504,Quality Issue,2025-11-19,Damaged Product,1,Sellable,Pending,2025-11-20,2025-11-23,1107.53,177.31,33.8,4,Yes
4202,4968,8507,Wrong Item,2025-02-12,Customer Refused,1,Sellable,Pending,2025-02-12,2025-02-14,8388.56,141.41,26.21,9,Yes
4203,4968,8508,Wrong Item,2025-02-12,Customer Refused,2,Damaged,Processed,2025-02-12,2025-02-14,5590.24,106.43,31.67,6,Yes
4204,4969,8509,Quality Issue,2025-09-07,Customer Refused,1,Opened,Processed,2025-09-07,2025-09-09,4010.76,95.02,28.53,5,Yes
4205,4971,8513,Late Delivery,2025-07-11,Late Delivery,2,Opened,Processed,2025-07-12,2025-07-15,5531.1,143.07,20.52,1,Yes
4206,4971,8514,Late Delivery,2025-07-15,Late Delivery,1,Damaged,Processed,2025-07-16,2025-07-18,35381.82,113.16,25.29,8,Yes
4207,4972,8515,Wrong Item,2026-06-10,Customer Refused,1,Sellable,Processed,2026-06-10,2026-06-11,2217.55,96.85,36.97,1,Yes
4208,4974,8519,Quality Issue,2025-11-11,Late Delivery,1,Sellable,Processed,2025-11-12,2025-11-15,95420.4,96.3,34.53,2,Yes
4209,4974,8520,Quality Issue,2025-11-14,Late Delivery,1,Sellable,Processed,2025-11-15,2025-11-16,1745.15,141.43,14.97,4,Yes
4210,4975,8521,Quality Issue,2026-07-21,Customer Refused,1,Opened,Processed,2026-07-22,2026-07-25,1273.61,68.89,18.13,3,Yes
4211,4975,8522,Quality Issue,2026-07-19,Customer Refused,1,Opened,Pending,2026-07-20,2026-07-23,2057.18,128.12,14.3,2,Yes
4212,4975,8523,Wrong Item,2026-07-21,Customer Refused,3,Sellable,Processed,2026-07-22,2026-07-24,11543.19,70.77,38.43,3,Yes
4213,4977,8525,Quality Issue,2026-02-24,Customer Refused,1,Opened,Processed,2026-02-24,2026-02-27,22679.4,105.78,33.11,1,Yes
4214,4978,8526,Wrong Item,2025-02-23,Late Delivery,2,Damaged,Processed,2025-02-23,2025-02-25,3620.63,112.87,18.79,6,Yes
4215,4980,8528,Late Delivery,2026-05-15,Late Delivery,1,Sellable,Processed,2026-05-15,2026-05-16,14993.91,79.9,28.7,1,Yes
4216,4981,8530,Quality Issue,2025-05-11,Product Quality,1,Opened,Processed,2025-05-11,,2118.63,120.03,40.16,7,Yes
4217,4982,8531,Quality Issue,2025-04-28,Customer Refused,1,Damaged,Processed,2025-04-28,2025-04-29,14194.5,110.95,27.12,9,Yes
4218,4984,8534,Late Delivery,2026-04-21,Damaged Product,1,Sellable,Processed,2026-04-21,2026-04-22,33190.64,151.73,39.17,7,Yes
4219,4986,8536,Late Delivery,2026-04-09,Customer Refused,1,Opened,Processed,2026-04-09,2026-04-11,6130.67,77.25,23.53,4,Yes
4220,4987,8537,Late Delivery,2026-05-03,Late Delivery,2,Damaged,Processed,2026-05-03,2026-05-04,223580.43,102.56,24.86,6,Yes
4221,4988,8538,Wrong Item,2025-12-26,Size/Fit Issue,1,Damaged,Processed,2025-12-26,2025-12-28,3061.74,176.36,27.67,4,Yes
4222,4988,8539,Late Delivery,2025-12-23,Damaged Product,1,Damaged,Processed,2025-12-23,,0.0,76.04,26.48,4,No
4223,4989,8542,Quality Issue,2024-10-24,Customer Refused,1,Sellable,Pending,2024-10-24,2024-10-26,87874.66,146.98,37.21,4,Yes
4224,4990,8543,Quality Issue,2024-11-09,Customer Refused,1,Sellable,Processed,2024-11-09,2024-11-10,41167.53,122.43,34.16,1,Yes
4225,4991,8544,Late Delivery,2026-03-18,Customer Refused,1,Sellable,Processed,2026-03-18,2026-03-20,3714.75,54.64,35.29,5,Yes
4226,4994,8548,Quality Issue,2024-08-17,Late Delivery,1,Opened,Processed,2024-08-17,2024-08-18,4403.37,128.71,29.92,1,Yes
4227,4999,8554,Wrong Item,2026-03-11,Late Delivery,1,Sellable,Processed,2026-03-11,2026-03-14,40573.99,55.11,38.32,8,Yes
4228,4999,8555,Wrong Item,2026-03-09,Late Delivery,1,Damaged,Processed,2026-03-09,2026-03-12,5291.26,83.27,32.31,2,Yes
4229,5000,8556,Late Delivery,2026-04-14,Late Delivery,3,Damaged,Processed,2026-04-14,2026-04-17,6976.71,103.63,13.91,4,Yes
4230,5000,8557,Late Delivery,2026-04-16,Late Delivery,1,Opened,Processed,2026-04-16,2026-04-17,24047.77,128.3,23.24,7,Yes
4231,5001,8559,Quality Issue,2025-10-09,Changed Mind,3,Sellable,Processed,2025-10-09,2025-10-13,13959.15,137.92,30.84,7,Yes
4232,5003,8564,Quality Issue,2024-11-18,Late Delivery,1,Sellable,Processed,2024-11-19,2024-11-21,38559.98,63.06,22.78,7,Yes
4233,5010,8575,Late Delivery,2025-07-17,Late Delivery,1,Opened,Processed,2025-07-17,2025-07-18,2832.66,56.16,15.17,4,Yes
4234,5011,8576,Wrong Item,2026-04-06,Late Delivery,1,Damaged,Processed,2026-04-06,2026-04-09,102668.67,123.35,28.45,8,Yes
4235,5013,8578,Late Delivery,2026-03-16,Late Delivery,1,Defective,Processed,2026-03-16,,2725.36,83.46,17.55,2,Yes
4236,5015,8581,Quality Issue,2025-05-25,Customer Refused,1,Damaged,Processed,2025-05-25,2025-05-27,35747.57,89.99,21.58,5,Yes
4237,5016,8582,Late Delivery,2025-03-21,Customer Refused,1,Opened,Processed,2025-03-21,2025-03-22,3856.72,130.35,24.31,5,Yes
4238,5016,8583,Quality Issue,2025-03-22,Customer Refused,1,Sellable,Processed,2025-03-22,2025-03-25,4701.99,56.29,12.55,6,Yes
4239,5018,8585,Quality Issue,2025-02-17,Customer Refused,1,Sellable,Processed,2025-02-18,2025-02-21,8157.48,67.74,17.47,2,Yes
4240,5020,8587,Wrong Item,2025-11-15,Late Delivery,1,Sellable,Processed,2025-11-16,2025-11-19,44669.4,75.36,21.43,1,Yes
4241,5020,8588,Wrong Item,2025-11-16,Late Delivery,2,Sellable,Processed,2025-11-17,2025-11-19,1349.34,128.03,29.81,7,Yes
4242,5022,8593,Late Delivery,2025-03-18,Customer Refused,1,Sellable,Processed,2025-03-18,2025-03-19,45593.7,86.32,29.08,3,Yes
4243,5024,8596,Quality Issue,2025-07-31,Customer Refused,1,Opened,Processed,2025-07-31,2025-08-03,7358.23,102.85,28.0,8,Yes
4244,5025,8597,Late Delivery,2026-07-16,Customer Refused,1,Damaged,Processed,2026-07-16,2026-07-17,278.7,132.49,31.7,7,Yes
4245,5026,8598,Quality Issue,2026-08-09,Late Delivery,2,Opened,Processed,2026-08-09,2026-08-11,957.39,51.47,13.13,1,Yes
4246,5029,8602,Quality Issue,2026-04-04,Late Delivery,1,Opened,Processed,2026-04-04,2026-04-07,32637.56,90.45,32.51,7,Yes
4247,5029,8603,Wrong Item,2026-04-07,Late Delivery,3,Opened,Processed,2026-04-07,2026-04-10,2275.02,84.59,37.72,2,Yes
4248,5031,8607,Late Delivery,2026-04-10,Customer Refused,1,Opened,Pending,2026-04-10,2026-04-12,117383.65,90.46,14.02,7,Yes
4249,5032,8608,Late Delivery,2025-04-27,Late Delivery,1,Sellable,Processed,2025-04-27,2025-04-30,2056.64,56.69,35.68,6,Yes
4250,5032,8609,Wrong Item,2025-04-28,Late Delivery,1,Opened,Processed,2025-04-28,2025-05-01,10981.21,146.45,14.22,4,Yes
4251,5032,8610,Late Delivery,2025-04-26,Late Delivery,1,Damaged,Processed,2025-04-26,2025-04-28,64205.31,135.03,13.98,8,Yes
4252,5034,8613,Quality Issue,2025-08-14,Customer Refused,1,Opened,Processed,2025-08-14,2025-08-15,147010.15,90.78,27.55,2,Yes
4253,5034,8614,Wrong Item,2025-08-16,Customer Refused,1,Opened,Processed,2025-08-16,2025-08-17,27968.42,132.43,28.19,9,Yes
4254,5034,8615,Late Delivery,2025-08-18,Customer Refused,1,Sellable,Pending,2025-08-18,2025-08-21,28997.84,50.51,27.81,7,Yes
4255,5035,8617,Wrong Item,2026-01-10,Size/Fit Issue,1,Sellable,Pending,2026-01-11,2026-01-15,2056.53,153.67,27.16,4,Yes
4256,5036,8618,Quality Issue,2026-01-28,Late Delivery,1,Damaged,Processed,2026-01-28,2026-01-30,48077.53,102.47,29.7,8,Yes
4257,5036,8619,Quality Issue,2026-01-27,Late Delivery,1,Sellable,Processed,2026-01-27,2026-01-30,4188.58,55.14,10.27,8,Yes
4258,5039,8625,Wrong Item,2025-02-22,Damaged Product,1,Sellable,Pending,2025-02-23,2025-02-26,742.38,88.78,15.64,6,Yes
4259,5040,8626,Late Delivery,2026-07-11,Late Delivery,1,Damaged,Processed,2026-07-11,2026-07-12,112845.7,133.11,19.81,2,Yes
4260,5040,8627,Wrong Item,2026-07-12,Late Delivery,1,Damaged,Processed,2026-07-12,2026-07-15,667.72,147.68,38.98,6,Yes
4261,5041,8631,Quality Issue,2024-10-31,Changed Mind,1,Damaged,Processed,2024-10-31,2024-11-01,1286.27,120.86,37.52,7,Yes
4262,5044,8634,Quality Issue,2026-03-02,Customer Refused,1,Opened,Pending,2026-03-02,2026-03-05,3390.11,53.25,10.02,1,Yes
4263,5044,8635,Quality Issue,2026-02-28,Customer Refused,1,Opened,Processed,2026-02-28,2026-03-01,93433.5,145.08,35.35,4,Yes
4264,5044,8636,Quality Issue,2026-02-27,Customer Refused,2,Sellable,Pending,2026-02-27,2026-03-02,19165.84,132.98,23.4,6,Yes
4265,5046,8638,Late Delivery,2026-07-03,Customer Refused,1,Damaged,Processed,2026-07-03,2026-07-06,175626.18,53.5,10.84,3,Yes
4266,5046,8639,Quality Issue,2026-07-01,Customer Refused,1,Sellable,Pending,2026-07-01,2026-07-03,32396.84,72.62,29.06,4,Yes
4267,5050,8644,Wrong Item,2025-05-19,Late Delivery,2,Damaged,Pending,2025-05-19,2025-05-22,6096.99,70.52,17.67,9,Yes
4268,5053,8647,Quality Issue,2025-09-03,Late Delivery,1,Damaged,Processed,2025-09-03,2025-09-06,4066.63,77.97,20.14,7,Yes
4269,5054,8648,Late Delivery,2026-07-09,Late Delivery,1,Sellable,Processed,2026-07-09,2026-07-12,26288.59,76.01,35.68,4,Yes
4270,5056,8651,Quality Issue,2025-05-04,Product Quality,2,Opened,Processed,2025-05-04,2025-05-07,6219.25,173.98,20.82,8,Yes
4271,5058,8653,Late Delivery,2026-03-29,Late Delivery,1,Sellable,Processed,2026-03-30,2026-04-01,3177.29,62.16,14.94,1,Yes
4272,5059,8654,Wrong Item,2026-04-14,Late Delivery,1,Sellable,Processed,2026-04-14,2026-04-17,3298.48,75.24,16.03,4,Yes
4273,5060,8655,Quality Issue,2024-10-01,Customer Refused,1,Damaged,Processed,2024-10-01,2024-10-03,928.28,50.46,23.2,6,Yes
4274,5060,8656,Late Delivery,2024-09-30,Customer Refused,1,Opened,Processed,2024-09-30,2024-10-03,40517.81,62.9,37.46,1,Yes
4275,5061,8657,Quality Issue,2024-10-29,Product Quality,1,Damaged,Processed,2024-10-29,2024-10-31,99167.76,144.19,17.0,5,Yes
4276,5063,8660,Wrong Item,2025-09-17,Damaged Product,1,Opened,Processed,2025-09-18,2025-09-22,1018.92,85.26,45.93,6,Yes
4277,5063,8663,Late Delivery,2025-09-12,Changed Mind,1,Sellable,Processed,2025-09-13,2025-09-14,2428.19,72.63,23.84,3,Yes
4278,5064,8664,Quality Issue,2025-12-23,Customer Refused,1,Opened,Processed,2025-12-23,2025-12-25,901.13,148.59,37.86,4,Yes
4279,5067,8667,Late Delivery,2025-06-03,Product Quality,1,Sellable,Processed,2025-06-03,2025-06-06,112608.37,177.33,18.62,1,Yes
4280,5068,8668,Quality Issue,2026-02-23,Customer Refused,1,Opened,Processed,2026-02-23,2026-02-25,3455.14,53.44,37.82,5,Yes
4281,5069,8669,Late Delivery,2024-12-19,Customer Refused,1,Opened,Processed,2024-12-19,2024-12-22,948.68,115.17,32.09,1,Yes
4282,5071,8671,Wrong Item,2025-03-11,Late Delivery,2,Sellable,Processed,2025-03-12,2025-03-14,109957.11,57.23,32.79,5,Yes
4283,5072,8672,Wrong Item,2024-08-28,Late Delivery,2,Damaged,Processed,2024-08-28,2024-08-29,17913.25,119.23,27.13,3,Yes
4284,5074,8674,Wrong Item,2025-06-08,Late Delivery,1,Sellable,Processed,2025-06-08,2025-06-10,2301.68,61.93,12.69,7,Yes
4285,5074,8675,Late Delivery,2025-06-07,Late Delivery,1,Damaged,Pending,2025-06-07,2025-06-10,3229.69,96.43,19.64,6,Yes
4286,5074,8676,Wrong Item,2025-06-10,Late Delivery,2,Damaged,Processed,2025-06-10,2025-06-13,4976.15,119.6,26.22,5,Yes
4287,5074,8677,Quality Issue,2025-06-08,Late Delivery,1,Sellable,Processed,2025-06-08,2025-06-11,4514.47,139.27,32.24,1,Yes
4288,5076,8683,Quality Issue,2025-06-08,Customer Refused,1,Sellable,Pending,2025-06-08,2025-06-11,49456.42,140.94,12.25,9,Yes
4289,5076,8684,Late Delivery,2025-06-08,Customer Refused,1,Damaged,Pending,2025-06-08,2025-06-11,38408.73,65.75,23.61,9,Yes
4290,5077,8685,Wrong Item,2025-12-21,Customer Refused,1,Opened,Processed,2025-12-21,2025-12-24,46974.46,116.96,12.27,4,Yes
4291,5080,8689,Quality Issue,2026-07-30,Customer Refused,1,Damaged,Pending,2026-07-30,2026-08-02,432.49,105.76,15.72,2,Yes
4292,5081,8690,Wrong Item,2025-12-05,Customer Refused,1,Sellable,Processed,2025-12-05,2025-12-08,160571.62,83.53,28.01,3,Yes
4293,5083,8692,Wrong Item,2024-11-04,Changed Mind,1,Sellable,Processed,2024-11-04,2024-11-05,2102.42,122.26,37.57,1,Yes
4294,5084,8693,Quality Issue,2025-10-20,Customer Refused,1,Damaged,Processed,2025-10-20,2025-10-22,41179.33,101.3,32.82,2,Yes
4295,5090,8700,Wrong Item,2025-12-31,Damaged Product,1,Opened,Processed,2025-12-31,2026-01-04,47627.73,142.51,19.17,3,Yes
4296,5092,8702,Quality Issue,2024-09-28,Customer Refused,1,Damaged,Processed,2024-09-28,2024-09-30,32548.17,64.24,30.29,8,Yes
4297,5093,8703,Late Delivery,2026-04-10,Late Delivery,1,Damaged,Processed,2026-04-10,2026-04-12,41347.22,69.99,29.81,9,Yes
4298,5093,8704,Late Delivery,2026-04-09,Late Delivery,1,Sellable,Processed,2026-04-09,2026-04-11,578.82,141.99,17.12,1,Yes
4299,5093,8705,Late Delivery,2026-04-11,Late Delivery,1,Damaged,Pending,2026-04-11,2026-04-14,21946.33,75.22,27.57,5,Yes
4300,5095,8707,Late Delivery,2024-09-14,Late Delivery,2,Damaged,Processed,2024-09-14,2024-09-16,2985.18,121.18,18.06,2,Yes
4301,5095,8708,Late Delivery,2024-09-15,Late Delivery,1,Opened,Processed,2024-09-15,2024-09-16,39923.68,70.34,36.63,2,Yes
4302,5099,8712,Wrong Item,2024-11-27,Late Delivery,1,Opened,Processed,2024-11-28,2024-11-29,59648.92,81.13,24.65,7,Yes
4303,5102,8716,Late Delivery,2024-09-24,Customer Refused,2,Damaged,Processed,2024-09-24,2024-09-25,61626.45,109.79,29.98,8,Yes
4304,5105,8719,Late Delivery,2026-03-18,Late Delivery,1,Sellable,Processed,2026-03-18,2026-03-20,82188.32,135.56,15.59,6,Yes
4305,5105,8720,Late Delivery,2026-03-19,Late Delivery,1,Opened,Pending,2026-03-19,2026-03-20,440.43,134.31,11.66,9,Yes
4306,5105,8721,Quality Issue,2026-03-18,Late Delivery,1,Sellable,Pending,2026-03-18,2026-03-19,522.2,125.32,28.54,6,Yes
4307,5105,8722,Wrong Item,2026-03-18,Late Delivery,1,Opened,Processed,2026-03-18,2026-03-19,3732.26,76.26,16.27,4,Yes
4308,5105,8723,Wrong Item,2026-03-22,Late Delivery,1,Damaged,Processed,2026-03-22,2026-03-23,3160.05,87.38,22.64,7,Yes
4309,5107,8726,Wrong Item,2026-05-28,Late Delivery,1,Opened,Processed,2026-05-28,2026-05-30,103645.76,76.01,29.87,1,Yes
4310,5114,8739,Quality Issue,2025-12-22,Late Delivery,1,Sellable,Processed,2025-12-23,2025-12-24,44354.36,68.08,15.23,2,Yes
4311,5116,8742,Late Delivery,2026-03-17,Late Delivery,1,Opened,Processed,2026-03-17,2026-03-18,71075.54,148.47,15.02,1,Yes
4312,5118,8744,Late Delivery,2025-07-22,Late Delivery,1,Opened,Processed,2025-07-23,2025-07-25,4537.97,110.56,31.92,6,Yes
4313,5119,8745,Late Delivery,2025-09-06,Customer Refused,2,Damaged,Processed,2025-09-06,2025-09-09,4517.56,143.25,29.56,8,Yes
4314,5119,8746,Late Delivery,2025-09-06,Customer Refused,1,Opened,Processed,2025-09-06,2025-09-09,667.72,82.59,26.44,1,Yes
4315,5121,8748,Quality Issue,2025-01-10,Customer Refused,2,Opened,Processed,2025-01-10,2025-01-11,1971.11,80.2,21.18,6,Yes
4316,5122,8749,Late Delivery,2024-08-18,Customer Refused,2,Damaged,Processed,2024-08-18,2024-08-19,75715.18,78.64,13.6,3,Yes
4317,5122,8750,Late Delivery,2024-08-19,Customer Refused,1,Sellable,Processed,2024-08-19,2024-08-20,1427.41,61.27,24.32,8,Yes
4318,5123,8751,Quality Issue,2025-07-17,Late Delivery,1,Opened,Processed,2025-07-17,2025-07-20,48086.5,147.32,38.14,8,Yes
4319,5124,8752,Late Delivery,2025-08-29,Customer Refused,1,Opened,Processed,2025-08-29,2025-09-01,38372.9,74.83,35.31,4,Yes
4320,5128,8758,Wrong Item,2024-09-21,Late Delivery,1,Sellable,Processed,2024-09-21,2024-09-24,1647.24,86.92,10.26,2,Yes
4321,5130,8760,Wrong Item,2025-11-30,Customer Refused,1,Damaged,Processed,2025-11-30,2025-12-03,852.44,97.13,38.38,4,Yes
4322,5135,8769,Wrong Item,2026-03-11,Customer Refused,1,Opened,Processed,2026-03-11,2026-03-12,2660.15,73.36,30.41,7,Yes
4323,5137,8771,Late Delivery,2026-04-18,Late Delivery,1,Damaged,Processed,2026-04-18,2026-04-21,153498.41,83.72,12.49,5,Yes
4324,5138,8772,Quality Issue,2025-10-09,Late Delivery,1,Sellable,Processed,2025-10-09,2025-10-11,36163.63,91.57,16.01,1,Yes
4325,5139,8773,Late Delivery,2025-04-09,Late Delivery,1,Opened,Processed,2025-04-09,2025-04-10,518.04,63.03,15.61,5,Yes
4326,5140,8774,Quality Issue,2025-05-23,Late Delivery,1,Sellable,Processed,2025-05-23,2025-05-25,4188.58,91.61,37.03,6,Yes
4327,5140,8775,Quality Issue,2025-05-20,Late Delivery,1,Sellable,Failed,2025-05-20,2025-05-21,1977.53,70.95,24.58,9,Yes
4328,5142,8778,Late Delivery,2024-10-27,Late Delivery,1,Damaged,Processed,2024-10-27,2024-10-29,63015.58,128.92,34.01,9,Yes
4329,5142,8779,Quality Issue,2024-10-27,Late Delivery,1,Damaged,Processed,2024-10-27,2024-10-30,56408.83,113.04,23.71,8,Yes
4330,5142,8780,Wrong Item,2024-10-27,Late Delivery,1,Opened,Processed,2024-10-27,2024-10-29,348.55,141.85,19.2,8,Yes
4331,5145,8788,Wrong Item,2026-04-10,Late Delivery,1,Sellable,Processed,2026-04-10,2026-04-11,2128.51,129.48,15.85,6,Yes
4332,5146,8789,Late Delivery,2026-05-03,Customer Refused,1,Damaged,Pending,2026-05-03,2026-05-05,2832.89,75.67,34.3,7,Yes
4333,5147,8790,Quality Issue,2026-06-15,Late Delivery,2,Damaged,Processed,2026-06-15,2026-06-18,15483.84,80.67,33.47,4,Yes
4334,5147,8791,Late Delivery,2026-06-16,Late Delivery,1,Sellable,Processed,2026-06-16,2026-06-19,1896.36,115.6,11.01,6,Yes
4335,5149,8797,Quality Issue,2025-08-17,Late Delivery,1,Sellable,Processed,2025-08-17,2025-08-18,1755.56,127.45,28.16,6,Yes
4336,5149,8798,Late Delivery,2025-08-16,Late Delivery,1,Sellable,Processed,2025-08-16,2025-08-17,4342.57,139.88,18.97,3,Yes
4337,5149,8799,Wrong Item,2025-08-19,Late Delivery,1,Sellable,Processed,2025-08-19,2025-08-21,28257.91,112.19,18.26,1,Yes
4338,5149,8800,Wrong Item,2025-08-15,Late Delivery,1,Sellable,Processed,2025-08-15,2025-08-18,92637.16,85.66,28.98,6,Yes
4339,5156,8808,Late Delivery,2026-06-08,Customer Refused,1,Damaged,Pending,2026-06-08,2026-06-10,975.94,60.32,29.68,2,Yes
4340,5157,8809,Wrong Item,2026-07-21,Customer Refused,1,Damaged,Pending,2026-07-21,2026-07-22,30594.49,56.08,20.57,8,Yes
4341,5160,8815,Wrong Item,2025-01-14,Customer Refused,1,Sellable,Pending,2025-01-14,2025-01-17,70126.42,100.76,12.83,6,Yes
4342,5161,8816,Wrong Item,2024-09-15,Customer Refused,2,Damaged,Processed,2024-09-16,2024-09-18,58736.65,50.38,39.63,9,Yes
4343,5164,8821,Wrong Item,2026-01-12,Late Delivery,1,Sellable,Processed,2026-01-12,2026-01-13,2330.95,137.59,22.83,1,Yes
4344,5164,8822,Late Delivery,2026-01-15,Late Delivery,1,Sellable,Failed,2026-01-15,2026-01-16,61155.13,71.48,37.97,6,Yes
4345,5166,8824,Quality Issue,2025-07-10,Customer Refused,1,Opened,Processed,2025-07-10,2025-07-12,1418.49,110.08,11.86,1,Yes
4346,5167,8825,Wrong Item,2025-06-27,Late Delivery,1,Sellable,Pending,2025-06-27,2025-06-30,80709.96,72.52,37.7,7,Yes
4347,5167,8826,Wrong Item,2025-06-30,Late Delivery,1,Damaged,Pending,2025-06-30,2025-07-03,7501.55,122.46,27.65,6,Yes
4348,5170,8831,Late Delivery,2026-03-14,Late Delivery,1,Opened,Processed,2026-03-14,2026-03-17,2284.87,116.17,32.14,9,Yes
4349,5170,8832,Quality Issue,2026-03-13,Late Delivery,1,Sellable,Processed,2026-03-13,2026-03-15,1806.34,103.4,16.53,2,Yes
4350,5170,8833,Wrong Item,2026-03-13,Late Delivery,3,Sellable,Processed,2026-03-13,2026-03-15,7614.6,75.3,17.81,1,Yes
4351,5174,8838,Quality Issue,2025-08-27,Late Delivery,2,Opened,Pending,2025-08-27,2025-08-30,7644.68,105.6,26.07,4,Yes
4352,5176,8842,Quality Issue,2025-12-03,Customer Refused,1,Sellable,Pending,2025-12-03,2025-12-06,4036.45,68.89,21.21,5,Yes
4353,5176,8843,Quality Issue,2025-12-06,Customer Refused,2,Opened,Failed,2025-12-06,2025-12-07,62823.88,126.8,19.77,7,Yes
4354,5178,8846,Late Delivery,2025-02-01,Late Delivery,1,Opened,Processed,2025-02-01,2025-02-04,55779.52,65.88,39.12,9,Yes
4355,5178,8847,Late Delivery,2025-02-02,Late Delivery,1,Damaged,Processed,2025-02-02,2025-02-03,335.84,109.05,33.68,8,Yes
4356,5178,8848,Late Delivery,2025-01-30,Late Delivery,1,Opened,Processed,2025-01-30,2025-01-31,95703.4,82.14,38.81,9,Yes
4357,5178,8849,Wrong Item,2025-01-31,Late Delivery,1,Damaged,Processed,2025-01-31,2025-02-03,1441.25,116.24,28.63,2,Yes
4358,5178,8850,Wrong Item,2025-01-29,Late Delivery,1,Opened,Processed,2025-01-29,2025-01-31,21745.35,77.78,17.14,4,Yes
4359,5179,8851,Late Delivery,2026-05-07,Customer Refused,1,Opened,Pending,2026-05-07,2026-05-08,134.99,128.31,11.05,7,Yes
4360,5179,8852,Late Delivery,2026-05-10,Customer Refused,1,Opened,Processed,2026-05-10,2026-05-12,284.52,130.91,32.03,9,Yes
4361,5180,8853,Late Delivery,2026-06-02,Customer Refused,2,Damaged,Pending,2026-06-03,2026-06-06,2190.5,78.35,17.42,6,Yes
4362,5180,8854,Late Delivery,2026-06-03,Customer Refused,1,Damaged,Pending,2026-06-04,2026-06-07,1968.96,136.36,13.36,3,Yes
4363,5180,8855,Quality Issue,2026-06-01,Customer Refused,1,Sellable,Failed,2026-06-02,2026-06-05,734.86,124.68,24.97,5,Yes
4364,5181,8856,Late Delivery,2025-12-31,Product Quality,1,Sellable,Processed,2026-01-01,2026-01-04,2868.36,139.89,45.68,6,Yes
4365,5184,8864,Late Delivery,2025-12-05,Customer Refused,2,Damaged,Processed,2025-12-05,2025-12-08,9663.22,79.38,19.48,3,Yes
4366,5187,8870,Wrong Item,2025-05-07,Late Delivery,2,Damaged,Processed,2025-05-07,2025-05-08,289582.4,99.11,35.61,4,Yes
4367,5189,8873,Quality Issue,2024-10-09,Customer Refused,1,Sellable,Processed,2024-10-09,2024-10-11,3842.42,107.22,15.33,7,Yes
4368,5189,8874,Quality Issue,2024-10-09,Customer Refused,1,Opened,Processed,2024-10-09,2024-10-10,4106.13,58.51,28.35,8,Yes
4369,5195,8881,Late Delivery,2025-09-19,Customer Refused,2,Damaged,Processed,2025-09-19,2025-09-22,4136.08,144.83,10.84,1,Yes
4370,5195,8882,Quality Issue,2025-09-16,Customer Refused,1,Sellable,Processed,2025-09-16,2025-09-17,2958.0,57.14,24.64,9,Yes
4371,5196,8883,Late Delivery,2025-01-10,Late Delivery,1,Damaged,Processed,2025-01-10,2025-01-12,14713.75,120.93,30.66,5,Yes
4372,5197,8884,Wrong Item,2025-02-09,Late Delivery,2,Damaged,Processed,2025-02-09,2025-02-10,247807.35,86.76,18.02,2,Yes
4373,5198,8885,Late Delivery,2026-06-21,Changed Mind,1,Sellable,Processed,2026-06-22,2026-06-26,4903.43,63.67,16.51,3,Yes
4374,5200,8888,Wrong Item,2025-11-17,Size/Fit Issue,1,Opened,Pending,2025-11-18,2025-11-20,2969.34,64.05,30.82,4,Yes
4375,5201,8889,Wrong Item,2024-12-02,Late Delivery,2,Damaged,Processed,2024-12-02,2024-12-04,6871.48,76.79,26.44,4,Yes
4376,5201,8890,Quality Issue,2024-12-02,Late Delivery,2,Sellable,Processed,2024-12-02,2024-12-03,2025.58,110.51,27.4,5,Yes
4377,5202,8891,Quality Issue,2025-05-01,Late Delivery,1,Sellable,Processed,2025-05-01,2025-05-02,42012.65,74.85,27.05,9,Yes
4378,5204,8893,Wrong Item,2025-03-31,Product Quality,1,Sellable,Processed,2025-03-31,2025-04-02,49109.51,157.53,44.88,4,Yes
4379,5207,8898,Late Delivery,2025-07-31,Changed Mind,1,Sellable,Processed,2025-07-31,,0.0,123.89,38.65,8,No
4380,5209,8901,Wrong Item,2025-12-09,Customer Refused,1,Sellable,Processed,2025-12-09,2025-12-11,1779.5,77.02,26.19,3,Yes
4381,5209,8902,Wrong Item,2025-12-08,Customer Refused,1,Opened,Pending,2025-12-08,2025-12-09,411.96,54.34,14.69,3,Yes
4382,5210,8903,Late Delivery,2024-10-22,Product Quality,2,Damaged,Processed,2024-10-22,2024-10-24,1602.4,92.24,20.06,2,Yes
4383,5211,8905,Wrong Item,2024-12-03,Customer Refused,1,Damaged,Failed,2024-12-03,2024-12-04,3578.51,80.57,29.99,5,Yes
4384,5211,8906,Late Delivery,2024-12-06,Customer Refused,1,Sellable,Processed,2024-12-06,2024-12-08,2719.37,91.02,11.51,3,Yes
4385,5211,8907,Late Delivery,2024-12-04,Customer Refused,1,Damaged,Processed,2024-12-04,2024-12-07,6794.15,76.87,32.49,7,Yes
4386,5211,8908,Late Delivery,2024-12-07,Customer Refused,1,Opened,Processed,2024-12-07,2024-12-10,1200.18,123.36,24.42,2,Yes
4387,5211,8909,Wrong Item,2024-12-03,Customer Refused,1,Opened,Processed,2024-12-03,2024-12-06,599.62,105.39,12.52,1,Yes
4388,5213,8912,Wrong Item,2026-02-20,Late Delivery,1,Damaged,Processed,2026-02-20,2026-02-22,312.99,139.6,10.03,6,Yes
4389,5213,8913,Wrong Item,2026-02-16,Late Delivery,1,Sellable,Processed,2026-02-16,2026-02-19,104393.72,106.26,15.34,8,Yes
4390,5213,8914,Quality Issue,2026-02-17,Late Delivery,1,Sellable,Processed,2026-02-17,2026-02-20,951.6,148.0,37.53,2,Yes
4391,5213,8915,Wrong Item,2026-02-16,Late Delivery,1,Damaged,Failed,2026-02-16,2026-02-17,50617.27,65.97,21.39,2,Yes
4392,5213,8916,Quality Issue,2026-02-18,Late Delivery,1,Opened,Processed,2026-02-18,2026-02-19,2674.82,140.12,25.14,2,Yes
4393,5214,8917,Late Delivery,2025-06-15,Late Delivery,1,Damaged,Processed,2025-06-15,2025-06-18,285.32,128.46,30.82,8,Yes
4394,5214,8918,Wrong Item,2025-06-16,Late Delivery,3,Opened,Processed,2025-06-16,2025-06-19,7080.96,132.84,38.47,8,Yes
4395,5215,8919,Late Delivery,2025-07-11,Customer Refused,1,Damaged,Processed,2025-07-11,2025-07-12,4145.53,105.76,11.18,8,Yes
4396,5216,8920,Quality Issue,2026-07-24,Customer Refused,1,Sellable,Processed,2026-07-24,2026-07-27,4780.43,144.76,15.09,7,Yes
4397,5217,8921,Quality Issue,2026-02-09,Customer Refused,1,Sellable,Processed,2026-02-09,2026-02-12,1231.22,114.23,14.65,7,Yes
4398,5221,8926,Wrong Item,2024-08-19,Customer Refused,2,Opened,Processed,2024-08-19,2024-08-22,2422.78,103.27,10.4,2,Yes
4399,5223,8928,Late Delivery,2025-03-01,Late Delivery,2,Damaged,Processed,2025-03-02,2025-03-04,83116.64,68.47,27.07,4,Yes
4400,5223,8929,Wrong Item,2025-03-04,Late Delivery,2,Damaged,Processed,2025-03-05,2025-03-07,108048.15,125.3,27.08,5,Yes
4401,5224,8930,Quality Issue,2025-03-28,Late Delivery,1,Sellable,Processed,2025-03-28,2025-03-30,1980.52,65.39,34.34,3,Yes
4402,5228,8936,Wrong Item,2025-03-21,Late Delivery,2,Opened,Processed,2025-03-21,2025-03-24,57635.08,135.12,10.26,4,Yes
4403,5228,8937,Wrong Item,2025-03-20,Late Delivery,1,Opened,Pending,2025-03-20,2025-03-23,43668.81,104.13,25.9,2,Yes
4404,5229,8938,Quality Issue,2024-12-25,Customer Refused,3,Damaged,Pending,2024-12-26,2024-12-27,10259.49,120.07,22.9,4,Yes
4405,5229,8939,Quality Issue,2024-12-23,Customer Refused,3,Sellable,Processed,2024-12-24,2024-12-26,20034.09,50.23,28.48,7,Yes
4406,5230,8940,Late Delivery,2025-01-14,Late Delivery,1,Damaged,Processed,2025-01-14,2025-01-16,2727.99,133.5,16.67,8,Yes
4407,5230,8941,Quality Issue,2025-01-15,Late Delivery,1,Sellable,Pending,2025-01-15,2025-01-16,8333.63,118.39,34.22,3,Yes
4408,5231,8942,Wrong Item,2025-08-29,Customer Refused,1,Damaged,Processed,2025-08-29,2025-08-31,323.02,80.06,14.65,2,Yes
4409,5234,8945,Late Delivery,2025-12-04,Customer Refused,3,Damaged,Processed,2025-12-05,2025-12-07,84245.0,113.78,22.51,5,Yes
4410,5235,8946,Wrong Item,2026-04-30,Customer Refused,2,Damaged,Processed,2026-04-30,2026-05-01,6092.2,98.83,30.55,1,Yes
4411,5236,8947,Wrong Item,2025-02-03,Customer Refused,2,Sellable,Processed,2025-02-03,2025-02-04,4827.62,72.88,36.38,4,Yes
4412,5237,8948,Wrong Item,2026-05-09,Late Delivery,1,Sellable,Processed,2026-05-09,2026-05-11,6027.28,73.48,13.7,6,Yes
4413,5239,8951,Wrong Item,2024-12-20,Customer Refused,2,Sellable,Processed,2024-12-20,2024-12-22,2262.06,73.3,36.97,1,Yes
4414,5243,8956,Wrong Item,2026-07-19,Customer Refused,1,Opened,Processed,2026-07-19,2026-07-20,8822.9,77.53,23.39,9,Yes
4415,5243,8957,Late Delivery,2026-07-18,Customer Refused,1,Opened,Processed,2026-07-18,2026-07-21,848.45,107.08,22.22,1,Yes
4416,5244,8958,Quality Issue,2026-04-19,Customer Refused,1,Sellable,Processed,2026-04-20,2026-04-21,3958.62,113.92,13.52,6,Yes
4417,5251,8966,Late Delivery,2026-07-14,Product Quality,1,Sellable,Processed,2026-07-15,2026-07-19,4569.78,129.04,35.67,1,Yes
4418,5252,8970,Late Delivery,2025-03-08,Product Quality,1,Sellable,Processed,2025-03-08,2025-03-11,1578.22,87.88,29.83,9,Yes
4419,5253,8972,Quality Issue,2025-04-15,Customer Refused,1,Damaged,Processed,2025-04-15,2025-04-16,19088.03,87.47,10.03,7,Yes
4420,5254,8976,Quality Issue,2024-09-19,Changed Mind,1,Defective,Processed,2024-09-20,2024-09-22,1634.51,82.92,30.93,9,Yes
4421,5261,8990,Quality Issue,2026-01-07,Customer Refused,3,Damaged,Processed,2026-01-07,2026-01-10,13859.42,81.87,36.07,6,Yes
4422,5263,8993,Wrong Item,2025-07-06,Late Delivery,1,Sellable,Processed,2025-07-06,2025-07-09,1754.38,163.7,48.87,4,Yes
4423,5264,8994,Wrong Item,2026-02-02,Customer Refused,1,Damaged,Processed,2026-02-02,2026-02-03,21574.21,117.44,27.72,8,Yes
4424,5265,8995,Wrong Item,2026-03-16,Customer Refused,1,Sellable,Pending,2026-03-16,2026-03-19,2038.75,116.32,19.79,2,Yes
4425,5265,8996,Quality Issue,2026-03-18,Customer Refused,1,Damaged,Pending,2026-03-18,2026-03-20,70746.47,142.21,27.41,8,Yes
4426,5266,8997,Quality Issue,2026-03-09,Customer Refused,1,Damaged,Pending,2026-03-09,2026-03-11,314.46,119.44,35.27,6,Yes
4427,5269,9001,Quality Issue,2026-06-08,Customer Refused,1,Opened,Processed,2026-06-08,2026-06-09,32254.74,68.52,18.82,2,Yes
4428,5270,9002,Late Delivery,2026-03-26,Late Delivery,1,Damaged,Pending,2026-03-26,2026-03-29,21478.72,120.17,21.35,3,Yes
4429,5270,9003,Wrong Item,2026-03-27,Late Delivery,1,Sellable,Processed,2026-03-27,2026-03-29,1243.49,123.9,39.38,4,Yes
4430,5271,9004,Wrong Item,2024-12-23,Late Delivery,2,Damaged,Processed,2024-12-23,2024-12-24,1457.37,132.1,35.52,4,Yes
4431,5271,9005,Late Delivery,2024-12-24,Late Delivery,1,Damaged,Processed,2024-12-24,2024-12-25,2402.71,139.11,33.9,2,Yes
4432,5272,9006,Wrong Item,2025-01-21,Customer Refused,1,Sellable,Processed,2025-01-21,2025-01-24,6849.54,84.63,33.78,8,Yes
4433,5276,9011,Quality Issue,2024-12-11,Late Delivery,1,Damaged,Processed,2024-12-11,2024-12-12,3243.97,131.93,24.68,4,Yes
4434,5278,9013,Wrong Item,2025-08-08,Customer Refused,1,Damaged,Processed,2025-08-08,2025-08-11,236.9,81.35,21.94,7,Yes
4435,5280,9016,Quality Issue,2025-08-01,Customer Refused,1,Damaged,Processed,2025-08-01,2025-08-02,43230.9,74.17,13.67,4,Yes
4436,5281,9017,Quality Issue,2025-04-01,Late Delivery,1,Sellable,Processed,2025-04-01,2025-04-04,2221.44,55.23,37.53,7,Yes
4437,5281,9018,Quality Issue,2025-03-31,Late Delivery,1,Sellable,Processed,2025-03-31,2025-04-01,75002.05,119.79,30.95,4,Yes
4438,5281,9019,Quality Issue,2025-04-01,Late Delivery,1,Opened,Processed,2025-04-01,2025-04-03,1449.58,63.62,24.11,1,Yes
4439,5283,9021,Quality Issue,2024-11-08,Customer Refused,1,Opened,Processed,2024-11-08,2024-11-10,1828.88,147.35,15.76,7,Yes
4440,5284,9022,Wrong Item,2024-11-26,Late Delivery,1,Sellable,Processed,2024-11-26,2024-11-28,1349.54,99.65,35.93,1,Yes
4441,5285,9023,Wrong Item,2025-11-10,Late Delivery,1,Opened,Processed,2025-11-10,2025-11-12,21103.46,137.35,29.93,9,Yes
4442,5288,9032,Quality Issue,2025-11-26,Late Delivery,1,Opened,Processed,2025-11-26,2025-11-29,1074.87,125.49,25.11,2,Yes
4443,5289,9033,Wrong Item,2025-12-30,Late Delivery,1,Opened,Failed,2025-12-30,2026-01-01,1424.65,114.69,17.17,1,Yes
4444,5290,9034,Quality Issue,2024-08-12,Customer Refused,1,Sellable,Processed,2024-08-12,2024-08-15,2049.76,103.3,29.4,9,Yes
4445,5291,9035,Late Delivery,2025-10-27,Late Delivery,1,Damaged,Pending,2025-10-27,2025-10-30,1152.55,52.75,32.5,9,Yes
4446,5296,9042,Quality Issue,2025-08-18,Late Delivery,2,Damaged,Processed,2025-08-18,2025-08-21,7248.3,50.51,14.31,9,Yes
4447,5300,9049,Late Delivery,2026-07-23,Late Delivery,1,Damaged,Processed,2026-07-24,2026-07-25,2420.98,129.94,10.2,1,Yes
4448,5305,9055,Late Delivery,2026-05-21,Customer Refused,1,Damaged,Processed,2026-05-21,2026-05-23,3233.42,52.8,38.64,9,Yes
4449,5306,9056,Wrong Item,2026-07-02,Late Delivery,1,Opened,Processed,2026-07-02,2026-07-04,1318.24,131.44,34.7,4,Yes
4450,5307,9057,Late Delivery,2025-04-08,Customer Refused,1,Opened,Pending,2025-04-08,2025-04-09,3079.52,53.75,11.23,9,Yes
4451,5309,9059,Wrong Item,2025-12-31,Late Delivery,3,Damaged,Processed,2026-01-01,2026-01-03,6665.23,143.12,22.56,4,Yes
4452,5312,9062,Quality Issue,2026-07-04,Customer Refused,1,Sellable,Pending,2026-07-04,2026-07-07,16797.33,62.67,25.85,8,Yes
4453,5312,9063,Late Delivery,2026-07-06,Customer Refused,1,Opened,Processed,2026-07-06,2026-07-07,630.01,53.42,18.51,9,Yes
4454,5313,9064,Late Delivery,2026-07-25,Late Delivery,1,Opened,Processed,2026-07-25,2026-07-28,53324.64,101.15,25.63,2,Yes
4455,5315,9066,Quality Issue,2026-06-13,Customer Refused,2,Sellable,Processed,2026-06-13,2026-06-14,2876.81,142.63,33.67,8,Yes
4456,5317,9068,Late Delivery,2025-10-19,Customer Refused,1,Damaged,Processed,2025-10-20,2025-10-23,741.67,146.83,13.06,9,Yes
4457,5317,9069,Wrong Item,2025-10-18,Customer Refused,1,Sellable,Processed,2025-10-19,2025-10-20,12159.76,110.68,13.76,5,Yes
4458,5317,9070,Wrong Item,2025-10-17,Customer Refused,1,Sellable,Processed,2025-10-18,2025-10-21,101474.45,116.08,29.05,5,Yes
4459,5323,9076,Late Delivery,2024-08-12,Customer Refused,1,Opened,Processed,2024-08-12,2024-08-13,450.16,80.74,27.2,9,Yes
4460,5324,9077,Wrong Item,2026-01-02,Customer Refused,1,Sellable,Pending,2026-01-02,2026-01-04,14134.24,65.53,31.56,2,Yes
4461,5324,9078,Quality Issue,2026-01-01,Customer Refused,2,Sellable,Processed,2026-01-01,2026-01-04,4494.02,58.78,35.71,2,Yes
4462,5324,9079,Late Delivery,2025-12-30,Customer Refused,1,Damaged,Pending,2025-12-30,2026-01-01,1806.34,80.14,27.17,2,Yes
4463,5324,9080,Quality Issue,2025-12-31,Customer Refused,1,Sellable,Processed,2025-12-31,2026-01-02,4507.04,88.21,12.84,2,Yes
4464,5325,9081,Wrong Item,2026-01-22,Late Delivery,2,Damaged,Processed,2026-01-22,2026-01-24,2376.18,65.38,37.61,1,Yes
4465,5325,9082,Wrong Item,2026-01-20,Late Delivery,2,Sellable,Processed,2026-01-20,2026-01-22,5254.06,105.85,28.62,3,Yes
4466,5325,9083,Late Delivery,2026-01-24,Late Delivery,1,Sellable,Processed,2026-01-24,2026-01-27,44898.72,87.58,16.17,9,Yes
4467,5326,9084,Wrong Item,2026-01-25,Late Delivery,1,Opened,Failed,2026-01-25,2026-01-27,137205.78,132.13,35.9,7,Yes
4468,5327,9085,Quality Issue,2026-02-23,Late Delivery,1,Sellable,Processed,2026-02-23,2026-02-25,112070.62,147.64,23.57,6,Yes
4469,5327,9086,Wrong Item,2026-02-23,Late Delivery,1,Damaged,Processed,2026-02-23,2026-02-24,1184.98,56.51,11.92,3,Yes
4470,5329,9089,Wrong Item,2024-11-21,Customer Refused,1,Sellable,Processed,2024-11-21,2024-11-23,23600.44,115.89,38.41,1,Yes
4471,5330,9090,Quality Issue,2026-05-25,Late Delivery,1,Sellable,Processed,2026-05-25,2026-05-27,74.8,178.18,15.22,8,No
4472,5331,9091,Wrong Item,2026-07-05,Customer Refused,1,Opened,Processed,2026-07-05,2026-07-06,38225.06,126.96,25.36,2,Yes
4473,5332,9092,Late Delivery,2025-09-12,Customer Refused,3,Damaged,Pending,2025-09-12,2025-09-13,10157.13,59.58,24.01,3,Yes
4474,5332,9093,Wrong Item,2025-09-10,Customer Refused,2,Opened,Failed,2025-09-10,2025-09-11,6354.58,100.79,12.51,5,Yes
4475,5332,9094,Quality Issue,2025-09-12,Customer Refused,1,Opened,Processed,2025-09-12,2025-09-15,3243.97,63.64,19.98,8,Yes
4476,5332,9095,Late Delivery,2025-09-10,Customer Refused,1,Damaged,Processed,2025-09-10,2025-09-13,84848.75,147.23,11.33,7,Yes
4477,5332,9096,Wrong Item,2025-09-10,Customer Refused,1,Sellable,Processed,2025-09-10,2025-09-11,415.76,82.9,26.56,5,Yes
4478,5335,9103,Quality Issue,2026-05-01,Product Quality,1,Defective,Processed,2026-05-01,2026-05-04,2813.36,146.84,25.64,3,Yes
4479,5336,9105,Wrong Item,2025-10-03,Late Delivery,1,Opened,Processed,2025-10-03,2025-10-05,47821.65,169.82,16.36,5,Yes
4480,5341,9114,Late Delivery,2026-04-25,Late Delivery,1,Opened,Failed,2026-04-25,2026-04-28,2297.98,86.46,22.87,4,Yes
4481,5341,9115,Quality Issue,2026-04-26,Late Delivery,1,Sellable,Processed,2026-04-26,2026-04-28,365.21,54.51,28.42,3,Yes
4482,5341,9116,Wrong Item,2026-04-25,Late Delivery,1,Sellable,Processed,2026-04-25,2026-04-26,7209.62,129.04,34.84,8,Yes
4483,5341,9117,Quality Issue,2026-04-25,Late Delivery,1,Sellable,Processed,2026-04-25,2026-04-27,33088.65,67.16,35.14,8,Yes
4484,5342,9118,Quality Issue,2026-05-21,Size/Fit Issue,1,Sellable,Processed,2026-05-21,2026-05-23,1090.52,67.96,39.32,5,Yes
4485,5343,9119,Quality Issue,2025-07-13,Customer Refused,3,Damaged,Processed,2025-07-13,2025-07-14,11694.87,92.03,36.06,5,Yes
4486,5343,9120,Wrong Item,2025-07-17,Customer Refused,1,Sellable,Processed,2025-07-17,2025-07-20,2725.86,138.44,36.9,2,Yes
4487,5345,9126,Wrong Item,2025-11-27,Damaged Product,1,Sellable,Pending,2025-11-27,2025-12-01,39621.43,71.43,40.35,8,Yes
4488,5346,9127,Wrong Item,2026-05-29,Late Delivery,1,Damaged,Processed,2026-05-29,2026-05-31,1207.15,119.22,38.0,3,Yes
4489,5347,9128,Late Delivery,2026-05-05,Late Delivery,1,Sellable,Processed,2026-05-05,2026-05-07,1559.6,123.25,29.93,4,Yes
4490,5347,9129,Wrong Item,2026-05-05,Late Delivery,1,Damaged,Pending,2026-05-05,2026-05-08,8016.05,87.57,16.75,9,Yes
4491,5349,9131,Late Delivery,2026-07-06,Late Delivery,1,Damaged,Processed,2026-07-06,2026-07-09,2488.45,174.52,41.67,5,Yes
4492,5353,9140,Wrong Item,2026-06-18,Customer Refused,2,Damaged,Processed,2026-06-18,2026-06-21,1628.11,73.0,26.83,4,Yes
4493,5353,9141,Quality Issue,2026-06-19,Customer Refused,1,Damaged,Processed,2026-06-19,2026-06-21,108760.14,137.33,29.26,8,Yes
4494,5355,9147,Quality Issue,2025-11-16,Changed Mind,1,Opened,Processed,2025-11-16,2025-11-18,108776.14,97.39,36.43,5,Yes
4495,5357,9150,Quality Issue,2026-06-27,Late Delivery,1,Opened,Processed,2026-06-27,2026-06-29,2118.99,126.12,17.06,6,Yes
4496,5359,9152,Wrong Item,2025-08-19,Customer Refused,1,Sellable,Processed,2025-08-20,2025-08-21,5455.75,108.43,24.03,7,Yes
4497,5367,9163,Quality Issue,2025-01-21,Customer Refused,1,Sellable,Processed,2025-01-22,2025-01-25,27071.3,149.26,14.84,6,Yes
4498,5371,9169,Wrong Item,2026-06-22,Late Delivery,1,Damaged,Pending,2026-06-22,2026-06-24,6458.04,126.17,28.73,1,Yes
4499,5372,9170,Quality Issue,2026-07-20,Customer Refused,1,Opened,Failed,2026-07-21,2026-07-24,35187.89,127.47,12.89,2,Yes
4500,5375,9177,Late Delivery,2025-07-31,Late Delivery,1,Opened,Processed,2025-07-31,2025-08-01,3248.66,60.3,37.46,8,Yes
4501,5375,9178,Quality Issue,2025-08-02,Late Delivery,2,Damaged,Pending,2025-08-02,2025-08-05,221279.26,62.01,31.03,5,Yes
4502,5376,9179,Quality Issue,2025-10-28,Late Delivery,1,Sellable,Pending,2025-10-28,2025-10-31,76791.82,94.31,21.09,2,Yes
4503,5381,9184,Quality Issue,2024-09-16,Customer Refused,1,Damaged,Processed,2024-09-17,2024-09-19,1233.75,107.26,34.83,7,Yes
4504,5383,9186,Quality Issue,2025-10-09,Customer Refused,1,Sellable,Processed,2025-10-09,2025-10-10,83953.83,100.64,11.58,9,Yes
4505,5384,9187,Wrong Item,2025-09-14,Product Quality,1,Sellable,Processed,2025-09-14,2025-09-16,2511.77,130.88,15.72,8,Yes
4506,5385,9188,Wrong Item,2026-01-24,Damaged Product,1,Defective,Processed,2026-01-24,2026-01-27,2901.62,138.01,29.48,8,Yes
4507,5389,9193,Quality Issue,2025-11-11,Customer Refused,2,Sellable,Failed,2025-11-11,2025-11-13,4121.9,56.72,35.88,1,Yes
4508,5389,9194,Quality Issue,2025-11-09,Customer Refused,1,Opened,Processed,2025-11-09,2025-11-10,1768.72,87.63,21.02,6,Yes
4509,5392,9198,Quality Issue,2026-05-17,Customer Refused,1,Damaged,Processed,2026-05-17,2026-05-19,92338.19,139.33,27.81,8,Yes
4510,5392,9199,Quality Issue,2026-05-17,Customer Refused,3,Opened,Processed,2026-05-17,2026-05-18,427173.0,78.05,27.72,9,Yes
4511,5392,9200,Wrong Item,2026-05-15,Customer Refused,1,Opened,Pending,2026-05-15,2026-05-16,1648.24,107.19,29.03,6,Yes
4512,5392,9201,Quality Issue,2026-05-14,Customer Refused,1,Damaged,Pending,2026-05-14,2026-05-15,51993.79,96.41,25.05,4,Yes
4513,5393,9202,Quality Issue,2025-09-07,Late Delivery,1,Damaged,Processed,2025-09-07,2025-09-09,854.62,58.03,13.89,9,Yes
4514,5394,9203,Wrong Item,2025-10-21,Late Delivery,1,Damaged,Processed,2025-10-21,2025-10-24,4797.87,120.22,29.24,2,Yes
4515,5395,9204,Quality Issue,2024-11-14,Late Delivery,2,Opened,Failed,2024-11-14,2024-11-16,6776.52,116.13,19.12,5,Yes
4516,5395,9205,Late Delivery,2024-11-11,Late Delivery,3,Opened,Processed,2024-11-11,2024-11-12,6274.53,63.95,31.49,5,Yes
4517,5397,9207,Quality Issue,2026-06-28,Customer Refused,2,Sellable,Processed,2026-06-28,2026-06-30,7525.43,103.61,25.54,4,Yes
4518,5401,9217,Wrong Item,2026-01-23,Size/Fit Issue,1,Sellable,Processed,2026-01-23,2026-01-25,970.1,163.24,26.35,7,Yes
4519,5403,9223,Late Delivery,2026-06-18,Customer Refused,1,Opened,Processed,2026-06-18,2026-06-20,2682.04,93.92,33.17,9,Yes
4520,5403,9224,Quality Issue,2026-06-22,Customer Refused,1,Opened,Failed,2026-06-22,2026-06-25,1698.53,149.13,27.81,9,Yes
4521,5406,9228,Quality Issue,2024-09-06,Customer Refused,2,Opened,Processed,2024-09-06,2024-09-07,53526.77,91.22,11.01,6,Yes
4522,5406,9229,Quality Issue,2024-09-06,Customer Refused,1,Damaged,Processed,2024-09-06,2024-09-08,63414.38,61.11,38.01,5,Yes
4523,5407,9230,Wrong Item,2025-03-19,Customer Refused,1,Opened,Processed,2025-03-19,2025-03-22,83334.6,91.34,23.54,7,Yes
4524,5412,9243,Quality Issue,2024-09-04,Product Quality,1,Opened,Processed,2024-09-05,2024-09-06,28999.02,102.55,19.84,1,Yes
4525,5413,9244,Quality Issue,2026-03-29,Customer Refused,1,Damaged,Processed,2026-03-29,2026-04-01,536.2,122.47,39.09,4,Yes
4526,5417,9249,Wrong Item,2025-12-02,Late Delivery,1,Opened,Processed,2025-12-02,2025-12-03,353.26,120.39,33.56,4,Yes
4527,5419,9251,Quality Issue,2026-03-21,Late Delivery,1,Damaged,Processed,2026-03-21,2026-03-23,264.25,141.59,39.73,6,Yes
4528,5419,9252,Wrong Item,2026-03-20,Late Delivery,1,Damaged,Pending,2026-03-20,2026-03-23,137474.82,70.11,39.27,5,Yes
4529,5421,9254,Late Delivery,2025-12-07,Product Quality,1,Defective,Processed,2025-12-07,,83286.01,117.36,21.79,3,Yes
4530,5422,9255,Wrong Item,2026-01-11,Late Delivery,1,Damaged,Processed,2026-01-11,2026-01-14,42143.67,89.06,30.18,6,Yes
4531,5422,9256,Quality Issue,2026-01-12,Late Delivery,2,Damaged,Processed,2026-01-12,2026-01-13,217875.49,104.24,21.55,2,Yes
4532,5422,9257,Wrong Item,2026-01-12,Late Delivery,1,Damaged,Pending,2026-01-12,2026-01-14,22990.79,117.34,10.92,9,Yes
4533,5424,9261,Wrong Item,2025-02-08,Late Delivery,2,Damaged,Processed,2025-02-08,2025-02-10,52102.31,98.59,15.83,9,Yes
4534,5424,9262,Quality Issue,2025-02-08,Late Delivery,1,Opened,Processed,2025-02-08,2025-02-10,106406.72,71.21,37.42,3,Yes
4535,5425,9263,Late Delivery,2025-03-04,Customer Refused,1,Opened,Processed,2025-03-04,2025-03-06,1974.35,105.42,11.86,5,Yes
4536,5426,9264,Quality Issue,2026-02-08,Product Quality,1,Sellable,Processed,2026-02-09,2026-02-11,2523.95,76.95,21.15,7,Yes
4537,5427,9270,Late Delivery,2025-05-30,Late Delivery,1,Sellable,Pending,2025-05-31,2025-06-03,1296.81,110.63,32.24,7,Yes
4538,5430,9279,Late Delivery,2025-07-15,Not as Described,1,Sellable,Processed,2025-07-15,,0.0,85.35,22.51,6,No
4539,5433,9282,Wrong Item,2024-11-27,Customer Refused,2,Opened,Processed,2024-11-27,2024-11-29,181762.66,96.52,16.08,4,Yes
4540,5438,9288,Wrong Item,2025-03-24,Late Delivery,3,Opened,Processed,2025-03-24,2025-03-25,295923.92,94.41,17.6,6,Yes
4541,5438,9289,Wrong Item,2025-03-23,Late Delivery,1,Damaged,Processed,2025-03-23,2025-03-25,4982.65,54.04,29.77,9,Yes
4542,5438,9290,Quality Issue,2025-03-23,Late Delivery,1,Sellable,Processed,2025-03-23,2025-03-26,1279.09,119.73,33.17,4,Yes
4543,5439,9291,Late Delivery,2026-02-25,Customer Refused,1,Sellable,Processed,2026-02-25,2026-02-26,26621.13,91.68,32.02,8,Yes
4544,5440,9292,Late Delivery,2026-05-02,Customer Refused,1,Sellable,Pending,2026-05-02,2026-05-04,628.26,61.4,21.86,2,Yes
4545,5442,9298,Quality Issue,2024-12-24,Damaged Product,1,Defective,Pending,2024-12-24,2024-12-28,46974.46,90.3,25.68,1,Yes
4546,5443,9300,Wrong Item,2026-02-17,Late Delivery,1,Sellable,Processed,2026-02-17,2026-02-18,2058.22,103.41,33.52,3,Yes
4547,5443,9301,Late Delivery,2026-02-14,Late Delivery,1,Damaged,Processed,2026-02-14,2026-02-16,3569.71,82.87,23.79,7,Yes
4548,5443,9302,Wrong Item,2026-02-15,Late Delivery,1,Sellable,Pending,2026-02-15,2026-02-18,3748.33,104.01,28.83,5,Yes
4549,5444,9303,Quality Issue,2024-10-07,Late Delivery,1,Sellable,Processed,2024-10-07,2024-10-09,3115.1,112.66,21.6,6,Yes
4550,5446,9305,Quality Issue,2025-02-02,Customer Refused,1,Opened,Processed,2025-02-02,2025-02-05,35199.45,131.84,23.63,9,Yes
4551,5446,9306,Quality Issue,2025-02-02,Customer Refused,1,Sellable,Processed,2025-02-02,2025-02-03,1943.32,68.34,14.58,8,Yes
4552,5451,9313,Wrong Item,2026-07-17,Customer Refused,3,Damaged,Pending,2026-07-17,2026-07-19,108150.18,138.85,26.55,6,Yes
4553,5451,9314,Wrong Item,2026-07-17,Customer Refused,1,Opened,Pending,2026-07-17,2026-07-19,2551.16,113.73,35.97,3,Yes
4554,5454,9318,Late Delivery,2025-08-17,Late Delivery,1,Opened,Processed,2025-08-17,2025-08-20,2600.25,120.81,25.45,4,Yes
4555,5457,9321,Late Delivery,2025-05-18,Customer Refused,1,Sellable,Pending,2025-05-18,2025-05-20,3212.61,94.24,28.28,4,Yes
4556,5461,9327,Wrong Item,2025-06-09,Late Delivery,1,Opened,Pending,2025-06-09,2025-06-11,2479.15,67.15,31.36,6,Yes
4557,5461,9328,Wrong Item,2025-06-08,Late Delivery,1,Opened,Pending,2025-06-08,2025-06-11,1312.43,73.92,12.42,7,Yes
4558,5470,9339,Wrong Item,2025-09-25,Customer Refused,1,Sellable,Processed,2025-09-25,2025-09-28,1188.09,115.36,22.62,9,Yes
4559,5472,9341,Quality Issue,2026-02-12,Customer Refused,1,Sellable,Processed,2026-02-12,2026-02-14,3669.05,115.13,30.81,7,Yes
4560,5472,9342,Quality Issue,2026-02-10,Customer Refused,1,Sellable,Failed,2026-02-10,2026-02-11,6762.4,67.23,20.72,8,Yes
4561,5472,9343,Late Delivery,2026-02-09,Customer Refused,1,Sellable,Processed,2026-02-09,2026-02-10,14895.15,136.65,28.51,3,Yes
4562,5472,9344,Late Delivery,2026-02-10,Customer Refused,1,Sellable,Processed,2026-02-10,2026-02-12,14022.3,106.56,27.84,8,Yes
4563,5473,9345,Late Delivery,2025-07-28,Customer Refused,1,Opened,Processed,2025-07-28,2025-07-31,14129.03,112.52,29.77,4,Yes
4564,5473,9346,Wrong Item,2025-07-30,Customer Refused,1,Opened,Pending,2025-07-30,2025-08-01,150.15,100.47,37.65,2,Yes
4565,5474,9347,Late Delivery,2025-09-07,Damaged Product,1,Opened,Processed,2025-09-08,2025-09-09,18027.0,68.51,21.87,6,Yes
4566,5475,9349,Wrong Item,2026-03-11,Late Delivery,1,Sellable,Pending,2026-03-11,2026-03-12,18497.48,113.9,28.5,9,Yes
4567,5476,9350,Quality Issue,2026-04-18,Customer Refused,1,Sellable,Processed,2026-04-18,2026-04-20,1809.51,96.23,28.59,8,Yes
4568,5476,9351,Wrong Item,2026-04-17,Customer Refused,2,Damaged,Processed,2026-04-17,2026-04-20,139412.7,135.13,39.15,2,Yes
4569,5479,9354,Wrong Item,2025-02-27,Late Delivery,1,Sellable,Pending,2025-02-28,2025-03-02,1482.12,84.48,11.63,9,Yes
4570,5480,9355,Quality Issue,2025-12-30,Customer Refused,1,Sellable,Pending,2025-12-30,2025-12-31,2638.83,98.88,30.97,3,Yes
4571,5480,9356,Late Delivery,2025-12-31,Customer Refused,1,Opened,Processed,2025-12-31,2026-01-03,9236.83,123.82,18.26,8,Yes
4572,5485,9362,Wrong Item,2025-02-16,Customer Refused,1,Sellable,Processed,2025-02-16,2025-02-18,2090.42,65.42,29.44,5,Yes
4573,5485,9363,Quality Issue,2025-02-13,Customer Refused,1,Opened,Processed,2025-02-13,2025-02-16,1189.09,92.37,29.39,4,Yes
4574,5485,9364,Quality Issue,2025-02-15,Customer Refused,1,Opened,Processed,2025-02-15,2025-02-16,29314.42,93.88,13.91,9,Yes
4575,5485,9365,Quality Issue,2025-02-13,Customer Refused,1,Damaged,Processed,2025-02-13,2025-02-16,6769.89,74.72,37.5,8,Yes
4576,5485,9366,Wrong Item,2025-02-12,Customer Refused,1,Sellable,Pending,2025-02-12,2025-02-13,78739.73,76.03,37.58,2,Yes
4577,5486,9367,Wrong Item,2025-03-24,Customer Refused,1,Opened,Pending,2025-03-24,2025-03-25,2423.62,125.99,12.2,6,Yes
4578,5486,9368,Late Delivery,2025-03-27,Customer Refused,1,Opened,Processed,2025-03-27,2025-03-28,60251.54,93.67,39.22,7,Yes
4579,5486,9369,Late Delivery,2025-03-26,Customer Refused,1,Damaged,Processed,2025-03-26,2025-03-27,173.57,70.31,39.32,3,Yes
4580,5490,9374,Wrong Item,2025-11-23,Customer Refused,1,Damaged,Failed,2025-11-23,2025-11-24,25975.94,80.61,27.13,2,Yes
4581,5491,9375,Late Delivery,2026-03-11,Late Delivery,1,Sellable,Processed,2026-03-11,2026-03-14,2980.81,51.55,28.85,2,Yes
4582,5492,9376,Wrong Item,2026-04-05,Not as Described,1,Sellable,Processed,2026-04-05,,1151.25,92.5,47.0,2,Yes
4583,5492,9377,Late Delivery,2026-04-06,Changed Mind,1,Damaged,Processed,2026-04-06,2026-04-07,1351.37,97.11,32.63,2,Yes
4584,5492,9380,Late Delivery,2026-04-04,Product Quality,1,Sellable,Processed,2026-04-04,2026-04-06,20246.89,70.93,37.52,9,Yes
4585,5505,9403,Quality Issue,2025-11-10,Product Quality,1,Sellable,Processed,2025-11-10,2025-11-14,2677.84,171.76,24.9,5,Yes
4586,5508,9409,Quality Issue,2025-12-06,Size/Fit Issue,1,Sellable,Processed,2025-12-06,2025-12-08,2312.96,73.32,26.46,2,Yes
4587,5520,9427,Quality Issue,2025-05-19,Product Quality,1,Sellable,Processed,2025-05-19,2025-05-22,1161.26,76.29,49.37,8,Yes
4588,5528,9442,Late Delivery,2025-08-21,Changed Mind,1,Sellable,Processed,2025-08-21,2025-08-24,53857.66,146.42,49.16,7,Yes
4589,5530,9448,Quality Issue,2025-11-05,Product Quality,1,Sellable,Failed,2025-11-05,2025-11-08,1953.88,85.77,16.95,5,Yes
4590,5537,9462,Late Delivery,2025-12-20,Size/Fit Issue,1,Sellable,Processed,2025-12-20,2025-12-24,2682.72,75.31,48.59,2,Yes
4591,5549,9486,Late Delivery,2025-12-31,Damaged Product,1,Sellable,Processed,2025-12-31,2026-01-02,990.24,130.56,45.67,2,Yes
4592,5560,9505,Quality Issue,2026-03-26,Changed Mind,1,Sellable,Processed,2026-03-26,2026-03-28,2354.49,67.51,45.89,5,Yes
4593,5563,9509,Late Delivery,2024-09-06,Damaged Product,1,Sellable,Processed,2024-09-07,2024-09-10,27654.79,164.86,31.74,2,Yes
4594,5567,9514,Late Delivery,2026-05-28,Product Quality,1,Sellable,Processed,2026-05-28,2026-05-31,3473.03,115.57,20.38,4,Yes
4595,5586,9544,Wrong Item,2025-04-01,Damaged Product,1,Opened,Pending,2025-04-01,2025-04-04,5456.54,117.85,33.74,1,Yes
4596,5593,9553,Wrong Item,2025-04-12,Product Quality,2,Damaged,Processed,2025-04-12,2025-04-13,106630.12,71.87,22.82,6,Yes
4597,5600,9562,Quality Issue,2026-01-14,Size/Fit Issue,1,Opened,Processed,2026-01-14,2026-01-18,3405.71,71.56,46.59,4,Yes
4598,5601,9563,Wrong Item,2026-02-24,Product Quality,1,Sellable,Pending,2026-02-24,2026-02-25,1478.56,149.29,17.47,8,Yes
4599,5601,9564,Late Delivery,2026-02-22,Not as Described,1,Sellable,Processed,2026-02-22,2026-02-23,2633.38,96.45,35.99,6,Yes
4600,5603,9566,Quality Issue,2025-07-09,Changed Mind,1,Opened,Processed,2025-07-09,2025-07-11,1056.84,84.88,40.86,2,Yes
4601,5615,9585,Wrong Item,2024-09-08,Late Delivery,1,Sellable,Processed,2024-09-08,,3300.09,126.39,37.07,4,Yes
4602,5621,9591,Quality Issue,2026-01-06,Not as Described,1,Sellable,Processed,2026-01-07,2026-01-08,1532.5,150.98,36.25,6,Yes
4603,5630,9610,Wrong Item,2025-09-11,Product Quality,1,Opened,Processed,2025-09-11,,1553.01,124.55,34.7,5,Yes
4604,5632,9616,Wrong Item,2025-07-07,Damaged Product,1,Sellable,Pending,2025-07-07,2025-07-10,3509.57,146.82,28.72,7,Yes
4605,5632,9617,Late Delivery,2025-07-10,Changed Mind,1,Sellable,Processed,2025-07-10,,2219.5,154.62,39.06,2,Yes
4606,5633,9619,Quality Issue,2025-08-19,Damaged Product,1,Sellable,Processed,2025-08-19,,40646.43,157.06,46.23,4,Yes
4607,5636,9623,Wrong Item,2025-09-23,Not as Described,1,Damaged,Processed,2025-09-23,2025-09-24,4276.25,117.46,32.84,4,Yes
4608,5642,9631,Quality Issue,2026-03-02,Late Delivery,1,Defective,Processed,2026-03-02,2026-03-04,69991.07,116.39,42.71,5,Yes
4609,5646,9636,Quality Issue,2026-07-01,Not as Described,1,Sellable,Failed,2026-07-01,2026-07-04,2785.23,110.19,34.94,8,Yes
4610,5649,9640,Late Delivery,2024-10-09,Not as Described,1,Sellable,Pending,2024-10-10,2024-10-13,4499.31,92.26,29.71,1,Yes
4611,5653,9646,Quality Issue,2025-03-11,Damaged Product,1,Damaged,Processed,2025-03-11,2025-03-15,74299.36,122.08,15.44,2,Yes
4612,5685,9699,Quality Issue,2026-01-12,Late Delivery,1,Opened,Processed,2026-01-12,2026-01-15,9210.89,94.28,40.31,5,Yes
4613,5695,9715,Late Delivery,2025-01-13,Changed Mind,1,Opened,Processed,2025-01-14,2025-01-17,2161.01,93.17,37.49,6,Yes
4614,5696,9719,Quality Issue,2025-02-14,Size/Fit Issue,1,Opened,Pending,2025-02-14,2025-02-17,3875.24,138.56,17.2,2,Yes
4615,5699,9722,Quality Issue,2025-10-10,Damaged Product,1,Opened,Processed,2025-10-10,2025-10-11,2056.64,82.15,43.87,4,Yes
4616,5701,9724,Late Delivery,2025-12-21,Changed Mind,1,Opened,Processed,2025-12-22,2025-12-23,3444.4,97.29,45.58,4,Yes
4617,5702,9725,Quality Issue,2025-08-22,Product Quality,1,Damaged,Pending,2025-08-23,2025-08-26,4280.28,172.42,48.02,3,Yes
4618,5706,9737,Wrong Item,2025-12-12,Late Delivery,1,Defective,Processed,2025-12-12,2025-12-16,1153.66,120.93,37.52,8,Yes
4619,5710,9742,Late Delivery,2026-08-05,Size/Fit Issue,1,Sellable,Processed,2026-08-05,2026-08-09,627.2,109.18,30.68,8,Yes
4620,5720,9759,Wrong Item,2025-09-25,Changed Mind,2,Opened,Processed,2025-09-26,2025-09-27,60086.28,77.79,40.23,2,Yes
4621,5723,9766,Late Delivery,2026-01-03,Product Quality,1,Opened,Processed,2026-01-03,2026-01-05,2523.95,165.31,42.82,2,Yes
4622,5729,9778,Late Delivery,2025-04-11,Late Delivery,1,Damaged,Processed,2025-04-12,,1714.84,69.38,39.6,8,Yes
4623,5731,9781,Quality Issue,2025-08-26,Not as Described,1,Opened,Processed,2025-08-26,2025-08-30,13907.3,165.2,41.67,6,Yes
4624,5735,9786,Late Delivery,2025-07-06,Late Delivery,2,Opened,Processed,2025-07-06,,117644.82,177.21,27.23,7,Yes
4625,5736,9788,Late Delivery,2026-01-18,Damaged Product,1,Sellable,Processed,2026-01-18,2026-01-21,3117.76,158.81,20.35,3,Yes
4626,5737,9789,Wrong Item,2026-02-17,Product Quality,1,Sellable,Processed,2026-02-17,2026-02-18,3221.81,154.52,47.87,4,Yes
4627,5740,9797,Wrong Item,2024-12-20,Size/Fit Issue,1,Opened,Processed,2024-12-20,2024-12-24,1692.51,62.44,41.54,1,Yes
4628,5746,9808,Quality Issue,2026-02-03,Changed Mind,1,Opened,Processed,2026-02-03,2026-02-07,65460.34,77.48,29.86,3,Yes
4629,5748,9811,Wrong Item,2026-03-23,Size/Fit Issue,1,Sellable,Processed,2026-03-23,2026-03-24,2820.53,121.29,27.8,4,Yes
4630,5749,9813,Quality Issue,2025-11-03,Not as Described,1,Opened,Processed,2025-11-03,,1931.15,63.73,29.47,5,Yes
4631,5750,9815,Wrong Item,2025-12-13,Not as Described,1,Sellable,Processed,2025-12-13,2025-12-14,3969.09,82.09,25.34,6,Yes
4632,5761,9833,Quality Issue,2025-05-05,Size/Fit Issue,3,Sellable,Processed,2025-05-05,2025-05-07,9905.97,108.68,27.98,5,Yes
4633,5782,9867,Wrong Item,2025-05-01,Damaged Product,1,Sellable,Pending,2025-05-02,,0.0,119.36,26.06,2,No
4634,5782,9868,Late Delivery,2025-05-01,Damaged Product,1,Sellable,Processed,2025-05-02,2025-05-05,96292.57,141.41,27.42,4,Yes
4635,5784,9871,Late Delivery,2025-07-10,Product Quality,1,Opened,Processed,2025-07-11,2025-07-14,15491.69,60.94,18.98,8,Yes
4636,5790,9884,Wrong Item,2026-08-03,Late Delivery,1,Opened,Processed,2026-08-03,2026-08-06,2008.67,120.38,21.18,9,Yes
4637,5791,9885,Wrong Item,2026-01-27,Size/Fit Issue,1,Sellable,Processed,2026-01-28,2026-02-01,1492.59,179.6,35.95,3,Yes
4638,5791,9886,Quality Issue,2026-01-30,Changed Mind,1,Defective,Processed,2026-01-30,2026-02-01,7044.95,151.74,36.66,7,Yes
4639,5799,9895,Quality Issue,2026-01-20,Damaged Product,1,Sellable,Processed,2026-01-20,,0.0,156.46,39.15,6,No
4640,5799,9896,Late Delivery,2026-01-26,Not as Described,1,Opened,Processed,2026-01-26,2026-01-30,3270.04,117.35,18.63,7,Yes
4641,5800,9898,Late Delivery,2025-08-13,Size/Fit Issue,1,Defective,Pending,2025-08-14,2025-08-17,3197.82,69.49,16.04,3,Yes
4642,5801,9899,Late Delivery,2025-09-29,Size/Fit Issue,2,Sellable,Pending,2025-09-29,2025-10-01,6137.67,171.23,46.41,3,Yes
4643,5802,9902,Wrong Item,2025-05-20,Changed Mind,1,Sellable,Processed,2025-05-20,2025-05-24,5175.68,144.42,27.31,2,Yes
4644,5805,9908,Quality Issue,2025-01-10,Product Quality,1,Sellable,Processed,2025-01-10,2025-01-13,106877.4,143.04,26.58,8,Yes
4645,5808,9912,Wrong Item,2025-05-02,Changed Mind,1,Sellable,Failed,2025-05-02,,3870.15,80.82,39.64,9,Yes
4646,5810,9915,Quality Issue,2024-11-13,Damaged Product,1,Damaged,Processed,2024-11-13,2024-11-16,3692.9,162.94,21.27,4,Yes
4647,5819,9928,Quality Issue,2025-12-09,Damaged Product,1,Sellable,Processed,2025-12-09,2025-12-13,959.8,168.65,25.6,3,Yes
4648,5822,9937,Quality Issue,2025-10-27,Size/Fit Issue,1,Damaged,Processed,2025-10-28,2025-10-29,2377.31,97.22,39.64,7,Yes
4649,5823,9939,Quality Issue,2025-11-22,Changed Mind,1,Defective,Processed,2025-11-22,2025-11-24,131194.89,78.26,21.21,5,Yes
4650,5828,9945,Quality Issue,2026-02-12,Product Quality,1,Opened,Processed,2026-02-12,2026-02-16,3727.82,127.58,47.0,3,Yes
4651,5831,9950,Quality Issue,2026-05-14,Product Quality,1,Opened,Processed,2026-05-14,2026-05-17,1789.37,160.37,18.2,9,Yes
4652,5832,9954,Wrong Item,2024-12-30,Late Delivery,1,Opened,Pending,2024-12-30,,0.0,104.88,42.64,2,No
4653,5834,9957,Late Delivery,2025-02-04,Product Quality,1,Sellable,Processed,2025-02-04,,0.0,179.15,48.15,9,No
4654,5836,9961,Wrong Item,2025-11-26,Product Quality,1,Sellable,Failed,2025-11-26,2025-11-30,4518.15,132.81,33.39,8,Yes
4655,5869,10019,Quality Issue,2025-07-14,Product Quality,2,Damaged,Failed,2025-07-14,,3025.87,100.31,28.28,8,Yes
4656,5870,10022,Quality Issue,2025-08-03,Size/Fit Issue,1,Sellable,Processed,2025-08-03,2025-08-07,2322.5,156.79,17.11,4,Yes
4657,5872,10027,Wrong Item,2024-08-25,Changed Mind,1,Sellable,Processed,2024-08-26,2024-08-27,7178.02,176.95,46.17,1,Yes
4658,5880,10043,Quality Issue,2025-09-15,Product Quality,1,Sellable,Processed,2025-09-16,2025-09-17,51993.79,92.97,46.1,3,Yes
4659,5880,10044,Wrong Item,2025-09-18,Size/Fit Issue,1,Sellable,Processed,2025-09-18,2025-09-22,2421.46,72.68,31.26,1,Yes
4660,5890,10058,Late Delivery,2026-08-03,Damaged Product,1,Sellable,Processed,2026-08-03,,1071.66,76.2,46.94,1,Yes
4661,5891,10061,Quality Issue,2025-05-09,Not as Described,1,Damaged,Processed,2025-05-09,2025-05-12,3198.99,101.22,34.33,1,Yes
4662,5899,10075,Late Delivery,2025-02-21,Damaged Product,1,Sellable,Processed,2025-02-21,2025-02-24,673.12,63.23,15.7,5,Yes
4663,5899,10076,Wrong Item,2025-02-20,Damaged Product,1,Damaged,Processed,2025-02-20,,870.31,144.79,34.69,2,Yes
4664,5904,10085,Quality Issue,2025-01-09,Product Quality,1,Damaged,Processed,2025-01-09,,0.0,166.83,49.91,2,No
4665,5914,10100,Quality Issue,2026-05-12,Product Quality,1,Damaged,Processed,2026-05-13,2026-05-17,2847.02,114.99,48.28,3,Yes
4666,5923,10114,Wrong Item,2024-12-18,Changed Mind,1,Opened,Processed,2024-12-18,2024-12-22,1981.3,115.53,49.46,6,Yes
4667,5932,10137,Wrong Item,2025-10-04,Size/Fit Issue,1,Opened,Processed,2025-10-04,2025-10-05,1446.76,155.74,21.33,9,Yes
4668,5947,10159,Quality Issue,2026-03-20,Product Quality,1,Opened,Processed,2026-03-21,,3842.76,94.47,43.41,7,Yes
4669,5954,10173,Quality Issue,2024-11-22,Not as Described,2,Sellable,Processed,2024-11-22,2024-11-25,148255.54,145.87,45.9,2,Yes
4670,5971,10192,Late Delivery,2025-08-27,Changed Mind,1,Opened,Processed,2025-08-27,2025-08-30,2444.48,80.39,21.35,4,Yes
4671,5971,10195,Quality Issue,2025-08-30,Damaged Product,1,Damaged,Processed,2025-08-30,2025-09-03,1102.47,87.92,43.39,5,Yes
4672,5985,10213,Late Delivery,2025-12-11,Damaged Product,1,Opened,Processed,2025-12-11,2025-12-15,848.45,131.59,36.99,4,Yes
4673,5986,10214,Wrong Item,2026-01-17,Product Quality,1,Sellable,Processed,2026-01-17,2026-01-21,45148.9,113.17,18.48,3,Yes
4674,5996,10230,Late Delivery,2025-11-22,Product Quality,1,Sellable,Processed,2025-11-23,2025-11-24,2245.24,117.2,27.62,8,Yes
4675,5998,10233,Quality Issue,2026-01-05,Damaged Product,2,Damaged,Processed,2026-01-05,,0.0,91.49,43.03,7,No
4676,6006,10244,Late Delivery,2025-03-12,Not as Described,1,Defective,Processed,2025-03-13,2025-03-16,29009.65,94.3,32.12,8,Yes
4677,6008,10246,Wrong Item,2024-11-07,Damaged Product,1,Damaged,Processed,2024-11-08,2024-11-12,3894.86,113.21,39.63,8,Yes
4678,6015,10262,Late Delivery,2025-09-29,Product Quality,1,Sellable,Pending,2025-09-30,2025-10-02,56484.03,108.09,24.59,2,Yes
4679,6021,10272,Late Delivery,2025-05-15,Damaged Product,1,Opened,Processed,2025-05-15,2025-05-16,904.65,77.71,34.86,2,Yes
4680,6022,10273,Quality Issue,2025-05-27,Damaged Product,1,Sellable,Processed,2025-05-28,2025-06-01,4722.07,98.09,39.92,7,Yes
4681,6023,10275,Quality Issue,2025-04-28,Product Quality,1,Sellable,Processed,2025-04-29,2025-05-01,2704.23,86.96,27.01,5,Yes
4682,6025,10282,Late Delivery,2025-07-15,Product Quality,1,Defective,Pending,2025-07-15,2025-07-19,3391.82,64.12,29.93,5,Yes
4683,6037,10304,Late Delivery,2024-11-24,Late Delivery,1,Opened,Processed,2024-11-24,2024-11-27,65415.55,81.22,20.76,1,Yes
4684,6039,10306,Wrong Item,2025-01-11,Size/Fit Issue,1,Sellable,Processed,2025-01-11,2025-01-15,1391.2,124.74,46.8,9,Yes
4685,6040,10309,Quality Issue,2024-12-04,Size/Fit Issue,1,Defective,Processed,2024-12-04,2024-12-07,5224.75,115.67,27.96,2,Yes
4686,6041,10312,Late Delivery,2024-12-26,Size/Fit Issue,1,Opened,Pending,2024-12-26,2024-12-27,1582.9,93.18,27.95,6,Yes
4687,6042,10314,Late Delivery,2024-08-18,Size/Fit Issue,1,Opened,Processed,2024-08-19,2024-08-20,1535.79,99.77,26.62,1,Yes
4688,6043,10319,Wrong Item,2024-09-19,Damaged Product,1,Defective,Processed,2024-09-19,2024-09-20,42383.72,160.98,40.46,3,Yes
4689,6043,10320,Quality Issue,2024-09-13,Not as Described,1,Opened,Processed,2024-09-13,2024-09-15,35164.95,152.87,22.07,2,Yes
4690,6044,10323,Quality Issue,2025-12-01,Changed Mind,1,Sellable,Processed,2025-12-01,2025-12-02,74263.81,168.61,41.28,3,Yes
4691,6044,10324,Wrong Item,2025-12-02,Size/Fit Issue,2,Opened,Pending,2025-12-02,,0.0,163.46,20.43,6,No
4692,6051,10337,Quality Issue,2025-10-17,Product Quality,1,Sellable,Processed,2025-10-17,2025-10-20,4741.32,173.06,27.51,2,Yes
4693,6053,10339,Wrong Item,2025-01-22,Size/Fit Issue,1,Damaged,Pending,2025-01-22,2025-01-23,1292.04,99.77,33.19,3,Yes
4694,6059,10349,Wrong Item,2025-04-14,Damaged Product,1,Sellable,Processed,2025-04-14,2025-04-18,2065.89,111.95,47.13,8,Yes
4695,6061,10352,Wrong Item,2024-10-17,Damaged Product,1,Sellable,Processed,2024-10-18,,0.0,169.85,18.93,2,No
4696,6065,10356,Wrong Item,2024-09-30,Changed Mind,1,Opened,Processed,2024-09-30,2024-10-04,53212.92,91.78,26.12,9,Yes
4697,6081,10378,Quality Issue,2025-01-21,Damaged Product,1,Sellable,Pending,2025-01-21,2025-01-24,7358.23,164.56,16.33,8,Yes
4698,6083,10380,Wrong Item,2025-03-21,Size/Fit Issue,1,Opened,Processed,2025-03-22,2025-03-25,887.94,78.05,18.8,4,Yes
4699,6084,10382,Wrong Item,2026-07-09,Late Delivery,1,Opened,Failed,2026-07-09,2026-07-13,35469.48,151.25,34.48,3,Yes
4700,6093,10397,Quality Issue,2025-06-08,Product Quality,1,Opened,Processed,2025-06-08,2025-06-12,1856.81,161.15,42.52,9,Yes
4701,6095,10401,Quality Issue,2026-08-08,Changed Mind,1,Damaged,Processed,2026-08-08,2026-08-09,3443.41,175.24,21.42,2,Yes
4702,6096,10402,Wrong Item,2025-01-10,Not as Described,1,Sellable,Processed,2025-01-11,2025-01-12,1135.96,76.46,28.76,2,Yes
4703,6101,10408,Quality Issue,2026-02-18,Product Quality,2,Defective,Processed,2026-02-18,2026-02-20,141630.53,107.57,16.68,2,Yes
4704,6107,10419,Wrong Item,2025-09-21,Product Quality,1,Damaged,Failed,2025-09-21,2025-09-25,3804.86,174.01,23.78,1,Yes
4705,6108,10421,Quality Issue,2025-10-31,Product Quality,1,Sellable,Processed,2025-10-31,2025-11-02,3083.27,139.5,20.17,3,Yes
4706,6110,10426,Wrong Item,2025-12-18,Product Quality,1,Opened,Processed,2025-12-19,2025-12-21,101051.34,114.78,31.67,7,Yes
4707,6119,10444,Wrong Item,2026-07-07,Changed Mind,1,Sellable,Processed,2026-07-08,2026-07-12,1308.14,75.82,18.34,7,Yes
4708,6121,10450,Wrong Item,2026-08-01,Not as Described,2,Sellable,Processed,2026-08-01,2026-08-04,7460.48,144.89,44.54,7,Yes
4709,6130,10467,Wrong Item,2025-01-15,Size/Fit Issue,2,Defective,Processed,2025-01-15,2025-01-19,2400.66,163.43,41.28,1,Yes
4710,6133,10474,Quality Issue,2025-04-23,Product Quality,1,Sellable,Processed,2025-04-23,2025-04-25,1939.47,105.81,40.33,7,Yes
4711,6138,10480,Late Delivery,2024-11-30,Product Quality,1,Damaged,Processed,2024-11-30,2024-12-04,1586.5,125.58,44.81,7,Yes
4712,6138,10483,Quality Issue,2024-11-30,Size/Fit Issue,1,Sellable,Processed,2024-11-30,,0.0,62.99,46.34,2,No
4713,6139,10484,Late Delivery,2024-12-26,Product Quality,1,Sellable,Processed,2024-12-27,2024-12-31,1117.84,111.74,21.38,6,Yes
4714,6140,10489,Quality Issue,2025-01-19,Size/Fit Issue,1,Opened,Processed,2025-01-19,2025-01-21,3079.06,157.08,24.16,7,Yes
4715,6151,10507,Quality Issue,2025-11-23,Size/Fit Issue,1,Opened,Processed,2025-11-23,2025-11-24,1110.38,153.71,30.14,3,Yes
4716,6153,10512,Wrong Item,2026-01-30,Not as Described,1,Sellable,Processed,2026-01-30,2026-02-02,2926.02,135.45,34.67,2,Yes
4717,6155,10515,Quality Issue,2026-01-31,Size/Fit Issue,1,Opened,Pending,2026-02-01,2026-02-03,2103.24,86.92,19.44,1,Yes
4718,6165,10529,Wrong Item,2025-08-22,Size/Fit Issue,1,Damaged,Pending,2025-08-22,2025-08-23,2256.61,104.48,28.96,4,Yes
4719,6176,10546,Quality Issue,2025-02-04,Product Quality,2,Defective,Processed,2025-02-04,2025-02-06,2266.55,78.23,38.37,5,Yes
4720,6176,10548,Late Delivery,2025-02-02,Not as Described,1,Damaged,Processed,2025-02-02,2025-02-06,1331.66,114.86,17.98,2,Yes
4721,6194,10584,Wrong Item,2025-05-03,Changed Mind,1,Opened,Failed,2025-05-03,2025-05-04,25188.11,92.28,38.88,4,Yes
4722,6194,10585,Wrong Item,2025-05-01,Damaged Product,1,Defective,Processed,2025-05-01,2025-05-03,21158.96,95.22,31.56,2,Yes
4723,6196,10590,Quality Issue,2025-07-01,Damaged Product,2,Sellable,Processed,2025-07-02,2025-07-06,1251.78,172.46,40.41,7,Yes
4724,6197,10591,Late Delivery,2025-12-28,Late Delivery,1,Opened,Pending,2025-12-29,2025-12-30,86132.66,109.37,18.94,2,Yes
4725,6199,10593,Wrong Item,2026-03-04,Damaged Product,1,Defective,Processed,2026-03-04,2026-03-06,112320.64,165.96,39.7,5,Yes
4726,6201,10595,Quality Issue,2025-02-27,Size/Fit Issue,1,Sellable,Pending,2025-02-27,2025-02-28,1971.53,171.41,38.08,1,Yes
4727,6203,10599,Quality Issue,2025-05-07,Product Quality,1,Defective,Processed,2025-05-07,2025-05-11,3771.5,148.79,44.72,8,Yes
4728,6203,10600,Wrong Item,2025-05-06,Size/Fit Issue,1,Sellable,Pending,2025-05-06,2025-05-07,1501.44,156.06,25.41,3,Yes
4729,6217,10620,Late Delivery,2026-05-31,Not as Described,1,Sellable,Processed,2026-05-31,2026-06-03,1239.06,89.23,36.03,3,Yes
4730,6219,10622,Late Delivery,2026-08-03,Size/Fit Issue,3,Sellable,Processed,2026-08-03,2026-08-07,14805.78,80.96,15.32,2,Yes
4731,6226,10632,Wrong Item,2024-09-21,Not as Described,1,Defective,Processed,2024-09-21,2024-09-23,23897.2,150.45,15.32,7,Yes
4732,6227,10636,Late Delivery,2024-10-30,Late Delivery,1,Opened,Pending,2024-10-30,2024-11-02,35366.0,68.02,26.24,9,Yes
4733,6236,10648,Late Delivery,2025-06-16,Not as Described,1,Defective,Processed,2025-06-16,2025-06-18,1375.6,118.11,25.94,8,Yes
4734,6237,10654,Wrong Item,2025-08-26,Late Delivery,1,Opened,Processed,2025-08-26,2025-08-28,82963.0,175.58,42.46,3,Yes
4735,6241,10660,Late Delivery,2025-12-07,Damaged Product,1,Sellable,Pending,2025-12-07,2025-12-11,720.99,173.36,17.84,8,Yes
4736,6242,10662,Wrong Item,2026-06-19,Changed Mind,1,Opened,Processed,2026-06-19,,55531.46,178.05,38.84,8,Yes
4737,6245,10668,Quality Issue,2026-08-15,Product Quality,1,Opened,Processed,2026-08-16,,84970.05,118.84,18.37,9,Yes
4738,6251,10679,Quality Issue,2026-04-04,Product Quality,1,Sellable,Pending,2026-04-05,2026-04-08,3189.27,68.09,48.8,1,Yes
4739,6252,10681,Late Delivery,2026-04-22,Damaged Product,1,Sellable,Pending,2026-04-23,2026-04-26,16712.5,99.24,46.7,7,Yes
4740,6254,10683,Late Delivery,2025-05-10,Product Quality,1,Defective,Processed,2025-05-10,2025-05-12,2898.84,137.31,26.76,7,Yes
4741,6256,10687,Wrong Item,2025-07-07,Not as Described,1,Defective,Processed,2025-07-07,,0.0,159.63,33.49,5,No
4742,6266,10702,Late Delivery,2026-03-09,Not as Described,1,Sellable,Processed,2026-03-09,2026-03-10,17350.56,119.95,40.98,8,Yes
4743,6268,10705,Late Delivery,2026-04-29,Product Quality,1,Sellable,Processed,2026-04-29,,0.0,65.74,31.3,4,No
4744,6270,10711,Late Delivery,2025-05-19,Not as Described,1,Sellable,Processed,2025-05-19,2025-05-23,969.35,155.01,19.81,6,Yes
4745,6273,10715,Late Delivery,2025-08-23,Product Quality,1,Opened,Processed,2025-08-23,2025-08-24,1456.73,88.38,16.57,4,Yes
4746,6274,10716,Quality Issue,2024-10-19,Not as Described,1,Opened,Processed,2024-10-20,2024-10-23,5190.56,94.0,32.84,1,Yes
4747,6276,10721,Late Delivery,2024-08-31,Late Delivery,1,Sellable,Processed,2024-08-31,2024-09-03,1367.68,137.2,25.15,2,Yes
4748,6279,10725,Late Delivery,2025-04-23,Product Quality,1,Sellable,Pending,2025-04-23,2025-04-25,1033.33,143.27,31.43,8,Yes
4749,6285,10734,Late Delivery,2025-05-05,Product Quality,3,Sellable,Pending,2025-05-05,2025-05-09,8874.0,74.42,47.99,4,Yes
4750,6289,10739,Wrong Item,2025-09-13,Damaged Product,1,Sellable,Pending,2025-09-13,2025-09-16,4337.02,110.03,19.64,9,Yes
4751,6309,10774,Quality Issue,2026-07-06,Size/Fit Issue,1,Sellable,Failed,2026-07-06,2026-07-08,2225.02,95.11,35.73,2,Yes
4752,6318,10786,Quality Issue,2024-12-22,Product Quality,1,Sellable,Processed,2024-12-22,2024-12-26,2392.48,155.32,32.9,7,Yes
4753,6319,10788,Late Delivery,2025-02-02,Changed Mind,2,Defective,Processed,2025-02-02,2025-02-06,51166.73,121.1,28.58,1,Yes
4754,6321,10790,Late Delivery,2025-03-24,Product Quality,1,Damaged,Processed,2025-03-24,2025-03-27,1566.44,63.48,41.53,7,Yes
4755,6322,10793,Late Delivery,2026-01-16,Not as Described,1,Sellable,Processed,2026-01-17,,4870.47,151.76,24.91,4,Yes
4756,6323,10796,Wrong Item,2026-02-07,Changed Mind,1,Defective,Processed,2026-02-07,2026-02-09,1286.72,109.05,47.59,3,Yes
4757,6326,10806,Wrong Item,2026-01-06,Damaged Product,1,Opened,Processed,2026-01-06,2026-01-10,1989.26,96.28,20.73,2,Yes
4758,6333,10816,Late Delivery,2026-01-11,Size/Fit Issue,2,Defective,Processed,2026-01-11,2026-01-13,5232.35,65.37,19.35,6,Yes
4759,6339,10825,Quality Issue,2025-12-22,Late Delivery,1,Opened,Pending,2025-12-22,2025-12-23,63679.37,147.91,46.79,2,Yes
4760,6343,10833,Quality Issue,2026-04-29,Changed Mind,1,Damaged,Processed,2026-04-29,2026-05-02,92165.84,61.31,17.84,2,Yes
4761,6346,10840,Late Delivery,2025-01-24,Size/Fit Issue,1,Opened,Processed,2025-01-25,2025-01-28,1495.14,176.85,29.96,7,Yes
4762,6348,10843,Late Delivery,2025-08-11,Not as Described,1,Opened,Processed,2025-08-11,2025-08-14,3160.05,83.26,24.0,3,Yes
4763,6370,10886,Quality Issue,2026-08-04,Late Delivery,1,Sellable,Processed,2026-08-05,2026-08-09,3667.24,160.34,27.55,2,Yes
4764,6389,10912,Late Delivery,2026-01-07,Not as Described,1,Opened,Processed,2026-01-08,2026-01-09,1908.15,85.94,39.58,4,Yes
4765,6392,10922,Quality Issue,2026-03-21,Not as Described,1,Opened,Processed,2026-03-21,2026-03-22,2247.81,118.88,44.79,3,Yes
4766,6395,10927,Quality Issue,2026-03-29,Size/Fit Issue,1,Opened,Processed,2026-03-29,2026-03-30,2577.17,118.71,16.81,4,Yes
4767,6396,10928,Late Delivery,2026-04-24,Changed Mind,1,Sellable,Processed,2026-04-24,2026-04-27,4008.01,123.07,25.22,9,Yes
4768,6411,10945,Quality Issue,2025-09-28,Size/Fit Issue,1,Opened,Processed,2025-09-28,2025-10-01,1107.93,176.93,18.44,1,Yes
4769,6416,10952,Quality Issue,2026-02-24,Changed Mind,1,Opened,Processed,2026-02-24,2026-02-28,1515.02,94.54,17.16,2,Yes
4770,6424,10965,Quality Issue,2025-01-09,Size/Fit Issue,1,Damaged,Pending,2025-01-10,2025-01-14,3621.08,123.43,19.24,4,Yes
4771,6430,10976,Wrong Item,2025-07-29,Size/Fit Issue,1,Damaged,Processed,2025-07-29,2025-07-30,2097.47,169.18,46.06,3,Yes
4772,6437,10984,Wrong Item,2026-03-10,Changed Mind,1,Sellable,Processed,2026-03-10,2026-03-11,2775.93,95.2,20.97,4,Yes
4773,6438,10985,Wrong Item,2026-04-16,Late Delivery,2,Sellable,Processed,2026-04-16,2026-04-20,46627.71,165.87,21.91,2,Yes
4774,6438,10987,Late Delivery,2026-04-16,Size/Fit Issue,1,Sellable,Pending,2026-04-16,,732.29,96.78,24.17,2,Yes
4775,6453,11015,Wrong Item,2026-06-13,Not as Described,1,Sellable,Processed,2026-06-14,2026-06-15,99791.13,164.76,47.96,9,Yes
4776,6473,11043,Late Delivery,2025-12-19,Damaged Product,1,Sellable,Processed,2025-12-19,2025-12-23,1012.83,171.59,46.88,3,Yes
4777,6478,11055,Late Delivery,2024-12-26,Size/Fit Issue,1,Opened,Pending,2024-12-27,2024-12-28,1326.78,136.42,16.87,2,Yes
4778,6480,11058,Late Delivery,2025-02-20,Damaged Product,1,Damaged,Processed,2025-02-20,2025-02-23,138590.82,149.41,23.75,5,Yes
4779,6495,11084,Wrong Item,2026-01-03,Size/Fit Issue,1,Opened,Processed,2026-01-03,2026-01-05,694.38,124.16,49.87,4,Yes
4780,6519,11127,Late Delivery,2024-10-27,Product Quality,1,Sellable,Processed,2024-10-27,2024-10-30,1308.14,153.95,38.25,3,Yes
4781,6522,11130,Quality Issue,2025-02-22,Product Quality,1,Damaged,Failed,2025-02-22,2025-02-24,2398.05,71.75,19.58,5,Yes
4782,6529,11149,Late Delivery,2025-10-24,Damaged Product,1,Damaged,Processed,2025-10-24,,0.0,144.4,32.73,7,No
4783,6530,11153,Wrong Item,2025-01-18,Product Quality,1,Defective,Pending,2025-01-18,2025-01-21,3698.21,60.65,24.38,8,Yes
4784,6540,11170,Quality Issue,2025-05-16,Product Quality,1,Sellable,Processed,2025-05-16,2025-05-19,5224.75,161.21,19.48,4,Yes
4785,6545,11186,Late Delivery,2025-01-28,Changed Mind,1,Opened,Failed,2025-01-28,2025-01-30,1985.68,151.32,39.62,1,Yes
4786,6558,11209,Wrong Item,2025-07-24,Product Quality,1,Opened,Pending,2025-07-24,2025-07-28,1326.78,80.25,44.47,6,Yes
4787,6567,11228,Late Delivery,2026-06-27,Product Quality,1,Sellable,Pending,2026-06-27,2026-06-30,2280.49,85.54,35.03,4,Yes
4788,6568,11233,Wrong Item,2026-07-23,Late Delivery,1,Sellable,Processed,2026-07-23,2026-07-25,49619.08,150.13,17.63,3,Yes
4789,6576,11241,Late Delivery,2025-01-22,Damaged Product,1,Damaged,Pending,2025-01-23,,555.59,70.44,43.88,7,Yes
4790,6582,11252,Quality Issue,2025-05-02,Size/Fit Issue,1,Defective,Pending,2025-05-03,,0.0,156.69,42.8,9,No
4791,6582,11255,Quality Issue,2025-04-29,Damaged Product,1,Sellable,Processed,2025-04-30,2025-05-04,2794.52,147.01,26.92,6,Yes
4792,6584,11257,Wrong Item,2026-05-13,Damaged Product,1,Damaged,Processed,2026-05-13,2026-05-17,2547.65,166.31,48.5,9,Yes
4793,6585,11259,Quality Issue,2026-05-31,Not as Described,1,Sellable,Processed,2026-05-31,2026-06-04,30089.57,178.65,29.31,4,Yes
4794,6588,11264,Late Delivery,2025-02-22,Product Quality,1,Defective,Processed,2025-02-23,2025-02-26,3054.09,140.95,15.25,7,Yes
4795,6595,11279,Wrong Item,2025-05-27,Changed Mind,1,Defective,Processed,2025-05-27,2025-05-28,1649.18,91.73,26.4,1,Yes
4796,6605,11293,Late Delivery,2025-08-08,Damaged Product,1,Damaged,Processed,2025-08-09,2025-08-11,107148.18,164.28,26.09,8,Yes
4797,6614,11307,Quality Issue,2026-02-04,Not as Described,1,Damaged,Processed,2026-02-04,2026-02-05,21262.79,164.64,26.46,9,Yes
4798,6616,11310,Quality Issue,2026-04-09,Damaged Product,2,Sellable,Processed,2026-04-10,2026-04-11,2465.88,117.02,30.27,6,Yes
4799,6621,11318,Wrong Item,2025-02-12,Product Quality,1,Sellable,Processed,2025-02-12,2025-02-16,2983.06,161.1,16.5,5,Yes
4800,6625,11323,Late Delivery,2025-01-12,Size/Fit Issue,2,Opened,Processed,2025-01-13,2025-01-16,4172.26,65.29,39.73,3,Yes
4801,6630,11334,Quality Issue,2026-02-08,Damaged Product,1,Sellable,Processed,2026-02-08,2026-02-12,20356.49,102.96,43.22,2,Yes
4802,6633,11338,Quality Issue,2025-09-26,Damaged Product,1,Sellable,Pending,2025-09-26,2025-09-29,24957.22,129.82,42.87,5,Yes
4803,6636,11347,Wrong Item,2026-01-21,Size/Fit Issue,1,Damaged,Processed,2026-01-21,2026-01-25,1524.32,179.36,36.22,7,Yes
4804,6638,11350,Wrong Item,2025-11-11,Changed Mind,1,Sellable,Processed,2025-11-11,2025-11-15,2593.91,60.66,22.48,8,Yes
4805,6645,11362,Quality Issue,2025-11-13,Not as Described,1,Sellable,Processed,2025-11-13,2025-11-15,3243.97,75.39,32.75,7,Yes
4806,6648,11367,Quality Issue,2026-02-09,Product Quality,1,Opened,Processed,2026-02-10,,1456.47,60.99,25.68,9,Yes
4807,6665,11396,Quality Issue,2025-02-24,Product Quality,1,Opened,Processed,2025-02-25,2025-03-01,4870.47,70.71,36.5,3,Yes
4808,6673,11412,Late Delivery,2025-03-16,Damaged Product,1,Sellable,Processed,2025-03-16,2025-03-17,1700.48,174.02,34.06,1,Yes
4809,6674,11413,Wrong Item,2025-04-07,Size/Fit Issue,1,Sellable,Processed,2025-04-07,,0.0,108.26,23.76,3,No
4810,6685,11435,Late Delivery,2025-11-24,Damaged Product,1,Sellable,Processed,2025-11-24,2025-11-28,53821.39,94.7,38.71,1,Yes
4811,6693,11455,Late Delivery,2024-11-22,Damaged Product,2,Opened,Processed,2024-11-22,2024-11-23,7269.6,162.52,23.57,9,Yes
4812,6694,11456,Late Delivery,2024-12-17,Late Delivery,1,Opened,Pending,2024-12-17,2024-12-18,1104.87,98.98,21.06,8,Yes
4813,6694,11458,Late Delivery,2024-12-16,Size/Fit Issue,1,Defective,Processed,2024-12-16,2024-12-17,4801.64,147.52,35.91,8,Yes
4814,6696,11461,Quality Issue,2026-01-30,Late Delivery,1,Defective,Processed,2026-01-31,2026-02-03,2182.67,86.52,22.21,7,Yes
4815,6698,11467,Wrong Item,2026-03-17,Product Quality,1,Defective,Processed,2026-03-17,,0.0,179.13,43.1,5,No
4816,6702,11474,Late Delivery,2025-08-12,Size/Fit Issue,1,Opened,Processed,2025-08-12,2025-08-16,3434.49,73.55,27.57,2,Yes
4817,6705,11477,Quality Issue,2024-08-28,Size/Fit Issue,1,Sellable,Failed,2024-08-28,2024-08-30,1243.6,158.05,36.04,9,Yes
4818,6709,11482,Late Delivery,2025-01-07,Damaged Product,1,Damaged,Processed,2025-01-07,2025-01-10,135280.29,135.2,32.0,2,Yes
4819,6711,11486,Quality Issue,2025-01-10,Product Quality,1,Opened,Processed,2025-01-11,2025-01-12,3810.15,100.03,49.39,8,Yes
4820,6712,11487,Quality Issue,2025-02-18,Damaged Product,1,Opened,Processed,2025-02-18,2025-02-21,3353.59,69.07,16.03,4,Yes
4821,6714,11491,Quality Issue,2025-07-02,Damaged Product,1,Damaged,Processed,2025-07-03,2025-07-05,56227.35,101.4,44.1,2,Yes
4822,6740,11534,Wrong Item,2026-07-18,Not as Described,2,Damaged,Processed,2026-07-18,2026-07-22,3294.48,170.8,44.66,3,Yes
4823,6751,11549,Quality Issue,2026-01-07,Product Quality,1,Sellable,Processed,2026-01-07,2026-01-09,5016.97,138.76,26.0,4,Yes
4824,6752,11551,Quality Issue,2026-01-23,Changed Mind,2,Opened,Processed,2026-01-23,2026-01-24,612.54,134.09,43.44,3,Yes
4825,6754,11557,Wrong Item,2025-03-17,Size/Fit Issue,1,Sellable,Processed,2025-03-17,2025-03-20,1095.25,150.73,46.7,8,Yes
4826,6766,11582,Quality Issue,2025-10-24,Damaged Product,1,Sellable,Failed,2025-10-25,2025-10-26,26074.89,118.21,30.56,7,Yes
4827,6766,11583,Wrong Item,2025-10-26,Product Quality,1,Damaged,Processed,2025-10-27,2025-10-29,2980.81,91.86,27.23,8,Yes
4828,6774,11593,Quality Issue,2026-06-16,Damaged Product,1,Opened,Pending,2026-06-17,2026-06-18,42520.46,163.93,15.52,2,Yes
4829,6775,11594,Late Delivery,2026-07-05,Product Quality,1,Defective,Processed,2026-07-06,2026-07-10,1009.65,63.27,33.84,1,Yes
4830,6775,11595,Late Delivery,2026-07-02,Size/Fit Issue,1,Opened,Processed,2026-07-03,2026-07-07,2482.88,128.8,31.86,3,Yes
4831,6779,11601,Wrong Item,2025-11-25,Product Quality,1,Defective,Pending,2025-11-25,2025-11-26,46007.45,122.03,19.99,4,Yes
4832,6785,11612,Quality Issue,2025-08-27,Changed Mind,1,Opened,Processed,2025-08-27,2025-08-30,2210.9,137.33,21.47,4,Yes
4833,6786,11613,Wrong Item,2025-01-01,Damaged Product,1,Damaged,Processed,2025-01-01,2025-01-04,83145.53,158.42,23.87,7,Yes
4834,6794,11626,Wrong Item,2026-04-13,Size/Fit Issue,1,Sellable,Processed,2026-04-13,2026-04-17,2089.18,101.98,30.62,6,Yes
4835,6794,11627,Late Delivery,2026-04-17,Product Quality,1,Damaged,Processed,2026-04-17,2026-04-18,57545.75,104.62,17.1,9,Yes
4836,6809,11644,Wrong Item,2026-01-13,Damaged Product,1,Opened,Processed,2026-01-13,2026-01-15,92703.46,74.36,35.14,9,Yes
4837,6823,11663,Wrong Item,2024-12-24,Not as Described,1,Sellable,Pending,2024-12-25,2024-12-27,3043.63,66.18,21.44,9,Yes
4838,6825,11666,Quality Issue,2025-10-28,Late Delivery,1,Opened,Processed,2025-10-28,2025-11-01,1617.78,167.69,46.46,8,Yes
4839,6827,11669,Late Delivery,2026-03-07,Size/Fit Issue,1,Defective,Processed,2026-03-07,2026-03-08,4276.25,102.71,40.35,1,Yes
4840,6858,11717,Late Delivery,2025-08-06,Changed Mind,1,Opened,Processed,2025-08-07,2025-08-10,1027.37,69.66,38.88,3,Yes
4841,6858,11721,Quality Issue,2025-08-07,Damaged Product,1,Damaged,Processed,2025-08-08,2025-08-10,98928.01,96.83,33.66,2,Yes
4842,6860,11723,Wrong Item,2026-05-07,Changed Mind,1,Sellable,Processed,2026-05-07,2026-05-08,1184.81,172.27,42.24,1,Yes
4843,6861,11724,Quality Issue,2026-06-05,Size/Fit Issue,1,Sellable,Processed,2026-06-05,2026-06-06,892.41,95.54,38.08,6,Yes
4844,6864,11732,Quality Issue,2025-08-12,Size/Fit Issue,2,Sellable,Processed,2025-08-12,2025-08-14,6401.99,143.25,38.35,4,Yes
4845,6870,11739,Quality Issue,2025-11-20,Product Quality,1,Sellable,Processed,2025-11-20,,0.0,148.58,42.14,3,No
4846,6872,11743,Quality Issue,2026-01-20,Damaged Product,1,Damaged,Processed,2026-01-20,2026-01-24,62639.65,160.93,21.25,7,Yes
4847,6887,11767,Quality Issue,2025-07-17,Not as Described,1,Opened,Processed,2025-07-17,2025-07-20,966.76,171.29,21.5,2,Yes
4848,6888,11768,Wrong Item,2025-08-26,Changed Mind,3,Sellable,Pending,2025-08-26,,11312.47,108.36,33.44,9,Yes
4849,6900,11791,Late Delivery,2025-12-16,Changed Mind,1,Opened,Pending,2025-12-16,2025-12-17,438.1,75.95,16.47,4,Yes
4850,6910,11806,Late Delivery,2024-09-30,Changed Mind,1,Defective,Pending,2024-10-01,2024-10-03,7501.28,107.6,36.9,6,Yes
4851,6912,11808,Wrong Item,2025-02-26,Changed Mind,1,Opened,Processed,2025-02-26,2025-02-28,1136.21,111.13,20.37,2,Yes
4852,6912,11809,Quality Issue,2025-02-24,Size/Fit Issue,1,Sellable,Pending,2025-02-24,2025-02-25,1132.64,175.13,32.33,7,Yes
4853,6916,11817,Late Delivery,2025-10-11,Not as Described,1,Sellable,Processed,2025-10-11,2025-10-13,39591.52,140.33,30.31,9,Yes
4854,6919,11823,Quality Issue,2025-04-08,Changed Mind,1,Defective,Processed,2025-04-09,2025-04-12,14582.77,126.7,48.11,3,Yes
4855,6921,11825,Late Delivery,2026-01-22,Size/Fit Issue,1,Opened,Pending,2026-01-22,2026-01-25,999.04,69.02,31.91,9,Yes
4856,6927,11834,Wrong Item,2025-06-26,Size/Fit Issue,1,Sellable,Processed,2025-06-26,2025-06-29,663.53,119.79,44.98,8,Yes
4857,6928,11839,Wrong Item,2025-07-16,Size/Fit Issue,3,Sellable,Processed,2025-07-16,2025-07-17,3937.29,108.42,24.89,4,Yes
4858,6929,11840,Late Delivery,2025-03-25,Product Quality,1,Sellable,Processed,2025-03-25,2025-03-29,2150.38,113.22,33.56,3,Yes
4859,6933,11848,Quality Issue,2025-02-27,Product Quality,1,Damaged,Processed,2025-02-27,2025-03-01,1572.33,137.78,48.54,5,Yes
4860,6933,11849,Wrong Item,2025-02-25,Size/Fit Issue,1,Sellable,Pending,2025-02-25,2025-03-01,1800.13,106.27,37.35,4,Yes
4861,6936,11854,Wrong Item,2025-05-29,Size/Fit Issue,2,Sellable,Processed,2025-05-30,2025-06-01,4404.33,128.13,19.22,9,Yes
4862,6941,11863,Late Delivery,2025-05-23,Damaged Product,1,Damaged,Processed,2025-05-24,2025-05-27,3067.21,124.0,32.8,6,Yes
4863,6950,11873,Late Delivery,2024-09-07,Changed Mind,1,Sellable,Processed,2024-09-08,,3481.03,146.26,39.33,2,Yes
4864,6951,11878,Wrong Item,2024-09-30,Product Quality,2,Opened,Processed,2024-09-30,2024-10-04,61766.45,67.63,38.49,5,Yes
4865,6951,11881,Late Delivery,2024-10-03,Damaged Product,1,Opened,Pending,2024-10-03,2024-10-04,44756.29,127.22,26.38,7,Yes
4866,6955,11887,Wrong Item,2026-07-12,Product Quality,1,Defective,Pending,2026-07-12,2026-07-13,14615.47,94.22,39.39,3,Yes
4867,6956,11889,Quality Issue,2026-08-11,Damaged Product,1,Defective,Processed,2026-08-11,2026-08-15,3030.17,134.5,34.12,1,Yes
4868,6961,11898,Quality Issue,2025-06-12,Changed Mind,1,Sellable,Pending,2025-06-12,2025-06-16,1489.26,121.41,49.83,4,Yes
4869,6962,11899,Wrong Item,2025-07-10,Late Delivery,1,Opened,Processed,2025-07-11,2025-07-12,1611.27,145.51,18.45,4,Yes
4870,6967,11916,Quality Issue,2025-03-26,Size/Fit Issue,1,Damaged,Pending,2025-03-27,2025-03-28,1535.98,174.44,43.45,2,Yes
4871,6972,11931,Wrong Item,2025-04-02,Size/Fit Issue,1,Sellable,Processed,2025-04-02,2025-04-05,2260.1,126.98,45.32,6,Yes
4872,6973,11933,Wrong Item,2025-05-07,Damaged Product,1,Sellable,Processed,2025-05-08,2025-05-12,4550.75,139.33,49.98,5,Yes
4873,6977,11937,Wrong Item,2025-02-09,Not as Described,1,Opened,Processed,2025-02-10,2025-02-13,89705.93,141.85,38.08,3,Yes
4874,6984,11947,Quality Issue,2026-07-13,Product Quality,1,Defective,Processed,2026-07-14,2026-07-18,39923.68,177.54,22.0,4,Yes
4875,6996,11966,Quality Issue,2025-04-09,Size/Fit Issue,1,Sellable,Processed,2025-04-09,2025-04-13,1875.67,149.33,47.58,4,Yes
4876,7009,11984,Quality Issue,2025-04-07,Damaged Product,1,Sellable,Pending,2025-04-07,2025-04-09,114187.7,79.07,44.69,2,Yes
4877,7014,11990,Late Delivery,2024-11-13,Damaged Product,1,Damaged,Processed,2024-11-13,2024-11-17,2573.37,173.37,27.67,1,Yes
4878,7035,12023,Late Delivery,2025-04-20,Size/Fit Issue,2,Sellable,Processed,2025-04-20,2025-04-21,5707.86,120.47,21.09,3,Yes
4879,7039,12027,Late Delivery,2025-08-11,Size/Fit Issue,1,Opened,Processed,2025-08-11,2025-08-15,1601.23,82.23,33.47,9,Yes
4880,7040,12028,Wrong Item,2025-05-03,Late Delivery,1,Defective,Processed,2025-05-03,2025-05-04,2068.04,91.27,33.26,2,Yes
4881,7041,12030,Quality Issue,2025-05-28,Size/Fit Issue,1,Opened,Processed,2025-05-28,2025-05-31,1481.21,97.71,27.24,2,Yes
4882,7044,12033,Wrong Item,2026-06-18,Product Quality,1,Sellable,Pending,2026-06-18,2026-06-22,20240.31,72.79,49.8,1,Yes
4883,7057,12056,Late Delivery,2026-05-04,Size/Fit Issue,1,Sellable,Processed,2026-05-05,,2155.48,98.11,36.38,6,Yes
4884,7058,12057,Wrong Item,2026-02-13,Not as Described,1,Defective,Processed,2026-02-14,,5011.05,117.2,46.76,1,Yes
4885,7058,12058,Quality Issue,2026-02-15,Product Quality,1,Opened,Processed,2026-02-15,2026-02-17,1960.09,99.05,27.06,2,Yes
4886,7066,12074,Wrong Item,2025-11-15,Changed Mind,1,Opened,Processed,2025-11-15,2025-11-19,2509.16,123.92,28.43,2,Yes
4887,7070,12086,Quality Issue,2024-12-16,Product Quality,1,Sellable,Processed,2024-12-16,2024-12-18,93211.63,104.39,27.97,5,Yes
4888,7076,12095,Quality Issue,2025-07-05,Not as Described,1,Defective,Processed,2025-07-05,2025-07-09,16347.09,164.35,44.21,5,Yes
4889,7080,12099,Quality Issue,2026-06-20,Changed Mind,1,Sellable,Processed,2026-06-20,2026-06-21,2194.83,84.15,42.82,3,Yes
4890,7084,12105,Wrong Item,2025-06-25,Product Quality,1,Sellable,Processed,2025-06-25,2025-06-26,1350.25,98.38,31.52,5,Yes
4891,7094,12124,Quality Issue,2025-08-20,Not as Described,1,Sellable,Processed,2025-08-20,2025-08-23,1619.93,95.01,49.18,3,Yes
4892,7097,12128,Wrong Item,2025-11-10,Damaged Product,1,Opened,Processed,2025-11-10,2025-11-13,47452.25,131.66,20.09,9,Yes
4893,7098,12129,Wrong Item,2026-04-28,Damaged Product,1,Sellable,Processed,2026-04-28,2026-04-30,92338.19,77.36,36.33,7,Yes
4894,7098,12130,Late Delivery,2026-04-24,Changed Mind,1,Sellable,Pending,2026-04-24,2026-04-26,2851.06,79.54,25.03,3,Yes
4895,7115,12159,Wrong Item,2025-06-28,Product Quality,1,Opened,Processed,2025-06-28,2025-06-29,1977.15,175.01,37.63,1,Yes
4896,7115,12160,Late Delivery,2025-06-28,Changed Mind,1,Damaged,Processed,2025-06-28,2025-07-02,132248.82,109.66,19.67,8,Yes
4897,7117,12166,Late Delivery,2025-12-01,Size/Fit Issue,3,Sellable,Processed,2025-12-01,,4349.8,98.65,32.79,2,Yes
4898,7124,12176,Late Delivery,2026-02-17,Not as Described,2,Opened,Processed,2026-02-17,2026-02-20,76049.64,137.65,30.33,7,Yes
4899,7139,12196,Wrong Item,2025-02-14,Damaged Product,1,Opened,Processed,2025-02-15,2025-02-18,2512.53,67.99,44.15,9,Yes
4900,7155,12228,Quality Issue,2025-12-28,Not as Described,1,Opened,Processed,2025-12-28,2026-01-01,2482.88,119.16,43.95,6,Yes
4901,7157,12231,Wrong Item,2025-08-12,Changed Mind,2,Opened,Failed,2025-08-12,2025-08-13,1915.4,174.7,19.01,1,Yes
4902,7176,12257,Wrong Item,2026-02-01,Product Quality,1,Opened,Failed,2026-02-01,2026-02-03,1593.39,113.09,16.66,2,Yes
4903,7178,12259,Wrong Item,2026-04-01,Product Quality,1,Opened,Processed,2026-04-01,2026-04-03,3885.29,153.63,28.03,5,Yes
4904,7180,12261,Wrong Item,2025-08-31,Not as Described,1,Opened,Pending,2025-08-31,2025-09-02,5467.85,165.62,19.82,8,Yes
4905,7188,12277,Wrong Item,2026-02-11,Product Quality,1,Damaged,Processed,2026-02-11,,1254.75,141.28,28.58,1,Yes
4906,7194,12284,Wrong Item,2025-06-02,Changed Mind,1,Sellable,Processed,2025-06-02,2025-06-03,2755.53,150.57,34.9,7,Yes
4907,7195,12287,Quality Issue,2025-06-26,Damaged Product,1,Damaged,Pending,2025-06-26,2025-06-27,52889.35,87.8,38.43,8,Yes
4908,7197,12294,Quality Issue,2026-04-13,Size/Fit Issue,2,Sellable,Processed,2026-04-13,2026-04-14,4815.57,163.07,37.09,5,Yes
4909,7203,12302,Wrong Item,2024-11-28,Product Quality,1,Opened,Processed,2024-11-28,2024-11-29,76903.49,88.56,15.48,4,Yes
4910,7204,12303,Late Delivery,2024-12-22,Late Delivery,1,Sellable,Processed,2024-12-22,,870.31,103.26,34.71,9,Yes
4911,7222,12326,Wrong Item,2025-09-11,Damaged Product,1,Defective,Processed,2025-09-12,2025-09-16,32947.49,133.78,35.08,6,Yes
4912,7224,12329,Late Delivery,2025-11-09,Size/Fit Issue,1,Opened,Processed,2025-11-09,2025-11-10,1436.42,168.98,28.42,1,Yes
4913,7225,12331,Late Delivery,2026-06-02,Late Delivery,1,Sellable,Processed,2026-06-03,2026-06-04,1239.06,114.78,41.46,2,Yes
4914,7232,12339,Wrong Item,2025-07-29,Size/Fit Issue,2,Opened,Pending,2025-07-29,2025-08-02,2248.22,146.86,24.27,7,Yes
4915,7238,12349,Wrong Item,2025-01-16,Product Quality,1,Damaged,Processed,2025-01-16,2025-01-20,929.5,168.52,22.81,7,Yes
4916,7243,12358,Quality Issue,2025-09-24,Damaged Product,1,Damaged,Processed,2025-09-24,2025-09-27,804.21,83.7,30.04,6,Yes
4917,7244,12360,Wrong Item,2025-10-18,Not as Described,1,Defective,Failed,2025-10-18,2025-10-22,1592.01,84.49,38.23,7,Yes
4918,7252,12377,Quality Issue,2026-04-09,Product Quality,1,Defective,Processed,2026-04-09,2026-04-10,2402.24,61.4,32.72,4,Yes
4919,7258,12387,Wrong Item,2025-11-12,Size/Fit Issue,1,Sellable,Pending,2025-11-12,2025-11-15,2905.37,107.94,41.9,9,Yes
4920,7261,12391,Wrong Item,2026-02-21,Product Quality,1,Sellable,Processed,2026-02-21,2026-02-22,1497.74,162.18,35.2,3,Yes
4921,7267,12401,Quality Issue,2025-12-15,Not as Described,1,Sellable,Processed,2025-12-15,2025-12-17,2960.79,178.8,31.57,5,Yes
4922,7279,12419,Quality Issue,2025-06-05,Size/Fit Issue,1,Sellable,Pending,2025-06-05,2025-06-08,3644.04,118.0,16.45,2,Yes
4923,7281,12422,Late Delivery,2025-05-01,Size/Fit Issue,1,Sellable,Processed,2025-05-01,2025-05-04,681.5,73.82,18.02,6,Yes
4924,7290,12440,Quality Issue,2026-05-16,Changed Mind,1,Defective,Pending,2026-05-16,,321.92,170.8,37.1,6,Yes
4925,7292,12443,Wrong Item,2025-05-19,Size/Fit Issue,2,Sellable,Pending,2025-05-19,2025-05-22,3048.64,94.14,45.48,1,Yes
4926,7294,12446,Quality Issue,2025-07-24,Late Delivery,1,Sellable,Pending,2025-07-25,2025-07-28,41513.06,94.3,24.27,5,Yes
4927,7300,12454,Late Delivery,2025-04-20,Size/Fit Issue,1,Damaged,Failed,2025-04-20,2025-04-23,2182.76,62.35,25.32,8,Yes
4928,7305,12466,Wrong Item,2026-05-25,Damaged Product,1,Damaged,Processed,2026-05-25,2026-05-28,2902.17,169.76,24.79,8,Yes
4929,7306,12470,Quality Issue,2026-06-14,Damaged Product,1,Damaged,Processed,2026-06-14,2026-06-17,4272.67,122.57,39.26,6,Yes
4930,7314,12480,Late Delivery,2025-11-27,Damaged Product,1,Opened,Processed,2025-11-28,2025-12-02,51776.82,127.93,31.28,1,Yes
4931,7331,12506,Quality Issue,2026-08-09,Damaged Product,1,Sellable,Pending,2026-08-09,2026-08-11,108682.39,60.75,39.45,3,Yes
4932,7343,12525,Wrong Item,2024-11-03,Size/Fit Issue,1,Sellable,Pending,2024-11-03,2024-11-04,720.88,170.89,42.11,8,Yes
4933,7346,12532,Quality Issue,2026-01-13,Damaged Product,1,Opened,Processed,2026-01-13,2026-01-16,815.88,121.95,33.7,3,Yes
4934,7351,12542,Wrong Item,2025-08-26,Late Delivery,1,Sellable,Processed,2025-08-26,2025-08-30,16914.82,130.76,15.64,3,Yes
4935,7354,12545,Wrong Item,2025-11-19,Changed Mind,1,Sellable,Processed,2025-11-19,2025-11-22,468.39,127.63,46.8,8,Yes
4936,7362,12557,Wrong Item,2025-04-05,Product Quality,1,Sellable,Processed,2025-04-05,2025-04-06,3238.45,142.51,20.77,5,Yes
4937,7362,12558,Wrong Item,2025-04-07,Damaged Product,1,Sellable,Pending,2025-04-07,2025-04-08,31161.34,84.68,31.99,9,Yes
4938,7366,12563,Quality Issue,2026-07-07,Damaged Product,1,Damaged,Pending,2026-07-07,2026-07-08,1996.82,167.44,41.64,1,Yes
4939,7386,12587,Quality Issue,2026-02-01,Product Quality,2,Sellable,Pending,2026-02-02,2026-02-04,3402.56,119.26,20.51,6,Yes
4940,7389,12591,Wrong Item,2026-04-28,Late Delivery,1,Sellable,Processed,2026-04-28,2026-05-01,42016.72,109.81,27.46,1,Yes
4941,7390,12592,Late Delivery,2025-11-22,Size/Fit Issue,2,Opened,Processed,2025-11-22,2025-11-24,1935.94,163.96,46.38,7,Yes
4942,7392,12595,Wrong Item,2025-09-07,Not as Described,1,Opened,Processed,2025-09-07,2025-09-11,5062.81,61.73,37.72,7,Yes
4943,7395,12603,Wrong Item,2024-09-24,Size/Fit Issue,2,Defective,Pending,2024-09-24,2024-09-25,6699.65,132.8,38.3,4,Yes
4944,7405,12617,Quality Issue,2026-07-03,Changed Mind,2,Opened,Processed,2026-07-04,2026-07-07,2918.74,87.07,27.46,9,Yes
4945,7405,12618,Quality Issue,2026-06-29,Not as Described,1,Defective,Processed,2026-06-30,,2547.65,161.92,22.99,4,Yes
4946,7407,12621,Quality Issue,2026-01-14,Damaged Product,1,Defective,Processed,2026-01-14,2026-01-16,29208.99,155.83,47.12,8,Yes
4947,7421,12641,Quality Issue,2025-02-26,Damaged Product,1,Sellable,Processed,2025-02-26,2025-02-27,5438.97,101.3,22.39,6,Yes
4948,7424,12645,Wrong Item,2024-12-06,Damaged Product,1,Opened,Failed,2024-12-06,2024-12-07,3860.27,80.27,19.62,3,Yes
4949,7426,12649,Wrong Item,2025-01-26,Not as Described,1,Opened,Processed,2025-01-27,2025-01-30,1414.5,129.23,37.33,9,Yes
4950,7435,12666,Wrong Item,2025-04-01,Product Quality,1,Sellable,Processed,2025-04-01,2025-04-02,2904.18,89.06,30.97,3,Yes
4951,7438,12672,Late Delivery,2025-09-07,Size/Fit Issue,1,Sellable,Processed,2025-09-08,2025-09-09,1757.2,147.88,27.22,5,Yes
4952,7441,12676,Wrong Item,2025-11-19,Product Quality,1,Damaged,Processed,2025-11-19,2025-11-21,2323.68,136.13,24.75,9,Yes
4953,7442,12678,Late Delivery,2025-12-07,Changed Mind,2,Opened,Processed,2025-12-07,2025-12-08,4966.74,118.25,42.62,2,Yes
4954,7471,12716,Quality Issue,2026-01-20,Changed Mind,2,Sellable,Pending,2026-01-21,2026-01-24,3857.23,120.64,45.19,9,Yes
4955,7479,12729,Late Delivery,2025-02-06,Damaged Product,1,Sellable,Processed,2025-02-06,2025-02-08,35199.45,104.27,35.22,1,Yes
4956,7482,12732,Wrong Item,2025-04-30,Size/Fit Issue,1,Opened,Processed,2025-04-30,,0.0,114.24,27.83,5,No
4957,7487,12739,Wrong Item,2025-03-07,Damaged Product,1,Sellable,Processed,2025-03-07,2025-03-09,44898.72,171.4,45.41,1,Yes
4958,7493,12749,Late Delivery,2026-07-19,Product Quality,2,Opened,Processed,2026-07-19,2026-07-22,3397.06,152.4,44.74,2,Yes
4959,7502,12764,Quality Issue,2025-12-06,Size/Fit Issue,1,Opened,Processed,2025-12-06,,1694.16,170.95,16.21,4,Yes
4960,7506,12768,Wrong Item,2024-12-06,Changed Mind,2,Sellable,Pending,2024-12-06,2024-12-07,1342.74,144.0,19.96,2,Yes
4961,7506,12769,Late Delivery,2024-12-08,Product Quality,1,Sellable,Processed,2024-12-08,,853.42,66.69,23.18,3,Yes
4962,7516,12785,Wrong Item,2026-02-08,Size/Fit Issue,1,Sellable,Pending,2026-02-08,2026-02-09,2459.36,132.36,22.75,6,Yes
4963,7521,12794,Quality Issue,2025-03-06,Changed Mind,1,Damaged,Processed,2025-03-06,2025-03-07,901.75,67.47,18.06,1,Yes
4964,7528,12805,Wrong Item,2026-05-14,Damaged Product,1,Opened,Processed,2026-05-14,,94442.75,148.27,28.42,5,Yes
4965,7530,12807,Quality Issue,2025-10-06,Not as Described,1,Sellable,Processed,2025-10-06,2025-10-07,45058.24,65.44,43.0,8,Yes
4966,7539,12825,Quality Issue,2024-12-21,Late Delivery,1,Sellable,Processed,2024-12-21,2024-12-22,8714.24,176.01,23.2,6,Yes
4967,7545,12832,Late Delivery,2026-06-10,Not as Described,1,Opened,Processed,2026-06-11,2026-06-14,641.1,142.12,25.63,3,Yes
4968,7547,12837,Wrong Item,2026-08-20,Late Delivery,1,Opened,Processed,2026-08-20,2026-08-23,15183.15,95.26,45.54,6,Yes
4969,7547,12838,Quality Issue,2026-08-18,Damaged Product,1,Defective,Pending,2026-08-18,2026-08-19,71920.56,159.48,24.48,7,Yes
4970,7549,12843,Quality Issue,2025-06-01,Damaged Product,1,Opened,Processed,2025-06-02,2025-06-06,158.74,133.9,30.06,2,Yes
4971,7550,12845,Wrong Item,2025-06-27,Damaged Product,1,Sellable,Processed,2025-06-27,2025-06-28,892.75,131.72,47.33,3,Yes
4972,7551,12846,Quality Issue,2025-09-23,Changed Mind,1,Defective,Processed,2025-09-23,2025-09-24,3729.74,124.22,36.63,6,Yes
4973,7552,12850,Late Delivery,2025-10-21,Product Quality,1,Defective,Processed,2025-10-21,2025-10-25,2186.32,119.13,46.45,4,Yes
4974,7553,12852,Quality Issue,2026-02-17,Not as Described,1,Defective,Processed,2026-02-18,2026-02-21,2760.99,79.5,43.93,7,Yes
4975,7559,12866,Quality Issue,2025-06-27,Damaged Product,1,Opened,Processed,2025-06-28,2025-07-02,2853.78,132.41,24.6,5,Yes
4976,7564,12878,Wrong Item,2025-05-31,Damaged Product,1,Sellable,Processed,2025-05-31,2025-06-02,24652.74,82.95,42.17,3,Yes
4977,7571,12890,Wrong Item,2026-02-28,Size/Fit Issue,2,Sellable,Processed,2026-02-28,2026-03-04,2710.44,103.26,27.58,1,Yes
4978,7577,12898,Late Delivery,2025-05-11,Changed Mind,1,Damaged,Processed,2025-05-11,2025-05-14,44768.27,86.14,19.18,5,Yes
4979,7597,12938,Late Delivery,2024-11-16,Not as Described,1,Defective,Pending,2024-11-16,,46888.01,133.52,31.06,4,Yes
4980,7611,12962,Wrong Item,2026-06-06,Damaged Product,1,Opened,Processed,2026-06-06,2026-06-09,1734.99,115.37,41.14,4,Yes
4981,7621,12978,Wrong Item,2026-06-11,Damaged Product,1,Sellable,Processed,2026-06-11,2026-06-15,1742.34,163.58,31.02,9,Yes
4982,7622,12980,Wrong Item,2025-05-05,Damaged Product,1,Sellable,Processed,2025-05-05,,1843.85,159.92,22.11,9,Yes
4983,7628,12990,Wrong Item,2026-07-14,Late Delivery,1,Sellable,Processed,2026-07-14,2026-07-18,65029.2,102.92,49.9,4,Yes
4984,7630,12995,Quality Issue,2025-12-25,Damaged Product,1,Opened,Processed,2025-12-26,2025-12-29,2817.85,135.28,39.41,7,Yes
4985,7632,12999,Quality Issue,2026-02-01,Changed Mind,1,Damaged,Processed,2026-02-01,2026-02-02,33068.39,101.15,43.71,2,Yes
4986,7634,13003,Quality Issue,2025-01-24,Size/Fit Issue,1,Damaged,Processed,2025-01-24,2025-01-25,2186.31,82.64,19.03,3,Yes
4987,7635,13005,Quality Issue,2025-03-06,Product Quality,1,Sellable,Processed,2025-03-06,,0.0,163.83,44.32,5,No
4988,7635,13006,Wrong Item,2025-03-06,Changed Mind,1,Damaged,Processed,2025-03-06,2025-03-07,1623.11,80.15,26.53,9,Yes
4989,7636,13008,Late Delivery,2026-07-11,Late Delivery,1,Damaged,Processed,2026-07-12,2026-07-14,5798.88,65.78,18.78,2,Yes
4990,7645,13022,Quality Issue,2024-12-31,Size/Fit Issue,1,Sellable,Processed,2024-12-31,2025-01-01,2875.14,143.52,22.97,1,Yes
4991,7646,13024,Late Delivery,2025-12-20,Changed Mind,1,Opened,Processed,2025-12-20,2025-12-24,398.9,111.34,26.88,4,Yes
4992,7648,13026,Late Delivery,2026-02-03,Changed Mind,1,Sellable,Processed,2026-02-03,2026-02-04,11911.68,99.0,38.14,9,Yes
4993,7660,13043,Wrong Item,2026-05-21,Size/Fit Issue,2,Sellable,Processed,2026-05-21,2026-05-22,2561.56,62.29,19.04,8,Yes
4994,7661,13047,Quality Issue,2026-07-11,Changed Mind,1,Opened,Processed,2026-07-11,,2559.21,90.3,15.29,1,Yes
4995,7669,13060,Wrong Item,2024-09-24,Not as Described,1,Sellable,Processed,2024-09-24,2024-09-25,3802.67,173.46,30.86,2,Yes
4996,7677,13070,Quality Issue,2025-02-12,Damaged Product,1,Sellable,Processed,2025-02-12,2025-02-16,3359.54,92.77,20.28,7,Yes
4997,7679,13072,Quality Issue,2025-05-07,Damaged Product,3,Damaged,Processed,2025-05-08,2025-05-10,5651.15,165.77,27.18,4,Yes
4998,7694,13102,Quality Issue,2025-11-21,Changed Mind,1,Sellable,Processed,2025-11-21,2025-11-23,1164.22,167.4,42.18,5,Yes
4999,7697,13111,Wrong Item,2025-07-21,Changed Mind,1,Sellable,Processed,2025-07-21,2025-07-22,44370.26,119.76,25.52,7,Yes
5000,7700,13114,Late Delivery,2026-07-07,Size/Fit Issue,1,Sellable,Pending,2026-07-07,,4937.72,178.97,41.75,3,Yes
5001,7706,13124,Wrong Item,2026-08-11,Late Delivery,1,Defective,Processed,2026-08-12,2026-08-16,1292.86,61.0,17.81,3,Yes
5002,7707,13127,Late Delivery,2024-12-17,Not as Described,1,Sellable,Processed,2024-12-17,,3009.34,174.43,28.55,7,Yes
5003,7709,13131,Wrong Item,2025-02-09,Product Quality,1,Sellable,Processed,2025-02-10,2025-02-14,2969.84,79.7,20.44,5,Yes
5004,7723,13162,Quality Issue,2026-02-06,Size/Fit Issue,1,Defective,Processed,2026-02-06,,0.0,137.74,24.0,8,No
5005,7725,13165,Late Delivery,2026-05-05,Product Quality,1,Damaged,Processed,2026-05-06,2026-05-09,1067.42,175.07,44.61,1,Yes
5006,7729,13170,Wrong Item,2026-01-12,Size/Fit Issue,1,Sellable,Processed,2026-01-12,2026-01-16,4300.52,136.88,33.74,3,Yes
5007,7732,13175,Late Delivery,2025-12-08,Size/Fit Issue,1,Damaged,Processed,2025-12-09,2025-12-13,4342.34,167.67,16.83,9,Yes
5008,7735,13180,Late Delivery,2024-11-17,Damaged Product,1,Opened,Failed,2024-11-18,2024-11-21,1805.62,140.14,31.34,7,Yes
5009,7753,13204,Wrong Item,2026-01-22,Product Quality,1,Defective,Processed,2026-01-22,,5084.84,143.03,15.22,1,Yes
5010,7756,13207,Quality Issue,2026-04-13,Damaged Product,1,Opened,Processed,2026-04-13,2026-04-16,2806.85,144.17,32.55,8,Yes
5011,7758,13210,Wrong Item,2025-09-05,Not as Described,1,Sellable,Processed,2025-09-05,2025-09-06,916.17,69.81,16.43,8,Yes
5012,7768,13225,Wrong Item,2026-02-08,Product Quality,1,Damaged,Processed,2026-02-08,2026-02-12,1032.46,79.01,15.27,9,Yes
5013,7773,13235,Late Delivery,2026-07-14,Damaged Product,1,Opened,Processed,2026-07-15,2026-07-16,2785.44,88.48,34.41,3,Yes
5014,7775,13238,Late Delivery,2026-03-22,Size/Fit Issue,2,Sellable,Processed,2026-03-22,2026-03-26,2922.72,163.85,32.48,2,Yes
5015,7780,13245,Quality Issue,2024-12-10,Product Quality,1,Damaged,Processed,2024-12-10,2024-12-13,2113.22,170.85,39.84,9,Yes
5016,7784,13250,Late Delivery,2026-03-08,Damaged Product,1,Defective,Processed,2026-03-09,,1975.67,111.3,37.97,3,Yes
5017,7784,13252,Wrong Item,2026-03-06,Late Delivery,1,Defective,Processed,2026-03-07,2026-03-11,3780.82,115.96,22.72,8,Yes
5018,7784,13253,Late Delivery,2026-03-09,Changed Mind,1,Damaged,Processed,2026-03-10,2026-03-13,6986.71,114.53,32.63,1,Yes
5019,7785,13256,Quality Issue,2026-04-03,Changed Mind,1,Damaged,Processed,2026-04-03,2026-04-04,1776.03,166.88,40.43,5,Yes
5020,7787,13259,Quality Issue,2026-02-05,Not as Described,2,Opened,Processed,2026-02-05,2026-02-08,4569.74,79.81,49.53,5,Yes
5021,7788,13261,Late Delivery,2026-03-06,Late Delivery,1,Opened,Pending,2026-03-07,2026-03-11,2847.67,98.71,30.05,9,Yes
5022,7789,13263,Late Delivery,2026-02-08,Product Quality,1,Opened,Processed,2026-02-09,2026-02-11,3172.98,113.58,33.64,6,Yes
5023,7792,13269,Quality Issue,2026-05-02,Product Quality,2,Opened,Processed,2026-05-03,2026-05-04,4697.92,132.32,42.44,9,Yes
5024,7798,13277,Wrong Item,2025-05-08,Damaged Product,1,Sellable,Processed,2025-05-08,2025-05-09,1151.25,70.7,33.59,6,Yes
5025,7800,13280,Late Delivery,2025-07-03,Damaged Product,1,Damaged,Processed,2025-07-03,,2307.12,79.99,15.57,9,Yes
5026,7805,13292,Wrong Item,2025-01-04,Size/Fit Issue,1,Opened,Processed,2025-01-04,2025-01-05,5058.41,150.18,19.75,8,Yes
5027,7818,13316,Wrong Item,2026-07-05,Product Quality,1,Sellable,Processed,2026-07-05,2026-07-09,1676.63,155.92,37.42,1,Yes
5028,7819,13317,Quality Issue,2026-08-10,Product Quality,1,Opened,Processed,2026-08-10,2026-08-11,90803.24,134.93,29.74,3,Yes
5029,7822,13321,Quality Issue,2025-04-20,Damaged Product,1,Sellable,Processed,2025-04-20,2025-04-23,28858.18,160.67,49.94,2,Yes
5030,7828,13334,Wrong Item,2025-11-29,Size/Fit Issue,1,Damaged,Processed,2025-11-29,2025-11-30,953.07,178.18,47.83,4,Yes
5031,7831,13339,Wrong Item,2025-12-28,Size/Fit Issue,1,Defective,Processed,2025-12-28,2025-12-29,2052.78,178.27,38.72,7,Yes
5032,7833,13345,Wrong Item,2026-02-24,Product Quality,1,Sellable,Processed,2026-02-24,2026-02-26,2657.9,95.51,48.66,7,Yes
5033,7836,13353,Quality Issue,2025-02-19,Product Quality,1,Defective,Pending,2025-02-19,2025-02-21,3965.1,75.47,39.64,3,Yes
5034,7837,13354,Quality Issue,2025-03-28,Late Delivery,1,Sellable,Processed,2025-03-29,2025-03-31,38509.59,77.21,21.42,5,Yes
5035,7838,13355,Wrong Item,2025-04-26,Size/Fit Issue,1,Damaged,Pending,2025-04-27,2025-04-29,3297.12,66.38,18.99,9,Yes
5036,7840,13359,Wrong Item,2026-05-14,Damaged Product,1,Defective,Processed,2026-05-14,,0.0,166.56,30.87,3,No
5037,7842,13365,Late Delivery,2025-10-24,Product Quality,1,Sellable,Processed,2025-10-24,2025-10-27,2548.8,122.75,34.81,9,Yes
5038,7845,13369,Quality Issue,2026-02-05,Late Delivery,1,Sellable,Processed,2026-02-05,2026-02-09,30270.97,169.57,16.71,4,Yes
5039,7853,13381,Late Delivery,2026-07-12,Late Delivery,1,Sellable,Processed,2026-07-13,2026-07-17,152.63,149.76,27.73,5,Yes
5040,7858,13391,Wrong Item,2026-04-13,Damaged Product,1,Damaged,Processed,2026-04-13,2026-04-15,2889.08,74.37,45.04,9,Yes
5041,7861,13397,Quality Issue,2025-08-28,Damaged Product,1,Defective,Processed,2025-08-28,2025-08-30,101194.93,153.79,43.21,7,Yes
5042,7864,13400,Quality Issue,2025-08-22,Damaged Product,1,Sellable,Pending,2025-08-23,2025-08-24,1161.26,177.74,36.06,6,Yes
5043,7865,13404,Late Delivery,2025-10-01,Not as Described,1,Opened,Failed,2025-10-01,2025-10-05,3101.63,135.75,29.71,6,Yes
5044,7866,13406,Quality Issue,2026-07-08,Size/Fit Issue,1,Defective,Processed,2026-07-08,2026-07-11,1163.7,130.32,43.11,9,Yes
5045,7874,13424,Wrong Item,2025-02-18,Product Quality,1,Opened,Processed,2025-02-18,2025-02-20,37407.21,139.45,48.67,2,Yes
5046,7887,13438,Quality Issue,2026-02-06,Product Quality,1,Opened,Processed,2026-02-06,2026-02-08,119961.84,98.74,43.62,7,Yes
5047,7894,13448,Wrong Item,2025-10-19,Size/Fit Issue,1,Sellable,Pending,2025-10-19,2025-10-23,2504.18,137.85,30.81,4,Yes
5048,7897,13458,Late Delivery,2026-01-23,Product Quality,1,Sellable,Processed,2026-01-23,2026-01-24,3383.54,74.49,21.03,5,Yes
5049,7901,13463,Late Delivery,2025-02-10,Size/Fit Issue,1,Sellable,Processed,2025-02-10,2025-02-11,1955.05,79.76,23.15,6,Yes
5050,7906,13474,Late Delivery,2026-05-05,Size/Fit Issue,1,Sellable,Pending,2026-05-05,2026-05-08,1913.95,107.95,16.43,2,Yes
5051,7913,13490,Wrong Item,2024-10-20,Damaged Product,1,Sellable,Processed,2024-10-20,2024-10-23,41547.51,64.24,46.95,1,Yes
5052,7918,13500,Late Delivery,2025-08-14,Product Quality,1,Defective,Processed,2025-08-14,,34885.64,122.34,16.21,5,Yes
5053,7919,13503,Quality Issue,2025-09-10,Size/Fit Issue,1,Opened,Processed,2025-09-10,2025-09-14,2464.27,61.47,47.79,2,Yes
5054,7921,13506,Quality Issue,2025-06-27,Late Delivery,3,Opened,Processed,2025-06-27,2025-06-30,107467.79,146.86,46.71,2,Yes
5055,7922,13507,Wrong Item,2025-08-01,Damaged Product,1,Opened,Pending,2025-08-01,,0.0,76.07,31.45,2,No
5056,7924,13512,Late Delivery,2025-10-21,Damaged Product,1,Opened,Failed,2025-10-21,2025-10-24,60801.41,103.95,40.55,8,Yes
5057,7924,13514,Quality Issue,2025-10-24,Not as Described,1,Sellable,Processed,2025-10-24,2025-10-28,2652.67,102.07,38.11,7,Yes
5058,7927,13517,Quality Issue,2025-10-16,Late Delivery,1,Sellable,Processed,2025-10-17,2025-10-20,91487.81,143.28,46.01,1,Yes
5059,7929,13519,Quality Issue,2026-01-02,Not as Described,1,Sellable,Processed,2026-01-02,2026-01-05,2443.82,155.61,17.63,9,Yes
5060,7929,13520,Late Delivery,2026-01-06,Product Quality,1,Sellable,Pending,2026-01-06,2026-01-07,2475.36,92.85,15.57,5,Yes
5061,7931,13524,Wrong Item,2026-02-21,Size/Fit Issue,1,Sellable,Processed,2026-02-21,2026-02-22,913.32,93.0,30.02,9,Yes
5062,7931,13525,Late Delivery,2026-02-24,Damaged Product,1,Damaged,Processed,2026-02-24,,29617.39,104.84,19.46,8,Yes
5063,7938,13536,Wrong Item,2025-11-19,Product Quality,1,Opened,Processed,2025-11-19,2025-11-22,1846.34,140.64,17.48,6,Yes
5064,7949,13563,Wrong Item,2026-03-14,Product Quality,1,Defective,Processed,2026-03-14,2026-03-18,2652.67,75.9,15.53,5,Yes
5065,7952,13567,Wrong Item,2026-06-05,Not as Described,2,Sellable,Processed,2026-06-06,2026-06-10,9411.33,107.73,27.98,5,Yes
5066,7955,13571,Late Delivery,2025-03-11,Size/Fit Issue,1,Sellable,Processed,2025-03-12,2025-03-15,1064.28,135.32,32.27,4,Yes
5067,7957,13575,Late Delivery,2025-05-11,Late Delivery,1,Sellable,Processed,2025-05-11,2025-05-12,365.21,172.07,30.87,2,Yes
5068,7959,13577,Wrong Item,2025-01-20,Not as Described,1,Opened,Pending,2025-01-21,2025-01-23,70824.14,129.98,27.04,6,Yes
5069,7960,13578,Late Delivery,2025-02-19,Changed Mind,1,Opened,Pending,2025-02-19,2025-02-22,40116.11,118.57,19.61,2,Yes
5070,7964,13585,Quality Issue,2025-09-14,Size/Fit Issue,1,Defective,Processed,2025-09-14,2025-09-17,730.4,173.22,36.58,7,Yes
5071,7964,13586,Late Delivery,2025-09-14,Size/Fit Issue,1,Damaged,Processed,2025-09-14,2025-09-15,1326.78,156.9,23.78,4,Yes
5072,7966,13591,Quality Issue,2025-01-01,Not as Described,1,Opened,Processed,2025-01-01,2025-01-04,5101.38,172.52,37.16,4,Yes
5073,7967,13595,Late Delivery,2025-01-30,Damaged Product,1,Opened,Processed,2025-01-30,2025-02-03,1062.3,147.44,16.19,1,Yes
5074,7970,13599,Wrong Item,2025-11-16,Damaged Product,1,Sellable,Processed,2025-11-16,2025-11-17,1567.77,65.67,20.72,7,Yes
5075,7975,13606,Wrong Item,2026-04-12,Damaged Product,1,Opened,Processed,2026-04-12,2026-04-15,125294.18,77.11,29.55,3,Yes
5076,7979,13612,Wrong Item,2025-10-20,Late Delivery,1,Sellable,Processed,2025-10-20,2025-10-22,725.29,107.96,44.73,8,Yes
5077,7980,13613,Quality Issue,2025-10-13,Damaged Product,1,Sellable,Processed,2025-10-14,2025-10-15,3801.04,109.67,40.89,2,Yes
5078,7980,13614,Late Delivery,2025-10-13,Changed Mind,2,Defective,Pending,2025-10-14,2025-10-17,6755.94,100.55,29.66,9,Yes
5079,7991,13627,Wrong Item,2025-03-04,Not as Described,1,Opened,Failed,2025-03-05,2025-03-08,2354.49,131.11,39.81,8,Yes
5080,7995,13631,Wrong Item,2025-12-16,Damaged Product,1,Damaged,Processed,2025-12-17,2025-12-20,2514.16,150.88,21.08,7,Yes
5081,7996,13633,Late Delivery,2026-01-08,Product Quality,1,Sellable,Processed,2026-01-08,2026-01-11,1436.09,130.77,31.29,6,Yes
5082,7999,13638,Late Delivery,2026-05-25,Size/Fit Issue,1,Defective,Processed,2026-05-25,2026-05-27,2032.13,83.08,33.79,1,Yes
5083,8008,13660,Late Delivery,2025-04-23,Size/Fit Issue,1,Opened,Failed,2025-04-23,2025-04-25,2630.46,174.93,46.53,8,Yes
5084,8008,13661,Quality Issue,2025-04-21,Changed Mind,1,Sellable,Processed,2025-04-21,2025-04-23,932.68,163.05,46.76,4,Yes
5085,8009,13663,Quality Issue,2025-05-23,Product Quality,2,Defective,Processed,2025-05-23,,5662.51,145.68,40.46,1,Yes
5086,8015,13674,Wrong Item,2026-01-02,Size/Fit Issue,1,Sellable,Pending,2026-01-02,2026-01-05,2312.82,83.06,29.24,3,Yes
5087,8015,13678,Quality Issue,2025-12-28,Product Quality,2,Opened,Processed,2025-12-28,,10497.38,131.29,42.86,9,Yes
5088,8020,13688,Quality Issue,2025-02-07,Size/Fit Issue,1,Opened,Processed,2025-02-08,2025-02-09,2301.27,60.33,28.94,3,Yes
5089,8021,13690,Quality Issue,2025-02-25,Product Quality,1,Sellable,Processed,2025-02-25,2025-02-27,53464.2,160.23,29.36,2,Yes
5090,8038,13715,Wrong Item,2025-02-19,Damaged Product,1,Damaged,Processed,2025-02-20,,32103.06,179.07,25.75,3,Yes
5091,8039,13719,Late Delivery,2026-07-06,Damaged Product,1,Opened,Failed,2026-07-07,2026-07-11,22045.37,67.7,38.3,2,Yes
5092,8044,13727,Wrong Item,2025-11-21,Size/Fit Issue,1,Defective,Pending,2025-11-21,2025-11-24,4782.15,179.55,35.76,8,Yes
5093,8046,13730,Wrong Item,2025-06-10,Damaged Product,1,Sellable,Processed,2025-06-10,2025-06-12,1815.25,112.04,19.4,3,Yes
5094,8050,13736,Quality Issue,2025-02-05,Not as Described,1,Opened,Processed,2025-02-05,2025-02-09,1334.8,86.67,28.03,4,Yes
5095,8052,13742,Wrong Item,2026-03-13,Damaged Product,2,Sellable,Processed,2026-03-13,2026-03-14,5958.83,61.32,15.9,9,Yes
5096,8055,13746,Late Delivery,2026-06-20,Not as Described,1,Damaged,Processed,2026-06-21,2026-06-23,2634.42,163.49,17.27,5,Yes
5097,8058,13755,Quality Issue,2025-10-22,Changed Mind,1,Sellable,Processed,2025-10-22,2025-10-23,26333.87,124.85,41.24,3,Yes
5098,8061,13759,Quality Issue,2026-05-20,Damaged Product,1,Sellable,Pending,2026-05-20,2026-05-24,1796.1,123.38,36.53,9,Yes
5099,8061,13760,Late Delivery,2026-05-22,Size/Fit Issue,1,Sellable,Pending,2026-05-22,2026-05-25,1898.43,88.86,24.1,3,Yes
5100,8065,13766,Wrong Item,2025-03-19,Size/Fit Issue,1,Sellable,Processed,2025-03-19,2025-03-23,885.49,143.16,45.87,2,Yes
5101,8070,13776,Quality Issue,2026-04-26,Size/Fit Issue,1,Opened,Processed,2026-04-26,,0.0,106.26,22.68,3,No
5102,8073,13780,Wrong Item,2025-12-29,Product Quality,1,Defective,Processed,2025-12-29,2025-12-30,1320.78,117.01,23.65,5,Yes
5103,8076,13784,Quality Issue,2026-03-31,Damaged Product,1,Damaged,Processed,2026-03-31,2026-04-01,4263.43,140.09,17.63,7,Yes
5104,8082,13799,Late Delivery,2026-03-22,Product Quality,1,Defective,Processed,2026-03-23,2026-03-24,2398.46,136.24,22.36,1,Yes
5105,8087,13809,Wrong Item,2026-05-11,Changed Mind,1,Opened,Processed,2026-05-11,2026-05-14,1690.38,129.19,28.6,9,Yes
5106,8093,13822,Quality Issue,2025-12-19,Damaged Product,1,Damaged,Processed,2025-12-20,,86573.37,133.52,15.6,7,Yes
5107,8094,13823,Quality Issue,2025-06-09,Changed Mind,1,Sellable,Processed,2025-06-09,2025-06-13,82298.09,158.64,38.66,1,Yes
5108,8096,13825,Quality Issue,2025-08-17,Changed Mind,1,Opened,Processed,2025-08-17,2025-08-20,1818.69,62.05,43.55,3,Yes
5109,8097,13828,Wrong Item,2024-10-05,Changed Mind,1,Opened,Pending,2024-10-06,2024-10-10,1924.73,88.19,43.03,7,Yes
5110,8100,13833,Late Delivery,2026-01-31,Changed Mind,1,Opened,Pending,2026-01-31,2026-02-02,56775.28,126.82,46.85,5,Yes
5111,8107,13844,Late Delivery,2025-08-10,Changed Mind,1,Sellable,Processed,2025-08-10,,2775.93,158.48,27.82,6,Yes
5112,8108,13845,Late Delivery,2025-09-28,Changed Mind,1,Sellable,Processed,2025-09-28,2025-10-02,63773.98,179.81,23.63,2,Yes
5113,8109,13846,Late Delivery,2025-08-07,Size/Fit Issue,1,Opened,Processed,2025-08-07,2025-08-11,2704.76,157.66,22.48,2,Yes
5114,8112,13850,Wrong Item,2026-07-19,Late Delivery,1,Damaged,Processed,2026-07-20,2026-07-23,2221.48,179.64,33.3,1,Yes
5115,8136,13886,Wrong Item,2026-04-04,Damaged Product,2,Sellable,Processed,2026-04-04,2026-04-05,3422.54,145.31,39.06,2,Yes
5116,8139,13894,Late Delivery,2025-12-25,Product Quality,1,Damaged,Processed,2025-12-26,2025-12-30,2903.92,168.24,49.18,6,Yes
5117,8139,13895,Late Delivery,2025-12-22,Size/Fit Issue,1,Defective,Processed,2025-12-23,2025-12-25,2288.25,67.8,40.09,2,Yes
5118,8139,13896,Wrong Item,2025-12-22,Changed Mind,3,Damaged,Processed,2025-12-23,,0.0,111.17,18.63,9,No
5119,8139,13897,Late Delivery,2025-12-27,Damaged Product,1,Sellable,Processed,2025-12-28,2026-01-01,1901.81,125.56,48.91,4,Yes
5120,8151,13920,Wrong Item,2025-10-12,Product Quality,1,Damaged,Processed,2025-10-12,2025-10-13,2009.43,119.92,44.31,4,Yes
5121,8151,13921,Quality Issue,2025-10-10,Product Quality,1,Damaged,Processed,2025-10-10,2025-10-11,2754.86,112.16,47.75,6,Yes
5122,8154,13929,Quality Issue,2026-01-07,Late Delivery,1,Defective,Processed,2026-01-07,2026-01-10,376.18,153.64,20.07,9,Yes
5123,8154,13932,Wrong Item,2026-01-04,Damaged Product,1,Defective,Processed,2026-01-04,2026-01-08,1446.41,172.99,18.71,5,Yes
5124,8163,13944,Wrong Item,2025-04-23,Size/Fit Issue,1,Opened,Processed,2025-04-23,,3239.4,167.51,45.2,7,Yes
5125,8166,13950,Wrong Item,2025-07-20,Damaged Product,1,Opened,Processed,2025-07-20,2025-07-21,8283.0,134.71,23.44,6,Yes
5126,8170,13956,Late Delivery,2026-03-04,Damaged Product,1,Sellable,Processed,2026-03-04,2026-03-05,1456.73,167.51,25.22,5,Yes
5127,8170,13957,Wrong Item,2026-03-04,Size/Fit Issue,2,Opened,Pending,2026-03-04,2026-03-07,2269.28,149.03,30.21,8,Yes
5128,8176,13968,Quality Issue,2024-08-17,Size/Fit Issue,2,Sellable,Processed,2024-08-17,2024-08-18,5514.75,117.55,38.95,9,Yes
5129,8178,13971,Quality Issue,2024-10-19,Late Delivery,1,Sellable,Processed,2024-10-19,2024-10-20,40567.16,131.43,18.16,4,Yes
5130,8181,13976,Late Delivery,2026-08-18,Damaged Product,1,Defective,Processed,2026-08-18,2026-08-20,347.56,96.11,25.02,7,Yes
5131,8187,13988,Late Delivery,2026-07-30,Damaged Product,1,Defective,Pending,2026-07-30,2026-07-31,30703.2,71.32,34.14,2,Yes
5132,8188,13989,Quality Issue,2026-08-25,Changed Mind,1,Sellable,Processed,2026-08-25,2026-08-29,92521.85,132.98,30.48,5,Yes
5133,8191,13993,Quality Issue,2026-07-18,Size/Fit Issue,1,Defective,Processed,2026-07-19,2026-07-21,2383.29,76.22,44.63,4,Yes
5134,8199,14005,Late Delivery,2025-10-24,Size/Fit Issue,1,Defective,Failed,2025-10-24,2025-10-28,5144.9,113.59,39.06,7,Yes
5135,8199,14006,Late Delivery,2025-10-22,Size/Fit Issue,1,Opened,Failed,2025-10-22,2025-10-25,2548.46,73.17,29.94,8,Yes
5136,8200,14009,Quality Issue,2025-11-08,Not as Described,1,Damaged,Processed,2025-11-08,2025-11-12,83747.82,96.17,33.81,9,Yes
5137,8223,14046,Quality Issue,2025-04-06,Damaged Product,1,Damaged,Processed,2025-04-06,2025-04-09,40692.52,114.75,40.48,7,Yes
5138,8225,14051,Late Delivery,2025-06-10,Not as Described,1,Opened,Processed,2025-06-10,2025-06-13,2262.63,97.14,24.1,7,Yes
5139,8244,14085,Late Delivery,2025-02-20,Changed Mind,2,Opened,Processed,2025-02-20,2025-02-23,1516.05,114.64,38.94,8,Yes
5140,8244,14086,Quality Issue,2025-02-19,Size/Fit Issue,1,Defective,Failed,2025-02-19,2025-02-21,2133.95,140.52,23.64,7,Yes
5141,8249,14097,Wrong Item,2025-11-24,Product Quality,1,Defective,Processed,2025-11-24,,0.0,165.58,21.6,4,No
5142,8252,14100,Quality Issue,2026-02-10,Size/Fit Issue,1,Sellable,Processed,2026-02-10,2026-02-12,3701.2,64.79,44.19,5,Yes
5143,8260,14113,Late Delivery,2025-08-17,Damaged Product,1,Sellable,Processed,2025-08-17,2025-08-21,1330.59,92.74,34.12,4,Yes
5144,8262,14115,Quality Issue,2025-03-16,Damaged Product,1,Sellable,Processed,2025-03-16,2025-03-18,1610.18,75.01,37.29,9,Yes
5145,8263,14116,Wrong Item,2025-04-20,Not as Described,1,Opened,Processed,2025-04-20,,0.0,156.99,18.72,1,No
5146,8265,14118,Wrong Item,2025-01-18,Size/Fit Issue,1,Opened,Processed,2025-01-18,2025-01-21,2482.27,127.59,49.55,4,Yes
5147,8267,14121,Wrong Item,2025-04-16,Late Delivery,1,Opened,Processed,2025-04-16,2025-04-19,102148.75,70.7,26.17,5,Yes
5148,8271,14125,Wrong Item,2025-03-13,Product Quality,1,Damaged,Processed,2025-03-13,2025-03-15,3542.21,100.1,29.88,3,Yes
5149,8274,14130,Late Delivery,2025-09-17,Late Delivery,1,Damaged,Processed,2025-09-17,2025-09-20,130385.87,112.47,15.79,7,Yes
5150,8278,14135,Wrong Item,2026-01-11,Product Quality,1,Defective,Processed,2026-01-11,,0.0,165.44,37.97,7,No
5151,8285,14151,Wrong Item,2025-08-27,Not as Described,1,Damaged,Processed,2025-08-27,2025-08-30,2928.56,112.85,24.57,3,Yes
5152,8290,14156,Late Delivery,2024-10-24,Late Delivery,1,Damaged,Processed,2024-10-24,,170966.64,62.77,48.11,8,Yes
5153,8292,14158,Wrong Item,2024-12-30,Not as Described,1,Damaged,Processed,2024-12-30,2024-12-31,2179.18,60.6,17.59,8,Yes
5154,8299,14169,Late Delivery,2025-03-09,Size/Fit Issue,1,Sellable,Processed,2025-03-09,2025-03-10,1616.5,69.42,40.48,5,Yes
5155,8307,14180,Late Delivery,2025-12-27,Size/Fit Issue,1,Sellable,Processed,2025-12-27,2025-12-29,1279.56,161.08,25.92,6,Yes
5156,8310,14186,Wrong Item,2026-06-04,Changed Mind,1,Sellable,Failed,2026-06-04,,0.0,97.15,16.61,3,No
5157,8311,14187,Quality Issue,2026-07-13,Changed Mind,1,Defective,Pending,2026-07-13,2026-07-17,2881.52,93.66,15.08,6,Yes
5158,8313,14193,Quality Issue,2026-03-21,Product Quality,1,Opened,Pending,2026-03-21,2026-03-23,3692.9,114.14,34.43,5,Yes
5159,8318,14201,Wrong Item,2025-05-28,Not as Described,1,Opened,Processed,2025-05-29,,2840.04,125.1,28.42,2,Yes
5160,8321,14207,Wrong Item,2025-06-06,Product Quality,1,Defective,Processed,2025-06-06,2025-06-07,2461.92,166.96,29.3,8,Yes
5161,8322,14209,Quality Issue,2025-07-09,Size/Fit Issue,2,Damaged,Processed,2025-07-09,2025-07-10,6826.06,134.06,42.66,4,Yes
5162,8331,14228,Late Delivery,2025-09-30,Size/Fit Issue,1,Sellable,Processed,2025-09-30,2025-10-03,1697.94,156.4,39.39,7,Yes
5163,8336,14234,Wrong Item,2026-03-24,Size/Fit Issue,1,Opened,Processed,2026-03-24,2026-03-26,2161.77,93.82,27.23,1,Yes
5164,8338,14236,Late Delivery,2024-09-02,Damaged Product,1,Sellable,Processed,2024-09-02,2024-09-03,2353.44,65.14,20.6,2,Yes
5165,8346,14247,Late Delivery,2025-01-11,Product Quality,1,Sellable,Processed,2025-01-11,2025-01-12,1110.19,91.05,24.01,5,Yes
5166,8355,14264,Quality Issue,2025-07-12,Late Delivery,1,Sellable,Failed,2025-07-12,2025-07-16,3982.98,130.81,37.96,1,Yes
5167,8357,14269,Late Delivery,2025-09-22,Not as Described,2,Sellable,Processed,2025-09-23,2025-09-27,6277.1,174.18,48.95,2,Yes
5168,8373,14302,Wrong Item,2026-07-15,Product Quality,1,Opened,Processed,2026-07-16,2026-07-20,5415.24,159.36,42.69,1,Yes
5169,8379,14314,Late Delivery,2026-04-28,Product Quality,1,Opened,Processed,2026-04-29,2026-05-03,1792.83,106.5,18.41,7,Yes
5170,8391,14335,Late Delivery,2025-04-28,Product Quality,2,Sellable,Processed,2025-04-28,2025-04-29,4481.46,139.75,26.49,2,Yes
5171,8399,14350,Late Delivery,2025-05-18,Changed Mind,1,Opened,Processed,2025-05-18,,689.41,100.0,21.53,9,Yes
5172,8409,14366,Quality Issue,2024-10-22,Changed Mind,2,Opened,Processed,2024-10-23,2024-10-27,4918.6,129.47,18.69,6,Yes
5173,8418,14380,Quality Issue,2026-01-01,Product Quality,1,Sellable,Processed,2026-01-01,2026-01-05,1450.17,139.26,22.35,6,Yes
5174,8421,14385,Wrong Item,2026-04-12,Damaged Product,1,Opened,Processed,2026-04-13,2026-04-14,14735.58,161.08,29.45,6,Yes
5175,8425,14395,Late Delivery,2025-08-25,Damaged Product,1,Defective,Processed,2025-08-25,2025-08-28,1712.84,141.39,45.42,8,Yes
5176,8426,14396,Wrong Item,2025-10-01,Late Delivery,1,Opened,Pending,2025-10-01,2025-10-03,111087.48,105.43,26.48,8,Yes
5177,8427,14397,Late Delivery,2026-03-26,Product Quality,1,Sellable,Processed,2026-03-26,2026-03-30,3615.69,173.08,41.04,5,Yes
5178,8431,14405,Wrong Item,2026-07-18,Changed Mind,1,Sellable,Processed,2026-07-18,2026-07-21,4317.78,132.28,26.42,2,Yes
5179,8437,14415,Quality Issue,2025-10-09,Not as Described,1,Opened,Pending,2025-10-10,2025-10-14,4064.58,174.56,15.82,8,Yes
5180,8444,14425,Wrong Item,2024-11-21,Damaged Product,1,Sellable,Processed,2024-11-21,2024-11-25,1700.48,97.82,27.69,5,Yes
5181,8448,14431,Wrong Item,2025-03-19,Product Quality,1,Defective,Failed,2025-03-19,,2777.71,112.44,48.07,9,Yes
5182,8453,14437,Late Delivery,2026-05-04,Late Delivery,1,Sellable,Processed,2026-05-04,2026-05-07,11235.21,90.3,29.39,3,Yes
5183,8454,14439,Wrong Item,2026-05-30,Damaged Product,1,Sellable,Processed,2026-05-30,2026-06-01,3352.06,151.31,39.05,8,Yes
5184,8456,14445,Wrong Item,2025-08-05,Product Quality,1,Opened,Processed,2025-08-05,2025-08-08,1981.3,159.52,45.1,2,Yes
5185,8460,14455,Wrong Item,2025-11-24,Product Quality,1,Opened,Processed,2025-11-24,2025-11-28,2280.87,148.85,36.62,4,Yes
5186,8462,14461,Quality Issue,2026-08-08,Changed Mind,1,Sellable,Processed,2026-08-08,2026-08-12,1233.79,96.59,15.67,2,Yes
5187,8471,14472,Late Delivery,2026-01-28,Changed Mind,3,Damaged,Processed,2026-01-28,2026-01-31,22081.31,165.42,22.05,7,Yes
5188,8482,14493,Quality Issue,2024-12-29,Product Quality,1,Damaged,Processed,2024-12-29,2024-12-31,2902.38,148.6,29.44,7,Yes
5189,8485,14499,Quality Issue,2024-10-08,Size/Fit Issue,1,Sellable,Processed,2024-10-08,2024-10-12,724.93,157.84,19.69,5,Yes
5190,8487,14501,Wrong Item,2024-11-27,Damaged Product,1,Opened,Processed,2024-11-27,2024-11-29,78038.07,60.71,26.67,7,Yes
5191,8496,14514,Wrong Item,2026-01-13,Not as Described,1,Sellable,Processed,2026-01-13,2026-01-17,2399.52,92.56,45.68,1,Yes
5192,8510,14531,Quality Issue,2025-09-09,Product Quality,1,Opened,Failed,2025-09-09,2025-09-10,37113.59,146.23,21.54,2,Yes
5193,8518,14545,Wrong Item,2026-04-08,Not as Described,1,Opened,Processed,2026-04-08,2026-04-12,2429.15,78.98,28.03,2,Yes
5194,8519,14546,Late Delivery,2024-08-13,Size/Fit Issue,1,Opened,Processed,2024-08-13,,3804.86,72.11,30.28,9,Yes
5195,8525,14554,Wrong Item,2026-07-31,Product Quality,1,Sellable,Processed,2026-07-31,2026-08-03,2164.95,158.2,17.72,3,Yes
5196,8526,14555,Wrong Item,2025-01-04,Size/Fit Issue,1,Sellable,Processed,2025-01-04,2025-01-06,2072.99,64.97,45.51,7,Yes
5197,8527,14557,Late Delivery,2025-01-19,Not as Described,1,Sellable,Processed,2025-01-20,,0.0,75.75,39.4,3,No
5198,8530,14563,Quality Issue,2026-02-21,Product Quality,1,Opened,Processed,2026-02-21,2026-02-24,49085.38,67.84,46.55,2,Yes
5199,8532,14565,Quality Issue,2026-04-24,Product Quality,1,Sellable,Processed,2026-04-25,2026-04-29,3822.34,84.01,44.83,3,Yes
5200,8538,14575,Quality Issue,2025-03-02,Size/Fit Issue,3,Sellable,Pending,2025-03-02,2025-03-04,8535.84,176.72,38.7,8,Yes
5201,8538,14579,Quality Issue,2025-02-24,Changed Mind,1,Defective,Processed,2025-02-24,2025-02-27,329.51,154.62,23.98,5,Yes
5202,8542,14584,Late Delivery,2025-10-03,Late Delivery,1,Defective,Processed,2025-10-04,2025-10-07,126747.72,161.1,22.33,2,Yes
5203,8558,14607,Wrong Item,2026-02-06,Damaged Product,2,Sellable,Processed,2026-02-06,2026-02-10,3593.76,89.74,17.18,8,Yes
5204,8561,14611,Quality Issue,2025-03-30,Size/Fit Issue,2,Damaged,Processed,2025-03-30,2025-04-03,10756.28,131.3,19.73,6,Yes
5205,8565,14618,Late Delivery,2024-12-14,Changed Mind,1,Sellable,Processed,2024-12-15,2024-12-17,63602.57,125.15,16.82,1,Yes
5206,8566,14620,Wrong Item,2025-01-25,Damaged Product,1,Sellable,Processed,2025-01-25,2025-01-29,2801.32,102.87,36.03,4,Yes
5207,8566,14621,Quality Issue,2025-01-26,Size/Fit Issue,1,Sellable,Processed,2025-01-26,2025-01-27,2421.46,134.77,27.03,1,Yes
5208,8576,14635,Quality Issue,2025-07-12,Product Quality,1,Sellable,Processed,2025-07-13,2025-07-14,2195.57,125.36,27.79,7,Yes
5209,8579,14638,Quality Issue,2025-10-13,Product Quality,1,Opened,Processed,2025-10-13,2025-10-15,1978.07,82.91,24.76,7,Yes
5210,8581,14642,Late Delivery,2026-04-27,Late Delivery,1,Opened,Processed,2026-04-27,2026-05-01,1672.21,156.23,27.9,2,Yes
5211,8589,14651,Wrong Item,2026-02-09,Damaged Product,1,Damaged,Processed,2026-02-09,,28590.78,111.07,36.87,7,Yes
5212,8590,14653,Late Delivery,2024-09-14,Size/Fit Issue,1,Damaged,Pending,2024-09-14,2024-09-18,3316.41,119.58,46.39,5,Yes
5213,8592,14658,Wrong Item,2024-11-14,Size/Fit Issue,1,Sellable,Pending,2024-11-14,2024-11-16,2767.98,168.58,31.84,5,Yes
5214,8597,14663,Late Delivery,2025-08-13,Damaged Product,1,Damaged,Processed,2025-08-13,2025-08-15,87349.79,169.03,45.31,8,Yes
5215,8601,14667,Late Delivery,2025-02-01,Damaged Product,1,Damaged,Processed,2025-02-01,2025-02-05,77653.97,159.77,42.0,7,Yes
5216,8603,14669,Late Delivery,2025-04-05,Product Quality,1,Opened,Processed,2025-04-05,2025-04-08,37548.5,99.0,46.01,3,Yes
5217,8621,14695,Wrong Item,2025-09-06,Product Quality,1,Defective,Processed,2025-09-07,2025-09-11,873.97,111.78,45.88,1,Yes
5218,8621,14696,Late Delivery,2025-09-07,Changed Mind,2,Sellable,Processed,2025-09-08,2025-09-12,646.76,163.5,25.94,7,Yes
5219,8632,14711,Quality Issue,2025-12-20,Not as Described,1,Sellable,Processed,2025-12-21,,2852.14,73.37,27.49,1,Yes
5220,8640,14726,Quality Issue,2026-06-16,Damaged Product,1,Opened,Failed,2026-06-16,,1336.81,172.72,35.53,4,Yes
5221,8652,14751,Wrong Item,2025-04-21,Not as Described,1,Defective,Processed,2025-04-22,2025-04-26,949.36,108.75,33.56,8,Yes
5222,8658,14763,Late Delivery,2025-02-09,Late Delivery,2,Defective,Processed,2025-02-09,2025-02-11,6628.32,138.21,31.32,3,Yes
5223,8660,14767,Quality Issue,2025-04-07,Damaged Product,1,Opened,Processed,2025-04-08,2025-04-09,1826.21,87.21,22.78,1,Yes
5224,8665,14773,Wrong Item,2025-09-11,Product Quality,2,Damaged,Processed,2025-09-11,2025-09-13,1555.95,142.94,46.42,4,Yes
5225,8666,14775,Quality Issue,2025-10-13,Damaged Product,1,Sellable,Pending,2025-10-14,2025-10-15,2372.97,122.33,46.2,6,Yes
5226,8672,14783,Quality Issue,2025-05-09,Damaged Product,2,Sellable,Processed,2025-05-09,2025-05-12,56223.78,74.68,15.18,3,Yes
5227,8673,14784,Quality Issue,2025-06-21,Product Quality,1,Opened,Processed,2025-06-21,2025-06-25,2123.95,126.29,15.72,4,Yes
5228,8679,14794,Late Delivery,2025-11-26,Damaged Product,1,Sellable,Processed,2025-11-27,2025-11-29,4032.98,126.22,31.13,5,Yes
5229,8679,14795,Wrong Item,2025-11-27,Size/Fit Issue,1,Damaged,Processed,2025-11-28,2025-11-30,2813.89,97.6,36.18,1,Yes
5230,8680,14797,Wrong Item,2025-12-16,Changed Mind,1,Sellable,Processed,2025-12-17,,1043.73,138.86,25.39,8,Yes
5231,8691,14813,Quality Issue,2025-07-07,Product Quality,1,Opened,Processed,2025-07-07,2025-07-09,1937.28,159.54,34.05,6,Yes
5232,8697,14821,Quality Issue,2026-01-17,Late Delivery,1,Opened,Processed,2026-01-17,2026-01-19,157622.29,132.41,23.56,7,Yes
5233,8702,14828,Quality Issue,2026-03-25,Changed Mind,1,Damaged,Processed,2026-03-25,2026-03-29,1111.28,104.45,36.16,1,Yes
5234,8712,14845,Late Delivery,2026-07-07,Changed Mind,1,Sellable,Processed,2026-07-08,2026-07-11,2387.75,65.84,42.47,5,Yes
5235,8716,14852,Late Delivery,2025-05-10,Changed Mind,1,Damaged,Pending,2025-05-10,2025-05-14,975.94,61.27,18.19,1,Yes
5236,8722,14865,Late Delivery,2025-05-22,Size/Fit Issue,1,Damaged,Processed,2025-05-23,2025-05-27,1281.15,102.95,22.42,7,Yes
5237,8723,14866,Late Delivery,2025-06-18,Product Quality,1,Sellable,Processed,2025-06-18,2025-06-21,17225.88,167.99,41.26,7,Yes
5238,8727,14870,Late Delivery,2024-12-27,Late Delivery,1,Opened,Processed,2024-12-27,2024-12-31,100402.53,178.24,35.97,8,Yes
5239,8733,14884,Quality Issue,2025-07-30,Damaged Product,1,Sellable,Processed,2025-07-31,2025-08-01,3014.06,100.43,18.37,7,Yes
5240,8734,14886,Quality Issue,2025-08-21,Damaged Product,1,Sellable,Processed,2025-08-21,2025-08-25,1796.88,89.14,35.7,1,Yes
5241,8750,14906,Late Delivery,2026-04-23,Size/Fit Issue,1,Defective,Processed,2026-04-24,,2935.22,143.11,31.83,9,Yes
5242,8752,14910,Late Delivery,2026-06-17,Product Quality,2,Sellable,Processed,2026-06-18,2026-06-22,3888.09,159.69,49.53,2,Yes
5243,8765,14933,Quality Issue,2025-12-31,Changed Mind,1,Opened,Processed,2025-12-31,2026-01-01,1927.09,92.13,18.44,1,Yes
5244,8773,14942,Quality Issue,2026-08-07,Damaged Product,1,Sellable,Pending,2026-08-07,2026-08-09,34730.81,139.33,17.83,8,Yes
5245,8779,14954,Wrong Item,2025-05-13,Damaged Product,1,Opened,Pending,2025-05-13,2025-05-16,2089.98,83.57,18.27,5,Yes
5246,8779,14955,Wrong Item,2025-05-13,Size/Fit Issue,1,Sellable,Failed,2025-05-13,,0.0,159.95,18.0,6,No
5247,8781,14957,Late Delivery,2025-02-13,Not as Described,1,Opened,Processed,2025-02-13,,44898.72,60.65,30.89,7,Yes
5248,8785,14963,Quality Issue,2026-06-20,Not as Described,1,Opened,Pending,2026-06-20,2026-06-24,675.13,101.45,15.11,2,Yes
5249,8785,14966,Quality Issue,2026-06-23,Damaged Product,1,Opened,Processed,2026-06-24,2026-06-26,8355.62,121.19,45.08,4,Yes
5250,8801,14988,Quality Issue,2025-10-18,Product Quality,1,Sellable,Processed,2025-10-18,,3271.1,71.34,33.42,2,Yes
5251,8809,15000,Wrong Item,2026-02-06,Product Quality,1,Sellable,Pending,2026-02-06,2026-02-08,26314.17,138.7,16.72,5,Yes
5252,8814,15008,Late Delivery,2024-09-24,Product Quality,1,Sellable,Pending,2024-09-24,2024-09-27,79255.34,130.12,16.21,9,Yes
5253,8822,15018,Wrong Item,2025-12-01,Damaged Product,1,Sellable,Processed,2025-12-01,2025-12-03,1237.97,86.55,44.41,5,Yes
5254,8822,15019,Wrong Item,2025-12-02,Late Delivery,1,Damaged,Pending,2025-12-02,2025-12-04,1064.89,67.29,16.34,8,Yes
5255,8826,15027,Quality Issue,2024-10-05,Changed Mind,1,Sellable,Processed,2024-10-05,2024-10-09,1184.81,140.93,43.71,7,Yes
5256,8826,15029,Late Delivery,2024-10-04,Changed Mind,1,Sellable,Processed,2024-10-04,2024-10-07,2675.87,176.63,44.4,1,Yes
5257,8833,15042,Quality Issue,2024-12-08,Product Quality,1,Sellable,Pending,2024-12-08,,1510.13,90.37,28.54,2,Yes
5258,8839,15053,Late Delivery,2025-07-29,Damaged Product,1,Sellable,Processed,2025-07-29,,53821.39,66.5,17.46,6,Yes
5259,8840,15054,Quality Issue,2025-08-24,Damaged Product,1,Defective,Processed,2025-08-24,2025-08-26,55147.98,65.64,27.1,5,Yes
5260,8843,15059,Late Delivery,2025-06-07,Damaged Product,1,Sellable,Processed,2025-06-07,2025-06-11,991.94,137.07,30.64,1,Yes
5261,8854,15073,Quality Issue,2026-04-23,Size/Fit Issue,1,Opened,Processed,2026-04-23,2026-04-27,3227.95,175.71,40.43,3,Yes
5262,8856,15079,Quality Issue,2026-07-07,Damaged Product,1,Sellable,Processed,2026-07-07,2026-07-08,36960.96,66.47,24.11,3,Yes
5263,8857,15082,Late Delivery,2026-05-21,Product Quality,1,Opened,Processed,2026-05-22,2026-05-25,69182.58,99.99,23.53,6,Yes
5264,8860,15087,Late Delivery,2025-05-22,Size/Fit Issue,1,Sellable,Processed,2025-05-22,2025-05-26,2262.96,172.85,19.13,3,Yes
5265,8861,15092,Wrong Item,2025-06-27,Damaged Product,1,Damaged,Processed,2025-06-27,2025-06-28,52750.88,100.51,30.13,8,Yes
5266,8861,15093,Late Delivery,2025-06-23,Product Quality,1,Sellable,Processed,2025-06-24,,2961.16,60.7,32.8,6,Yes
5267,8865,15100,Quality Issue,2025-06-01,Product Quality,3,Sellable,Processed,2025-06-02,2025-06-06,3142.3,153.44,39.41,9,Yes
5268,8877,15121,Quality Issue,2025-11-09,Size/Fit Issue,1,Opened,Processed,2025-11-09,2025-11-13,2351.69,66.87,22.47,4,Yes
5269,8880,15129,Late Delivery,2026-02-13,Damaged Product,1,Sellable,Processed,2026-02-14,2026-02-16,21861.79,100.14,31.31,6,Yes
5270,8880,15132,Wrong Item,2026-02-10,Changed Mind,1,Opened,Processed,2026-02-11,2026-02-12,68966.96,173.21,16.1,7,Yes
5271,8887,15140,Late Delivery,2025-12-12,Damaged Product,1,Damaged,Processed,2025-12-13,2025-12-17,33537.83,164.24,33.28,8,Yes
5272,8889,15142,Wrong Item,2026-03-04,Changed Mind,1,Defective,Processed,2026-03-05,2026-03-08,2855.61,89.73,16.59,4,Yes
5273,8900,15157,Quality Issue,2025-05-17,Late Delivery,1,Defective,Pending,2025-05-17,2025-05-19,25676.51,62.4,27.7,3,Yes
5274,8902,15160,Wrong Item,2025-07-18,Changed Mind,1,Damaged,Processed,2025-07-18,2025-07-22,3984.99,123.88,40.86,9,Yes
5275,8904,15164,Quality Issue,2026-07-11,Damaged Product,1,Defective,Processed,2026-07-11,,27446.15,173.6,22.63,4,Yes
5276,8907,15170,Wrong Item,2025-03-13,Size/Fit Issue,1,Defective,Processed,2025-03-14,2025-03-15,2813.36,91.26,15.14,3,Yes
5277,8909,15172,Late Delivery,2025-05-14,Damaged Product,1,Sellable,Processed,2025-05-14,2025-05-15,1779.5,107.09,40.27,8,Yes
5278,8915,15189,Quality Issue,2024-10-09,Late Delivery,1,Sellable,Processed,2024-10-09,2024-10-13,6155.76,96.13,34.15,9,Yes
5279,8916,15191,Wrong Item,2024-10-27,Not as Described,1,Defective,Processed,2024-10-27,2024-10-29,1518.01,127.42,27.39,5,Yes
5280,8917,15193,Quality Issue,2026-02-08,Size/Fit Issue,1,Opened,Processed,2026-02-08,2026-02-12,932.21,117.25,35.23,9,Yes
5281,8924,15205,Late Delivery,2026-04-20,Damaged Product,1,Sellable,Failed,2026-04-20,2026-04-23,1209.41,152.78,42.05,4,Yes
5282,8932,15220,Quality Issue,2025-08-28,Damaged Product,1,Defective,Processed,2025-08-28,2025-08-30,1350.25,159.67,36.62,7,Yes
5283,8932,15221,Quality Issue,2025-08-28,Size/Fit Issue,1,Sellable,Processed,2025-08-28,,3198.99,125.55,32.68,3,Yes
5284,8935,15227,Wrong Item,2024-12-01,Size/Fit Issue,1,Sellable,Pending,2024-12-01,,5151.85,80.32,41.1,6,Yes
5285,8944,15239,Wrong Item,2024-08-24,Damaged Product,1,Defective,Processed,2024-08-24,2024-08-27,72293.85,161.16,34.6,2,Yes
5286,8945,15241,Late Delivery,2025-08-08,Size/Fit Issue,1,Sellable,Processed,2025-08-09,2025-08-11,1603.07,135.68,21.79,3,Yes
5287,8954,15252,Wrong Item,2024-08-27,Product Quality,1,Opened,Processed,2024-08-28,2024-08-29,1816.91,86.17,35.25,7,Yes
5288,8955,15253,Quality Issue,2024-10-08,Damaged Product,2,Sellable,Processed,2024-10-09,2024-10-11,4021.52,160.27,31.43,2,Yes
5289,8966,15274,Quality Issue,2025-07-13,Late Delivery,1,Damaged,Processed,2025-07-14,2025-07-15,16930.88,82.38,17.21,7,Yes
5290,8971,15280,Late Delivery,2025-01-29,Damaged Product,1,Damaged,Processed,2025-01-29,2025-01-31,3388.26,144.44,22.14,2,Yes
5291,8978,15292,Late Delivery,2024-09-13,Damaged Product,1,Damaged,Failed,2024-09-13,2024-09-14,348.99,158.29,29.68,6,Yes
5292,8979,15293,Wrong Item,2026-04-08,Size/Fit Issue,1,Sellable,Processed,2026-04-08,,0.0,150.85,28.49,4,No
5293,8980,15294,Wrong Item,2026-05-15,Late Delivery,1,Sellable,Pending,2026-05-15,2026-05-18,676.03,97.33,32.32,7,Yes
5294,8982,15296,Wrong Item,2025-07-20,Not as Described,1,Sellable,Processed,2025-07-21,2025-07-23,2388.11,155.75,37.17,1,Yes
5295,8988,15305,Wrong Item,2024-12-27,Damaged Product,1,Sellable,Processed,2024-12-28,2024-12-30,78359.54,136.82,15.77,9,Yes
5296,8989,15306,Quality Issue,2025-02-01,Changed Mind,1,Opened,Processed,2025-02-01,,2272.54,63.53,18.74,2,Yes
5297,8992,15312,Quality Issue,2026-03-31,Size/Fit Issue,1,Damaged,Processed,2026-03-31,2026-04-04,3185.51,116.51,16.57,5,Yes
5298,8997,15318,Quality Issue,2024-10-08,Damaged Product,1,Opened,Pending,2024-10-08,2024-10-09,2573.44,145.67,37.03,5,Yes
5299,8998,15319,Quality Issue,2024-11-06,Size/Fit Issue,1,Sellable,Processed,2024-11-06,2024-11-09,1326.18,91.23,24.99,9,Yes
5300,8999,15321,Quality Issue,2025-03-22,Late Delivery,1,Defective,Processed,2025-03-22,2025-03-24,17084.55,96.9,40.26,5,Yes
5301,9009,15342,Late Delivery,2026-03-25,Late Delivery,1,Damaged,Processed,2026-03-25,2026-03-26,24080.76,80.76,15.95,2,Yes
5302,9010,15343,Late Delivery,2026-04-09,Damaged Product,1,Damaged,Processed,2026-04-09,,13619.28,138.19,19.86,7,Yes
5303,9013,15348,Quality Issue,2025-08-06,Damaged Product,1,Opened,Processed,2025-08-07,,0.0,179.36,48.12,8,No
5304,9014,15351,Wrong Item,2026-01-05,Product Quality,3,Sellable,Processed,2026-01-05,,4786.56,172.49,26.77,3,Yes
5305,9035,15383,Quality Issue,2026-08-21,Late Delivery,1,Damaged,Processed,2026-08-22,2026-08-23,2809.7,127.64,29.9,4,Yes
5306,9038,15390,Wrong Item,2026-08-10,Not as Described,1,Opened,Processed,2026-08-11,2026-08-12,99791.13,142.73,26.54,3,Yes
5307,9041,15397,Late Delivery,2025-03-12,Not as Described,1,Damaged,Processed,2025-03-12,2025-03-16,45772.01,67.7,31.99,2,Yes
5308,9042,15400,Wrong Item,2025-03-31,Product Quality,1,Damaged,Processed,2025-03-31,2025-04-01,42286.56,170.99,28.18,3,Yes
5309,9046,15406,Late Delivery,2025-10-04,Damaged Product,1,Sellable,Processed,2025-10-04,2025-10-08,1310.79,70.21,35.7,2,Yes
5310,9047,15408,Wrong Item,2025-11-19,Damaged Product,1,Sellable,Processed,2025-11-19,2025-11-22,67202.73,66.68,24.62,8,Yes
5311,9053,15415,Late Delivery,2025-10-14,Late Delivery,1,Sellable,Processed,2025-10-15,2025-10-18,1433.06,100.99,31.62,2,Yes
5312,9054,15416,Late Delivery,2025-11-10,Product Quality,1,Sellable,Processed,2025-11-10,2025-11-12,2862.61,63.47,22.16,5,Yes
5313,9055,15418,Wrong Item,2025-08-04,Size/Fit Issue,1,Opened,Pending,2025-08-05,2025-08-07,2564.8,98.24,48.44,2,Yes
5314,9061,15425,Late Delivery,2025-07-30,Late Delivery,1,Defective,Processed,2025-07-30,,75183.04,161.61,47.44,7,Yes
5315,9063,15430,Quality Issue,2025-09-17,Product Quality,1,Opened,Processed,2025-09-17,2025-09-20,3602.58,128.49,15.38,9,Yes
5316,9073,15444,Wrong Item,2026-02-06,Damaged Product,1,Sellable,Processed,2026-02-06,2026-02-07,76302.51,63.98,37.96,4,Yes
5317,9077,15449,Late Delivery,2026-05-07,Damaged Product,1,Damaged,Processed,2026-05-07,2026-05-10,38538.47,176.38,33.79,2,Yes
5318,9086,15463,Late Delivery,2026-06-23,Damaged Product,1,Sellable,Processed,2026-06-23,2026-06-26,1292.51,77.25,40.56,2,Yes
5319,9086,15464,Late Delivery,2026-06-25,Product Quality,1,Opened,Processed,2026-06-25,,2608.66,98.36,46.67,5,Yes
5320,9092,15478,Quality Issue,2026-03-05,Damaged Product,1,Damaged,Processed,2026-03-05,2026-03-08,788.85,64.36,24.14,4,Yes
5321,9119,15513,Wrong Item,2026-01-25,Late Delivery,1,Sellable,Processed,2026-01-25,2026-01-26,153944.31,122.86,45.39,4,Yes
5322,9125,15521,Wrong Item,2026-08-18,Damaged Product,1,Sellable,Processed,2026-08-18,2026-08-19,112608.37,151.46,43.19,4,Yes
5323,9125,15522,Late Delivery,2026-08-14,Late Delivery,1,Opened,Processed,2026-08-14,2026-08-15,433.67,85.1,24.98,2,Yes
5324,9132,15532,Late Delivery,2025-03-06,Damaged Product,1,Defective,Processed,2025-03-07,2025-03-10,1067.91,116.76,25.02,1,Yes
5325,9143,15547,Quality Issue,2024-11-19,Late Delivery,1,Opened,Processed,2024-11-20,2024-11-23,2050.67,69.36,24.05,8,Yes
5326,9148,15555,Wrong Item,2026-06-25,Changed Mind,1,Opened,Processed,2026-06-25,2026-06-27,162782.38,68.21,15.72,9,Yes
5327,9155,15566,Quality Issue,2026-01-30,Size/Fit Issue,1,Sellable,Processed,2026-01-30,2026-01-31,3165.97,147.85,41.42,7,Yes
5328,9155,15567,Late Delivery,2026-01-25,Product Quality,1,Opened,Processed,2026-01-25,2026-01-27,3561.09,118.61,35.13,6,Yes
5329,9164,15580,Late Delivery,2024-09-05,Damaged Product,1,Defective,Pending,2024-09-06,2024-09-10,2995.86,120.56,22.66,4,Yes
5330,9187,15617,Wrong Item,2025-03-24,Size/Fit Issue,1,Opened,Processed,2025-03-24,2025-03-28,2323.31,161.75,32.49,9,Yes
5331,9189,15622,Late Delivery,2025-05-30,Size/Fit Issue,1,Sellable,Pending,2025-05-30,2025-06-03,1028.63,104.09,37.36,8,Yes
5332,9193,15628,Quality Issue,2025-09-19,Size/Fit Issue,1,Damaged,Processed,2025-09-19,2025-09-21,2230.56,64.01,33.89,6,Yes
5333,9203,15641,Wrong Item,2026-06-03,Not as Described,1,Opened,Processed,2026-06-03,,3547.28,84.4,21.4,5,Yes
5334,9204,15643,Late Delivery,2026-07-15,Size/Fit Issue,1,Opened,Processed,2026-07-15,2026-07-18,3198.51,179.35,27.45,2,Yes
5335,9206,15648,Wrong Item,2025-02-24,Product Quality,1,Sellable,Processed,2025-02-24,2025-02-25,2702.63,136.31,24.12,9,Yes
5336,9215,15661,Quality Issue,2026-06-15,Damaged Product,1,Opened,Pending,2026-06-15,2026-06-19,3819.14,91.56,27.31,3,Yes
5337,9231,15681,Late Delivery,2025-01-06,Late Delivery,1,Defective,Processed,2025-01-06,2025-01-07,2225.05,118.07,35.68,1,Yes
5338,9233,15685,Quality Issue,2026-03-25,Product Quality,1,Sellable,Pending,2026-03-25,,0.0,67.88,43.51,1,No
5339,9234,15689,Late Delivery,2026-01-25,Damaged Product,1,Opened,Processed,2026-01-26,2026-01-27,43168.92,117.99,36.18,2,Yes
5340,9238,15700,Wrong Item,2024-10-16,Product Quality,1,Sellable,Processed,2024-10-17,,0.0,179.08,30.76,5,No
5341,9244,15709,Wrong Item,2025-09-19,Size/Fit Issue,1,Sellable,Pending,2025-09-20,2025-09-24,4932.32,113.07,15.75,5,Yes
5342,9245,15711,Quality Issue,2025-10-09,Size/Fit Issue,1,Sellable,Failed,2025-10-10,2025-10-14,1291.43,74.91,34.51,3,Yes
5343,9252,15725,Quality Issue,2024-11-24,Not as Described,1,Defective,Processed,2024-11-24,2024-11-27,1732.46,92.38,38.48,8,Yes
5344,9252,15726,Quality Issue,2024-11-19,Size/Fit Issue,1,Damaged,Processed,2024-11-19,2024-11-22,1236.0,99.9,30.1,1,Yes
5345,9260,15742,Late Delivery,2026-02-19,Damaged Product,1,Opened,Processed,2026-02-19,2026-02-23,37882.96,140.11,46.37,2,Yes
5346,9265,15748,Wrong Item,2026-08-09,Product Quality,2,Sellable,Failed,2026-08-09,2026-08-12,5771.53,176.59,46.03,3,Yes
5347,9266,15749,Late Delivery,2025-04-02,Changed Mind,1,Sellable,Processed,2025-04-03,2025-04-06,1908.15,60.93,33.33,3,Yes
5348,9272,15759,Quality Issue,2025-05-29,Size/Fit Issue,1,Sellable,Processed,2025-05-29,2025-06-01,3383.79,145.42,28.61,7,Yes
5349,9275,15764,Late Delivery,2025-08-08,Size/Fit Issue,1,Sellable,Processed,2025-08-08,2025-08-09,2127.77,161.53,21.11,2,Yes
5350,9284,15774,Late Delivery,2025-10-23,Late Delivery,1,Opened,Processed,2025-10-23,2025-10-24,584.04,108.41,33.29,8,Yes
5351,9286,15778,Wrong Item,2026-01-12,Damaged Product,1,Defective,Processed,2026-01-12,2026-01-15,433.67,139.31,42.29,5,Yes
5352,9291,15784,Wrong Item,2026-03-06,Size/Fit Issue,1,Damaged,Processed,2026-03-07,2026-03-11,883.06,139.99,33.88,8,Yes
5353,9293,15787,Late Delivery,2024-12-21,Product Quality,1,Sellable,Processed,2024-12-21,2024-12-24,3237.95,83.46,18.13,7,Yes
5354,9303,15803,Late Delivery,2026-07-30,Late Delivery,1,Sellable,Processed,2026-07-30,2026-08-03,6469.01,73.31,45.95,8,Yes
5355,9305,15806,Quality Issue,2025-08-11,Size/Fit Issue,1,Sellable,Processed,2025-08-11,2025-08-14,1971.53,179.39,17.59,3,Yes
5356,9311,15820,Wrong Item,2026-06-30,Not as Described,1,Sellable,Processed,2026-07-01,,0.0,136.49,19.83,1,No
5357,9333,15861,Quality Issue,2026-03-28,Damaged Product,1,Defective,Pending,2026-03-28,,0.0,135.88,30.05,8,No
5358,9342,15874,Wrong Item,2026-03-16,Damaged Product,2,Opened,Processed,2026-03-16,,2262.71,112.18,46.85,1,Yes
5359,9348,15890,Wrong Item,2025-11-23,Changed Mind,1,Defective,Processed,2025-11-23,2025-11-27,6158.02,95.87,32.13,8,Yes
5360,9349,15893,Wrong Item,2025-12-19,Product Quality,1,Sellable,Processed,2025-12-19,2025-12-22,85311.88,129.35,18.97,4,Yes
5361,9353,15901,Wrong Item,2026-07-20,Damaged Product,1,Sellable,Processed,2026-07-20,2026-07-22,118575.77,178.13,42.74,5,Yes
5362,9357,15908,Wrong Item,2025-06-23,Size/Fit Issue,1,Opened,Pending,2025-06-23,,0.0,172.6,43.88,8,No
5363,9364,15918,Quality Issue,2025-08-02,Product Quality,1,Defective,Pending,2025-08-02,2025-08-06,1178.53,77.26,23.18,9,Yes
5364,9381,15948,Wrong Item,2026-05-17,Size/Fit Issue,1,Opened,Processed,2026-05-17,,3056.45,68.08,49.75,9,Yes
5365,9387,15957,Late Delivery,2026-06-24,Damaged Product,1,Damaged,Processed,2026-06-24,2026-06-25,1702.25,115.81,43.99,8,Yes
5366,9389,15959,Quality Issue,2026-08-12,Product Quality,1,Sellable,Pending,2026-08-12,2026-08-15,3227.98,173.99,28.69,6,Yes
5367,9400,15975,Late Delivery,2025-08-28,Damaged Product,1,Opened,Processed,2025-08-28,2025-09-01,4014.73,167.97,32.1,5,Yes
5368,9401,15976,Late Delivery,2025-09-21,Size/Fit Issue,1,Damaged,Processed,2025-09-21,2025-09-22,3981.14,129.92,42.56,5,Yes
5369,9407,15982,Late Delivery,2025-11-21,Changed Mind,2,Sellable,Processed,2025-11-21,2025-11-22,35796.33,118.59,44.6,6,Yes
5370,9409,15985,Late Delivery,2026-02-09,Size/Fit Issue,1,Defective,Pending,2026-02-09,2026-02-11,729.75,132.25,23.29,9,Yes
5371,9411,15989,Wrong Item,2025-08-07,Damaged Product,1,Opened,Processed,2025-08-07,2025-08-11,743.74,86.03,42.34,6,Yes
5372,9411,15991,Late Delivery,2025-08-08,Changed Mind,1,Sellable,Processed,2025-08-08,2025-08-09,975.94,176.33,17.08,5,Yes
5373,9415,15996,Late Delivery,2025-11-30,Size/Fit Issue,2,Damaged,Processed,2025-12-01,,6826.95,100.03,17.24,7,Yes
5374,9418,16003,Quality Issue,2025-03-19,Product Quality,1,Damaged,Processed,2025-03-20,2025-03-24,4064.58,79.63,18.4,5,Yes
5375,9420,16006,Late Delivery,2025-05-08,Late Delivery,1,Damaged,Processed,2025-05-08,2025-05-10,2586.93,99.12,37.65,6,Yes
5376,9431,16024,Wrong Item,2026-04-14,Damaged Product,1,Defective,Processed,2026-04-14,2026-04-15,753.76,102.89,22.22,6,Yes
5377,9432,16025,Quality Issue,2024-08-31,Product Quality,1,Defective,Processed,2024-09-01,2024-09-04,932.68,82.0,23.46,8,Yes
5378,9432,16026,Wrong Item,2024-09-05,Product Quality,1,Sellable,Processed,2024-09-05,2024-09-06,103645.76,168.8,43.0,3,Yes
5379,9435,16032,Wrong Item,2024-12-05,Changed Mind,1,Sellable,Pending,2024-12-05,2024-12-09,9412.43,146.85,20.19,6,Yes
5380,9447,16047,Quality Issue,2026-08-11,Size/Fit Issue,2,Opened,Processed,2026-08-11,2026-08-15,3963.73,137.91,26.74,2,Yes
5381,9449,16049,Quality Issue,2025-05-26,Damaged Product,1,Sellable,Processed,2025-05-27,2025-05-29,15270.31,81.67,36.63,1,Yes
5382,9450,16051,Wrong Item,2025-05-31,Size/Fit Issue,1,Sellable,Processed,2025-06-01,,1489.26,68.62,28.94,7,Yes
5383,9450,16053,Late Delivery,2025-05-25,Size/Fit Issue,1,Sellable,Processed,2025-05-26,2025-05-30,1326.78,140.02,48.55,3,Yes
5384,9450,16055,Wrong Item,2025-05-27,Changed Mind,1,Opened,Processed,2025-05-28,2025-05-30,3913.73,158.16,19.93,3,Yes
5385,9453,16061,Quality Issue,2025-07-26,Late Delivery,1,Sellable,Pending,2025-07-27,2025-07-31,4417.46,83.62,34.27,5,Yes
5386,9454,16063,Late Delivery,2026-04-29,Changed Mind,1,Opened,Processed,2026-04-29,2026-05-03,2736.92,149.81,46.37,2,Yes
5387,9456,16066,Wrong Item,2026-05-31,Damaged Product,1,Sellable,Pending,2026-05-31,,0.0,62.65,40.63,1,No
5388,9465,16081,Wrong Item,2025-11-20,Product Quality,2,Sellable,Pending,2025-11-20,2025-11-23,4584.65,87.56,43.46,8,Yes
5389,9465,16082,Late Delivery,2025-11-21,Size/Fit Issue,2,Sellable,Processed,2025-11-21,,2925.16,133.33,18.81,9,Yes
5390,9469,16091,Quality Issue,2026-03-19,Size/Fit Issue,1,Sellable,Processed,2026-03-19,2026-03-23,3828.95,178.93,16.16,5,Yes
5391,9471,16095,Quality Issue,2025-08-30,Damaged Product,1,Defective,Pending,2025-08-30,,1405.22,78.9,45.63,1,Yes
5392,9477,16108,Late Delivery,2024-10-04,Changed Mind,1,Sellable,Processed,2024-10-05,2024-10-09,318.6,170.77,33.94,8,Yes
5393,9482,16115,Wrong Item,2024-10-27,Late Delivery,1,Sellable,Pending,2024-10-28,2024-10-29,1545.94,73.0,30.39,2,Yes
5394,9482,16116,Quality Issue,2024-10-25,Size/Fit Issue,1,Sellable,Processed,2024-10-26,2024-10-27,1924.97,138.39,46.49,4,Yes
5395,9484,16119,Quality Issue,2025-11-23,Not as Described,1,Sellable,Pending,2025-11-24,2025-11-26,2629.74,113.5,16.9,1,Yes
5396,9491,16128,Wrong Item,2025-04-20,Changed Mind,1,Opened,Failed,2025-04-20,2025-04-23,1482.12,116.12,15.61,5,Yes
5397,9497,16137,Quality Issue,2024-09-09,Changed Mind,1,Defective,Pending,2024-09-09,2024-09-13,1930.1,149.64,21.73,3,Yes
5398,9500,16145,Late Delivery,2024-12-30,Size/Fit Issue,1,Sellable,Processed,2024-12-30,2025-01-01,4937.72,109.07,43.57,7,Yes
5399,9504,16153,Wrong Item,2026-08-12,Product Quality,1,Sellable,Processed,2026-08-12,2026-08-15,3732.26,113.13,31.15,5,Yes
5400,9509,16163,Wrong Item,2025-01-27,Changed Mind,1,Sellable,Processed,2025-01-27,2025-01-28,32592.41,126.92,25.24,3,Yes
5401,9512,16168,Late Delivery,2025-12-30,Size/Fit Issue,1,Opened,Processed,2025-12-30,,3006.55,146.62,26.15,4,Yes
5402,9515,16173,Late Delivery,2024-12-21,Damaged Product,1,Opened,Processed,2024-12-21,2024-12-24,3391.9,121.65,45.79,2,Yes
5403,9516,16174,Late Delivery,2025-01-20,Not as Described,1,Sellable,Processed,2025-01-21,,1166.55,126.08,35.83,9,Yes
5404,9521,16182,Late Delivery,2025-05-30,Product Quality,1,Defective,Processed,2025-05-30,2025-06-01,3054.09,166.3,43.79,6,Yes
5405,9522,16183,Late Delivery,2026-08-09,Not as Described,1,Defective,Processed,2026-08-09,2026-08-10,40346.42,104.23,17.76,8,Yes
5406,9524,16185,Quality Issue,2025-05-21,Size/Fit Issue,1,Damaged,Processed,2025-05-21,2025-05-23,1887.02,173.29,27.85,6,Yes
5407,9526,16189,Wrong Item,2025-07-21,Product Quality,1,Damaged,Processed,2025-07-21,2025-07-24,2476.22,102.22,22.36,2,Yes
5408,9530,16197,Wrong Item,2026-05-12,Damaged Product,1,Opened,Processed,2026-05-13,,4202.82,77.97,24.57,6,Yes
5409,9536,16204,Wrong Item,2025-03-28,Size/Fit Issue,2,Damaged,Processed,2025-03-28,2025-03-30,9161.77,129.44,23.14,1,Yes
5410,9540,16210,Wrong Item,2025-11-01,Changed Mind,1,Sellable,Processed,2025-11-01,2025-11-03,2341.51,135.06,22.06,6,Yes
5411,9545,16220,Wrong Item,2024-11-12,Not as Described,2,Opened,Processed,2024-11-12,2024-11-14,8552.5,164.06,30.68,4,Yes
5412,9553,16233,Late Delivery,2026-02-07,Not as Described,1,Sellable,Processed,2026-02-07,2026-02-08,1134.64,77.9,30.83,9,Yes
5413,9557,16242,Late Delivery,2026-06-07,Size/Fit Issue,1,Defective,Processed,2026-06-07,2026-06-11,4528.53,89.52,32.96,3,Yes
5414,9568,16260,Wrong Item,2026-05-13,Changed Mind,3,Sellable,Processed,2026-05-13,2026-05-14,196216.76,179.89,48.83,8,Yes
5415,9582,16278,Late Delivery,2025-08-21,Size/Fit Issue,1,Opened,Failed,2025-08-22,2025-08-24,1199.33,96.04,43.44,2,Yes
5416,9587,16290,Wrong Item,2025-02-12,Changed Mind,1,Damaged,Processed,2025-02-13,2025-02-15,1254.75,162.91,46.5,6,Yes
5417,9593,16302,Wrong Item,2024-10-29,Size/Fit Issue,1,Opened,Processed,2024-10-29,2024-11-01,4924.04,132.02,33.39,5,Yes
5418,9593,16305,Quality Issue,2024-10-29,Damaged Product,1,Opened,Processed,2024-10-29,2024-11-01,3422.81,136.87,39.29,2,Yes
5419,9603,16326,Quality Issue,2024-12-26,Size/Fit Issue,1,Opened,Processed,2024-12-26,2024-12-29,3810.15,124.12,29.86,1,Yes
5420,9626,16366,Quality Issue,2025-04-04,Size/Fit Issue,1,Damaged,Processed,2025-04-04,2025-04-08,2887.63,86.15,38.74,5,Yes
5421,9627,16370,Late Delivery,2025-05-01,Late Delivery,1,Damaged,Failed,2025-05-01,2025-05-03,994.14,109.64,18.35,5,Yes
5422,9628,16371,Late Delivery,2025-06-14,Damaged Product,1,Opened,Processed,2025-06-14,2025-06-16,110609.66,138.19,20.77,9,Yes
5423,9644,16395,Quality Issue,2025-07-25,Size/Fit Issue,1,Sellable,Pending,2025-07-25,2025-07-28,1289.87,133.79,21.37,5,Yes
5424,9647,16398,Late Delivery,2025-10-19,Damaged Product,1,Sellable,Processed,2025-10-19,2025-10-22,925.89,112.59,46.85,3,Yes
5425,9650,16403,Quality Issue,2026-04-07,Product Quality,1,Opened,Processed,2026-04-07,2026-04-11,4304.48,134.8,38.1,4,Yes
5426,9655,16411,Wrong Item,2025-04-04,Not as Described,1,Damaged,Processed,2025-04-05,,0.0,88.66,21.55,6,No
5427,9664,16430,Wrong Item,2026-07-22,Damaged Product,1,Opened,Processed,2026-07-22,2026-07-26,75711.15,63.13,26.65,9,Yes
5428,9671,16443,Quality Issue,2024-11-16,Damaged Product,1,Defective,Processed,2024-11-16,2024-11-17,110450.49,174.42,49.54,2,Yes
5429,9674,16449,Quality Issue,2025-03-10,Late Delivery,2,Sellable,Processed,2025-03-11,2025-03-12,304414.84,61.5,18.64,5,Yes
5430,9682,16467,Wrong Item,2025-09-16,Not as Described,1,Defective,Processed,2025-09-16,2025-09-17,14326.68,134.8,18.31,1,Yes
5431,9690,16477,Quality Issue,2025-09-09,Damaged Product,1,Opened,Processed,2025-09-09,2025-09-13,12384.8,170.14,34.41,5,Yes
5432,9691,16479,Quality Issue,2025-10-07,Product Quality,1,Damaged,Processed,2025-10-08,2025-10-12,4050.63,166.09,24.2,8,Yes
5433,9705,16503,Wrong Item,2025-05-05,Size/Fit Issue,1,Opened,Processed,2025-05-05,2025-05-09,2538.2,74.5,42.36,3,Yes
5434,9709,16509,Wrong Item,2025-10-24,Not as Described,1,Sellable,Processed,2025-10-24,2025-10-26,108528.33,164.25,33.77,2,Yes
5435,9715,16520,Wrong Item,2025-07-06,Late Delivery,1,Opened,Processed,2025-07-07,2025-07-11,1376.55,72.86,37.0,9,Yes
5436,9749,16570,Quality Issue,2025-02-09,Changed Mind,1,Damaged,Processed,2025-02-09,2025-02-10,2405.72,115.55,34.76,1,Yes
5437,9750,16571,Wrong Item,2025-03-21,Product Quality,3,Sellable,Processed,2025-03-21,2025-03-22,2251.56,117.33,38.87,8,Yes
5438,9751,16575,Quality Issue,2025-02-18,Damaged Product,1,Damaged,Processed,2025-02-18,2025-02-19,4254.12,172.63,37.09,2,Yes
5439,9753,16577,Late Delivery,2025-05-09,Damaged Product,1,Sellable,Processed,2025-05-09,2025-05-12,1980.08,108.36,31.8,5,Yes
5440,9759,16588,Quality Issue,2025-09-03,Size/Fit Issue,1,Opened,Processed,2025-09-03,2025-09-06,2818.29,78.97,15.31,7,Yes
5441,9761,16590,Late Delivery,2025-01-22,Product Quality,1,Damaged,Processed,2025-01-22,2025-01-24,3200.01,125.71,21.6,4,Yes
5442,9764,16593,Wrong Item,2026-04-08,Product Quality,1,Sellable,Processed,2026-04-08,2026-04-10,1885.99,158.79,48.22,7,Yes
5443,9766,16596,Wrong Item,2026-07-05,Late Delivery,1,Sellable,Failed,2026-07-05,2026-07-09,1855.74,127.88,36.15,7,Yes
5444,9769,16600,Wrong Item,2025-04-13,Product Quality,1,Damaged,Processed,2025-04-13,2025-04-14,608.77,162.6,17.8,8,Yes
5445,9786,16629,Wrong Item,2025-11-18,Late Delivery,1,Opened,Processed,2025-11-18,2025-11-22,3079.52,145.1,38.06,8,Yes
5446,9788,16631,Late Delivery,2026-01-10,Not as Described,1,Sellable,Pending,2026-01-10,,2337.31,148.38,29.16,6,Yes
5447,9790,16635,Wrong Item,2026-07-03,Damaged Product,1,Opened,Processed,2026-07-03,2026-07-06,2657.25,111.72,15.1,7,Yes
5448,9792,16642,Quality Issue,2025-10-17,Size/Fit Issue,1,Damaged,Processed,2025-10-17,2025-10-21,3456.57,149.48,33.27,5,Yes
5449,9798,16650,Wrong Item,2025-09-07,Changed Mind,1,Opened,Processed,2025-09-08,2025-09-10,3072.17,118.62,17.71,9,Yes
5450,9799,16651,Quality Issue,2025-10-05,Product Quality,1,Opened,Processed,2025-10-05,2025-10-06,1769.89,179.61,28.91,4,Yes
5451,9809,16667,Wrong Item,2026-04-29,Late Delivery,1,Defective,Pending,2026-04-29,2026-05-02,90683.17,69.46,34.17,1,Yes
5452,9810,16669,Wrong Item,2025-01-14,Not as Described,1,Sellable,Processed,2025-01-14,2025-01-17,29921.33,83.83,46.73,8,Yes
5453,9812,16674,Quality Issue,2025-12-02,Size/Fit Issue,1,Defective,Processed,2025-12-02,,0.0,132.43,33.07,9,No
5454,9813,16678,Wrong Item,2026-01-04,Not as Described,1,Damaged,Processed,2026-01-05,2026-01-08,26137.09,152.38,17.29,1,Yes
5455,9817,16685,Late Delivery,2025-02-08,Damaged Product,3,Damaged,Processed,2025-02-08,2025-02-09,5775.67,62.08,15.88,7,Yes
5456,9829,16705,Late Delivery,2026-03-11,Product Quality,1,Sellable,Processed,2026-03-11,2026-03-14,1138.42,121.81,32.25,7,Yes
5457,9832,16712,Late Delivery,2026-03-03,Product Quality,1,Opened,Processed,2026-03-03,2026-03-04,73132.58,62.85,38.03,3,Yes
5458,9834,16716,Late Delivery,2026-05-10,Size/Fit Issue,1,Opened,Processed,2026-05-11,,3422.5,179.92,18.15,5,Yes
5459,9841,16728,Late Delivery,2025-05-08,Changed Mind,1,Sellable,Processed,2025-05-08,2025-05-11,331.29,133.91,41.97,7,Yes
5460,9844,16735,Wrong Item,2026-04-27,Late Delivery,1,Sellable,Failed,2026-04-28,2026-05-02,4128.43,91.99,44.56,5,Yes
5461,9846,16740,Late Delivery,2026-07-11,Damaged Product,2,Sellable,Pending,2026-07-11,,0.0,162.97,30.95,4,No
5462,9853,16748,Wrong Item,2026-01-03,Changed Mind,1,Sellable,Processed,2026-01-03,,6716.86,103.07,44.25,6,Yes
5463,9854,16750,Wrong Item,2026-02-17,Late Delivery,1,Sellable,Processed,2026-02-18,2026-02-19,121884.72,96.57,47.66,5,Yes
5464,9859,16766,Quality Issue,2025-08-13,Changed Mind,2,Damaged,Pending,2025-08-13,2025-08-16,5604.48,94.26,23.08,1,Yes
5465,9862,16771,Quality Issue,2025-12-03,Product Quality,1,Sellable,Processed,2025-12-03,2025-12-06,2642.98,142.46,19.66,1,Yes
5466,9863,16772,Wrong Item,2026-08-06,Size/Fit Issue,1,Opened,Processed,2026-08-07,2026-08-08,1249.34,66.92,21.96,9,Yes
5467,9863,16773,Late Delivery,2026-08-03,Size/Fit Issue,1,Damaged,Processed,2026-08-04,2026-08-08,4328.82,107.67,30.18,6,Yes
5468,9871,16786,Wrong Item,2025-04-23,Changed Mind,1,Defective,Pending,2025-04-23,2025-04-27,25227.32,129.36,32.35,2,Yes
5469,9875,16791,Quality Issue,2024-10-04,Size/Fit Issue,1,Sellable,Processed,2024-10-04,2024-10-06,2778.09,157.89,39.59,3,Yes
5470,9888,16812,Quality Issue,2026-04-04,Damaged Product,1,Sellable,Processed,2026-04-04,2026-04-05,1212.06,144.56,39.36,6,Yes
5471,9891,16819,Wrong Item,2026-07-08,Not as Described,1,Sellable,Processed,2026-07-08,2026-07-09,1407.72,148.47,23.8,2,Yes
5472,9893,16824,Quality Issue,2026-08-05,Product Quality,1,Sellable,Processed,2026-08-05,2026-08-06,961.6,137.83,38.78,4,Yes
5473,9899,16835,Late Delivery,2026-07-15,Product Quality,1,Sellable,Processed,2026-07-15,2026-07-19,1151.25,163.51,32.73,7,Yes
5474,9899,16837,Late Delivery,2026-07-15,Damaged Product,1,Opened,Processed,2026-07-15,2026-07-18,1838.39,179.17,16.51,5,Yes
5475,9909,16852,Late Delivery,2026-07-04,Size/Fit Issue,1,Defective,Processed,2026-07-04,2026-07-07,1199.33,91.13,25.79,7,Yes
5476,9924,16876,Late Delivery,2025-03-07,Product Quality,1,Sellable,Pending,2025-03-07,2025-03-08,5243.36,150.36,40.99,5,Yes
5477,9931,16883,Wrong Item,2024-12-06,Not as Described,1,Damaged,Pending,2024-12-06,2024-12-07,2156.07,148.28,44.8,2,Yes
5478,9938,16892,Quality Issue,2026-07-07,Changed Mind,1,Opened,Processed,2026-07-07,,2146.23,151.44,35.84,9,Yes
5479,9944,16899,Quality Issue,2025-11-13,Product Quality,1,Opened,Processed,2025-11-13,2025-11-14,83305.68,89.9,32.07,9,Yes
5480,9945,16900,Late Delivery,2026-06-16,Late Delivery,1,Damaged,Failed,2026-06-16,2026-06-18,1725.95,62.69,21.5,6,Yes
5481,9958,16921,Quality Issue,2025-09-19,Late Delivery,1,Sellable,Processed,2025-09-19,2025-09-21,90317.27,144.13,42.61,1,Yes
5482,9958,16923,Late Delivery,2025-09-18,Not as Described,1,Sellable,Pending,2025-09-18,2025-09-21,4260.35,177.46,20.33,9,Yes
5483,9963,16933,Wrong Item,2025-10-23,Size/Fit Issue,1,Opened,Processed,2025-10-24,2025-10-28,2653.12,151.25,28.96,2,Yes
5484,9966,16938,Wrong Item,2026-02-18,Late Delivery,1,Sellable,Processed,2026-02-18,2026-02-20,1845.71,159.8,29.18,5,Yes
5485,9971,16949,Wrong Item,2024-09-09,Product Quality,2,Damaged,Processed,2024-09-09,2024-09-13,1778.32,178.8,27.45,3,Yes
5486,9974,16952,Quality Issue,2024-12-12,Late Delivery,2,Sellable,Processed,2024-12-13,,0.0,100.87,47.82,6,No
5487,9978,16957,Late Delivery,2026-05-25,Size/Fit Issue,1,Opened,Processed,2026-05-25,2026-05-28,3024.94,96.58,47.13,8,Yes
5488,9979,16958,Wrong Item,2024-12-06,Damaged Product,1,Damaged,Processed,2024-12-07,2024-12-10,35408.34,165.93,32.98,5,Yes
5489,9981,16965,Wrong Item,2026-06-17,Size/Fit Issue,1,Damaged,Processed,2026-06-17,2026-06-21,1486.46,172.25,31.51,2,Yes
5490,9982,16969,Late Delivery,2026-07-21,Changed Mind,1,Defective,Failed,2026-07-21,2026-07-25,3049.06,144.9,37.71,1,Yes
5491,9983,16970,Wrong Item,2026-01-21,Damaged Product,1,Opened,Processed,2026-01-22,2026-01-25,92457.63,110.2,18.33,8,Yes
5492,9988,16978,Late Delivery,2025-10-11,Damaged Product,1,Opened,Processed,2025-10-11,2025-10-14,34741.42,123.45,38.43,7,Yes
5493,9991,16983,Quality Issue,2026-01-01,Late Delivery,1,Opened,Processed,2026-01-01,2026-01-04,54571.82,147.2,43.86,7,Yes
