shipment_id,order_id,shipment_date,expected_delivery_date,actual_delivery_date,courier_partner,warehouse_city,delivery_status,delivery_attempts,shipping_cost,failure_reason,delay_days,is_late_delivery
1,1,2024-10-22,2024-10-24,2024-10-23,RapidX Logistics,Chennai,Delivered,3,149.59,nan,3,Yes
2,2,2025-01-21,2025-01-24,,SwiftKart Logistics,Mumbai,Failed,1,86.93,Logistics Capacity,3,Yes
3,3,2026-06-19,2026-06-22,2026-06-26,RapidX Logistics,Bengaluru,Delayed,3,63.6,Courier Delay,7,Yes
4,4,2025-08-25,2025-08-27,,QuickShip India,Hyderabad,In Transit,1,97.19,nan,-1,No
5,5,2025-10-06,2025-10-09,2025-10-09,RapidX Logistics,Chennai,Delivered,2,60.09,nan,-1,No
6,6,2025-06-27,2025-06-29,,SwiftKart Logistics,Bengaluru,RTO,2,149.59,Courier Delay,1,No
7,7,2025-07-14,2025-07-18,2025-07-16,MetroDeliver,Delhi,Delivered,1,56.02,nan,7,Yes
8,8,2024-08-26,2024-08-31,2024-08-31,QuickShip India,Mumbai,Delivered,1,131.61,nan,3,Yes
9,9,2024-10-05,2024-10-08,,ParcelOne,Hyderabad,RTO,2,109.54,Logistics Capacity,4,Yes
10,10,2026-04-29,2026-05-01,,SwiftKart Logistics,Bengaluru,RTO,2,72.8,Incorrect Address,7,Yes
11,11,2025-10-27,2025-10-29,,ParcelOne,Mumbai,RTO,2,108.4,Customer Refused,6,Yes
12,12,2025-11-11,2025-11-16,,MetroDeliver,Bengaluru,Failed,3,153.11,Damaged Package,4,Yes
13,13,2026-01-06,2026-01-08,,SwiftKart Logistics,Kolkata,RTO,3,72.48,Logistics Capacity,1,No
14,14,2025-05-23,2025-05-25,,QuickShip India,Kolkata,RTO,3,89.84,Courier Delay,-1,No
15,15,2025-06-22,2025-06-27,,MetroDeliver,Hyderabad,In Transit,1,72.33,nan,4,Yes
16,16,2024-12-19,2024-12-21,2024-12-20,MetroDeliver,Kolkata,Delivered,2,153.74,nan,4,Yes
17,17,2025-01-22,2025-01-26,2025-01-25,SwiftKart Logistics,Kolkata,Delivered,1,94.26,nan,0,No
18,18,2026-04-26,2026-04-28,2026-04-28,SwiftKart Logistics,Kolkata,Delivered,2,121.18,nan,4,Yes
19,19,2026-06-03,2026-06-07,,QuickShip India,Delhi,RTO,2,138.86,Courier Delay,3,Yes
20,20,2025-07-26,2025-07-28,,BlueRoute Express,Delhi,In Transit,3,149.88,nan,2,No
21,21,2025-08-23,2025-08-27,,SwiftKart Logistics,Chennai,RTO,2,72.84,Damaged Package,2,No
22,22,2025-05-23,2025-05-26,2025-05-25,ParcelOne,Delhi,Delivered,3,172.86,nan,-1,No
23,23,2025-09-12,2025-09-16,2025-09-16,MetroDeliver,Delhi,Delivered,3,170.41,nan,3,Yes
24,24,2025-10-10,2025-10-12,,MetroDeliver,Hyderabad,RTO,1,87.45,Logistics Capacity,4,Yes
25,25,2024-08-11,2024-08-15,2024-08-15,MetroDeliver,Delhi,Delivered,2,106.76,nan,2,No
26,26,2024-09-26,2024-09-29,,ParcelOne,Chennai,Failed,1,173.15,Damaged Package,4,Yes
27,27,2024-12-25,2024-12-29,,QuickShip India,Delhi,Failed,2,72.85,Customer Unavailable,-1,No
28,28,2025-01-15,2025-01-19,,BlueRoute Express,Chennai,Failed,3,128.67,Customer Unavailable,5,Yes
29,29,2025-08-03,2025-08-08,2025-08-08,BlueRoute Express,Kolkata,Delivered,2,112.2,nan,4,Yes
30,30,2025-07-31,2025-08-04,,SwiftKart Logistics,Hyderabad,Failed,1,76.69,Incorrect Address,2,No
31,31,2025-08-31,2025-09-02,2025-09-02,BlueRoute Express,Bengaluru,Delivered,3,167.08,nan,1,No
32,32,2024-10-21,2024-10-25,2024-10-28,QuickShip India,Hyderabad,Delayed,2,167.41,Courier Delay,7,Yes
33,33,2025-07-11,2025-07-14,2025-07-13,SwiftKart Logistics,Kolkata,Delivered,2,149.56,nan,6,Yes
34,34,2026-05-30,2026-06-01,,RapidX Logistics,Mumbai,RTO,3,133.41,Customer Unavailable,3,Yes
35,35,2026-07-04,2026-07-08,2026-07-08,ParcelOne,Chennai,Delivered,2,106.87,nan,-1,No
36,36,2025-04-03,2025-04-08,,QuickShip India,Bengaluru,Failed,1,144.1,Incorrect Address,7,Yes
37,37,2024-10-20,2024-10-24,2024-10-24,ParcelOne,Bengaluru,Delivered,1,41.94,nan,6,Yes
38,38,2024-12-24,2024-12-28,2024-12-27,ParcelOne,Kolkata,Delivered,2,78.06,nan,0,No
39,39,2025-02-13,2025-02-16,2025-02-16,RapidX Logistics,Bengaluru,Delivered,3,177.34,nan,7,Yes
40,40,2025-03-01,2025-03-06,2025-03-05,BlueRoute Express,Delhi,Delivered,3,113.74,nan,7,Yes
41,41,2024-09-05,2024-09-10,2024-09-08,ParcelOne,Delhi,Delivered,3,41.52,nan,6,Yes
42,42,2024-09-19,2024-09-23,2024-09-26,MetroDeliver,Mumbai,Delayed,2,65.33,Courier Delay,1,No
43,43,2026-06-03,2026-06-05,,BlueRoute Express,Bengaluru,RTO,1,121.31,Damaged Package,-1,No
44,44,2024-10-27,2024-10-30,,QuickShip India,Kolkata,RTO,1,87.87,Customer Unavailable,0,No
45,45,2025-06-01,2025-06-06,,RapidX Logistics,Hyderabad,RTO,1,107.09,Damaged Package,3,Yes
46,46,2024-09-02,2024-09-05,2024-09-07,RapidX Logistics,Delhi,Delayed,3,124.66,Courier Delay,4,Yes
47,47,2024-10-06,2024-10-09,,BlueRoute Express,Kolkata,Failed,3,157.81,Damaged Package,-1,No
48,48,2025-12-31,2026-01-03,2026-01-02,MetroDeliver,Delhi,Delivered,2,125.16,nan,-1,No
49,49,2025-10-29,2025-11-03,,ParcelOne,Bengaluru,Failed,2,172.25,Logistics Capacity,7,Yes
50,50,2025-12-09,2025-12-12,,RapidX Logistics,Mumbai,RTO,2,167.56,Courier Delay,3,Yes
51,51,2025-10-22,2025-10-26,2025-10-25,QuickShip India,Mumbai,Delivered,2,92.94,nan,3,Yes
52,52,2026-01-21,2026-01-25,2026-01-27,QuickShip India,Chennai,Delayed,3,95.34,Courier Delay,-1,No
53,53,2024-08-14,2024-08-19,,QuickShip India,Hyderabad,Failed,2,43.52,Customer Refused,4,Yes
54,54,2026-07-15,2026-07-19,2026-07-18,SwiftKart Logistics,Hyderabad,Delivered,1,79.56,nan,5,Yes
55,55,2025-11-22,2025-11-24,2025-11-24,SwiftKart Logistics,Mumbai,Delivered,3,81.55,nan,-1,No
56,56,2025-10-05,2025-10-07,,ParcelOne,Kolkata,In Transit,2,121.75,nan,3,Yes
57,57,2024-11-30,2024-12-04,2024-12-03,MetroDeliver,Mumbai,Delivered,3,167.92,nan,2,No
58,58,2025-09-06,2025-09-11,2025-09-10,RapidX Logistics,Kolkata,Delivered,1,103.1,nan,6,Yes
59,59,2025-09-26,2025-10-01,,RapidX Logistics,Bengaluru,RTO,1,167.97,Courier Delay,1,No
60,60,2025-06-04,2025-06-09,,RapidX Logistics,Mumbai,RTO,3,130.54,Courier Delay,7,Yes
61,61,2025-07-03,2025-07-08,2025-07-07,RapidX Logistics,Hyderabad,Delivered,1,153.57,nan,-1,No
62,62,2025-04-27,2025-04-29,,QuickShip India,Kolkata,In Transit,3,113.22,nan,0,No
63,63,2025-05-16,2025-05-20,,BlueRoute Express,Mumbai,RTO,1,170.98,Incorrect Address,6,Yes
64,64,2025-11-03,2025-11-08,,BlueRoute Express,Chennai,Failed,2,99.67,Damaged Package,0,No
65,65,2026-06-30,2026-07-04,,QuickShip India,Delhi,RTO,2,152.79,Incorrect Address,0,No
66,66,2026-08-08,2026-08-11,,QuickShip India,Bengaluru,RTO,2,169.78,Courier Delay,5,Yes
67,67,2024-12-03,2024-12-05,,BlueRoute Express,Bengaluru,Failed,2,117.62,Courier Delay,3,Yes
68,68,2024-11-27,2024-12-01,2024-12-01,QuickShip India,Hyderabad,Delivered,1,65.23,nan,4,Yes
69,69,2024-12-19,2024-12-22,2024-12-22,SwiftKart Logistics,Bengaluru,Delivered,1,162.36,nan,2,No
70,70,2024-10-29,2024-11-02,,MetroDeliver,Mumbai,Failed,3,149.64,Damaged Package,5,Yes
71,71,2025-08-13,2025-08-16,,RapidX Logistics,Bengaluru,RTO,2,59.41,Courier Delay,5,Yes
72,72,2025-11-16,2025-11-18,2025-11-17,QuickShip India,Chennai,Delivered,2,156.98,nan,2,No
73,73,2026-06-09,2026-06-13,,MetroDeliver,Kolkata,Failed,3,124.79,Damaged Package,4,Yes
74,74,2026-07-18,2026-07-22,2026-07-22,BlueRoute Express,Mumbai,Delivered,2,153.15,nan,-1,No
75,75,2025-12-25,2025-12-28,2025-12-27,QuickShip India,Chennai,Delivered,2,101.17,nan,2,No
76,76,2026-03-27,2026-04-01,2026-04-07,RapidX Logistics,Delhi,Delayed,1,134.65,Courier Delay,7,Yes
77,77,2026-05-07,2026-05-11,2026-05-11,RapidX Logistics,Chennai,Delivered,1,156.51,nan,4,Yes
78,78,2025-06-10,2025-06-14,,SwiftKart Logistics,Hyderabad,RTO,3,166.36,Courier Delay,-1,No
79,79,2026-07-08,2026-07-12,,QuickShip India,Mumbai,RTO,2,99.65,Courier Delay,6,Yes
80,80,2026-07-23,2026-07-27,,BlueRoute Express,Kolkata,Failed,1,84.94,Logistics Capacity,3,Yes
81,81,2026-07-24,2026-07-26,2026-07-25,RapidX Logistics,Hyderabad,Delivered,2,174.48,nan,5,Yes
82,82,2025-06-20,2025-06-22,,MetroDeliver,Chennai,RTO,1,178.77,Courier Delay,4,Yes
83,83,2025-06-16,2025-06-20,,RapidX Logistics,Bengaluru,RTO,3,99.87,Courier Delay,7,Yes
84,84,2025-07-21,2025-07-23,2025-07-23,RapidX Logistics,Hyderabad,Delivered,3,147.35,nan,-1,No
85,85,2026-05-06,2026-05-11,2026-05-10,ParcelOne,Mumbai,Delivered,1,165.59,nan,6,Yes
86,86,2026-06-13,2026-06-16,2026-06-20,SwiftKart Logistics,Chennai,Delayed,2,171.43,Courier Delay,3,Yes
87,87,2024-12-01,2024-12-05,,QuickShip India,Mumbai,Failed,3,146.39,Logistics Capacity,4,Yes
88,88,2024-09-10,2024-09-15,,ParcelOne,Delhi,RTO,1,173.65,Customer Unavailable,7,Yes
89,89,2026-02-01,2026-02-04,2026-02-03,BlueRoute Express,Bengaluru,Delivered,2,106.54,nan,1,No
90,90,2026-02-25,2026-03-02,2026-03-01,SwiftKart Logistics,Delhi,Delivered,2,151.69,nan,5,Yes
91,91,2025-03-11,2025-03-13,,BlueRoute Express,Bengaluru,Failed,3,89.87,Damaged Package,0,No
92,92,2025-04-07,2025-04-10,,SwiftKart Logistics,Hyderabad,Failed,2,155.45,Customer Unavailable,4,Yes
93,93,2025-09-26,2025-09-29,,QuickShip India,Hyderabad,In Transit,2,68.38,nan,7,Yes
94,94,2026-03-31,2026-04-04,2026-04-03,SwiftKart Logistics,Kolkata,Delivered,2,92.08,nan,4,Yes
95,95,2026-05-09,2026-05-12,2026-05-16,MetroDeliver,Hyderabad,Delayed,3,166.84,Courier Delay,-1,No
96,96,2025-08-05,2025-08-07,2025-08-07,BlueRoute Express,Delhi,Delivered,2,40.04,nan,1,No
97,97,2025-01-10,2025-01-13,,QuickShip India,Delhi,RTO,1,113.04,Damaged Package,1,No
98,98,2026-02-03,2026-02-07,,RapidX Logistics,Bengaluru,RTO,2,130.13,Customer Refused,4,Yes
99,99,2025-06-09,2025-06-11,2025-06-17,RapidX Logistics,Mumbai,Delayed,2,163.85,Courier Delay,7,Yes
100,100,2025-07-15,2025-07-17,,BlueRoute Express,Delhi,Failed,2,121.53,Incorrect Address,-1,No
101,101,2025-08-20,2025-08-23,,SwiftKart Logistics,Mumbai,RTO,2,145.53,Courier Delay,1,No
102,102,2024-12-01,2024-12-04,2024-12-04,RapidX Logistics,Mumbai,Delivered,1,129.52,nan,6,Yes
103,103,2025-01-09,2025-01-14,,ParcelOne,Delhi,RTO,2,171.12,Courier Delay,-1,No
104,104,2026-03-15,2026-03-18,,RapidX Logistics,Mumbai,Failed,2,157.97,Customer Refused,2,No
105,105,2026-04-11,2026-04-15,,ParcelOne,Chennai,Failed,2,60.74,Customer Refused,6,Yes
106,106,2024-12-09,2024-12-14,2024-12-13,MetroDeliver,Bengaluru,Delivered,2,59.53,nan,7,Yes
107,107,2026-05-20,2026-05-25,2026-05-25,BlueRoute Express,Kolkata,Delivered,1,75.29,nan,2,No
108,108,2025-12-21,2025-12-25,2025-12-24,SwiftKart Logistics,Delhi,Delivered,1,67.67,nan,7,Yes
109,109,2025-07-26,2025-07-29,2025-07-28,ParcelOne,Delhi,Delivered,1,137.64,nan,4,Yes
110,110,2026-06-04,2026-06-09,2026-06-08,SwiftKart Logistics,Hyderabad,Delivered,3,132.04,nan,7,Yes
111,111,2025-10-14,2025-10-19,2025-10-22,RapidX Logistics,Hyderabad,Delayed,3,131.88,Courier Delay,7,Yes
112,112,2026-06-30,2026-07-02,,QuickShip India,Delhi,RTO,2,68.06,Courier Delay,0,No
113,113,2026-08-13,2026-08-18,,ParcelOne,Bengaluru,RTO,3,85.6,Logistics Capacity,4,Yes
114,114,2024-10-15,2024-10-17,2024-10-19,ParcelOne,Hyderabad,Delayed,1,122.01,Courier Delay,1,No
115,115,2025-12-18,2025-12-20,2025-12-19,ParcelOne,Delhi,Delivered,3,167.1,nan,6,Yes
116,116,2026-01-03,2026-01-08,2026-01-07,SwiftKart Logistics,Chennai,Delivered,1,86.02,nan,2,No
117,117,2025-09-05,2025-09-08,2025-09-07,RapidX Logistics,Hyderabad,Delivered,2,54.54,nan,3,Yes
118,118,2025-10-07,2025-10-10,,RapidX Logistics,Bengaluru,Failed,2,178.83,Courier Delay,-1,No
119,119,2025-12-07,2025-12-11,2025-12-11,SwiftKart Logistics,Hyderabad,Delivered,2,80.28,nan,3,Yes
120,120,2025-12-30,2026-01-04,,SwiftKart Logistics,Kolkata,RTO,2,161.67,Incorrect Address,6,Yes
121,121,2026-03-06,2026-03-09,,MetroDeliver,Chennai,RTO,1,69.52,Damaged Package,3,Yes
122,122,2026-04-17,2026-04-22,2026-04-21,ParcelOne,Kolkata,Delivered,1,101.4,nan,3,Yes
123,123,2024-08-21,2024-08-25,2024-08-23,RapidX Logistics,Delhi,Delivered,1,179.33,nan,1,No
124,124,2026-03-26,2026-03-28,,ParcelOne,Chennai,Failed,2,93.34,Damaged Package,4,Yes
125,125,2026-04-22,2026-04-25,,QuickShip India,Kolkata,Failed,2,161.6,Incorrect Address,2,No
126,126,2025-07-09,2025-07-13,,RapidX Logistics,Bengaluru,RTO,3,86.26,Customer Refused,2,No
127,127,2025-08-07,2025-08-09,2025-08-09,MetroDeliver,Mumbai,Delivered,1,76.38,nan,4,Yes
128,128,2025-05-03,2025-05-05,,ParcelOne,Delhi,Failed,3,56.7,Customer Refused,3,Yes
129,129,2025-01-11,2025-01-16,,RapidX Logistics,Hyderabad,RTO,1,132.93,Customer Refused,4,Yes
130,130,2025-01-30,2025-02-01,,MetroDeliver,Kolkata,RTO,3,114.9,Incorrect Address,7,Yes
131,131,2024-11-24,2024-11-28,2024-11-27,QuickShip India,Mumbai,Delivered,1,40.26,nan,6,Yes
132,132,2024-12-29,2025-01-02,2025-01-01,MetroDeliver,Delhi,Delivered,3,168.53,nan,2,No
133,133,2024-08-24,2024-08-26,2024-08-26,MetroDeliver,Chennai,Delivered,2,106.61,nan,-1,No
134,134,2026-04-12,2026-04-17,2026-04-16,RapidX Logistics,Delhi,Delivered,3,70.7,nan,2,No
135,135,2026-04-27,2026-05-01,2026-05-05,SwiftKart Logistics,Mumbai,Delayed,3,61.43,Courier Delay,5,Yes
136,136,2025-02-13,2025-02-18,,ParcelOne,Mumbai,RTO,2,78.24,Incorrect Address,5,Yes
137,137,2025-03-30,2025-04-01,,BlueRoute Express,Chennai,Failed,2,179.28,Customer Refused,1,No
138,138,2026-01-21,2026-01-24,,RapidX Logistics,Kolkata,Failed,3,52.13,Customer Unavailable,1,No
139,139,2024-09-15,2024-09-18,,QuickShip India,Mumbai,Failed,1,156.69,Logistics Capacity,5,Yes
140,140,2025-10-19,2025-10-21,2025-10-21,BlueRoute Express,Delhi,Delivered,1,80.68,nan,1,No
141,141,2025-11-13,2025-11-16,,MetroDeliver,Chennai,RTO,3,171.74,Logistics Capacity,0,No
142,142,2025-12-27,2025-12-30,2025-12-29,BlueRoute Express,Mumbai,Delivered,3,84.56,nan,1,No
143,143,2026-01-17,2026-01-20,2026-01-26,RapidX Logistics,Kolkata,Delayed,2,44.28,Courier Delay,2,No
144,144,2025-02-14,2025-02-17,,MetroDeliver,Bengaluru,RTO,1,175.45,Courier Delay,5,Yes
145,145,2025-09-28,2025-10-03,2025-10-02,BlueRoute Express,Delhi,Delivered,3,40.53,nan,6,Yes
146,146,2025-07-25,2025-07-29,2025-07-29,BlueRoute Express,Mumbai,Delivered,1,170.56,nan,0,No
147,147,2025-08-21,2025-08-26,,SwiftKart Logistics,Bengaluru,RTO,3,147.64,Customer Refused,5,Yes
148,148,2025-06-25,2025-06-28,,SwiftKart Logistics,Chennai,RTO,3,159.87,Customer Refused,1,No
149,149,2025-07-21,2025-07-25,,MetroDeliver,Kolkata,In Transit,2,176.16,nan,4,Yes
150,150,2026-06-21,2026-06-23,2026-06-22,SwiftKart Logistics,Bengaluru,Delivered,1,109.29,nan,3,Yes
151,151,2026-08-03,2026-08-07,2026-08-07,ParcelOne,Bengaluru,Delivered,3,107.59,nan,6,Yes
152,152,2025-05-06,2025-05-09,2025-05-08,SwiftKart Logistics,Bengaluru,Delivered,3,114.3,nan,3,Yes
153,153,2025-05-19,2025-05-23,,ParcelOne,Hyderabad,Failed,3,41.56,Customer Refused,3,Yes
154,154,2025-06-03,2025-06-08,2025-06-07,SwiftKart Logistics,Bengaluru,Delivered,3,150.02,nan,6,Yes
155,155,2026-01-04,2026-01-08,,SwiftKart Logistics,Bengaluru,Failed,2,105.37,Logistics Capacity,7,Yes
156,156,2025-02-03,2025-02-05,2025-02-04,SwiftKart Logistics,Kolkata,Delivered,3,171.16,nan,1,No
157,157,2025-03-18,2025-03-21,2025-03-20,ParcelOne,Hyderabad,Delivered,2,172.84,nan,-1,No
158,158,2025-02-05,2025-02-10,2025-02-13,SwiftKart Logistics,Delhi,Delayed,1,153.77,Courier Delay,2,No
159,159,2024-08-13,2024-08-18,2024-08-17,BlueRoute Express,Delhi,Delivered,2,144.19,nan,1,No
160,160,2024-09-19,2024-09-24,2024-09-24,SwiftKart Logistics,Delhi,Delivered,2,43.48,nan,7,Yes
161,161,2024-10-07,2024-10-12,,SwiftKart Logistics,Mumbai,In Transit,3,172.28,nan,-1,No
162,162,2024-11-02,2024-11-05,,BlueRoute Express,Hyderabad,Failed,1,68.1,Damaged Package,0,No
163,163,2025-01-26,2025-01-29,,BlueRoute Express,Chennai,Failed,3,132.71,Logistics Capacity,1,No
164,164,2025-01-15,2025-01-17,2025-01-17,RapidX Logistics,Bengaluru,Delivered,2,137.83,nan,2,No
165,165,2026-01-26,2026-01-28,2026-01-27,RapidX Logistics,Bengaluru,Delivered,1,46.41,nan,1,No
166,166,2025-12-16,2025-12-21,,BlueRoute Express,Mumbai,Failed,2,97.08,Incorrect Address,1,No
167,167,2025-10-09,2025-10-11,,QuickShip India,Delhi,RTO,1,78.31,Logistics Capacity,6,Yes
168,168,2025-10-29,2025-11-03,,SwiftKart Logistics,Kolkata,Failed,1,51.58,Damaged Package,-1,No
169,169,2025-05-21,2025-05-23,,RapidX Logistics,Chennai,RTO,2,69.67,Courier Delay,2,No
170,170,2025-06-15,2025-06-20,2025-06-18,QuickShip India,Chennai,Delivered,2,47.79,nan,2,No
171,171,2025-03-31,2025-04-04,2025-04-03,MetroDeliver,Kolkata,Delivered,1,113.13,nan,3,Yes
172,172,2026-06-19,2026-06-21,,RapidX Logistics,Kolkata,RTO,3,178.5,Customer Unavailable,6,Yes
173,173,2026-07-11,2026-07-16,2026-07-15,MetroDeliver,Mumbai,Delivered,3,110.85,nan,7,Yes
174,174,2024-11-28,2024-12-03,,MetroDeliver,Hyderabad,RTO,3,43.17,Customer Unavailable,4,Yes
175,175,2025-04-12,2025-04-14,2025-04-13,SwiftKart Logistics,Delhi,Delivered,1,131.93,nan,4,Yes
176,176,2025-01-17,2025-01-22,,SwiftKart Logistics,Hyderabad,In Transit,2,121.72,nan,7,Yes
177,177,2025-02-21,2025-02-26,2025-03-04,ParcelOne,Kolkata,Delayed,2,94.36,Courier Delay,4,Yes
178,178,2026-02-18,2026-02-23,,RapidX Logistics,Bengaluru,Failed,3,85.65,Incorrect Address,2,No
179,179,2025-10-28,2025-11-02,2025-11-06,RapidX Logistics,Hyderabad,Delayed,2,90.01,Courier Delay,3,Yes
180,180,2025-11-20,2025-11-23,,RapidX Logistics,Mumbai,Failed,1,49.69,Customer Refused,-1,No
181,181,2026-04-15,2026-04-18,,ParcelOne,Mumbai,RTO,2,133.6,Logistics Capacity,6,Yes
182,182,2025-05-30,2025-06-01,,QuickShip India,Chennai,Failed,1,122.63,Damaged Package,4,Yes
183,183,2025-06-27,2025-07-01,,ParcelOne,Delhi,Failed,3,168.43,Logistics Capacity,0,No
184,184,2026-04-09,2026-04-13,2026-04-13,RapidX Logistics,Hyderabad,Delivered,3,54.62,nan,0,No
185,185,2026-04-19,2026-04-22,2026-04-21,ParcelOne,Mumbai,Delivered,3,94.13,nan,-1,No
186,186,2026-06-03,2026-06-05,2026-06-05,SwiftKart Logistics,Hyderabad,Delivered,1,82.48,nan,2,No
187,187,2024-12-15,2024-12-17,,SwiftKart Logistics,Bengaluru,Failed,2,102.16,Logistics Capacity,3,Yes
188,188,2026-06-08,2026-06-13,,RapidX Logistics,Chennai,RTO,1,108.56,Incorrect Address,3,Yes
189,189,2026-06-29,2026-07-01,,SwiftKart Logistics,Delhi,RTO,2,156.65,Customer Unavailable,5,Yes
190,190,2025-06-18,2025-06-23,2025-06-28,ParcelOne,Delhi,Delayed,1,91.17,Courier Delay,4,Yes
191,191,2026-03-09,2026-03-12,2026-03-11,RapidX Logistics,Kolkata,Delivered,1,101.8,nan,5,Yes
192,192,2026-03-30,2026-04-04,,BlueRoute Express,Mumbai,RTO,1,171.51,Customer Unavailable,3,Yes
193,193,2025-01-25,2025-01-28,,BlueRoute Express,Bengaluru,RTO,3,45.38,Customer Unavailable,2,No
194,194,2025-03-11,2025-03-16,2025-03-15,ParcelOne,Chennai,Delivered,2,83.94,nan,2,No
195,195,2024-11-04,2024-11-07,2024-11-06,QuickShip India,Bengaluru,Delivered,3,155.2,nan,-1,No
196,196,2024-08-09,2024-08-13,2024-08-13,MetroDeliver,Mumbai,Delivered,2,129.92,nan,4,Yes
197,197,2024-08-31,2024-09-03,,QuickShip India,Delhi,Failed,1,48.71,Customer Unavailable,3,Yes
198,198,2025-02-16,2025-02-20,2025-02-18,QuickShip India,Chennai,Delivered,2,127.13,nan,3,Yes
199,199,2024-08-16,2024-08-18,2024-08-17,MetroDeliver,Chennai,Delivered,2,136.22,nan,2,No
200,200,2026-03-05,2026-03-07,,RapidX Logistics,Bengaluru,RTO,3,91.88,Customer Unavailable,1,No
201,201,2026-04-14,2026-04-18,2026-04-17,BlueRoute Express,Delhi,Delivered,2,56.5,nan,6,Yes
202,202,2025-02-12,2025-02-14,2025-02-13,MetroDeliver,Chennai,Delivered,2,49.59,nan,6,Yes
203,203,2025-03-13,2025-03-18,2025-03-17,SwiftKart Logistics,Chennai,Delivered,1,111.95,nan,3,Yes
204,204,2025-08-24,2025-08-26,,SwiftKart Logistics,Delhi,RTO,2,150.23,Logistics Capacity,6,Yes
205,205,2025-07-14,2025-07-18,,MetroDeliver,Mumbai,In Transit,1,158.41,nan,4,Yes
206,206,2025-08-01,2025-08-03,,BlueRoute Express,Hyderabad,RTO,1,133.24,Logistics Capacity,4,Yes
207,207,2025-02-12,2025-02-14,,QuickShip India,Delhi,RTO,3,148.43,Courier Delay,6,Yes
208,208,2025-03-12,2025-03-17,2025-03-16,SwiftKart Logistics,Mumbai,Delivered,1,128.99,nan,4,Yes
209,209,2025-12-30,2026-01-01,2026-01-01,QuickShip India,Hyderabad,Delivered,2,143.43,nan,6,Yes
210,210,2025-08-24,2025-08-28,,ParcelOne,Bengaluru,RTO,2,145.07,Customer Refused,5,Yes
211,211,2025-10-02,2025-10-07,2025-10-11,QuickShip India,Kolkata,Delayed,3,145.34,Courier Delay,0,No
212,212,2024-10-25,2024-10-30,2024-10-30,ParcelOne,Delhi,Delivered,1,41.21,nan,4,Yes
213,213,2024-11-16,2024-11-21,2024-11-25,SwiftKart Logistics,Delhi,Delayed,2,72.91,Courier Delay,5,Yes
214,214,2024-11-30,2024-12-05,2024-12-07,QuickShip India,Kolkata,Delayed,1,114.57,Courier Delay,6,Yes
215,215,2025-01-11,2025-01-13,,BlueRoute Express,Chennai,Failed,1,100.41,Damaged Package,2,No
216,216,2025-02-22,2025-02-27,2025-02-27,QuickShip India,Delhi,Delivered,1,81.67,nan,4,Yes
217,217,2026-06-11,2026-06-14,2026-06-13,ParcelOne,Mumbai,Delivered,3,49.24,nan,-1,No
218,218,2025-07-29,2025-08-02,,QuickShip India,Hyderabad,RTO,2,91.4,Customer Unavailable,7,Yes
219,219,2024-09-12,2024-09-15,,SwiftKart Logistics,Mumbai,RTO,1,142.27,Courier Delay,2,No
220,220,2025-08-03,2025-08-08,2025-08-10,RapidX Logistics,Hyderabad,Delayed,3,58.56,Courier Delay,3,Yes
221,221,2025-09-13,2025-09-16,2025-09-15,MetroDeliver,Chennai,Delivered,3,178.21,nan,7,Yes
222,222,2026-06-29,2026-07-01,2026-07-01,QuickShip India,Chennai,Delivered,2,59.91,nan,1,No
223,223,2025-07-26,2025-07-30,2025-07-29,BlueRoute Express,Kolkata,Delivered,3,58.64,nan,6,Yes
224,224,2025-09-01,2025-09-03,2025-09-05,ParcelOne,Delhi,Delayed,3,158.75,Courier Delay,0,No
225,225,2025-06-27,2025-06-29,2025-07-04,ParcelOne,Mumbai,Delayed,1,70.5,Courier Delay,0,No
226,226,2025-03-14,2025-03-17,2025-03-16,RapidX Logistics,Mumbai,Delivered,3,48.49,nan,7,Yes
227,227,2025-04-15,2025-04-20,,SwiftKart Logistics,Hyderabad,Failed,3,73.97,Logistics Capacity,3,Yes
228,228,2024-10-25,2024-10-29,,BlueRoute Express,Bengaluru,Failed,2,127.13,Damaged Package,-1,No
229,229,2025-08-04,2025-08-09,,MetroDeliver,Hyderabad,Failed,3,153.82,Logistics Capacity,-1,No
230,230,2026-06-13,2026-06-15,,BlueRoute Express,Delhi,Failed,3,99.89,Courier Delay,6,Yes
231,231,2025-03-16,2025-03-20,,QuickShip India,Chennai,Failed,3,82.91,Logistics Capacity,0,No
232,232,2025-05-01,2025-05-05,2025-05-09,MetroDeliver,Mumbai,Delayed,2,86.76,Courier Delay,5,Yes
233,233,2024-11-29,2024-12-02,2024-12-08,SwiftKart Logistics,Delhi,Delayed,1,74.19,Courier Delay,7,Yes
234,234,2024-12-22,2024-12-24,2024-12-23,ParcelOne,Delhi,Delivered,2,137.82,nan,5,Yes
235,235,2025-09-06,2025-09-08,2025-09-07,BlueRoute Express,Delhi,Delivered,3,102.29,nan,6,Yes
236,236,2025-03-26,2025-03-31,2025-04-06,SwiftKart Logistics,Delhi,Delayed,3,57.62,Courier Delay,1,No
237,237,2025-05-06,2025-05-10,2025-05-14,ParcelOne,Kolkata,Delayed,3,50.29,Courier Delay,0,No
238,238,2025-09-13,2025-09-16,2025-09-15,QuickShip India,Bengaluru,Delivered,3,163.83,nan,2,No
239,239,2025-10-13,2025-10-16,,ParcelOne,Hyderabad,RTO,3,92.34,Logistics Capacity,-1,No
240,240,2024-12-28,2025-01-01,2025-01-07,BlueRoute Express,Hyderabad,Delayed,3,174.32,Courier Delay,5,Yes
241,241,2024-08-11,2024-08-13,,RapidX Logistics,Hyderabad,Failed,2,81.84,Courier Delay,2,No
242,242,2025-07-08,2025-07-11,,QuickShip India,Mumbai,RTO,1,160.34,Courier Delay,-1,No
243,243,2026-05-22,2026-05-27,,SwiftKart Logistics,Hyderabad,In Transit,3,152.3,nan,7,Yes
244,244,2026-02-15,2026-02-20,,BlueRoute Express,Kolkata,RTO,1,98.39,Customer Refused,0,No
245,245,2026-06-05,2026-06-09,,ParcelOne,Mumbai,Failed,3,52.47,Courier Delay,6,Yes
246,246,2026-07-04,2026-07-07,,RapidX Logistics,Kolkata,In Transit,2,79.29,nan,4,Yes
247,247,2025-06-09,2025-06-12,2025-06-11,RapidX Logistics,Kolkata,Delivered,1,158.24,nan,7,Yes
248,248,2025-07-19,2025-07-24,2025-07-24,SwiftKart Logistics,Delhi,Delivered,3,168.05,nan,4,Yes
249,249,2024-08-29,2024-09-02,,ParcelOne,Kolkata,Failed,2,77.96,Courier Delay,5,Yes
250,250,2026-03-03,2026-03-06,,MetroDeliver,Chennai,Failed,3,151.03,Customer Refused,2,No
251,251,2025-05-09,2025-05-13,,MetroDeliver,Kolkata,RTO,2,113.51,Incorrect Address,5,Yes
252,252,2025-06-17,2025-06-19,,RapidX Logistics,Mumbai,RTO,2,68.31,Incorrect Address,0,No
253,253,2025-11-05,2025-11-09,2025-11-08,RapidX Logistics,Delhi,Delivered,2,114.99,nan,0,No
254,254,2025-11-24,2025-11-26,,RapidX Logistics,Mumbai,RTO,2,174.26,Logistics Capacity,3,Yes
255,255,2025-04-23,2025-04-27,,MetroDeliver,Delhi,RTO,3,79.25,Courier Delay,0,No
256,256,2025-11-22,2025-11-26,2025-11-26,RapidX Logistics,Hyderabad,Delivered,3,113.75,nan,7,Yes
257,257,2025-12-24,2025-12-29,2025-12-28,QuickShip India,Chennai,Delivered,2,118.82,nan,-1,No
258,258,2026-01-30,2026-02-01,2026-01-31,BlueRoute Express,Kolkata,Delivered,2,44.9,nan,5,Yes
259,259,2025-01-01,2025-01-04,2025-01-04,ParcelOne,Mumbai,Delivered,1,62.95,nan,7,Yes
260,260,2025-02-04,2025-02-09,2025-02-07,MetroDeliver,Delhi,Delivered,3,94.84,nan,5,Yes
261,261,2025-09-24,2025-09-26,2025-09-25,RapidX Logistics,Kolkata,Delivered,3,176.36,nan,4,Yes
262,262,2025-10-26,2025-10-29,2025-10-29,MetroDeliver,Mumbai,Delivered,2,102.44,nan,7,Yes
263,263,2024-11-04,2024-11-09,2024-11-08,SwiftKart Logistics,Chennai,Delivered,1,88.31,nan,5,Yes
264,264,2024-12-03,2024-12-06,2024-12-08,MetroDeliver,Bengaluru,Delayed,3,66.04,Courier Delay,3,Yes
265,265,2026-03-22,2026-03-25,2026-03-24,BlueRoute Express,Mumbai,Delivered,3,176.04,nan,4,Yes
266,266,2026-04-27,2026-04-30,,RapidX Logistics,Mumbai,RTO,3,159.11,Customer Refused,7,Yes
267,267,2026-05-13,2026-05-15,2026-05-21,SwiftKart Logistics,Delhi,Delayed,1,177.47,Courier Delay,7,Yes
268,268,2026-06-23,2026-06-25,2026-06-29,MetroDeliver,Chennai,Delayed,2,85.51,Courier Delay,1,No
269,269,2024-12-18,2024-12-23,,QuickShip India,Mumbai,RTO,2,170.81,Logistics Capacity,0,No
270,270,2025-01-24,2025-01-28,,BlueRoute Express,Bengaluru,In Transit,1,42.92,nan,7,Yes
271,271,2025-07-25,2025-07-27,,MetroDeliver,Chennai,RTO,2,78.75,Damaged Package,6,Yes
272,272,2025-09-01,2025-09-05,2025-09-04,ParcelOne,Bengaluru,Delivered,2,169.68,nan,4,Yes
273,273,2025-12-08,2025-12-12,,QuickShip India,Kolkata,Failed,2,161.01,Customer Unavailable,3,Yes
274,274,2026-01-15,2026-01-20,2026-01-20,RapidX Logistics,Mumbai,Delivered,3,118.66,nan,2,No
275,275,2025-02-08,2025-02-12,,RapidX Logistics,Delhi,RTO,1,94.77,Damaged Package,4,Yes
276,276,2025-07-03,2025-07-06,2025-07-05,ParcelOne,Bengaluru,Delivered,2,97.85,nan,6,Yes
277,277,2025-06-30,2025-07-03,,MetroDeliver,Bengaluru,RTO,3,69.67,Courier Delay,5,Yes
278,278,2025-07-20,2025-07-23,,BlueRoute Express,Delhi,RTO,2,67.16,Incorrect Address,7,Yes
279,279,2026-05-24,2026-05-27,,QuickShip India,Mumbai,Failed,1,51.04,Customer Refused,-1,No
280,280,2026-06-19,2026-06-22,,SwiftKart Logistics,Chennai,RTO,3,154.87,Damaged Package,0,No
281,281,2025-08-14,2025-08-17,2025-08-17,MetroDeliver,Mumbai,Delivered,2,113.83,nan,6,Yes
282,282,2025-09-09,2025-09-11,2025-09-10,RapidX Logistics,Kolkata,Delivered,3,109.54,nan,4,Yes
283,283,2025-05-30,2025-06-03,,QuickShip India,Delhi,RTO,2,97.35,Customer Unavailable,4,Yes
284,284,2025-10-12,2025-10-17,,RapidX Logistics,Bengaluru,Failed,3,120.12,Courier Delay,7,Yes
285,285,2025-11-22,2025-11-25,2025-11-24,QuickShip India,Kolkata,Delivered,3,112.52,nan,1,No
286,286,2025-01-31,2025-02-02,,QuickShip India,Hyderabad,Failed,1,51.51,Courier Delay,1,No
287,287,2025-03-10,2025-03-14,2025-03-13,MetroDeliver,Bengaluru,Delivered,2,62.97,nan,0,No
288,288,2024-09-08,2024-09-10,2024-09-09,MetroDeliver,Hyderabad,Delivered,1,177.97,nan,4,Yes
289,289,2024-10-20,2024-10-22,2024-10-21,BlueRoute Express,Bengaluru,Delivered,3,121.61,nan,6,Yes
290,290,2024-10-21,2024-10-26,,QuickShip India,Mumbai,Failed,1,130.54,Courier Delay,7,Yes
291,291,2025-04-10,2025-04-15,2025-04-14,ParcelOne,Hyderabad,Delivered,2,116.3,nan,7,Yes
292,292,2025-10-12,2025-10-14,2025-10-12,MetroDeliver,Mumbai,Delivered,2,79.58,nan,2,No
293,293,2025-11-19,2025-11-23,2025-11-22,SwiftKart Logistics,Delhi,Delivered,1,103.65,nan,5,Yes
294,294,2026-02-07,2026-02-10,,MetroDeliver,Kolkata,Failed,3,67.87,Customer Unavailable,1,No
295,295,2025-06-04,2025-06-08,,BlueRoute Express,Chennai,Failed,2,60.56,Customer Unavailable,0,No
296,296,2026-04-08,2026-04-13,2026-04-13,ParcelOne,Chennai,Delivered,1,102.21,nan,7,Yes
297,297,2025-05-16,2025-05-19,2025-05-17,BlueRoute Express,Mumbai,Delivered,2,51.2,nan,7,Yes
298,298,2024-08-14,2024-08-19,,ParcelOne,Bengaluru,Failed,1,134.44,Customer Refused,7,Yes
299,299,2024-09-17,2024-09-19,2024-09-18,BlueRoute Express,Bengaluru,Delivered,2,54.21,nan,3,Yes
300,300,2024-10-12,2024-10-17,2024-10-17,MetroDeliver,Hyderabad,Delivered,1,50.98,nan,7,Yes
301,301,2025-07-02,2025-07-04,2025-07-02,ParcelOne,Bengaluru,Delivered,2,79.68,nan,-1,No
302,302,2025-08-31,2025-09-03,,QuickShip India,Bengaluru,RTO,2,107.8,Damaged Package,5,Yes
303,303,2026-01-13,2026-01-15,,QuickShip India,Kolkata,Failed,2,111.47,Courier Delay,2,No
304,304,2025-06-30,2025-07-03,,RapidX Logistics,Kolkata,RTO,1,144.4,Customer Unavailable,3,Yes
305,305,2025-03-29,2025-04-01,2025-03-31,BlueRoute Express,Delhi,Delivered,2,119.1,nan,5,Yes
306,306,2025-05-09,2025-05-13,,MetroDeliver,Delhi,Failed,1,168.39,Customer Unavailable,6,Yes
307,307,2025-12-21,2025-12-25,2025-12-24,ParcelOne,Delhi,Delivered,3,122.35,nan,2,No
308,308,2026-01-18,2026-01-22,,QuickShip India,Chennai,In Transit,1,109.63,nan,1,No
309,309,2025-03-09,2025-03-14,2025-03-13,ParcelOne,Chennai,Delivered,3,78.67,nan,0,No
310,310,2025-04-16,2025-04-21,,SwiftKart Logistics,Chennai,In Transit,1,175.65,nan,1,No
311,311,2026-04-12,2026-04-15,2026-04-14,BlueRoute Express,Delhi,Delivered,1,148.46,nan,5,Yes
312,312,2026-05-26,2026-05-30,2026-05-28,MetroDeliver,Mumbai,Delivered,2,46.74,nan,1,No
313,313,2026-01-19,2026-01-21,,SwiftKart Logistics,Delhi,RTO,2,119.72,Logistics Capacity,0,No
314,314,2026-02-24,2026-02-28,2026-02-27,SwiftKart Logistics,Hyderabad,Delivered,3,145.27,nan,4,Yes
315,315,2026-08-03,2026-08-07,,BlueRoute Express,Bengaluru,Failed,2,126.87,Customer Refused,2,No
316,316,2025-03-04,2025-03-06,2025-03-12,SwiftKart Logistics,Mumbai,Delayed,2,160.49,Courier Delay,6,Yes
317,317,2025-04-11,2025-04-14,2025-04-12,SwiftKart Logistics,Bengaluru,Delivered,2,124.19,nan,4,Yes
318,318,2024-11-17,2024-11-22,,RapidX Logistics,Hyderabad,Failed,3,99.91,Customer Unavailable,5,Yes
319,319,2025-06-24,2025-06-29,,ParcelOne,Chennai,RTO,3,65.34,Customer Refused,1,No
320,320,2025-10-26,2025-10-29,,MetroDeliver,Hyderabad,In Transit,3,117.56,nan,1,No
321,321,2025-11-20,2025-11-22,,ParcelOne,Delhi,RTO,1,80.56,Incorrect Address,-1,No
322,322,2026-05-18,2026-05-22,,SwiftKart Logistics,Kolkata,In Transit,3,42.38,nan,6,Yes
323,323,2026-06-02,2026-06-07,2026-06-09,RapidX Logistics,Kolkata,Delayed,2,104.32,Courier Delay,1,No
324,324,2025-01-11,2025-01-13,2025-01-13,MetroDeliver,Hyderabad,Delivered,3,48.3,nan,7,Yes
325,325,2025-01-31,2025-02-04,2025-02-03,MetroDeliver,Hyderabad,Delivered,1,145.11,nan,0,No
326,326,2025-07-16,2025-07-21,2025-07-20,QuickShip India,Bengaluru,Delivered,1,123.86,nan,-1,No
327,327,2025-08-11,2025-08-15,2025-08-20,BlueRoute Express,Chennai,Delayed,3,106.15,Courier Delay,7,Yes
328,328,2025-01-21,2025-01-26,,RapidX Logistics,Delhi,Failed,1,140.44,Damaged Package,0,No
329,329,2025-02-25,2025-03-02,2025-03-01,BlueRoute Express,Chennai,Delivered,2,166.19,nan,6,Yes
330,330,2025-09-18,2025-09-21,,RapidX Logistics,Mumbai,In Transit,3,133.7,nan,0,No
331,331,2025-10-31,2025-11-02,2025-11-01,SwiftKart Logistics,Kolkata,Delivered,1,58.06,nan,0,No
332,332,2024-08-10,2024-08-12,,BlueRoute Express,Chennai,Failed,2,126.16,Logistics Capacity,-1,No
333,333,2024-09-22,2024-09-27,2024-09-27,QuickShip India,Chennai,Delivered,3,71.8,nan,5,Yes
334,334,2025-01-14,2025-01-16,,MetroDeliver,Delhi,RTO,3,163.97,Logistics Capacity,1,No
335,335,2025-02-20,2025-02-25,2025-02-24,ParcelOne,Bengaluru,Delivered,2,68.24,nan,-1,No
336,336,2025-09-22,2025-09-24,,ParcelOne,Mumbai,Failed,3,119.87,Incorrect Address,2,No
337,337,2026-01-11,2026-01-14,2026-01-13,SwiftKart Logistics,Mumbai,Delivered,2,169.33,nan,7,Yes
338,338,2026-02-12,2026-02-14,2026-02-13,BlueRoute Express,Delhi,Delivered,3,166.54,nan,2,No
339,339,2025-07-02,2025-07-05,,QuickShip India,Bengaluru,Failed,2,93.37,Incorrect Address,4,Yes
340,340,2025-08-11,2025-08-14,,ParcelOne,Kolkata,RTO,2,52.0,Customer Refused,1,No
341,341,2024-09-17,2024-09-21,,QuickShip India,Delhi,Failed,3,138.18,Damaged Package,5,Yes
342,342,2024-10-25,2024-10-30,,QuickShip India,Bengaluru,Failed,2,41.26,Courier Delay,7,Yes
343,343,2026-05-17,2026-05-22,2026-05-21,SwiftKart Logistics,Chennai,Delivered,1,89.69,nan,0,No
344,344,2025-10-23,2025-10-28,,MetroDeliver,Delhi,RTO,1,108.7,Customer Refused,2,No
345,345,2025-11-30,2025-12-03,2025-12-02,QuickShip India,Delhi,Delivered,1,78.86,nan,7,Yes
346,346,2026-05-27,2026-05-29,2026-05-29,BlueRoute Express,Delhi,Delivered,2,93.51,nan,4,Yes
347,347,2026-06-29,2026-07-01,2026-07-07,BlueRoute Express,Kolkata,Delayed,3,109.97,Courier Delay,-1,No
348,348,2025-07-01,2025-07-03,2025-07-02,RapidX Logistics,Kolkata,Delivered,2,73.02,nan,2,No
349,349,2025-08-11,2025-08-13,,QuickShip India,Delhi,In Transit,3,48.8,nan,-1,No
350,350,2024-11-21,2024-11-25,2024-11-25,ParcelOne,Bengaluru,Delivered,3,43.77,nan,2,No
351,351,2024-12-07,2024-12-11,,BlueRoute Express,Bengaluru,RTO,3,163.79,Incorrect Address,2,No
352,352,2025-02-08,2025-02-10,,QuickShip India,Mumbai,RTO,2,126.44,Incorrect Address,1,No
353,353,2025-03-10,2025-03-14,2025-03-16,ParcelOne,Hyderabad,Delayed,1,179.13,Courier Delay,-1,No
354,354,2024-12-20,2024-12-25,2024-12-24,ParcelOne,Kolkata,Delivered,2,69.49,nan,5,Yes
355,355,2024-12-22,2024-12-27,,RapidX Logistics,Mumbai,Failed,1,163.53,Logistics Capacity,4,Yes
356,356,2026-03-17,2026-03-22,2026-03-21,QuickShip India,Hyderabad,Delivered,1,155.06,nan,-1,No
357,357,2024-08-06,2024-08-11,,MetroDeliver,Chennai,RTO,1,92.09,Incorrect Address,4,Yes
358,358,2024-08-30,2024-09-04,2024-09-03,MetroDeliver,Bengaluru,Delivered,1,159.23,nan,6,Yes
359,359,2025-08-24,2025-08-28,,QuickShip India,Delhi,In Transit,3,143.6,nan,4,Yes
360,360,2025-10-08,2025-10-12,2025-10-14,MetroDeliver,Delhi,Delayed,2,82.63,Courier Delay,6,Yes
361,361,2025-11-08,2025-11-13,,BlueRoute Express,Kolkata,Failed,1,64.1,Customer Unavailable,5,Yes
362,362,2024-10-27,2024-10-30,,QuickShip India,Delhi,Failed,2,120.82,Damaged Package,4,Yes
363,363,2026-03-10,2026-03-14,,QuickShip India,Bengaluru,Failed,2,111.79,Courier Delay,6,Yes
364,364,2026-04-14,2026-04-19,,BlueRoute Express,Hyderabad,RTO,3,132.7,Customer Unavailable,3,Yes
365,365,2026-05-14,2026-05-19,2026-05-17,MetroDeliver,Kolkata,Delivered,2,45.7,nan,4,Yes
366,366,2024-12-18,2024-12-21,2024-12-21,RapidX Logistics,Mumbai,Delivered,3,153.37,nan,1,No
367,367,2025-01-28,2025-01-30,2025-01-30,RapidX Logistics,Chennai,Delivered,3,129.42,nan,1,No
368,368,2024-08-28,2024-08-30,,BlueRoute Express,Delhi,RTO,3,130.43,Courier Delay,2,No
369,369,2025-12-14,2025-12-16,2025-12-22,QuickShip India,Delhi,Delayed,2,60.17,Courier Delay,4,Yes
370,370,2025-05-23,2025-05-26,,RapidX Logistics,Kolkata,Failed,1,161.3,Courier Delay,3,Yes
371,371,2024-10-17,2024-10-21,,MetroDeliver,Mumbai,RTO,3,63.27,Logistics Capacity,7,Yes
372,372,2024-11-14,2024-11-18,2024-11-22,QuickShip India,Delhi,Delayed,3,77.47,Courier Delay,4,Yes
373,373,2025-02-23,2025-02-27,,ParcelOne,Delhi,RTO,3,74.57,Incorrect Address,-1,No
374,374,2025-03-27,2025-03-31,,BlueRoute Express,Bengaluru,Failed,1,62.61,Customer Refused,7,Yes
375,375,2025-10-13,2025-10-15,2025-10-13,ParcelOne,Hyderabad,Delivered,1,156.75,nan,1,No
376,376,2024-10-27,2024-11-01,2024-10-31,ParcelOne,Chennai,Delivered,3,129.32,nan,-1,No
377,377,2026-02-07,2026-02-12,,RapidX Logistics,Mumbai,In Transit,2,107.78,nan,0,No
378,378,2026-03-21,2026-03-26,2026-03-25,ParcelOne,Delhi,Delivered,2,175.33,nan,1,No
379,379,2025-07-29,2025-07-31,2025-07-30,MetroDeliver,Delhi,Delivered,1,106.61,nan,4,Yes
380,380,2025-09-03,2025-09-06,2025-09-05,ParcelOne,Delhi,Delivered,1,108.87,nan,1,No
381,381,2025-02-11,2025-02-15,2025-02-19,RapidX Logistics,Kolkata,Delayed,2,52.47,Courier Delay,4,Yes
382,382,2025-05-06,2025-05-10,,RapidX Logistics,Mumbai,RTO,3,41.64,Courier Delay,2,No
383,383,2026-06-26,2026-06-30,,RapidX Logistics,Mumbai,Failed,3,174.96,Incorrect Address,2,No
384,384,2025-01-02,2025-01-05,2025-01-03,SwiftKart Logistics,Mumbai,Delivered,3,114.7,nan,3,Yes
385,385,2025-08-18,2025-08-21,,BlueRoute Express,Delhi,RTO,3,174.39,Customer Refused,4,Yes
386,386,2024-12-21,2024-12-25,,MetroDeliver,Chennai,Failed,3,102.93,Courier Delay,4,Yes
387,387,2025-01-05,2025-01-07,,SwiftKart Logistics,Mumbai,RTO,2,172.55,Courier Delay,7,Yes
388,388,2025-01-04,2025-01-08,,QuickShip India,Delhi,Failed,2,142.81,Customer Refused,3,Yes
389,389,2025-02-08,2025-02-12,2025-02-15,ParcelOne,Bengaluru,Delayed,3,75.45,Courier Delay,1,No
390,390,2026-02-07,2026-02-09,,SwiftKart Logistics,Hyderabad,Failed,2,62.13,Customer Refused,6,Yes
391,391,2026-03-20,2026-03-22,2026-03-22,SwiftKart Logistics,Kolkata,Delivered,3,76.4,nan,7,Yes
392,392,2025-04-01,2025-04-03,2025-04-01,SwiftKart Logistics,Hyderabad,Delivered,3,118.87,nan,4,Yes
393,393,2025-05-15,2025-05-19,2025-05-18,BlueRoute Express,Mumbai,Delivered,1,68.25,nan,4,Yes
394,394,2025-01-15,2025-01-17,2025-01-17,RapidX Logistics,Chennai,Delivered,3,160.96,nan,0,No
395,395,2025-06-07,2025-06-12,,QuickShip India,Kolkata,In Transit,3,173.33,nan,4,Yes
396,396,2025-06-26,2025-06-30,2025-06-29,MetroDeliver,Bengaluru,Delivered,3,113.8,nan,4,Yes
397,397,2024-11-09,2024-11-13,,QuickShip India,Mumbai,Failed,2,134.76,Incorrect Address,1,No
398,398,2024-12-11,2024-12-16,,SwiftKart Logistics,Kolkata,RTO,2,137.72,Courier Delay,3,Yes
399,399,2025-07-15,2025-07-17,2025-07-17,MetroDeliver,Delhi,Delivered,2,110.42,nan,-1,No
400,400,2025-08-09,2025-08-14,2025-08-18,RapidX Logistics,Hyderabad,Delayed,1,60.15,Courier Delay,6,Yes
401,401,2025-12-03,2025-12-05,2025-12-10,SwiftKart Logistics,Delhi,Delayed,3,172.96,Courier Delay,7,Yes
402,402,2025-12-25,2025-12-28,,QuickShip India,Kolkata,RTO,2,87.04,Incorrect Address,7,Yes
403,403,2026-07-27,2026-07-31,2026-07-30,QuickShip India,Bengaluru,Delivered,2,123.03,nan,0,No
404,404,2026-07-21,2026-07-23,2026-07-23,BlueRoute Express,Bengaluru,Delivered,2,72.07,nan,3,Yes
405,405,2026-05-24,2026-05-26,,SwiftKart Logistics,Delhi,Failed,1,122.12,Customer Refused,-1,No
406,406,2024-08-29,2024-09-02,,ParcelOne,Hyderabad,RTO,2,69.97,Damaged Package,4,Yes
407,407,2024-10-02,2024-10-07,2024-10-05,MetroDeliver,Mumbai,Delivered,2,97.12,nan,1,No
408,408,2026-02-28,2026-03-04,2026-03-04,SwiftKart Logistics,Delhi,Delivered,1,155.45,nan,3,Yes
409,409,2026-03-23,2026-03-27,,BlueRoute Express,Hyderabad,Failed,2,118.74,Logistics Capacity,2,No
410,410,2025-01-13,2025-01-18,2025-01-18,SwiftKart Logistics,Bengaluru,Delivered,3,176.19,nan,7,Yes
411,411,2026-05-17,2026-05-20,,QuickShip India,Kolkata,Failed,1,125.36,Customer Unavailable,2,No
412,412,2025-02-11,2025-02-13,2025-02-16,ParcelOne,Kolkata,Delayed,1,134.98,Courier Delay,0,No
413,413,2025-03-17,2025-03-22,,QuickShip India,Chennai,RTO,3,169.11,Damaged Package,1,No
414,414,2024-10-11,2024-10-15,,BlueRoute Express,Kolkata,Failed,3,159.3,Customer Unavailable,2,No
415,415,2026-01-07,2026-01-11,,RapidX Logistics,Bengaluru,RTO,1,44.02,Logistics Capacity,5,Yes
416,416,2026-02-12,2026-02-14,,SwiftKart Logistics,Kolkata,In Transit,1,100.68,nan,3,Yes
417,417,2025-09-01,2025-09-03,2025-09-03,BlueRoute Express,Mumbai,Delivered,1,48.9,nan,2,No
418,418,2025-09-29,2025-10-03,,QuickShip India,Hyderabad,Failed,2,47.24,Logistics Capacity,5,Yes
419,419,2025-09-03,2025-09-08,,MetroDeliver,Chennai,Failed,2,74.51,Damaged Package,4,Yes
420,420,2026-06-23,2026-06-28,,SwiftKart Logistics,Bengaluru,RTO,2,115.69,Courier Delay,0,No
421,421,2024-12-16,2024-12-21,2024-12-20,BlueRoute Express,Mumbai,Delivered,2,163.61,nan,7,Yes
422,422,2026-06-04,2026-06-07,,SwiftKart Logistics,Delhi,RTO,3,75.86,Customer Refused,5,Yes
423,423,2026-07-10,2026-07-14,2026-07-13,MetroDeliver,Mumbai,Delivered,1,65.83,nan,2,No
424,424,2026-04-30,2026-05-04,,BlueRoute Express,Bengaluru,RTO,2,60.05,Customer Refused,3,Yes
425,425,2026-05-24,2026-05-28,2026-05-27,BlueRoute Express,Bengaluru,Delivered,3,153.4,nan,0,No
426,426,2024-11-22,2024-11-26,,BlueRoute Express,Mumbai,In Transit,2,101.71,nan,3,Yes
427,427,2025-01-06,2025-01-08,,MetroDeliver,Hyderabad,RTO,3,108.25,Incorrect Address,7,Yes
428,428,2025-11-27,2025-12-02,2025-12-01,ParcelOne,Kolkata,Delivered,3,130.72,nan,2,No
429,429,2025-12-29,2025-12-31,2025-12-31,RapidX Logistics,Kolkata,Delivered,3,90.15,nan,-1,No
430,430,2025-04-19,2025-04-23,,SwiftKart Logistics,Delhi,Failed,3,131.72,Courier Delay,3,Yes
431,431,2025-05-08,2025-05-13,2025-05-13,BlueRoute Express,Mumbai,Delivered,1,171.76,nan,0,No
432,432,2026-07-11,2026-07-16,2026-07-16,QuickShip India,Mumbai,Delivered,3,114.18,nan,4,Yes
433,433,2026-08-03,2026-08-08,,ParcelOne,Hyderabad,Failed,2,167.16,Incorrect Address,2,No
434,434,2024-09-01,2024-09-06,,QuickShip India,Kolkata,RTO,2,164.87,Courier Delay,3,Yes
435,435,2025-01-23,2025-01-25,2025-01-24,SwiftKart Logistics,Hyderabad,Delivered,1,137.59,nan,-1,No
436,436,2025-01-26,2025-01-31,2025-01-31,QuickShip India,Hyderabad,Delivered,1,131.32,nan,5,Yes
437,437,2025-02-23,2025-02-26,,SwiftKart Logistics,Chennai,RTO,2,116.6,Damaged Package,1,No
438,438,2024-09-17,2024-09-21,2024-09-25,MetroDeliver,Hyderabad,Delayed,3,74.18,Courier Delay,7,Yes
439,439,2025-08-26,2025-08-31,2025-08-29,SwiftKart Logistics,Chennai,Delivered,3,166.63,nan,1,No
440,440,2026-05-01,2026-05-03,2026-05-02,RapidX Logistics,Bengaluru,Delivered,2,126.17,nan,-1,No
441,441,2026-05-20,2026-05-23,,MetroDeliver,Bengaluru,RTO,2,54.65,Damaged Package,-1,No
442,442,2024-08-18,2024-08-20,2024-08-26,QuickShip India,Delhi,Delayed,3,93.27,Courier Delay,-1,No
443,443,2026-03-16,2026-03-18,2026-03-18,SwiftKart Logistics,Kolkata,Delivered,3,64.35,nan,4,Yes
444,444,2026-04-06,2026-04-09,2026-04-14,SwiftKart Logistics,Chennai,Delayed,2,138.8,Courier Delay,5,Yes
445,445,2026-05-11,2026-05-13,,BlueRoute Express,Kolkata,RTO,2,145.41,Customer Refused,-1,No
446,446,2024-10-18,2024-10-22,2024-10-21,RapidX Logistics,Kolkata,Delivered,3,121.92,nan,2,No
447,447,2026-07-30,2026-08-03,2026-08-09,SwiftKart Logistics,Mumbai,Delayed,1,108.74,Courier Delay,5,Yes
448,448,2025-08-26,2025-08-28,2025-08-27,QuickShip India,Mumbai,Delivered,3,159.01,nan,6,Yes
449,449,2025-09-30,2025-10-05,2025-10-04,RapidX Logistics,Delhi,Delivered,2,145.19,nan,0,No
450,450,2026-01-06,2026-01-10,2026-01-09,MetroDeliver,Kolkata,Delivered,3,42.33,nan,0,No
451,451,2025-08-24,2025-08-27,,RapidX Logistics,Hyderabad,RTO,3,135.65,Customer Refused,2,No
452,452,2025-09-17,2025-09-21,2025-09-21,ParcelOne,Kolkata,Delivered,3,77.98,nan,4,Yes
453,453,2025-12-09,2025-12-14,,MetroDeliver,Bengaluru,RTO,1,123.55,Logistics Capacity,4,Yes
454,454,2026-01-12,2026-01-15,2026-01-14,ParcelOne,Bengaluru,Delivered,3,74.18,nan,2,No
455,455,2026-01-04,2026-01-08,2026-01-08,MetroDeliver,Delhi,Delivered,3,111.87,nan,0,No
456,456,2025-01-29,2025-02-03,,RapidX Logistics,Kolkata,Failed,2,83.64,Customer Unavailable,4,Yes
457,457,2025-02-27,2025-03-02,2025-02-28,ParcelOne,Delhi,Delivered,2,128.62,nan,3,Yes
458,458,2026-07-03,2026-07-06,2026-07-05,MetroDeliver,Bengaluru,Delivered,3,136.33,nan,-1,No
459,459,2025-08-21,2025-08-24,,QuickShip India,Chennai,RTO,1,75.71,Customer Unavailable,3,Yes
460,460,2025-10-05,2025-10-10,2025-10-10,QuickShip India,Chennai,Delivered,1,53.19,nan,3,Yes
461,461,2024-11-06,2024-11-10,,ParcelOne,Kolkata,RTO,3,136.45,Customer Refused,-1,No
462,462,2025-12-09,2025-12-12,2025-12-11,BlueRoute Express,Kolkata,Delivered,1,96.55,nan,6,Yes
463,463,2026-01-18,2026-01-20,2026-01-19,SwiftKart Logistics,Delhi,Delivered,1,77.45,nan,6,Yes
464,464,2026-02-21,2026-02-25,2026-02-24,ParcelOne,Chennai,Delivered,3,105.33,nan,6,Yes
465,465,2025-03-31,2025-04-03,,RapidX Logistics,Mumbai,RTO,2,73.46,Customer Refused,1,No
466,466,2025-05-14,2025-05-16,,BlueRoute Express,Kolkata,RTO,3,135.63,Customer Refused,3,Yes
467,467,2024-11-01,2024-11-03,,BlueRoute Express,Chennai,RTO,1,69.9,Customer Refused,7,Yes
468,468,2025-04-03,2025-04-06,,ParcelOne,Mumbai,RTO,2,123.76,Customer Unavailable,7,Yes
469,469,2025-04-27,2025-05-02,2025-05-05,BlueRoute Express,Bengaluru,Delayed,1,178.32,Courier Delay,3,Yes
470,470,2026-06-06,2026-06-08,,RapidX Logistics,Chennai,RTO,3,127.95,Customer Refused,4,Yes
471,471,2025-08-11,2025-08-13,2025-08-19,MetroDeliver,Kolkata,Delayed,2,109.47,Courier Delay,3,Yes
472,472,2025-09-10,2025-09-12,2025-09-11,BlueRoute Express,Bengaluru,Delivered,1,76.33,nan,5,Yes
473,473,2025-03-24,2025-03-29,2025-03-28,ParcelOne,Hyderabad,Delivered,2,49.66,nan,-1,No
474,474,2025-04-26,2025-04-28,,BlueRoute Express,Hyderabad,RTO,2,152.48,Customer Unavailable,5,Yes
475,475,2025-05-17,2025-05-19,,SwiftKart Logistics,Chennai,RTO,3,73.53,Customer Refused,6,Yes
476,476,2025-06-25,2025-06-29,2025-07-02,SwiftKart Logistics,Delhi,Delayed,1,44.04,Courier Delay,1,No
477,477,2025-03-07,2025-03-10,2025-03-16,QuickShip India,Mumbai,Delayed,1,118.37,Courier Delay,0,No
478,478,2025-04-01,2025-04-05,,MetroDeliver,Bengaluru,Failed,1,72.56,Logistics Capacity,0,No
479,479,2026-01-29,2026-02-03,2026-02-02,QuickShip India,Kolkata,Delivered,1,147.91,nan,0,No
480,480,2026-03-03,2026-03-07,2026-03-13,SwiftKart Logistics,Chennai,Delayed,2,116.69,Courier Delay,4,Yes
481,481,2025-04-30,2025-05-05,2025-05-07,SwiftKart Logistics,Kolkata,Delayed,2,126.42,Courier Delay,5,Yes
482,482,2025-05-31,2025-06-03,2025-06-02,QuickShip India,Kolkata,Delivered,1,172.5,nan,5,Yes
483,483,2025-03-17,2025-03-21,2025-03-26,QuickShip India,Delhi,Delayed,2,56.98,Courier Delay,5,Yes
484,484,2025-04-21,2025-04-25,,QuickShip India,Delhi,In Transit,1,42.05,nan,7,Yes
485,485,2024-12-16,2024-12-19,,QuickShip India,Delhi,RTO,3,95.98,Customer Unavailable,3,Yes
486,486,2024-12-19,2024-12-22,,BlueRoute Express,Kolkata,Failed,1,93.19,Customer Unavailable,5,Yes
487,487,2025-01-26,2025-01-29,,MetroDeliver,Chennai,RTO,1,83.54,Customer Refused,-1,No
488,488,2025-02-10,2025-02-12,2025-02-12,ParcelOne,Mumbai,Delivered,3,137.75,nan,1,No
489,489,2025-03-21,2025-03-23,,MetroDeliver,Kolkata,RTO,3,82.97,Damaged Package,1,No
490,490,2025-05-03,2025-05-06,2025-05-06,ParcelOne,Bengaluru,Delivered,3,148.04,nan,1,No
491,491,2025-06-09,2025-06-11,,BlueRoute Express,Mumbai,Failed,2,124.7,Customer Refused,6,Yes
492,492,2026-02-24,2026-02-26,,QuickShip India,Mumbai,Failed,1,102.85,Customer Refused,6,Yes
493,493,2026-03-12,2026-03-17,2026-03-19,SwiftKart Logistics,Bengaluru,Delayed,2,156.41,Courier Delay,3,Yes
494,494,2025-11-17,2025-11-20,2025-11-19,QuickShip India,Mumbai,Delivered,3,147.13,nan,-1,No
495,495,2025-04-10,2025-04-15,,RapidX Logistics,Bengaluru,RTO,1,85.86,Logistics Capacity,4,Yes
496,496,2025-05-12,2025-05-15,,RapidX Logistics,Kolkata,RTO,3,156.57,Customer Refused,1,No
497,497,2026-06-10,2026-06-12,,MetroDeliver,Bengaluru,In Transit,2,121.33,nan,3,Yes
498,498,2026-06-30,2026-07-02,,QuickShip India,Kolkata,Failed,3,93.26,Courier Delay,5,Yes
499,499,2026-03-14,2026-03-17,2026-03-17,RapidX Logistics,Bengaluru,Delivered,1,69.72,nan,5,Yes
500,500,2024-12-13,2024-12-18,2024-12-18,SwiftKart Logistics,Chennai,Delivered,3,128.97,nan,0,No
501,501,2025-01-04,2025-01-07,2025-01-07,RapidX Logistics,Bengaluru,Delivered,2,100.34,nan,1,No
502,502,2025-02-24,2025-02-28,,RapidX Logistics,Kolkata,Failed,3,145.19,Damaged Package,0,No
503,503,2025-04-10,2025-04-12,2025-04-11,SwiftKart Logistics,Delhi,Delivered,3,97.49,nan,-1,No
504,504,2025-11-11,2025-11-15,,SwiftKart Logistics,Delhi,RTO,1,86.44,Customer Unavailable,-1,No
505,505,2025-12-25,2025-12-27,,MetroDeliver,Delhi,Failed,3,55.57,Logistics Capacity,6,Yes
506,506,2025-11-13,2025-11-17,2025-11-22,ParcelOne,Delhi,Delayed,1,71.22,Courier Delay,7,Yes
507,507,2025-12-10,2025-12-13,,BlueRoute Express,Mumbai,RTO,2,165.11,Courier Delay,3,Yes
508,508,2026-02-06,2026-02-10,2026-02-09,SwiftKart Logistics,Bengaluru,Delivered,2,60.57,nan,1,No
509,509,2026-07-29,2026-08-01,2026-07-31,RapidX Logistics,Hyderabad,Delivered,2,133.8,nan,7,Yes
510,510,2024-11-25,2024-11-29,,BlueRoute Express,Bengaluru,Failed,2,141.77,Logistics Capacity,-1,No
511,511,2024-12-18,2024-12-20,2024-12-25,SwiftKart Logistics,Hyderabad,Delayed,3,171.69,Courier Delay,2,No
512,512,2024-12-09,2024-12-11,2024-12-10,MetroDeliver,Kolkata,Delivered,1,98.03,nan,4,Yes
513,513,2024-12-25,2024-12-28,,BlueRoute Express,Mumbai,RTO,1,57.79,Logistics Capacity,4,Yes
514,514,2024-08-06,2024-08-10,2024-08-09,ParcelOne,Chennai,Delivered,2,62.17,nan,3,Yes
515,515,2024-12-31,2025-01-02,,QuickShip India,Chennai,RTO,3,88.02,Courier Delay,3,Yes
516,516,2025-01-24,2025-01-29,2025-01-28,ParcelOne,Hyderabad,Delivered,3,68.94,nan,6,Yes
517,517,2025-05-21,2025-05-25,,MetroDeliver,Bengaluru,RTO,2,89.55,Customer Unavailable,4,Yes
518,518,2025-06-11,2025-06-14,2025-06-12,RapidX Logistics,Chennai,Delivered,2,176.25,nan,7,Yes
519,519,2025-10-05,2025-10-07,,BlueRoute Express,Kolkata,Failed,3,172.73,Customer Unavailable,-1,No
520,520,2024-10-17,2024-10-22,,RapidX Logistics,Bengaluru,Failed,1,178.2,Customer Refused,5,Yes
521,521,2024-11-05,2024-11-08,2024-11-08,SwiftKart Logistics,Bengaluru,Delivered,2,120.65,nan,0,No
522,522,2025-11-19,2025-11-21,2025-11-21,QuickShip India,Bengaluru,Delivered,1,134.22,nan,3,Yes
523,523,2025-03-02,2025-03-07,,MetroDeliver,Chennai,Failed,2,145.21,Courier Delay,2,No
524,524,2025-04-06,2025-04-11,2025-04-10,ParcelOne,Bengaluru,Delivered,1,75.28,nan,4,Yes
525,525,2025-06-18,2025-06-22,2025-06-28,ParcelOne,Bengaluru,Delayed,2,152.76,Courier Delay,5,Yes
526,526,2025-07-27,2025-07-31,,QuickShip India,Bengaluru,RTO,2,97.38,Customer Unavailable,4,Yes
527,527,2025-11-30,2025-12-04,2025-12-09,MetroDeliver,Hyderabad,Delayed,3,75.63,Courier Delay,-1,No
528,528,2025-12-22,2025-12-25,2025-12-25,RapidX Logistics,Chennai,Delivered,2,142.28,nan,5,Yes
529,529,2025-12-25,2025-12-30,,MetroDeliver,Bengaluru,Failed,1,56.45,Damaged Package,7,Yes
530,530,2026-01-22,2026-01-25,,QuickShip India,Chennai,RTO,3,161.6,Customer Unavailable,0,No
531,531,2024-08-20,2024-08-22,2024-08-20,SwiftKart Logistics,Bengaluru,Delivered,2,121.61,nan,2,No
532,532,2026-02-18,2026-02-21,,QuickShip India,Chennai,RTO,2,66.22,Logistics Capacity,5,Yes
533,533,2026-03-20,2026-03-24,2026-03-24,ParcelOne,Hyderabad,Delivered,2,171.2,nan,5,Yes
534,534,2025-09-11,2025-09-13,2025-09-13,MetroDeliver,Mumbai,Delivered,2,121.56,nan,0,No
535,535,2025-03-07,2025-03-10,2025-03-10,BlueRoute Express,Kolkata,Delivered,1,106.49,nan,0,No
536,536,2025-01-15,2025-01-20,2025-01-19,BlueRoute Express,Bengaluru,Delivered,1,101.87,nan,4,Yes
537,537,2025-01-29,2025-02-01,2025-01-31,QuickShip India,Hyderabad,Delivered,3,92.77,nan,6,Yes
538,538,2025-06-02,2025-06-07,,SwiftKart Logistics,Mumbai,Failed,1,108.06,Courier Delay,7,Yes
539,539,2025-06-28,2025-06-30,,MetroDeliver,Chennai,RTO,2,40.09,Customer Refused,5,Yes
540,540,2025-07-30,2025-08-02,,BlueRoute Express,Bengaluru,Failed,1,170.56,Customer Unavailable,0,No
541,541,2025-09-10,2025-09-14,2025-09-19,MetroDeliver,Bengaluru,Delayed,3,141.9,Courier Delay,5,Yes
542,542,2025-08-08,2025-08-11,2025-08-09,QuickShip India,Bengaluru,Delivered,3,73.74,nan,0,No
543,543,2026-06-28,2026-06-30,2026-06-29,MetroDeliver,Bengaluru,Delivered,2,144.07,nan,4,Yes
544,544,2026-07-17,2026-07-22,2026-07-21,BlueRoute Express,Mumbai,Delivered,1,147.18,nan,5,Yes
545,545,2026-07-19,2026-07-21,,SwiftKart Logistics,Chennai,RTO,3,175.85,Logistics Capacity,3,Yes
546,546,2024-11-01,2024-11-05,2024-11-11,QuickShip India,Kolkata,Delayed,2,52.55,Courier Delay,7,Yes
547,547,2026-05-01,2026-05-05,,QuickShip India,Bengaluru,Failed,1,127.87,Customer Unavailable,6,Yes
548,548,2026-06-11,2026-06-14,2026-06-12,BlueRoute Express,Delhi,Delivered,1,81.98,nan,-1,No
549,549,2025-05-07,2025-05-11,,QuickShip India,Bengaluru,Failed,2,51.4,Damaged Package,0,No
550,550,2025-06-18,2025-06-22,,RapidX Logistics,Delhi,In Transit,2,171.23,nan,1,No
551,551,2025-03-18,2025-03-23,,ParcelOne,Delhi,Failed,2,125.76,Courier Delay,2,No
552,552,2025-09-07,2025-09-12,,QuickShip India,Mumbai,Failed,2,124.71,Damaged Package,2,No
553,553,2025-10-15,2025-10-20,,RapidX Logistics,Delhi,RTO,3,46.96,Customer Unavailable,3,Yes
554,554,2026-01-14,2026-01-16,2026-01-19,RapidX Logistics,Mumbai,Delayed,3,82.96,Courier Delay,0,No
555,555,2026-05-18,2026-05-21,2026-05-20,SwiftKart Logistics,Bengaluru,Delivered,3,46.0,nan,2,No
556,556,2025-12-26,2025-12-30,2025-12-29,SwiftKart Logistics,Mumbai,Delivered,2,168.63,nan,7,Yes
557,557,2026-01-15,2026-01-17,2026-01-16,RapidX Logistics,Chennai,Delivered,3,44.59,nan,1,No
558,558,2026-02-02,2026-02-04,,BlueRoute Express,Delhi,RTO,1,119.97,Incorrect Address,5,Yes
559,559,2026-03-05,2026-03-09,,SwiftKart Logistics,Mumbai,Failed,2,172.58,Incorrect Address,-1,No
560,560,2026-07-17,2026-07-20,,ParcelOne,Hyderabad,In Transit,3,89.95,nan,6,Yes
561,561,2026-06-26,2026-06-28,2026-06-27,MetroDeliver,Hyderabad,Delivered,2,131.78,nan,-1,No
562,562,2026-07-28,2026-07-30,,QuickShip India,Mumbai,RTO,1,113.58,Customer Unavailable,7,Yes
563,563,2025-04-24,2025-04-27,,MetroDeliver,Bengaluru,Failed,1,77.58,Logistics Capacity,5,Yes
564,564,2025-05-16,2025-05-19,2025-05-18,BlueRoute Express,Hyderabad,Delivered,3,91.26,nan,7,Yes
565,565,2025-06-05,2025-06-09,,MetroDeliver,Hyderabad,RTO,3,144.42,Incorrect Address,0,No
566,566,2024-12-07,2024-12-12,2024-12-11,MetroDeliver,Bengaluru,Delivered,3,146.42,nan,4,Yes
567,567,2025-01-09,2025-01-13,2025-01-12,MetroDeliver,Chennai,Delivered,2,166.51,nan,7,Yes
568,568,2025-06-11,2025-06-13,,QuickShip India,Mumbai,Failed,2,175.06,Customer Unavailable,4,Yes
569,569,2026-01-15,2026-01-20,2026-01-20,SwiftKart Logistics,Hyderabad,Delivered,3,122.59,nan,7,Yes
570,570,2026-02-26,2026-03-02,2026-03-01,SwiftKart Logistics,Hyderabad,Delivered,3,149.02,nan,0,No
571,571,2025-11-14,2025-11-16,,BlueRoute Express,Chennai,RTO,1,162.25,Incorrect Address,6,Yes
572,572,2025-05-13,2025-05-17,2025-05-16,BlueRoute Express,Mumbai,Delivered,1,166.84,nan,-1,No
573,573,2024-11-14,2024-11-16,2024-11-15,QuickShip India,Hyderabad,Delivered,1,149.29,nan,0,No
574,574,2024-12-16,2024-12-20,2024-12-24,ParcelOne,Delhi,Delayed,2,139.12,Courier Delay,2,No
575,575,2026-01-19,2026-01-22,2026-01-21,MetroDeliver,Bengaluru,Delivered,3,76.1,nan,0,No
576,576,2024-10-06,2024-10-09,,MetroDeliver,Mumbai,RTO,1,74.74,Incorrect Address,3,Yes
577,577,2024-10-21,2024-10-24,2024-10-24,RapidX Logistics,Bengaluru,Delivered,1,61.35,nan,7,Yes
578,578,2024-09-18,2024-09-23,2024-09-29,SwiftKart Logistics,Kolkata,Delayed,3,127.77,Courier Delay,4,Yes
579,579,2025-08-16,2025-08-18,2025-08-18,SwiftKart Logistics,Chennai,Delivered,2,139.24,nan,2,No
580,580,2025-04-03,2025-04-08,,QuickShip India,Mumbai,Failed,1,45.45,Customer Refused,4,Yes
581,581,2025-05-05,2025-05-08,2025-05-07,QuickShip India,Delhi,Delivered,1,110.01,nan,1,No
582,582,2025-08-18,2025-08-22,2025-08-28,SwiftKart Logistics,Bengaluru,Delayed,1,75.28,Courier Delay,2,No
583,583,2025-04-07,2025-04-10,,MetroDeliver,Chennai,RTO,1,92.61,Incorrect Address,-1,No
584,584,2025-09-25,2025-09-30,2025-09-29,QuickShip India,Delhi,Delivered,2,45.36,nan,-1,No
585,585,2025-10-29,2025-11-03,,ParcelOne,Chennai,RTO,3,59.35,Customer Unavailable,0,No
586,586,2025-09-15,2025-09-18,2025-09-16,BlueRoute Express,Kolkata,Delivered,1,143.4,nan,-1,No
587,587,2025-07-18,2025-07-22,2025-07-21,BlueRoute Express,Mumbai,Delivered,2,123.55,nan,-1,No
588,588,2025-08-21,2025-08-24,,ParcelOne,Mumbai,RTO,1,173.3,Customer Unavailable,-1,No
589,589,2025-01-16,2025-01-20,2025-01-18,QuickShip India,Mumbai,Delivered,2,97.49,nan,5,Yes
590,590,2025-02-22,2025-02-27,2025-02-26,RapidX Logistics,Hyderabad,Delivered,1,78.76,nan,5,Yes
591,591,2025-03-11,2025-03-14,2025-03-13,BlueRoute Express,Bengaluru,Delivered,3,57.23,nan,-1,No
592,592,2025-04-25,2025-04-28,,SwiftKart Logistics,Mumbai,RTO,2,151.4,Courier Delay,7,Yes
593,593,2026-04-22,2026-04-25,,QuickShip India,Delhi,RTO,2,166.42,Customer Unavailable,1,No
594,594,2026-05-09,2026-05-13,,SwiftKart Logistics,Bengaluru,Failed,1,107.66,Damaged Package,2,No
595,595,2025-09-10,2025-09-12,,ParcelOne,Chennai,RTO,3,96.48,Courier Delay,1,No
596,596,2025-09-29,2025-10-03,,ParcelOne,Bengaluru,Failed,3,144.63,Incorrect Address,2,No
597,597,2024-10-19,2024-10-22,2024-10-21,RapidX Logistics,Hyderabad,Delivered,3,176.41,nan,2,No
598,598,2024-11-11,2024-11-14,2024-11-13,SwiftKart Logistics,Bengaluru,Delivered,3,99.21,nan,2,No
599,599,2025-02-01,2025-02-06,,BlueRoute Express,Delhi,RTO,1,50.68,Logistics Capacity,-1,No
600,600,2025-03-05,2025-03-10,2025-03-09,MetroDeliver,Kolkata,Delivered,2,153.5,nan,5,Yes
601,601,2025-08-11,2025-08-16,,ParcelOne,Mumbai,Failed,1,103.2,Logistics Capacity,-1,No
602,602,2025-09-13,2025-09-16,,QuickShip India,Hyderabad,RTO,1,93.51,Courier Delay,5,Yes
603,603,2026-03-26,2026-03-29,,RapidX Logistics,Bengaluru,RTO,3,138.84,Customer Refused,1,No
604,604,2026-05-02,2026-05-07,,RapidX Logistics,Bengaluru,RTO,1,99.86,Logistics Capacity,-1,No
605,605,2024-09-22,2024-09-26,,SwiftKart Logistics,Kolkata,In Transit,3,85.96,nan,-1,No
606,606,2024-10-24,2024-10-26,,QuickShip India,Delhi,RTO,2,175.59,Incorrect Address,0,No
607,607,2024-11-27,2024-12-01,,RapidX Logistics,Mumbai,Failed,2,48.92,Customer Unavailable,3,Yes
608,608,2025-10-02,2025-10-07,,SwiftKart Logistics,Kolkata,RTO,1,107.7,Logistics Capacity,0,No
609,609,2025-07-18,2025-07-23,2025-07-22,ParcelOne,Chennai,Delivered,3,136.78,nan,7,Yes
610,610,2024-09-16,2024-09-19,,BlueRoute Express,Chennai,Failed,2,68.2,Damaged Package,1,No
611,611,2024-10-10,2024-10-13,,QuickShip India,Bengaluru,In Transit,2,120.09,nan,6,Yes
612,612,2025-02-26,2025-02-28,,RapidX Logistics,Kolkata,Failed,1,163.55,Incorrect Address,6,Yes
613,613,2025-12-12,2025-12-14,,QuickShip India,Bengaluru,RTO,1,160.92,Logistics Capacity,-1,No
614,614,2025-12-27,2025-12-29,,QuickShip India,Bengaluru,In Transit,2,66.6,nan,6,Yes
615,615,2024-09-21,2024-09-23,2024-09-22,SwiftKart Logistics,Mumbai,Delivered,2,132.64,nan,2,No
616,616,2024-10-19,2024-10-22,2024-10-21,ParcelOne,Kolkata,Delivered,3,122.6,nan,5,Yes
617,617,2025-02-27,2025-03-03,2025-03-01,SwiftKart Logistics,Kolkata,Delivered,1,69.29,nan,-1,No
618,618,2025-01-10,2025-01-14,2025-01-17,MetroDeliver,Kolkata,Delayed,1,131.75,Courier Delay,1,No
619,619,2025-07-31,2025-08-02,2025-08-02,QuickShip India,Chennai,Delivered,1,120.16,nan,4,Yes
620,620,2024-10-11,2024-10-15,2024-10-15,QuickShip India,Hyderabad,Delivered,2,49.02,nan,1,No
621,621,2024-11-17,2024-11-22,2024-11-22,QuickShip India,Kolkata,Delivered,2,57.99,nan,7,Yes
622,622,2025-01-04,2025-01-08,2025-01-07,ParcelOne,Bengaluru,Delivered,1,77.06,nan,4,Yes
623,623,2025-02-18,2025-02-22,2025-02-21,RapidX Logistics,Delhi,Delivered,3,158.9,nan,0,No
624,624,2025-06-08,2025-06-11,,ParcelOne,Chennai,RTO,3,68.63,Damaged Package,0,No
625,625,2025-07-11,2025-07-16,,QuickShip India,Mumbai,Failed,2,105.97,Incorrect Address,3,Yes
626,626,2026-06-29,2026-07-02,,MetroDeliver,Mumbai,Failed,3,169.34,Customer Refused,1,No
627,627,2026-08-08,2026-08-11,,BlueRoute Express,Kolkata,RTO,2,116.47,Customer Refused,-1,No
628,628,2025-03-31,2025-04-05,2025-04-04,BlueRoute Express,Bengaluru,Delivered,3,172.36,nan,2,No
629,629,2025-03-15,2025-03-17,,MetroDeliver,Delhi,Failed,1,148.77,Customer Unavailable,1,No
630,630,2025-04-25,2025-04-28,2025-05-01,ParcelOne,Chennai,Delayed,3,41.13,Courier Delay,6,Yes
631,631,2026-05-07,2026-05-09,2026-05-13,MetroDeliver,Hyderabad,Delayed,2,42.01,Courier Delay,2,No
632,632,2026-06-11,2026-06-16,2026-06-15,QuickShip India,Kolkata,Delivered,2,114.68,nan,1,No
633,633,2026-05-31,2026-06-02,,BlueRoute Express,Hyderabad,Failed,3,133.55,Incorrect Address,2,No
634,634,2026-07-11,2026-07-14,,ParcelOne,Mumbai,RTO,3,51.99,Incorrect Address,0,No
635,635,2026-03-14,2026-03-18,,BlueRoute Express,Kolkata,Failed,1,45.83,Damaged Package,7,Yes
636,636,2026-04-28,2026-05-03,2026-05-02,MetroDeliver,Hyderabad,Delivered,1,61.67,nan,0,No
637,637,2024-11-05,2024-11-10,,RapidX Logistics,Kolkata,Failed,1,116.77,Damaged Package,5,Yes
638,638,2024-12-08,2024-12-12,,QuickShip India,Delhi,RTO,1,40.82,Customer Refused,6,Yes
639,639,2026-03-11,2026-03-15,,QuickShip India,Bengaluru,Failed,2,95.21,Customer Refused,5,Yes
640,640,2025-07-18,2025-07-23,,SwiftKart Logistics,Delhi,RTO,3,166.95,Customer Refused,2,No
641,641,2025-08-17,2025-08-22,2025-08-21,SwiftKart Logistics,Mumbai,Delivered,2,159.57,nan,7,Yes
642,642,2024-12-04,2024-12-09,2024-12-08,QuickShip India,Mumbai,Delivered,2,45.81,nan,0,No
643,643,2025-01-07,2025-01-09,,SwiftKart Logistics,Bengaluru,RTO,1,144.13,Courier Delay,1,No
644,644,2026-01-07,2026-01-11,2026-01-10,BlueRoute Express,Bengaluru,Delivered,3,89.42,nan,3,Yes
645,645,2024-12-03,2024-12-05,,MetroDeliver,Bengaluru,RTO,1,112.02,Damaged Package,6,Yes
646,646,2026-01-01,2026-01-05,2026-01-03,ParcelOne,Kolkata,Delivered,1,91.07,nan,0,No
647,647,2026-01-19,2026-01-24,2026-01-22,MetroDeliver,Chennai,Delivered,2,97.03,nan,7,Yes
648,648,2026-07-26,2026-07-30,,RapidX Logistics,Kolkata,RTO,1,53.92,Incorrect Address,5,Yes
649,649,2025-12-06,2025-12-08,,SwiftKart Logistics,Kolkata,RTO,1,163.46,Courier Delay,5,Yes
650,650,2025-10-31,2025-11-02,,QuickShip India,Chennai,Failed,3,52.73,Courier Delay,4,Yes
651,651,2025-12-02,2025-12-04,,RapidX Logistics,Hyderabad,RTO,1,42.92,Logistics Capacity,3,Yes
652,652,2025-03-27,2025-03-29,2025-03-28,RapidX Logistics,Kolkata,Delivered,2,111.34,nan,6,Yes
653,653,2026-01-31,2026-02-02,,SwiftKart Logistics,Bengaluru,RTO,2,99.01,Incorrect Address,2,No
654,654,2025-03-31,2025-04-05,,BlueRoute Express,Chennai,Failed,1,147.12,Incorrect Address,1,No
655,655,2025-05-12,2025-05-15,2025-05-14,QuickShip India,Kolkata,Delivered,3,131.34,nan,0,No
656,656,2025-04-06,2025-04-09,2025-04-09,MetroDeliver,Hyderabad,Delivered,1,102.65,nan,1,No
657,657,2025-05-18,2025-05-21,2025-05-21,MetroDeliver,Mumbai,Delivered,1,93.09,nan,-1,No
658,658,2025-06-23,2025-06-25,,QuickShip India,Mumbai,Failed,2,174.66,Incorrect Address,0,No
659,659,2024-10-03,2024-10-06,,BlueRoute Express,Mumbai,RTO,3,134.48,Incorrect Address,-1,No
660,660,2024-11-29,2024-12-03,,SwiftKart Logistics,Delhi,Failed,1,169.69,Logistics Capacity,0,No
661,661,2025-11-24,2025-11-28,,RapidX Logistics,Kolkata,RTO,3,118.09,Customer Unavailable,3,Yes
662,662,2026-01-04,2026-01-08,,SwiftKart Logistics,Chennai,Failed,2,124.97,Customer Unavailable,4,Yes
663,663,2025-06-14,2025-06-17,2025-06-17,MetroDeliver,Mumbai,Delivered,1,162.26,nan,3,Yes
664,664,2025-07-08,2025-07-11,2025-07-10,RapidX Logistics,Kolkata,Delivered,2,56.64,nan,4,Yes
665,665,2026-06-11,2026-06-13,2026-06-18,BlueRoute Express,Hyderabad,Delayed,1,170.77,Courier Delay,5,Yes
666,666,2024-09-29,2024-10-03,2024-10-03,ParcelOne,Hyderabad,Delivered,2,150.28,nan,4,Yes
667,667,2024-11-04,2024-11-07,2024-11-06,QuickShip India,Chennai,Delivered,3,179.29,nan,-1,No
668,668,2024-11-02,2024-11-07,2024-11-05,ParcelOne,Hyderabad,Delivered,1,51.83,nan,6,Yes
669,669,2025-07-03,2025-07-07,2025-07-11,ParcelOne,Kolkata,Delayed,2,94.42,Courier Delay,5,Yes
670,670,2025-11-22,2025-11-25,2025-11-30,BlueRoute Express,Hyderabad,Delayed,3,125.4,Courier Delay,0,No
671,671,2025-12-16,2025-12-20,2025-12-19,MetroDeliver,Mumbai,Delivered,3,109.92,nan,3,Yes
672,672,2024-12-12,2024-12-15,,MetroDeliver,Mumbai,Failed,3,140.47,Customer Unavailable,5,Yes
673,673,2024-09-19,2024-09-22,,QuickShip India,Mumbai,RTO,2,147.85,Customer Unavailable,0,No
674,674,2026-03-28,2026-03-31,2026-03-29,ParcelOne,Mumbai,Delivered,2,63.72,nan,5,Yes
675,675,2025-05-21,2025-05-25,,RapidX Logistics,Bengaluru,RTO,3,139.54,Customer Unavailable,5,Yes
676,676,2025-01-09,2025-01-12,2025-01-12,SwiftKart Logistics,Mumbai,Delivered,2,99.32,nan,3,Yes
677,677,2025-02-03,2025-02-08,,SwiftKart Logistics,Hyderabad,RTO,2,78.24,Customer Unavailable,1,No
678,678,2025-11-17,2025-11-22,2025-11-21,QuickShip India,Kolkata,Delivered,3,178.2,nan,1,No
679,679,2025-12-14,2025-12-18,2025-12-18,RapidX Logistics,Bengaluru,Delivered,1,41.01,nan,-1,No
680,680,2026-02-13,2026-02-15,,SwiftKart Logistics,Chennai,RTO,3,80.73,Customer Unavailable,6,Yes
681,681,2026-03-05,2026-03-09,,ParcelOne,Mumbai,RTO,3,52.58,Damaged Package,7,Yes
682,682,2025-01-27,2025-02-01,2025-01-31,QuickShip India,Hyderabad,Delivered,1,77.21,nan,0,No
683,683,2025-02-14,2025-02-16,,BlueRoute Express,Bengaluru,RTO,3,47.28,Customer Refused,-1,No
684,684,2025-12-04,2025-12-07,,BlueRoute Express,Kolkata,In Transit,1,43.64,nan,3,Yes
685,685,2026-01-16,2026-01-18,2026-01-17,MetroDeliver,Mumbai,Delivered,2,45.0,nan,0,No
686,686,2025-08-15,2025-08-20,2025-08-24,BlueRoute Express,Bengaluru,Delayed,2,101.87,Courier Delay,-1,No
687,687,2025-09-29,2025-10-04,2025-10-03,QuickShip India,Hyderabad,Delivered,3,55.64,nan,5,Yes
688,688,2025-08-06,2025-08-10,2025-08-13,QuickShip India,Bengaluru,Delayed,3,117.21,Courier Delay,3,Yes
689,689,2025-08-22,2025-08-24,2025-08-24,QuickShip India,Bengaluru,Delivered,3,105.83,nan,1,No
690,690,2025-11-07,2025-11-09,2025-11-08,ParcelOne,Mumbai,Delivered,1,117.93,nan,3,Yes
691,691,2025-07-12,2025-07-14,,QuickShip India,Delhi,RTO,2,67.35,Customer Refused,5,Yes
692,692,2025-03-31,2025-04-02,2025-04-01,MetroDeliver,Chennai,Delivered,2,165.9,nan,4,Yes
693,693,2025-03-15,2025-03-18,,BlueRoute Express,Bengaluru,RTO,2,113.74,Customer Unavailable,-1,No
694,694,2025-04-17,2025-04-19,,MetroDeliver,Bengaluru,RTO,3,128.31,Damaged Package,3,Yes
695,695,2026-02-18,2026-02-23,2026-02-21,MetroDeliver,Bengaluru,Delivered,1,163.62,nan,2,No
696,696,2025-12-07,2025-12-10,2025-12-09,QuickShip India,Kolkata,Delivered,1,87.41,nan,4,Yes
697,697,2025-06-08,2025-06-11,2025-06-10,SwiftKart Logistics,Bengaluru,Delivered,3,151.53,nan,2,No
698,698,2025-07-08,2025-07-13,2025-07-12,BlueRoute Express,Bengaluru,Delivered,1,175.46,nan,7,Yes
699,699,2025-07-14,2025-07-16,,QuickShip India,Chennai,Failed,3,74.54,Customer Unavailable,1,No
700,700,2026-02-27,2026-03-01,2026-03-04,QuickShip India,Kolkata,Delayed,2,144.58,Courier Delay,1,No
701,701,2025-05-05,2025-05-09,2025-05-08,RapidX Logistics,Chennai,Delivered,1,84.42,nan,7,Yes
702,702,2026-03-21,2026-03-26,2026-03-26,QuickShip India,Kolkata,Delivered,1,172.53,nan,5,Yes
703,703,2026-04-12,2026-04-15,,SwiftKart Logistics,Chennai,RTO,1,88.28,Incorrect Address,6,Yes
704,704,2025-02-13,2025-02-17,,ParcelOne,Chennai,Failed,1,95.14,Incorrect Address,-1,No
705,705,2024-11-27,2024-11-30,2024-12-02,RapidX Logistics,Delhi,Delayed,3,94.88,Courier Delay,5,Yes
706,706,2024-12-22,2024-12-24,2024-12-23,QuickShip India,Mumbai,Delivered,1,67.9,nan,-1,No
707,707,2024-10-21,2024-10-23,,SwiftKart Logistics,Hyderabad,RTO,1,94.49,Damaged Package,-1,No
708,708,2025-03-09,2025-03-12,,ParcelOne,Bengaluru,RTO,1,45.83,Customer Unavailable,0,No
709,709,2026-01-14,2026-01-17,,ParcelOne,Hyderabad,RTO,1,55.45,Customer Refused,0,No
710,710,2026-02-02,2026-02-06,,MetroDeliver,Hyderabad,RTO,3,150.53,Damaged Package,-1,No
711,711,2025-01-21,2025-01-24,2025-01-26,BlueRoute Express,Bengaluru,Delayed,1,168.05,Courier Delay,6,Yes
712,712,2026-04-24,2026-04-26,2026-04-26,BlueRoute Express,Kolkata,Delivered,2,163.94,nan,5,Yes
713,713,2026-01-24,2026-01-29,2026-01-28,RapidX Logistics,Hyderabad,Delivered,2,175.49,nan,4,Yes
714,714,2026-02-25,2026-02-28,,RapidX Logistics,Mumbai,RTO,3,109.62,Customer Unavailable,1,No
715,715,2025-05-12,2025-05-17,2025-05-15,MetroDeliver,Chennai,Delivered,1,122.79,nan,0,No
716,716,2025-05-28,2025-05-31,2025-06-05,SwiftKart Logistics,Hyderabad,Delayed,3,143.4,Courier Delay,6,Yes
717,717,2025-06-22,2025-06-24,2025-06-23,RapidX Logistics,Mumbai,Delivered,3,81.79,nan,2,No
718,718,2025-02-06,2025-02-09,,RapidX Logistics,Kolkata,Failed,3,110.48,Logistics Capacity,1,No
719,719,2026-01-15,2026-01-17,2026-01-22,MetroDeliver,Bengaluru,Delayed,1,46.77,Courier Delay,7,Yes
720,720,2024-09-11,2024-09-13,,RapidX Logistics,Hyderabad,RTO,2,153.04,Incorrect Address,5,Yes
721,721,2024-10-08,2024-10-12,2024-10-11,RapidX Logistics,Kolkata,Delivered,1,71.64,nan,3,Yes
722,722,2026-03-23,2026-03-28,2026-03-28,RapidX Logistics,Mumbai,Delivered,1,136.66,nan,0,No
723,723,2026-05-13,2026-05-15,,SwiftKart Logistics,Kolkata,In Transit,3,165.79,nan,-1,No
724,724,2026-06-06,2026-06-08,,ParcelOne,Mumbai,RTO,1,58.63,Customer Refused,3,Yes
725,725,2026-02-06,2026-02-08,2026-02-07,RapidX Logistics,Kolkata,Delivered,1,153.11,nan,3,Yes
726,726,2026-03-10,2026-03-14,,BlueRoute Express,Mumbai,Failed,2,52.64,Damaged Package,6,Yes
727,727,2025-01-12,2025-01-15,2025-01-13,RapidX Logistics,Mumbai,Delivered,3,99.43,nan,7,Yes
728,728,2025-02-12,2025-02-14,,MetroDeliver,Mumbai,RTO,1,89.77,Courier Delay,-1,No
729,729,2025-08-12,2025-08-16,2025-08-16,SwiftKart Logistics,Mumbai,Delivered,2,171.96,nan,0,No
730,730,2025-09-21,2025-09-24,,SwiftKart Logistics,Bengaluru,RTO,1,141.45,Customer Refused,7,Yes
731,731,2024-09-04,2024-09-06,2024-09-05,SwiftKart Logistics,Mumbai,Delivered,1,158.65,nan,-1,No
732,732,2024-12-23,2024-12-25,2024-12-24,QuickShip India,Bengaluru,Delivered,3,72.91,nan,0,No
733,733,2024-12-24,2024-12-27,,ParcelOne,Bengaluru,Failed,1,135.57,Incorrect Address,-1,No
734,734,2025-01-13,2025-01-18,,MetroDeliver,Delhi,RTO,3,99.34,Customer Unavailable,0,No
735,735,2025-05-09,2025-05-14,2025-05-14,BlueRoute Express,Delhi,Delivered,1,107.28,nan,6,Yes
736,736,2025-06-02,2025-06-04,2025-06-03,QuickShip India,Mumbai,Delivered,1,175.18,nan,4,Yes
737,737,2025-03-22,2025-03-27,2025-03-26,QuickShip India,Mumbai,Delivered,2,150.68,nan,1,No
738,738,2025-04-20,2025-04-23,2025-04-22,QuickShip India,Mumbai,Delivered,1,101.45,nan,4,Yes
739,739,2025-08-13,2025-08-16,,QuickShip India,Kolkata,Failed,3,142.3,Customer Unavailable,1,No
740,740,2025-09-19,2025-09-21,,BlueRoute Express,Chennai,Failed,3,140.84,Courier Delay,7,Yes
741,741,2026-08-02,2026-08-07,2026-08-06,MetroDeliver,Bengaluru,Delivered,1,114.61,nan,5,Yes
742,742,2025-03-16,2025-03-18,2025-03-22,QuickShip India,Hyderabad,Delayed,2,142.48,Courier Delay,0,No
743,743,2025-04-02,2025-04-07,,RapidX Logistics,Chennai,RTO,1,64.64,Customer Refused,3,Yes
744,744,2024-11-06,2024-11-10,,RapidX Logistics,Mumbai,Failed,2,59.8,Incorrect Address,4,Yes
745,745,2025-03-06,2025-03-11,,QuickShip India,Bengaluru,RTO,3,50.13,Customer Unavailable,6,Yes
746,746,2026-02-16,2026-02-19,2026-02-19,ParcelOne,Hyderabad,Delivered,3,125.97,nan,2,No
747,747,2024-12-27,2024-12-30,2024-12-30,MetroDeliver,Hyderabad,Delivered,3,151.82,nan,0,No
748,748,2025-02-01,2025-02-04,2025-02-04,QuickShip India,Bengaluru,Delivered,2,41.81,nan,4,Yes
749,749,2026-05-28,2026-06-01,,ParcelOne,Bengaluru,Failed,1,158.72,Incorrect Address,5,Yes
750,750,2026-07-10,2026-07-14,,QuickShip India,Kolkata,RTO,1,61.97,Logistics Capacity,7,Yes
751,751,2026-01-14,2026-01-16,,BlueRoute Express,Hyderabad,Failed,2,108.87,Damaged Package,3,Yes
752,752,2026-02-23,2026-02-27,,SwiftKart Logistics,Hyderabad,RTO,1,105.3,Courier Delay,0,No
753,753,2025-03-10,2025-03-14,,SwiftKart Logistics,Delhi,Failed,2,49.97,Customer Unavailable,6,Yes
754,754,2025-11-26,2025-11-30,,ParcelOne,Bengaluru,In Transit,2,173.83,nan,2,No
755,755,2026-01-03,2026-01-06,2026-01-04,RapidX Logistics,Chennai,Delivered,1,86.36,nan,4,Yes
756,756,2026-07-26,2026-07-29,,RapidX Logistics,Kolkata,Failed,3,148.57,Customer Refused,7,Yes
757,757,2026-02-16,2026-02-20,,BlueRoute Express,Chennai,RTO,3,51.65,Courier Delay,4,Yes
758,758,2026-03-27,2026-03-30,2026-03-29,RapidX Logistics,Chennai,Delivered,1,138.69,nan,5,Yes
759,759,2026-04-12,2026-04-17,2026-04-17,RapidX Logistics,Hyderabad,Delivered,3,155.52,nan,6,Yes
760,760,2025-07-18,2025-07-20,,SwiftKart Logistics,Delhi,Failed,2,87.48,Logistics Capacity,4,Yes
761,761,2025-09-18,2025-09-21,,BlueRoute Express,Bengaluru,RTO,3,116.8,Customer Unavailable,1,No
762,762,2025-10-27,2025-10-31,,BlueRoute Express,Chennai,RTO,3,52.54,Courier Delay,4,Yes
763,763,2026-01-09,2026-01-12,2026-01-11,QuickShip India,Bengaluru,Delivered,1,135.09,nan,4,Yes
764,764,2025-06-13,2025-06-16,,SwiftKart Logistics,Chennai,RTO,2,168.37,Logistics Capacity,2,No
765,765,2026-06-12,2026-06-14,2026-06-14,ParcelOne,Hyderabad,Delivered,1,41.25,nan,0,No
766,766,2025-11-22,2025-11-24,,RapidX Logistics,Bengaluru,RTO,3,171.65,Courier Delay,4,Yes
767,767,2026-01-02,2026-01-04,2026-01-03,MetroDeliver,Delhi,Delivered,3,98.73,nan,0,No
768,768,2025-07-04,2025-07-06,2025-07-05,MetroDeliver,Mumbai,Delivered,1,154.1,nan,0,No
769,769,2025-07-26,2025-07-30,,ParcelOne,Bengaluru,RTO,2,125.36,Damaged Package,-1,No
770,770,2025-10-12,2025-10-17,2025-10-16,RapidX Logistics,Kolkata,Delivered,3,164.96,nan,3,Yes
771,771,2025-11-24,2025-11-29,2025-12-04,QuickShip India,Kolkata,Delayed,3,55.36,Courier Delay,4,Yes
772,772,2025-12-10,2025-12-12,2025-12-18,BlueRoute Express,Mumbai,Delayed,1,88.64,Courier Delay,4,Yes
773,773,2024-10-29,2024-11-02,,QuickShip India,Chennai,RTO,1,77.58,Logistics Capacity,0,No
774,774,2026-04-14,2026-04-19,2026-04-18,RapidX Logistics,Delhi,Delivered,3,60.25,nan,4,Yes
775,775,2026-05-10,2026-05-14,2026-05-12,ParcelOne,Chennai,Delivered,2,156.93,nan,3,Yes
776,776,2025-03-11,2025-03-14,,MetroDeliver,Bengaluru,Failed,1,88.35,Customer Refused,2,No
777,777,2025-08-25,2025-08-28,,RapidX Logistics,Delhi,Failed,1,55.07,Incorrect Address,3,Yes
778,778,2025-10-06,2025-10-09,2025-10-15,SwiftKart Logistics,Kolkata,Delayed,1,162.4,Courier Delay,6,Yes
779,779,2026-06-19,2026-06-24,,QuickShip India,Delhi,RTO,2,158.32,Logistics Capacity,3,Yes
780,780,2026-07-27,2026-07-29,2026-07-29,RapidX Logistics,Bengaluru,Delivered,2,157.8,nan,6,Yes
781,781,2026-05-22,2026-05-26,2026-05-25,BlueRoute Express,Bengaluru,Delivered,1,86.44,nan,3,Yes
782,782,2025-05-10,2025-05-12,,SwiftKart Logistics,Mumbai,RTO,3,169.71,Courier Delay,7,Yes
783,783,2025-06-23,2025-06-26,,BlueRoute Express,Mumbai,RTO,3,145.8,Damaged Package,7,Yes
784,784,2025-09-27,2025-09-29,2025-09-29,SwiftKart Logistics,Chennai,Delivered,1,88.58,nan,6,Yes
785,785,2025-10-13,2025-10-18,2025-10-18,RapidX Logistics,Hyderabad,Delivered,3,147.23,nan,6,Yes
786,786,2025-11-20,2025-11-24,2025-11-23,ParcelOne,Mumbai,Delivered,2,177.24,nan,7,Yes
787,787,2024-12-23,2024-12-27,2024-12-26,RapidX Logistics,Kolkata,Delivered,3,177.84,nan,4,Yes
788,788,2026-05-13,2026-05-18,,SwiftKart Logistics,Kolkata,RTO,2,166.31,Logistics Capacity,-1,No
789,789,2026-06-10,2026-06-12,2026-06-11,MetroDeliver,Delhi,Delivered,3,128.56,nan,6,Yes
790,790,2025-01-06,2025-01-11,,QuickShip India,Mumbai,Failed,2,77.42,Customer Unavailable,7,Yes
791,791,2025-07-05,2025-07-10,2025-07-09,SwiftKart Logistics,Mumbai,Delivered,3,51.59,nan,0,No
792,792,2025-08-10,2025-08-15,2025-08-13,BlueRoute Express,Mumbai,Delivered,3,145.88,nan,5,Yes
793,793,2024-09-08,2024-09-11,,RapidX Logistics,Hyderabad,RTO,1,165.65,Logistics Capacity,7,Yes
794,794,2026-02-18,2026-02-22,2026-02-21,SwiftKart Logistics,Kolkata,Delivered,2,138.15,nan,7,Yes
795,795,2025-04-25,2025-04-30,2025-04-28,SwiftKart Logistics,Hyderabad,Delivered,1,160.76,nan,2,No
796,796,2025-05-15,2025-05-18,,QuickShip India,Mumbai,RTO,3,43.7,Incorrect Address,3,Yes
797,797,2026-07-30,2026-08-03,2026-08-02,SwiftKart Logistics,Kolkata,Delivered,2,42.06,nan,7,Yes
798,798,2025-03-18,2025-03-20,2025-03-20,SwiftKart Logistics,Chennai,Delivered,1,128.48,nan,4,Yes
799,799,2025-04-16,2025-04-18,2025-04-17,RapidX Logistics,Mumbai,Delivered,3,118.21,nan,-1,No
800,800,2025-12-23,2025-12-27,,QuickShip India,Kolkata,Failed,1,90.84,Logistics Capacity,7,Yes
801,801,2026-01-17,2026-01-19,,ParcelOne,Chennai,RTO,3,176.47,Customer Refused,7,Yes
802,802,2025-04-23,2025-04-28,,SwiftKart Logistics,Mumbai,RTO,1,51.36,Customer Unavailable,1,No
803,803,2025-08-01,2025-08-06,2025-08-04,RapidX Logistics,Bengaluru,Delivered,1,60.32,nan,7,Yes
804,804,2025-09-14,2025-09-17,,BlueRoute Express,Delhi,Failed,3,121.5,Customer Unavailable,-1,No
805,805,2025-02-14,2025-02-19,,SwiftKart Logistics,Kolkata,RTO,1,105.32,Customer Unavailable,-1,No
806,806,2025-11-27,2025-12-02,,ParcelOne,Bengaluru,RTO,1,57.67,Customer Refused,-1,No
807,807,2025-12-12,2025-12-15,,BlueRoute Express,Mumbai,Failed,3,154.99,Courier Delay,3,Yes
808,808,2025-05-10,2025-05-13,,QuickShip India,Kolkata,In Transit,2,109.48,nan,6,Yes
809,809,2025-06-17,2025-06-22,,MetroDeliver,Kolkata,RTO,2,157.14,Customer Unavailable,-1,No
810,810,2026-06-28,2026-07-01,2026-06-30,QuickShip India,Mumbai,Delivered,1,55.74,nan,3,Yes
811,811,2026-07-23,2026-07-28,,QuickShip India,Hyderabad,RTO,3,113.56,Incorrect Address,5,Yes
812,812,2025-04-27,2025-05-01,,RapidX Logistics,Mumbai,Failed,3,138.23,Incorrect Address,7,Yes
813,813,2025-01-20,2025-01-24,,MetroDeliver,Chennai,RTO,1,123.67,Logistics Capacity,4,Yes
814,814,2026-04-11,2026-04-15,2026-04-19,SwiftKart Logistics,Mumbai,Delayed,3,160.98,Courier Delay,1,No
815,815,2026-05-03,2026-05-06,,MetroDeliver,Hyderabad,Failed,1,117.73,Customer Unavailable,4,Yes
816,816,2026-02-09,2026-02-13,,RapidX Logistics,Delhi,Failed,2,145.21,Customer Refused,0,No
817,817,2026-03-24,2026-03-28,2026-04-01,QuickShip India,Hyderabad,Delayed,3,45.32,Courier Delay,1,No
818,818,2026-04-16,2026-04-19,,ParcelOne,Delhi,Failed,2,120.26,Logistics Capacity,3,Yes
819,819,2026-04-04,2026-04-08,2026-04-07,QuickShip India,Bengaluru,Delivered,3,105.39,nan,2,No
820,820,2026-05-03,2026-05-07,,QuickShip India,Chennai,RTO,1,152.64,Courier Delay,4,Yes
821,821,2024-08-24,2024-08-28,,RapidX Logistics,Mumbai,RTO,3,41.95,Logistics Capacity,0,No
822,822,2024-09-14,2024-09-18,2024-09-17,BlueRoute Express,Hyderabad,Delivered,3,105.82,nan,-1,No
823,823,2026-05-03,2026-05-07,2026-05-06,ParcelOne,Kolkata,Delivered,1,104.57,nan,7,Yes
824,824,2025-01-14,2025-01-16,,MetroDeliver,Kolkata,RTO,2,51.61,Courier Delay,2,No
825,825,2025-05-22,2025-05-27,2025-05-26,QuickShip India,Bengaluru,Delivered,1,51.83,nan,3,Yes
826,826,2025-06-23,2025-06-28,,BlueRoute Express,Kolkata,RTO,1,153.02,Customer Refused,0,No
827,827,2026-02-22,2026-02-27,2026-02-26,QuickShip India,Mumbai,Delivered,3,161.95,nan,2,No
828,828,2026-03-16,2026-03-18,,MetroDeliver,Hyderabad,In Transit,2,122.95,nan,-1,No
829,829,2024-08-10,2024-08-14,,SwiftKart Logistics,Chennai,RTO,2,162.82,Incorrect Address,7,Yes
830,830,2024-09-18,2024-09-22,2024-09-21,ParcelOne,Chennai,Delivered,1,57.93,nan,0,No
831,831,2025-01-31,2025-02-05,2025-02-05,RapidX Logistics,Delhi,Delivered,1,56.25,nan,0,No
832,832,2025-03-08,2025-03-10,,MetroDeliver,Hyderabad,Failed,1,64.3,Logistics Capacity,4,Yes
833,833,2025-10-29,2025-11-01,2025-11-01,QuickShip India,Mumbai,Delivered,2,123.57,nan,7,Yes
834,834,2025-09-21,2025-09-24,,MetroDeliver,Kolkata,RTO,2,43.75,Customer Unavailable,6,Yes
835,835,2024-11-15,2024-11-19,2024-11-18,SwiftKart Logistics,Kolkata,Delivered,2,74.4,nan,-1,No
836,836,2024-12-27,2024-12-29,2024-12-31,QuickShip India,Mumbai,Delayed,3,161.42,Courier Delay,4,Yes
837,837,2025-10-25,2025-10-28,,SwiftKart Logistics,Delhi,Failed,1,69.45,Incorrect Address,3,Yes
838,838,2024-08-09,2024-08-11,2024-08-11,SwiftKart Logistics,Kolkata,Delivered,1,76.54,nan,6,Yes
839,839,2026-04-30,2026-05-04,,QuickShip India,Hyderabad,RTO,3,149.51,Customer Refused,2,No
840,840,2026-05-16,2026-05-20,2026-05-19,BlueRoute Express,Mumbai,Delivered,1,77.31,nan,0,No
841,841,2025-04-16,2025-04-20,2025-04-20,MetroDeliver,Hyderabad,Delivered,2,149.51,nan,5,Yes
842,842,2025-05-22,2025-05-24,2025-05-23,QuickShip India,Delhi,Delivered,1,52.14,nan,0,No
843,843,2025-03-13,2025-03-18,,SwiftKart Logistics,Chennai,Failed,2,55.38,Damaged Package,1,No
844,844,2025-04-19,2025-04-23,2025-04-21,RapidX Logistics,Bengaluru,Delivered,1,138.25,nan,1,No
845,845,2024-08-17,2024-08-20,,RapidX Logistics,Bengaluru,RTO,1,123.41,Courier Delay,4,Yes
846,846,2024-09-10,2024-09-14,,RapidX Logistics,Mumbai,Failed,3,46.39,Damaged Package,0,No
847,847,2024-09-30,2024-10-02,,SwiftKart Logistics,Delhi,In Transit,1,109.44,nan,4,Yes
848,848,2026-06-29,2026-07-03,,SwiftKart Logistics,Hyderabad,Failed,3,135.06,Customer Refused,4,Yes
849,849,2026-07-31,2026-08-02,2026-07-31,SwiftKart Logistics,Bengaluru,Delivered,3,99.02,nan,2,No
850,850,2026-01-05,2026-01-08,,SwiftKart Logistics,Chennai,Failed,2,153.38,Damaged Package,-1,No
851,851,2025-09-30,2025-10-04,2025-10-03,SwiftKart Logistics,Kolkata,Delivered,3,169.4,nan,2,No
852,852,2024-09-17,2024-09-19,2024-09-18,QuickShip India,Delhi,Delivered,3,43.49,nan,1,No
853,853,2024-08-15,2024-08-20,,ParcelOne,Mumbai,Failed,1,63.05,Logistics Capacity,6,Yes
854,854,2024-09-26,2024-09-30,2024-09-28,MetroDeliver,Mumbai,Delivered,3,166.35,nan,7,Yes
855,855,2026-01-16,2026-01-21,,RapidX Logistics,Hyderabad,Failed,3,170.2,Damaged Package,0,No
856,856,2026-02-12,2026-02-14,2026-02-13,SwiftKart Logistics,Kolkata,Delivered,3,86.84,nan,3,Yes
857,857,2026-02-01,2026-02-03,2026-02-02,ParcelOne,Chennai,Delivered,2,124.16,nan,1,No
858,858,2025-11-21,2025-11-23,2025-11-22,RapidX Logistics,Hyderabad,Delivered,1,97.72,nan,0,No
859,859,2025-12-24,2025-12-28,,QuickShip India,Hyderabad,RTO,3,176.94,Customer Unavailable,6,Yes
860,860,2026-02-14,2026-02-16,2026-02-15,BlueRoute Express,Chennai,Delivered,1,60.43,nan,5,Yes
861,861,2026-03-02,2026-03-07,,RapidX Logistics,Delhi,Failed,1,67.54,Customer Refused,3,Yes
862,862,2024-09-14,2024-09-18,,ParcelOne,Bengaluru,RTO,2,122.98,Customer Unavailable,5,Yes
863,863,2024-10-18,2024-10-21,2024-10-19,MetroDeliver,Mumbai,Delivered,2,159.3,nan,6,Yes
864,864,2025-04-09,2025-04-13,2025-04-13,RapidX Logistics,Mumbai,Delivered,2,103.08,nan,6,Yes
865,865,2025-01-16,2025-01-18,2025-01-22,RapidX Logistics,Delhi,Delayed,1,172.89,Courier Delay,2,No
866,866,2025-02-02,2025-02-05,,RapidX Logistics,Bengaluru,Failed,2,138.18,Incorrect Address,7,Yes
867,867,2025-01-12,2025-01-17,,MetroDeliver,Bengaluru,RTO,2,140.38,Damaged Package,7,Yes
868,868,2025-02-07,2025-02-10,2025-02-09,RapidX Logistics,Mumbai,Delivered,1,175.4,nan,-1,No
869,869,2025-08-11,2025-08-15,,MetroDeliver,Bengaluru,Failed,3,54.5,Courier Delay,7,Yes
870,870,2025-09-02,2025-09-04,,MetroDeliver,Chennai,RTO,1,165.05,Customer Refused,6,Yes
871,871,2026-05-04,2026-05-06,,ParcelOne,Kolkata,In Transit,2,42.0,nan,5,Yes
872,872,2026-06-17,2026-06-19,,ParcelOne,Bengaluru,RTO,1,173.35,Customer Refused,5,Yes
873,873,2025-10-04,2025-10-08,2025-10-07,MetroDeliver,Kolkata,Delivered,1,166.96,nan,5,Yes
874,874,2025-09-18,2025-09-23,,QuickShip India,Chennai,Failed,1,164.87,Incorrect Address,0,No
875,875,2026-01-07,2026-01-10,,SwiftKart Logistics,Hyderabad,RTO,3,118.51,Courier Delay,3,Yes
876,876,2026-02-03,2026-02-07,2026-02-13,QuickShip India,Bengaluru,Delayed,3,100.68,Courier Delay,0,No
877,877,2026-02-20,2026-02-23,,MetroDeliver,Hyderabad,Failed,2,109.27,Logistics Capacity,6,Yes
878,878,2025-12-27,2026-01-01,,QuickShip India,Kolkata,Failed,1,62.93,Courier Delay,4,Yes
879,879,2026-01-13,2026-01-17,,SwiftKart Logistics,Bengaluru,Failed,2,86.88,Customer Unavailable,5,Yes
880,880,2025-11-30,2025-12-02,2025-12-02,QuickShip India,Hyderabad,Delivered,2,98.03,nan,-1,No
881,881,2025-12-23,2025-12-25,,QuickShip India,Delhi,Failed,3,125.19,Customer Unavailable,3,Yes
882,882,2025-04-05,2025-04-09,,BlueRoute Express,Hyderabad,In Transit,1,117.54,nan,5,Yes
883,883,2025-05-18,2025-05-21,2025-05-21,QuickShip India,Kolkata,Delivered,1,91.6,nan,-1,No
884,884,2026-01-26,2026-01-30,2026-01-29,ParcelOne,Delhi,Delivered,1,67.11,nan,-1,No
885,885,2024-11-21,2024-11-24,,BlueRoute Express,Delhi,In Transit,2,143.61,nan,-1,No
886,886,2024-12-28,2025-01-02,2025-01-07,BlueRoute Express,Delhi,Delayed,2,169.48,Courier Delay,-1,No
887,887,2024-08-13,2024-08-15,2024-08-15,SwiftKart Logistics,Delhi,Delivered,1,177.86,nan,0,No
888,888,2024-09-25,2024-09-27,2024-09-26,QuickShip India,Mumbai,Delivered,3,151.5,nan,2,No
889,889,2026-07-31,2026-08-04,2026-08-04,RapidX Logistics,Hyderabad,Delivered,1,51.39,nan,4,Yes
890,890,2024-09-14,2024-09-16,,MetroDeliver,Mumbai,In Transit,2,40.05,nan,0,No
891,891,2024-10-24,2024-10-27,,ParcelOne,Kolkata,RTO,3,44.55,Incorrect Address,2,No
892,892,2026-07-04,2026-07-07,,MetroDeliver,Chennai,In Transit,2,128.84,nan,6,Yes
893,893,2026-08-11,2026-08-14,2026-08-13,QuickShip India,Mumbai,Delivered,2,141.9,nan,-1,No
894,894,2026-03-15,2026-03-19,2026-03-19,QuickShip India,Chennai,Delivered,1,84.4,nan,6,Yes
895,895,2025-11-17,2025-11-20,2025-11-19,ParcelOne,Mumbai,Delivered,3,120.28,nan,0,No
896,896,2025-01-04,2025-01-07,,QuickShip India,Delhi,In Transit,3,164.53,nan,4,Yes
897,897,2025-01-29,2025-02-03,2025-02-03,MetroDeliver,Mumbai,Delivered,2,108.04,nan,4,Yes
898,898,2025-12-24,2025-12-26,2026-01-01,QuickShip India,Kolkata,Delayed,1,123.02,Courier Delay,7,Yes
899,899,2025-08-31,2025-09-03,2025-09-02,SwiftKart Logistics,Hyderabad,Delivered,3,91.86,nan,-1,No
900,900,2025-09-16,2025-09-20,,MetroDeliver,Bengaluru,Failed,2,42.2,Incorrect Address,-1,No
901,901,2024-10-10,2024-10-13,,ParcelOne,Kolkata,Failed,3,63.88,Incorrect Address,-1,No
902,902,2025-07-18,2025-07-20,2025-07-20,SwiftKart Logistics,Mumbai,Delivered,2,54.44,nan,2,No
903,903,2025-08-29,2025-09-03,,QuickShip India,Mumbai,RTO,3,163.54,Damaged Package,-1,No
904,904,2025-09-06,2025-09-11,,ParcelOne,Kolkata,RTO,3,90.61,Customer Unavailable,5,Yes
905,905,2025-09-23,2025-09-28,2025-09-27,ParcelOne,Hyderabad,Delivered,3,90.08,nan,1,No
906,906,2025-08-25,2025-08-30,,QuickShip India,Mumbai,RTO,1,106.88,Damaged Package,2,No
907,907,2025-09-14,2025-09-17,,MetroDeliver,Chennai,Failed,3,175.31,Incorrect Address,5,Yes
908,908,2025-10-11,2025-10-15,,ParcelOne,Kolkata,Failed,3,126.52,Damaged Package,5,Yes
909,909,2024-09-17,2024-09-20,,RapidX Logistics,Chennai,RTO,2,75.41,Logistics Capacity,3,Yes
910,910,2024-11-06,2024-11-11,2024-11-10,SwiftKart Logistics,Delhi,Delivered,2,134.74,nan,2,No
911,911,2025-04-23,2025-04-28,2025-05-03,BlueRoute Express,Chennai,Delayed,3,174.88,Courier Delay,2,No
912,912,2025-05-31,2025-06-05,2025-06-05,BlueRoute Express,Chennai,Delivered,2,96.34,nan,5,Yes
913,913,2024-12-28,2024-12-31,2024-12-31,RapidX Logistics,Delhi,Delivered,2,69.68,nan,3,Yes
914,914,2025-01-26,2025-01-30,,SwiftKart Logistics,Hyderabad,Failed,3,76.79,Damaged Package,4,Yes
915,915,2025-12-07,2025-12-12,2025-12-12,BlueRoute Express,Bengaluru,Delivered,3,82.21,nan,3,Yes
916,916,2026-01-06,2026-01-11,,QuickShip India,Mumbai,RTO,2,147.61,Damaged Package,5,Yes
917,917,2025-11-09,2025-11-12,,MetroDeliver,Hyderabad,In Transit,1,177.29,nan,-1,No
918,918,2026-06-23,2026-06-25,,SwiftKart Logistics,Kolkata,Failed,2,148.12,Incorrect Address,7,Yes
919,919,2026-08-01,2026-08-06,2026-08-10,MetroDeliver,Chennai,Delayed,1,44.21,Courier Delay,-1,No
920,920,2025-11-27,2025-11-30,2025-11-29,BlueRoute Express,Mumbai,Delivered,1,49.38,nan,1,No
921,921,2024-09-29,2024-10-02,2024-10-02,SwiftKart Logistics,Delhi,Delivered,3,110.7,nan,6,Yes
922,922,2024-11-04,2024-11-09,2024-11-08,QuickShip India,Kolkata,Delivered,2,146.2,nan,3,Yes
923,923,2025-10-03,2025-10-06,,MetroDeliver,Chennai,Failed,3,143.23,Customer Unavailable,3,Yes
924,924,2025-10-29,2025-11-01,,RapidX Logistics,Chennai,Failed,3,171.43,Courier Delay,1,No
925,925,2024-11-05,2024-11-07,,QuickShip India,Delhi,Failed,1,72.98,Damaged Package,4,Yes
926,926,2024-12-03,2024-12-07,2024-12-09,MetroDeliver,Bengaluru,Delayed,1,170.08,Courier Delay,2,No
927,927,2025-03-31,2025-04-03,,ParcelOne,Chennai,RTO,2,155.15,Customer Unavailable,4,Yes
928,928,2025-07-06,2025-07-08,2025-07-07,QuickShip India,Hyderabad,Delivered,2,101.35,nan,1,No
929,929,2025-08-01,2025-08-04,,SwiftKart Logistics,Kolkata,In Transit,1,84.43,nan,0,No
930,930,2026-02-23,2026-02-27,,RapidX Logistics,Delhi,RTO,2,157.06,Damaged Package,4,Yes
931,931,2026-03-25,2026-03-28,,QuickShip India,Bengaluru,RTO,3,45.75,Customer Unavailable,3,Yes
932,932,2025-05-25,2025-05-28,2025-06-01,MetroDeliver,Mumbai,Delayed,1,66.8,Courier Delay,4,Yes
933,933,2025-02-15,2025-02-19,2025-02-23,SwiftKart Logistics,Kolkata,Delayed,2,118.15,Courier Delay,5,Yes
934,934,2025-10-03,2025-10-08,2025-10-14,BlueRoute Express,Hyderabad,Delayed,3,104.34,Courier Delay,7,Yes
935,935,2025-10-20,2025-10-22,2025-10-21,ParcelOne,Mumbai,Delivered,1,58.31,nan,3,Yes
936,936,2025-06-04,2025-06-08,,ParcelOne,Hyderabad,RTO,1,144.54,Logistics Capacity,6,Yes
937,937,2026-08-03,2026-08-08,2026-08-10,QuickShip India,Kolkata,Delayed,1,104.26,Courier Delay,6,Yes
938,938,2025-10-14,2025-10-16,2025-10-16,BlueRoute Express,Mumbai,Delivered,3,44.59,nan,3,Yes
939,939,2025-05-05,2025-05-08,2025-05-06,BlueRoute Express,Bengaluru,Delivered,2,102.25,nan,4,Yes
940,940,2025-05-20,2025-05-24,2025-05-23,RapidX Logistics,Delhi,Delivered,1,165.33,nan,5,Yes
941,941,2025-02-23,2025-02-28,2025-03-05,BlueRoute Express,Kolkata,Delayed,1,126.7,Courier Delay,-1,No
942,942,2024-12-19,2024-12-23,,SwiftKart Logistics,Mumbai,Failed,3,111.75,Courier Delay,5,Yes
943,943,2025-01-31,2025-02-04,,BlueRoute Express,Kolkata,Failed,3,41.36,Incorrect Address,5,Yes
944,944,2025-07-24,2025-07-29,,SwiftKart Logistics,Hyderabad,RTO,2,153.36,Incorrect Address,3,Yes
945,945,2026-06-17,2026-06-20,,QuickShip India,Hyderabad,RTO,3,92.81,Logistics Capacity,-1,No
946,946,2025-07-14,2025-07-17,2025-07-22,RapidX Logistics,Hyderabad,Delayed,1,85.65,Courier Delay,-1,No
947,947,2024-08-22,2024-08-27,,ParcelOne,Delhi,In Transit,2,174.45,nan,7,Yes
948,948,2024-09-17,2024-09-20,,QuickShip India,Bengaluru,Failed,3,82.24,Incorrect Address,1,No
949,949,2025-12-15,2025-12-20,,SwiftKart Logistics,Chennai,Failed,2,116.95,Logistics Capacity,7,Yes
950,950,2025-01-24,2025-01-28,2025-01-27,SwiftKart Logistics,Kolkata,Delivered,3,152.77,nan,7,Yes
951,951,2025-02-27,2025-03-03,2025-03-01,RapidX Logistics,Chennai,Delivered,1,65.65,nan,0,No
952,952,2025-01-05,2025-01-07,2025-01-12,QuickShip India,Chennai,Delayed,1,138.74,Courier Delay,3,Yes
953,953,2025-09-02,2025-09-05,,MetroDeliver,Bengaluru,RTO,3,170.95,Customer Refused,0,No
954,954,2025-10-09,2025-10-11,2025-10-14,ParcelOne,Chennai,Delayed,1,167.47,Courier Delay,0,No
955,955,2026-01-20,2026-01-24,,RapidX Logistics,Mumbai,In Transit,1,170.01,nan,0,No
956,956,2025-01-06,2025-01-11,2025-01-11,QuickShip India,Bengaluru,Delivered,1,72.64,nan,4,Yes
957,957,2025-02-12,2025-02-17,2025-02-17,BlueRoute Express,Kolkata,Delivered,1,80.61,nan,4,Yes
958,958,2026-04-26,2026-05-01,2026-04-29,QuickShip India,Hyderabad,Delivered,2,86.54,nan,4,Yes
959,959,2025-02-24,2025-03-01,,SwiftKart Logistics,Chennai,Failed,1,149.42,Customer Refused,7,Yes
960,960,2025-04-01,2025-04-04,2025-04-04,ParcelOne,Kolkata,Delivered,3,65.86,nan,4,Yes
961,961,2025-11-15,2025-11-19,2025-11-25,BlueRoute Express,Chennai,Delayed,2,140.63,Courier Delay,1,No
962,962,2025-12-18,2025-12-20,2025-12-19,BlueRoute Express,Chennai,Delivered,3,173.26,nan,4,Yes
963,963,2026-04-20,2026-04-22,2026-04-24,BlueRoute Express,Bengaluru,Delayed,2,52.58,Courier Delay,1,No
964,964,2026-05-15,2026-05-18,2026-05-18,RapidX Logistics,Bengaluru,Delivered,2,168.35,nan,4,Yes
965,965,2024-12-08,2024-12-10,,BlueRoute Express,Kolkata,In Transit,2,138.44,nan,1,No
966,966,2025-03-04,2025-03-09,2025-03-14,BlueRoute Express,Bengaluru,Delayed,3,42.38,Courier Delay,6,Yes
967,967,2025-03-20,2025-03-23,2025-03-22,BlueRoute Express,Kolkata,Delivered,2,60.77,nan,7,Yes
968,968,2026-04-02,2026-04-07,,QuickShip India,Bengaluru,Failed,2,64.82,Incorrect Address,3,Yes
969,969,2026-05-07,2026-05-12,2026-05-12,QuickShip India,Chennai,Delivered,1,76.65,nan,3,Yes
970,970,2025-07-05,2025-07-07,,MetroDeliver,Kolkata,RTO,1,178.7,Customer Refused,0,No
971,971,2025-08-03,2025-08-05,,ParcelOne,Chennai,Failed,1,81.94,Courier Delay,2,No
972,972,2026-02-04,2026-02-09,,MetroDeliver,Kolkata,Failed,2,68.17,Damaged Package,1,No
973,973,2026-03-02,2026-03-07,,SwiftKart Logistics,Bengaluru,Failed,3,82.67,Incorrect Address,2,No
974,974,2024-09-03,2024-09-07,2024-09-06,MetroDeliver,Hyderabad,Delivered,3,102.12,nan,5,Yes
975,975,2024-10-11,2024-10-13,2024-10-15,MetroDeliver,Delhi,Delayed,3,121.07,Courier Delay,4,Yes
976,976,2026-03-27,2026-03-30,,QuickShip India,Bengaluru,RTO,3,93.07,Customer Refused,1,No
977,977,2026-04-21,2026-04-26,2026-04-26,BlueRoute Express,Delhi,Delivered,2,44.04,nan,6,Yes
978,978,2026-05-16,2026-05-18,2026-05-17,RapidX Logistics,Delhi,Delivered,3,145.72,nan,4,Yes
979,979,2024-11-11,2024-11-13,2024-11-15,QuickShip India,Chennai,Delayed,2,49.35,Courier Delay,0,No
980,980,2026-02-23,2026-02-26,,ParcelOne,Delhi,RTO,3,168.53,Logistics Capacity,5,Yes
981,981,2025-06-23,2025-06-27,,RapidX Logistics,Hyderabad,In Transit,1,148.49,nan,-1,No
982,982,2026-05-26,2026-05-30,,QuickShip India,Bengaluru,RTO,1,115.46,Incorrect Address,2,No
983,983,2025-01-05,2025-01-07,,QuickShip India,Delhi,RTO,1,68.5,Logistics Capacity,0,No
984,984,2025-07-08,2025-07-13,,BlueRoute Express,Mumbai,Failed,1,43.18,Damaged Package,-1,No
985,985,2024-10-12,2024-10-17,,BlueRoute Express,Kolkata,Failed,3,70.97,Incorrect Address,5,Yes
986,986,2024-11-23,2024-11-28,,MetroDeliver,Delhi,RTO,3,134.14,Damaged Package,7,Yes
987,987,2024-09-25,2024-09-27,,MetroDeliver,Chennai,RTO,2,60.42,Courier Delay,4,Yes
988,988,2024-11-03,2024-11-06,,QuickShip India,Bengaluru,In Transit,3,40.48,nan,0,No
989,989,2025-04-04,2025-04-08,,ParcelOne,Bengaluru,Failed,1,158.55,Customer Unavailable,0,No
990,990,2025-07-23,2025-07-25,,ParcelOne,Delhi,RTO,2,93.84,Damaged Package,6,Yes
991,991,2025-08-08,2025-08-12,,BlueRoute Express,Hyderabad,RTO,3,137.91,Logistics Capacity,5,Yes
992,992,2025-04-17,2025-04-20,,BlueRoute Express,Kolkata,RTO,2,159.18,Logistics Capacity,7,Yes
993,993,2024-09-01,2024-09-06,,ParcelOne,Kolkata,RTO,3,98.38,Logistics Capacity,1,No
994,994,2024-10-03,2024-10-07,2024-10-09,SwiftKart Logistics,Mumbai,Delayed,2,61.85,Courier Delay,6,Yes
995,995,2026-03-06,2026-03-11,,ParcelOne,Chennai,In Transit,3,85.87,nan,3,Yes
996,996,2025-11-02,2025-11-05,2025-11-10,BlueRoute Express,Mumbai,Delayed,2,163.4,Courier Delay,5,Yes
997,997,2025-12-14,2025-12-16,,BlueRoute Express,Mumbai,Failed,1,58.11,Customer Unavailable,2,No
998,998,2024-10-15,2024-10-19,,RapidX Logistics,Kolkata,RTO,3,75.53,Customer Refused,3,Yes
999,999,2024-11-04,2024-11-06,,RapidX Logistics,Chennai,RTO,2,141.66,Courier Delay,5,Yes
1000,1000,2026-01-25,2026-01-30,,ParcelOne,Delhi,RTO,1,114.46,Incorrect Address,4,Yes
1001,1001,2025-09-22,2025-09-27,,RapidX Logistics,Delhi,RTO,2,106.0,Logistics Capacity,7,Yes
1002,1002,2026-03-13,2026-03-18,2026-03-16,ParcelOne,Chennai,Delivered,1,119.48,nan,6,Yes
1003,1003,2024-09-12,2024-09-14,,BlueRoute Express,Bengaluru,RTO,2,53.14,Customer Unavailable,2,No
1004,1004,2025-12-20,2025-12-24,2025-12-23,QuickShip India,Bengaluru,Delivered,1,145.13,nan,3,Yes
1005,1005,2026-01-09,2026-01-13,2026-01-11,BlueRoute Express,Delhi,Delivered,1,134.96,nan,5,Yes
1006,1006,2026-02-26,2026-03-03,,SwiftKart Logistics,Delhi,RTO,1,47.0,Damaged Package,4,Yes
1007,1007,2025-10-24,2025-10-28,2025-10-28,BlueRoute Express,Delhi,Delivered,3,132.64,nan,0,No
1008,1008,2024-08-19,2024-08-21,2024-08-19,RapidX Logistics,Bengaluru,Delivered,3,131.46,nan,3,Yes
1009,1009,2025-11-25,2025-11-30,,QuickShip India,Mumbai,RTO,1,81.96,Courier Delay,1,No
1010,1010,2025-09-13,2025-09-15,2025-09-15,QuickShip India,Mumbai,Delivered,1,157.18,nan,3,Yes
1011,1011,2026-07-25,2026-07-28,2026-07-31,ParcelOne,Delhi,Delayed,2,91.77,Courier Delay,0,No
1012,1012,2025-01-21,2025-01-26,2025-01-26,BlueRoute Express,Kolkata,Delivered,1,46.25,nan,7,Yes
1013,1013,2024-09-16,2024-09-20,2024-09-18,ParcelOne,Bengaluru,Delivered,2,53.99,nan,4,Yes
1014,1014,2024-10-23,2024-10-25,,SwiftKart Logistics,Hyderabad,RTO,3,50.83,Courier Delay,1,No
1015,1015,2024-11-13,2024-11-16,,SwiftKart Logistics,Chennai,Failed,3,45.49,Damaged Package,7,Yes
1016,1016,2024-11-30,2024-12-05,,ParcelOne,Delhi,RTO,3,74.45,Customer Refused,0,No
1017,1017,2024-08-05,2024-08-08,,MetroDeliver,Kolkata,RTO,3,116.26,Logistics Capacity,7,Yes
1018,1018,2026-04-05,2026-04-09,,MetroDeliver,Mumbai,RTO,1,109.92,Courier Delay,-1,No
1019,1019,2026-05-12,2026-05-15,,BlueRoute Express,Kolkata,In Transit,3,95.11,nan,2,No
1020,1020,2024-09-17,2024-09-20,,RapidX Logistics,Hyderabad,RTO,2,106.09,Damaged Package,4,Yes
1021,1021,2025-04-05,2025-04-08,2025-04-08,ParcelOne,Hyderabad,Delivered,2,155.9,nan,-1,No
1022,1022,2025-05-09,2025-05-11,2025-05-13,BlueRoute Express,Bengaluru,Delayed,2,49.79,Courier Delay,4,Yes
1023,1023,2026-07-05,2026-07-09,,BlueRoute Express,Mumbai,Failed,1,149.52,Customer Refused,3,Yes
1024,1024,2026-07-27,2026-07-30,2026-07-29,SwiftKart Logistics,Delhi,Delivered,3,164.46,nan,2,No
1025,1025,2024-08-14,2024-08-17,2024-08-17,BlueRoute Express,Delhi,Delivered,1,175.25,nan,0,No
1026,1026,2024-09-25,2024-09-27,2024-09-27,MetroDeliver,Mumbai,Delivered,2,61.46,nan,3,Yes
1027,1027,2026-05-31,2026-06-05,2026-06-05,BlueRoute Express,Chennai,Delivered,3,41.92,nan,4,Yes
1028,1028,2026-07-05,2026-07-08,,BlueRoute Express,Delhi,RTO,1,83.52,Courier Delay,2,No
1029,1029,2026-01-19,2026-01-23,2026-01-23,MetroDeliver,Kolkata,Delivered,3,83.37,nan,5,Yes
1030,1030,2026-03-05,2026-03-07,,QuickShip India,Mumbai,In Transit,1,166.04,nan,2,No
1031,1031,2026-04-28,2026-05-01,,MetroDeliver,Delhi,Failed,2,123.03,Customer Refused,0,No
1032,1032,2026-02-19,2026-02-22,2026-02-22,QuickShip India,Bengaluru,Delivered,1,89.84,nan,4,Yes
1033,1033,2026-04-01,2026-04-06,2026-04-06,SwiftKart Logistics,Kolkata,Delivered,1,126.05,nan,5,Yes
1034,1034,2026-01-15,2026-01-17,2026-01-17,MetroDeliver,Kolkata,Delivered,2,110.75,nan,4,Yes
1035,1035,2025-10-10,2025-10-12,2025-10-12,RapidX Logistics,Mumbai,Delivered,2,158.44,nan,0,No
1036,1036,2025-12-10,2025-12-15,2025-12-20,QuickShip India,Kolkata,Delayed,1,56.02,Courier Delay,1,No
1037,1037,2026-01-20,2026-01-25,,RapidX Logistics,Chennai,Failed,1,132.45,Incorrect Address,0,No
1038,1038,2025-06-26,2025-07-01,2025-07-07,ParcelOne,Hyderabad,Delayed,2,179.55,Courier Delay,-1,No
1039,1039,2025-02-16,2025-02-18,2025-02-17,RapidX Logistics,Hyderabad,Delivered,2,113.59,nan,1,No
1040,1040,2025-03-20,2025-03-25,2025-03-31,ParcelOne,Chennai,Delayed,1,168.57,Courier Delay,4,Yes
1041,1041,2025-08-09,2025-08-12,2025-08-11,MetroDeliver,Delhi,Delivered,1,118.43,nan,3,Yes
1042,1042,2025-02-15,2025-02-18,,SwiftKart Logistics,Bengaluru,Failed,2,41.77,Incorrect Address,3,Yes
1043,1043,2025-01-19,2025-01-24,,SwiftKart Logistics,Hyderabad,RTO,2,165.53,Damaged Package,4,Yes
1044,1044,2026-07-30,2026-08-01,,BlueRoute Express,Hyderabad,In Transit,3,159.06,nan,0,No
1045,1045,2025-11-20,2025-11-23,,SwiftKart Logistics,Chennai,RTO,3,138.0,Damaged Package,2,No
1046,1046,2025-06-21,2025-06-23,,QuickShip India,Mumbai,In Transit,2,92.04,nan,-1,No
1047,1047,2025-07-05,2025-07-08,2025-07-08,MetroDeliver,Bengaluru,Delivered,3,112.34,nan,6,Yes
1048,1048,2026-05-15,2026-05-18,2026-05-17,MetroDeliver,Kolkata,Delivered,3,54.19,nan,7,Yes
1049,1049,2026-06-17,2026-06-19,2026-06-18,BlueRoute Express,Kolkata,Delivered,3,117.81,nan,6,Yes
1050,1050,2026-01-02,2026-01-04,2026-01-03,BlueRoute Express,Chennai,Delivered,1,90.89,nan,1,No
1051,1051,2025-03-09,2025-03-11,2025-03-15,RapidX Logistics,Delhi,Delayed,2,156.94,Courier Delay,4,Yes
1052,1052,2025-04-13,2025-04-16,,SwiftKart Logistics,Kolkata,Failed,1,87.26,Damaged Package,6,Yes
1053,1053,2025-06-13,2025-06-16,2025-06-15,RapidX Logistics,Hyderabad,Delivered,1,126.54,nan,3,Yes
1054,1054,2024-11-11,2024-11-15,,QuickShip India,Kolkata,In Transit,1,154.4,nan,2,No
1055,1055,2024-12-01,2024-12-04,,SwiftKart Logistics,Delhi,RTO,1,178.16,Customer Refused,0,No
1056,1056,2025-02-09,2025-02-12,,QuickShip India,Hyderabad,In Transit,1,86.14,nan,0,No
1057,1057,2025-03-06,2025-03-10,2025-03-10,MetroDeliver,Bengaluru,Delivered,1,56.74,nan,4,Yes
1058,1058,2024-12-07,2024-12-09,,MetroDeliver,Bengaluru,RTO,1,76.58,Customer Refused,1,No
1059,1059,2024-12-23,2024-12-25,2024-12-24,ParcelOne,Chennai,Delivered,2,97.1,nan,2,No
1060,1060,2025-05-12,2025-05-17,2025-05-17,RapidX Logistics,Hyderabad,Delivered,3,174.52,nan,0,No
1061,1061,2026-07-01,2026-07-06,,ParcelOne,Kolkata,RTO,2,76.4,Damaged Package,2,No
1062,1062,2026-08-09,2026-08-11,,BlueRoute Express,Delhi,RTO,3,67.94,Courier Delay,5,Yes
1063,1063,2024-10-09,2024-10-11,,ParcelOne,Bengaluru,Failed,2,107.06,Courier Delay,5,Yes
1064,1064,2025-11-20,2025-11-24,,QuickShip India,Delhi,RTO,1,129.81,Customer Unavailable,-1,No
1065,1065,2025-12-14,2025-12-17,,RapidX Logistics,Bengaluru,Failed,3,128.59,Logistics Capacity,1,No
1066,1066,2025-11-08,2025-11-10,2025-11-10,MetroDeliver,Delhi,Delivered,3,80.48,nan,1,No
1067,1067,2025-07-09,2025-07-14,,QuickShip India,Chennai,Failed,3,92.95,Incorrect Address,-1,No
1068,1068,2026-02-06,2026-02-11,2026-02-10,RapidX Logistics,Hyderabad,Delivered,3,94.48,nan,2,No
1069,1069,2026-03-16,2026-03-18,,QuickShip India,Chennai,RTO,2,55.63,Courier Delay,5,Yes
1070,1070,2026-05-10,2026-05-14,2026-05-12,ParcelOne,Hyderabad,Delivered,3,112.38,nan,1,No
1071,1071,2025-09-16,2025-09-20,,RapidX Logistics,Kolkata,RTO,2,159.71,Logistics Capacity,5,Yes
1072,1072,2026-05-16,2026-05-18,,SwiftKart Logistics,Kolkata,RTO,3,140.25,Damaged Package,6,Yes
1073,1073,2026-06-22,2026-06-25,,RapidX Logistics,Bengaluru,In Transit,1,133.87,nan,0,No
1074,1074,2026-07-19,2026-07-22,2026-07-22,BlueRoute Express,Hyderabad,Delivered,2,132.82,nan,0,No
1075,1075,2025-12-18,2025-12-23,,SwiftKart Logistics,Mumbai,Failed,2,64.96,Incorrect Address,-1,No
1076,1076,2026-01-25,2026-01-28,,MetroDeliver,Delhi,Failed,1,119.7,Logistics Capacity,-1,No
1077,1077,2024-09-14,2024-09-17,,RapidX Logistics,Bengaluru,RTO,3,51.22,Logistics Capacity,3,Yes
1078,1078,2024-09-29,2024-10-03,,RapidX Logistics,Delhi,RTO,2,43.37,Customer Refused,4,Yes
1079,1079,2024-12-20,2024-12-22,2024-12-22,RapidX Logistics,Hyderabad,Delivered,1,112.65,nan,2,No
1080,1080,2024-10-22,2024-10-27,,MetroDeliver,Delhi,RTO,3,74.44,Courier Delay,3,Yes
1081,1081,2024-12-19,2024-12-24,,BlueRoute Express,Chennai,Failed,3,116.98,Customer Unavailable,0,No
1082,1082,2025-01-04,2025-01-06,2025-01-05,SwiftKart Logistics,Hyderabad,Delivered,1,105.94,nan,7,Yes
1083,1083,2024-12-16,2024-12-21,2024-12-20,QuickShip India,Kolkata,Delivered,2,176.5,nan,0,No
1084,1084,2026-02-18,2026-02-21,2026-02-21,BlueRoute Express,Hyderabad,Delivered,2,84.82,nan,7,Yes
1085,1085,2026-03-05,2026-03-10,,RapidX Logistics,Bengaluru,Failed,3,66.38,Incorrect Address,4,Yes
1086,1086,2026-08-03,2026-08-08,,RapidX Logistics,Mumbai,Failed,3,168.68,Customer Unavailable,7,Yes
1087,1087,2026-07-07,2026-07-10,,MetroDeliver,Mumbai,RTO,1,135.85,Incorrect Address,2,No
1088,1088,2026-06-06,2026-06-09,2026-06-08,BlueRoute Express,Hyderabad,Delivered,2,53.43,nan,7,Yes
1089,1089,2026-07-10,2026-07-12,2026-07-11,QuickShip India,Hyderabad,Delivered,2,170.01,nan,0,No
1090,1090,2025-11-10,2025-11-13,2025-11-12,MetroDeliver,Delhi,Delivered,1,179.59,nan,0,No
1091,1091,2024-11-23,2024-11-27,,QuickShip India,Bengaluru,Failed,3,79.33,Customer Refused,4,Yes
1092,1092,2024-12-12,2024-12-17,2024-12-16,QuickShip India,Chennai,Delivered,2,42.05,nan,0,No
1093,1093,2025-05-29,2025-06-02,2025-06-04,SwiftKart Logistics,Bengaluru,Delayed,3,129.24,Courier Delay,5,Yes
1094,1094,2026-02-08,2026-02-12,,ParcelOne,Kolkata,RTO,1,89.68,Courier Delay,-1,No
1095,1095,2026-03-05,2026-03-09,2026-03-08,ParcelOne,Mumbai,Delivered,3,82.08,nan,6,Yes
1096,1096,2026-06-07,2026-06-11,,MetroDeliver,Bengaluru,Failed,1,126.02,Incorrect Address,0,No
1097,1097,2026-06-30,2026-07-05,,ParcelOne,Hyderabad,Failed,2,81.64,Courier Delay,3,Yes
1098,1098,2026-03-06,2026-03-09,,QuickShip India,Kolkata,Failed,2,56.22,Logistics Capacity,1,No
1099,1099,2026-04-13,2026-04-15,,MetroDeliver,Hyderabad,Failed,3,172.41,Incorrect Address,3,Yes
1100,1100,2026-05-11,2026-05-13,2026-05-12,RapidX Logistics,Chennai,Delivered,2,80.76,nan,-1,No
1101,1101,2026-06-17,2026-06-21,,BlueRoute Express,Chennai,RTO,1,171.45,Customer Refused,1,No
1102,1102,2025-02-06,2025-02-08,,BlueRoute Express,Hyderabad,Failed,3,75.19,Courier Delay,1,No
1103,1103,2025-10-14,2025-10-16,2025-10-14,QuickShip India,Delhi,Delivered,1,45.89,nan,5,Yes
1104,1104,2026-05-06,2026-05-09,2026-05-08,SwiftKart Logistics,Kolkata,Delivered,2,121.68,nan,7,Yes
1105,1105,2026-06-08,2026-06-10,,QuickShip India,Chennai,RTO,2,166.31,Courier Delay,7,Yes
1106,1106,2024-12-03,2024-12-07,,QuickShip India,Chennai,Failed,2,95.62,Courier Delay,4,Yes
1107,1107,2025-01-02,2025-01-04,,ParcelOne,Chennai,In Transit,1,76.81,nan,4,Yes
1108,1108,2025-08-01,2025-08-04,2025-08-03,SwiftKart Logistics,Hyderabad,Delivered,1,155.37,nan,0,No
1109,1109,2025-08-18,2025-08-21,2025-08-21,SwiftKart Logistics,Mumbai,Delivered,1,130.78,nan,5,Yes
1110,1110,2025-10-10,2025-10-12,2025-10-11,RapidX Logistics,Mumbai,Delivered,2,147.95,nan,4,Yes
1111,1111,2025-11-19,2025-11-23,2025-11-22,MetroDeliver,Bengaluru,Delivered,2,53.74,nan,2,No
1112,1112,2025-02-04,2025-02-09,2025-02-09,MetroDeliver,Hyderabad,Delivered,2,114.4,nan,0,No
1113,1113,2025-02-26,2025-03-02,,SwiftKart Logistics,Chennai,Failed,3,97.29,Customer Refused,1,No
1114,1114,2026-07-27,2026-07-30,2026-07-29,BlueRoute Express,Kolkata,Delivered,1,148.63,nan,-1,No
1115,1115,2025-10-31,2025-11-05,,RapidX Logistics,Bengaluru,Failed,3,90.62,Incorrect Address,0,No
1116,1116,2025-11-25,2025-11-28,,QuickShip India,Hyderabad,RTO,3,43.44,Logistics Capacity,0,No
1117,1117,2026-04-07,2026-04-09,2026-04-09,ParcelOne,Delhi,Delivered,2,67.38,nan,5,Yes
1118,1118,2026-07-28,2026-07-30,2026-07-29,MetroDeliver,Mumbai,Delivered,3,160.35,nan,5,Yes
1119,1119,2026-08-14,2026-08-17,2026-08-15,RapidX Logistics,Delhi,Delivered,3,81.77,nan,1,No
1120,1120,2025-04-18,2025-04-22,,MetroDeliver,Mumbai,In Transit,3,85.13,nan,4,Yes
1121,1121,2025-05-19,2025-05-22,,RapidX Logistics,Kolkata,In Transit,1,105.71,nan,3,Yes
1122,1122,2024-12-23,2024-12-27,2024-12-27,SwiftKart Logistics,Bengaluru,Delivered,2,77.32,nan,1,No
1123,1123,2025-01-09,2025-01-12,2025-01-12,RapidX Logistics,Delhi,Delivered,1,111.58,nan,7,Yes
1124,1124,2025-08-03,2025-08-08,2025-08-08,ParcelOne,Chennai,Delivered,1,90.77,nan,0,No
1125,1125,2025-09-11,2025-09-14,2025-09-13,SwiftKart Logistics,Bengaluru,Delivered,3,64.02,nan,7,Yes
1126,1126,2025-10-18,2025-10-23,,MetroDeliver,Kolkata,RTO,1,73.55,Courier Delay,-1,No
1127,1127,2025-11-04,2025-11-08,2025-11-08,SwiftKart Logistics,Bengaluru,Delivered,1,65.98,nan,4,Yes
1128,1128,2024-11-21,2024-11-24,,QuickShip India,Bengaluru,Failed,3,91.0,Logistics Capacity,1,No
1129,1129,2025-05-31,2025-06-04,2025-06-03,BlueRoute Express,Kolkata,Delivered,3,61.41,nan,5,Yes
1130,1130,2025-01-18,2025-01-21,2025-01-20,MetroDeliver,Mumbai,Delivered,3,107.66,nan,1,No
1131,1131,2024-11-30,2024-12-02,,MetroDeliver,Mumbai,RTO,2,62.63,Logistics Capacity,7,Yes
1132,1132,2025-01-14,2025-01-16,2025-01-15,SwiftKart Logistics,Chennai,Delivered,1,95.18,nan,3,Yes
1133,1133,2024-08-20,2024-08-24,,RapidX Logistics,Hyderabad,RTO,3,89.62,Customer Unavailable,3,Yes
1134,1134,2024-11-28,2024-11-30,,SwiftKart Logistics,Kolkata,RTO,2,164.83,Logistics Capacity,2,No
1135,1135,2025-12-22,2025-12-24,2025-12-23,BlueRoute Express,Hyderabad,Delivered,2,136.27,nan,2,No
1136,1136,2024-09-19,2024-09-24,2024-09-23,RapidX Logistics,Mumbai,Delivered,3,167.03,nan,3,Yes
1137,1137,2024-12-07,2024-12-12,2024-12-14,BlueRoute Express,Chennai,Delayed,3,116.62,Courier Delay,4,Yes
1138,1138,2025-02-17,2025-02-22,,SwiftKart Logistics,Chennai,Failed,1,70.7,Courier Delay,0,No
1139,1139,2025-03-27,2025-03-29,2025-04-01,ParcelOne,Hyderabad,Delayed,3,58.3,Courier Delay,2,No
1140,1140,2026-01-30,2026-02-03,2026-02-01,RapidX Logistics,Delhi,Delivered,1,66.68,nan,6,Yes
1141,1141,2024-08-25,2024-08-29,2024-08-28,RapidX Logistics,Chennai,Delivered,1,137.43,nan,3,Yes
1142,1142,2024-09-14,2024-09-17,2024-09-17,RapidX Logistics,Hyderabad,Delivered,2,43.74,nan,6,Yes
1143,1143,2025-06-12,2025-06-16,2025-06-15,QuickShip India,Hyderabad,Delivered,1,138.79,nan,0,No
1144,1144,2025-07-03,2025-07-05,,RapidX Logistics,Kolkata,Failed,1,95.18,Damaged Package,3,Yes
1145,1145,2026-06-08,2026-06-10,2026-06-12,SwiftKart Logistics,Hyderabad,Delayed,1,97.09,Courier Delay,2,No
1146,1146,2026-03-07,2026-03-12,,QuickShip India,Kolkata,RTO,2,142.7,Logistics Capacity,1,No
1147,1147,2026-04-04,2026-04-09,2026-04-08,QuickShip India,Hyderabad,Delivered,3,92.1,nan,6,Yes
1148,1148,2026-06-09,2026-06-13,,ParcelOne,Mumbai,Failed,1,49.81,Courier Delay,1,No
1149,1149,2026-06-24,2026-06-26,,MetroDeliver,Chennai,Failed,3,95.89,Customer Unavailable,1,No
1150,1150,2026-02-02,2026-02-04,,SwiftKart Logistics,Chennai,In Transit,3,99.47,nan,6,Yes
1151,1151,2025-01-04,2025-01-08,,RapidX Logistics,Chennai,RTO,1,169.97,Incorrect Address,6,Yes
1152,1152,2024-10-31,2024-11-03,,SwiftKart Logistics,Hyderabad,Failed,2,97.79,Customer Refused,2,No
1153,1153,2026-04-09,2026-04-11,,MetroDeliver,Kolkata,Failed,3,162.23,Logistics Capacity,4,Yes
1154,1154,2026-04-25,2026-04-30,2026-05-05,BlueRoute Express,Mumbai,Delayed,3,93.03,Courier Delay,-1,No
1155,1155,2025-08-21,2025-08-23,,SwiftKart Logistics,Chennai,Failed,1,143.5,Customer Refused,1,No
1156,1156,2025-04-12,2025-04-14,,SwiftKart Logistics,Delhi,RTO,3,159.59,Incorrect Address,-1,No
1157,1157,2026-05-03,2026-05-05,2026-05-05,ParcelOne,Kolkata,Delivered,1,142.86,nan,3,Yes
1158,1158,2026-06-15,2026-06-18,,QuickShip India,Chennai,RTO,1,52.78,Incorrect Address,5,Yes
1159,1159,2024-11-26,2024-11-30,2024-11-30,ParcelOne,Chennai,Delivered,2,85.8,nan,7,Yes
1160,1160,2025-09-27,2025-10-02,2025-10-04,RapidX Logistics,Kolkata,Delayed,2,95.41,Courier Delay,7,Yes
1161,1161,2026-04-07,2026-04-10,,MetroDeliver,Mumbai,Failed,1,67.26,Incorrect Address,-1,No
1162,1162,2026-07-09,2026-07-12,2026-07-11,RapidX Logistics,Hyderabad,Delivered,1,128.25,nan,2,No
1163,1163,2026-04-04,2026-04-09,,ParcelOne,Chennai,RTO,3,145.72,Damaged Package,5,Yes
1164,1164,2026-05-18,2026-05-23,,ParcelOne,Delhi,Failed,3,94.53,Customer Unavailable,0,No
1165,1165,2026-01-29,2026-02-03,2026-02-02,SwiftKart Logistics,Chennai,Delivered,1,85.65,nan,0,No
1166,1166,2024-08-13,2024-08-18,,RapidX Logistics,Kolkata,RTO,1,42.08,Incorrect Address,3,Yes
1167,1167,2025-12-15,2025-12-19,,MetroDeliver,Chennai,Failed,2,111.03,Customer Unavailable,2,No
1168,1168,2026-02-24,2026-02-26,,MetroDeliver,Kolkata,Failed,1,51.01,Customer Unavailable,5,Yes
1169,1169,2025-02-28,2025-03-05,2025-03-04,QuickShip India,Kolkata,Delivered,2,101.71,nan,5,Yes
1170,1170,2026-01-30,2026-02-03,,ParcelOne,Kolkata,Failed,3,72.35,Customer Unavailable,6,Yes
1171,1171,2026-03-01,2026-03-04,2026-03-03,QuickShip India,Kolkata,Delivered,2,102.93,nan,-1,No
1172,1172,2025-03-14,2025-03-17,2025-03-15,ParcelOne,Bengaluru,Delivered,3,65.11,nan,5,Yes
1173,1173,2025-04-05,2025-04-08,2025-04-12,BlueRoute Express,Hyderabad,Delayed,2,86.97,Courier Delay,2,No
1174,1174,2025-11-28,2025-12-03,,QuickShip India,Kolkata,Failed,1,171.42,Logistics Capacity,0,No
1175,1175,2025-12-30,2026-01-03,2026-01-03,MetroDeliver,Chennai,Delivered,2,43.13,nan,3,Yes
1176,1176,2025-09-10,2025-09-13,,QuickShip India,Kolkata,Failed,1,148.14,Customer Unavailable,1,No
1177,1177,2025-10-21,2025-10-25,,SwiftKart Logistics,Bengaluru,Failed,3,82.94,Customer Refused,3,Yes
1178,1178,2025-12-30,2026-01-01,,BlueRoute Express,Mumbai,Failed,2,66.17,Incorrect Address,6,Yes
1179,1179,2026-01-14,2026-01-17,,MetroDeliver,Mumbai,Failed,1,116.11,Customer Unavailable,7,Yes
1180,1180,2026-03-12,2026-03-16,2026-03-15,MetroDeliver,Bengaluru,Delivered,1,53.24,nan,5,Yes
1181,1181,2026-04-03,2026-04-05,,QuickShip India,Delhi,RTO,2,106.15,Customer Refused,6,Yes
1182,1182,2026-04-24,2026-04-28,2026-04-28,MetroDeliver,Hyderabad,Delivered,2,113.53,nan,3,Yes
1183,1183,2025-07-29,2025-08-02,,MetroDeliver,Bengaluru,RTO,3,156.34,Logistics Capacity,2,No
1184,1184,2024-12-02,2024-12-06,2024-12-06,QuickShip India,Mumbai,Delivered,3,141.69,nan,6,Yes
1185,1185,2025-05-10,2025-05-15,,MetroDeliver,Hyderabad,RTO,2,112.17,Incorrect Address,-1,No
1186,1186,2025-06-01,2025-06-04,2025-06-02,RapidX Logistics,Hyderabad,Delivered,1,160.23,nan,1,No
1187,1187,2025-11-08,2025-11-12,2025-11-11,QuickShip India,Delhi,Delivered,1,66.85,nan,5,Yes
1188,1188,2025-06-15,2025-06-17,2025-06-16,MetroDeliver,Chennai,Delivered,3,111.55,nan,3,Yes
1189,1189,2025-07-19,2025-07-21,,QuickShip India,Chennai,RTO,3,126.62,Incorrect Address,3,Yes
1190,1190,2024-12-08,2024-12-11,,BlueRoute Express,Mumbai,RTO,3,50.33,Incorrect Address,0,No
1191,1191,2024-12-28,2024-12-30,2024-12-29,ParcelOne,Bengaluru,Delivered,3,76.67,nan,0,No
1192,1192,2024-09-30,2024-10-02,,MetroDeliver,Hyderabad,Failed,1,51.4,Customer Refused,-1,No
1193,1193,2024-11-16,2024-11-18,,MetroDeliver,Delhi,Failed,3,140.2,Customer Refused,0,No
1194,1194,2024-12-21,2024-12-26,2024-12-25,SwiftKart Logistics,Bengaluru,Delivered,1,59.29,nan,2,No
1195,1195,2025-07-30,2025-08-01,2025-07-31,ParcelOne,Bengaluru,Delivered,1,109.9,nan,3,Yes
1196,1196,2026-05-26,2026-05-28,2026-05-31,QuickShip India,Bengaluru,Delayed,3,102.03,Courier Delay,-1,No
1197,1197,2026-06-29,2026-07-02,,BlueRoute Express,Delhi,Failed,3,73.85,Courier Delay,2,No
1198,1198,2026-07-23,2026-07-26,2026-07-25,SwiftKart Logistics,Kolkata,Delivered,3,155.89,nan,-1,No
1199,1199,2026-05-14,2026-05-18,,BlueRoute Express,Bengaluru,RTO,1,55.44,Customer Unavailable,-1,No
1200,1200,2026-05-31,2026-06-03,2026-06-02,ParcelOne,Kolkata,Delivered,3,117.13,nan,3,Yes
1201,1201,2026-07-31,2026-08-04,2026-08-06,MetroDeliver,Delhi,Delayed,3,78.86,Courier Delay,7,Yes
1202,1202,2026-04-07,2026-04-10,,SwiftKart Logistics,Chennai,In Transit,1,80.36,nan,0,No
1203,1203,2026-05-17,2026-05-19,,RapidX Logistics,Delhi,Failed,1,67.61,Courier Delay,-1,No
1204,1204,2024-09-12,2024-09-17,,ParcelOne,Mumbai,RTO,2,83.42,Customer Refused,1,No
1205,1205,2024-12-15,2024-12-20,2024-12-25,SwiftKart Logistics,Kolkata,Delayed,3,60.63,Courier Delay,-1,No
1206,1206,2025-04-07,2025-04-09,2025-04-08,RapidX Logistics,Bengaluru,Delivered,1,45.88,nan,0,No
1207,1207,2025-05-10,2025-05-14,,SwiftKart Logistics,Chennai,Failed,3,79.12,Customer Refused,5,Yes
1208,1208,2024-09-17,2024-09-22,,MetroDeliver,Hyderabad,RTO,1,97.64,Logistics Capacity,4,Yes
1209,1209,2024-10-20,2024-10-24,,ParcelOne,Kolkata,RTO,1,104.14,Incorrect Address,7,Yes
1210,1210,2026-05-14,2026-05-16,,RapidX Logistics,Mumbai,Failed,1,162.57,Courier Delay,6,Yes
1211,1211,2026-06-17,2026-06-20,,RapidX Logistics,Kolkata,Failed,1,104.65,Customer Refused,-1,No
1212,1212,2026-01-21,2026-01-23,2026-01-23,QuickShip India,Mumbai,Delivered,2,174.39,nan,2,No
1213,1213,2026-02-22,2026-02-25,,RapidX Logistics,Chennai,RTO,1,50.63,Damaged Package,-1,No
1214,1214,2025-10-09,2025-10-14,,BlueRoute Express,Kolkata,RTO,1,158.85,Courier Delay,0,No
1215,1215,2024-11-06,2024-11-10,2024-11-10,RapidX Logistics,Kolkata,Delivered,1,81.3,nan,1,No
1216,1216,2024-10-11,2024-10-16,,BlueRoute Express,Kolkata,RTO,3,104.93,Courier Delay,-1,No
1217,1217,2024-11-17,2024-11-20,2024-11-20,SwiftKart Logistics,Hyderabad,Delivered,3,59.43,nan,7,Yes
1218,1218,2026-04-29,2026-05-01,,RapidX Logistics,Delhi,Failed,1,174.47,Damaged Package,5,Yes
1219,1219,2025-06-13,2025-06-18,2025-06-17,BlueRoute Express,Chennai,Delivered,3,43.57,nan,0,No
1220,1220,2025-07-21,2025-07-25,,SwiftKart Logistics,Delhi,RTO,3,126.26,Logistics Capacity,6,Yes
1221,1221,2026-04-02,2026-04-05,2026-04-04,MetroDeliver,Kolkata,Delivered,2,150.32,nan,4,Yes
1222,1222,2026-05-09,2026-05-11,,QuickShip India,Bengaluru,RTO,1,125.78,Customer Unavailable,5,Yes
1223,1223,2025-09-02,2025-09-04,2025-09-09,RapidX Logistics,Hyderabad,Delayed,2,130.41,Courier Delay,7,Yes
1224,1224,2025-05-21,2025-05-23,2025-05-22,QuickShip India,Kolkata,Delivered,2,109.95,nan,6,Yes
1225,1225,2025-06-30,2025-07-04,2025-07-06,SwiftKart Logistics,Mumbai,Delayed,1,76.04,Courier Delay,-1,No
1226,1226,2026-07-28,2026-07-30,2026-07-29,QuickShip India,Hyderabad,Delivered,3,75.33,nan,0,No
1227,1227,2026-01-17,2026-01-21,2026-01-20,QuickShip India,Bengaluru,Delivered,1,94.98,nan,2,No
1228,1228,2026-01-04,2026-01-07,2026-01-10,QuickShip India,Hyderabad,Delayed,1,106.9,Courier Delay,5,Yes
1229,1229,2026-06-29,2026-07-04,2026-07-03,MetroDeliver,Chennai,Delivered,1,151.55,nan,5,Yes
1230,1230,2026-04-07,2026-04-10,,QuickShip India,Delhi,Failed,2,66.03,Damaged Package,7,Yes
1231,1231,2025-05-13,2025-05-18,2025-05-16,MetroDeliver,Bengaluru,Delivered,1,59.99,nan,0,No
1232,1232,2025-06-17,2025-06-19,,RapidX Logistics,Bengaluru,Failed,2,170.4,Courier Delay,0,No
1233,1233,2024-08-19,2024-08-23,2024-08-22,SwiftKart Logistics,Mumbai,Delivered,3,94.27,nan,7,Yes
1234,1234,2024-09-15,2024-09-18,,BlueRoute Express,Mumbai,Failed,3,52.8,Logistics Capacity,7,Yes
1235,1235,2026-07-18,2026-07-22,2026-07-27,RapidX Logistics,Mumbai,Delayed,1,97.1,Courier Delay,7,Yes
1236,1236,2025-12-28,2025-12-31,2025-12-31,BlueRoute Express,Chennai,Delivered,2,121.8,nan,7,Yes
1237,1237,2026-02-10,2026-02-15,2026-02-15,QuickShip India,Kolkata,Delivered,1,141.33,nan,7,Yes
1238,1238,2026-05-06,2026-05-11,,RapidX Logistics,Bengaluru,RTO,2,41.87,Incorrect Address,6,Yes
1239,1239,2026-05-29,2026-06-03,2026-06-05,ParcelOne,Bengaluru,Delayed,2,159.65,Courier Delay,7,Yes
1240,1240,2026-01-31,2026-02-04,2026-02-03,ParcelOne,Bengaluru,Delivered,3,52.7,nan,6,Yes
1241,1241,2024-12-10,2024-12-13,2024-12-12,ParcelOne,Mumbai,Delivered,2,114.65,nan,0,No
1242,1242,2025-01-04,2025-01-06,,RapidX Logistics,Bengaluru,Failed,3,114.05,Courier Delay,7,Yes
1243,1243,2025-06-15,2025-06-17,2025-06-17,QuickShip India,Chennai,Delivered,3,109.9,nan,-1,No
1244,1244,2025-02-28,2025-03-04,,SwiftKart Logistics,Kolkata,RTO,2,64.1,Logistics Capacity,6,Yes
1245,1245,2025-04-13,2025-04-15,2025-04-15,ParcelOne,Bengaluru,Delivered,2,90.18,nan,4,Yes
1246,1246,2026-07-19,2026-07-22,,RapidX Logistics,Mumbai,RTO,1,121.09,Logistics Capacity,6,Yes
1247,1247,2024-10-05,2024-10-07,,ParcelOne,Mumbai,RTO,1,67.56,Incorrect Address,5,Yes
1248,1248,2024-10-30,2024-11-01,,MetroDeliver,Mumbai,RTO,2,98.1,Courier Delay,0,No
1249,1249,2024-10-21,2024-10-26,,SwiftKart Logistics,Hyderabad,RTO,3,153.62,Damaged Package,3,Yes
1250,1250,2024-11-19,2024-11-24,,BlueRoute Express,Bengaluru,RTO,1,124.05,Customer Unavailable,3,Yes
1251,1251,2025-08-01,2025-08-06,2025-08-09,QuickShip India,Bengaluru,Delayed,1,179.33,Courier Delay,-1,No
1252,1252,2024-11-04,2024-11-08,,QuickShip India,Kolkata,RTO,3,121.11,Logistics Capacity,5,Yes
1253,1253,2024-12-02,2024-12-05,2024-12-04,QuickShip India,Chennai,Delivered,1,153.98,nan,1,No
1254,1254,2026-05-29,2026-06-01,,QuickShip India,Chennai,RTO,1,175.59,Customer Unavailable,2,No
1255,1255,2026-06-20,2026-06-24,2026-06-23,SwiftKart Logistics,Hyderabad,Delivered,1,40.35,nan,5,Yes
1256,1256,2026-04-07,2026-04-12,,SwiftKart Logistics,Delhi,Failed,2,51.46,Incorrect Address,1,No
1257,1257,2025-09-11,2025-09-16,2025-09-14,RapidX Logistics,Hyderabad,Delivered,2,93.32,nan,6,Yes
1258,1258,2026-01-26,2026-01-29,2026-01-28,QuickShip India,Bengaluru,Delivered,2,82.19,nan,7,Yes
1259,1259,2025-11-30,2025-12-02,,ParcelOne,Delhi,RTO,2,125.14,Customer Unavailable,0,No
1260,1260,2026-01-07,2026-01-12,2026-01-10,MetroDeliver,Delhi,Delivered,3,146.91,nan,6,Yes
1261,1261,2025-09-25,2025-09-27,,QuickShip India,Delhi,RTO,1,167.48,Logistics Capacity,4,Yes
1262,1262,2025-11-08,2025-11-10,,ParcelOne,Bengaluru,RTO,2,144.37,Incorrect Address,2,No
1263,1263,2024-08-13,2024-08-17,,SwiftKart Logistics,Hyderabad,RTO,1,173.9,Logistics Capacity,2,No
1264,1264,2026-01-21,2026-01-26,,MetroDeliver,Chennai,RTO,3,152.14,Incorrect Address,6,Yes
1265,1265,2026-07-13,2026-07-15,,MetroDeliver,Chennai,RTO,1,58.15,Customer Refused,-1,No
1266,1266,2026-06-03,2026-06-05,,MetroDeliver,Kolkata,Failed,1,159.11,Incorrect Address,-1,No
1267,1267,2026-07-15,2026-07-17,2026-07-19,SwiftKart Logistics,Hyderabad,Delayed,3,89.54,Courier Delay,4,Yes
1268,1268,2024-12-03,2024-12-06,2024-12-06,BlueRoute Express,Mumbai,Delivered,1,88.48,nan,7,Yes
1269,1269,2025-01-13,2025-01-16,,SwiftKart Logistics,Hyderabad,RTO,3,167.34,Courier Delay,6,Yes
1270,1270,2024-12-11,2024-12-14,2024-12-20,SwiftKart Logistics,Chennai,Delayed,2,166.99,Courier Delay,1,No
1271,1271,2025-11-13,2025-11-15,,RapidX Logistics,Hyderabad,RTO,2,70.51,Damaged Package,5,Yes
1272,1272,2026-03-04,2026-03-07,2026-03-06,MetroDeliver,Hyderabad,Delivered,1,100.15,nan,6,Yes
1273,1273,2026-04-18,2026-04-23,,RapidX Logistics,Hyderabad,RTO,2,150.87,Customer Refused,6,Yes
1274,1274,2024-09-20,2024-09-23,2024-09-22,ParcelOne,Chennai,Delivered,3,103.53,nan,0,No
1275,1275,2024-10-17,2024-10-22,,MetroDeliver,Delhi,RTO,3,161.5,Damaged Package,2,No
1276,1276,2026-02-16,2026-02-20,,ParcelOne,Hyderabad,Failed,2,76.95,Damaged Package,-1,No
1277,1277,2026-03-04,2026-03-09,,QuickShip India,Kolkata,In Transit,3,145.7,nan,7,Yes
1278,1278,2025-06-10,2025-06-12,2025-06-12,ParcelOne,Bengaluru,Delivered,2,144.08,nan,5,Yes
1279,1279,2025-07-10,2025-07-13,2025-07-12,QuickShip India,Delhi,Delivered,3,60.84,nan,6,Yes
1280,1280,2025-12-26,2025-12-31,2025-12-29,RapidX Logistics,Mumbai,Delivered,2,120.63,nan,7,Yes
1281,1281,2024-09-12,2024-09-16,,BlueRoute Express,Hyderabad,RTO,2,48.58,Customer Refused,4,Yes
1282,1282,2026-05-30,2026-06-03,2026-06-02,RapidX Logistics,Hyderabad,Delivered,3,122.63,nan,4,Yes
1283,1283,2025-09-08,2025-09-11,,ParcelOne,Kolkata,RTO,3,108.08,Customer Refused,0,No
1284,1284,2025-09-30,2025-10-03,2025-10-02,SwiftKart Logistics,Chennai,Delivered,3,81.08,nan,1,No
1285,1285,2026-03-03,2026-03-06,2026-03-05,QuickShip India,Mumbai,Delivered,2,76.26,nan,7,Yes
1286,1286,2025-03-30,2025-04-01,2025-03-31,RapidX Logistics,Chennai,Delivered,3,93.73,nan,3,Yes
1287,1287,2024-11-10,2024-11-12,2024-11-11,MetroDeliver,Mumbai,Delivered,3,139.47,nan,5,Yes
1288,1288,2024-12-24,2024-12-27,,RapidX Logistics,Chennai,Failed,2,169.01,Damaged Package,2,No
1289,1289,2026-04-30,2026-05-04,,QuickShip India,Bengaluru,RTO,1,86.92,Logistics Capacity,2,No
1290,1290,2025-08-24,2025-08-28,,QuickShip India,Hyderabad,RTO,3,170.25,Damaged Package,2,No
1291,1291,2025-09-21,2025-09-25,,MetroDeliver,Mumbai,In Transit,2,171.54,nan,2,No
1292,1292,2026-02-23,2026-02-26,2026-02-25,QuickShip India,Chennai,Delivered,3,63.18,nan,6,Yes
1293,1293,2026-03-30,2026-04-03,,QuickShip India,Kolkata,RTO,2,158.83,Customer Refused,-1,No
1294,1294,2025-10-24,2025-10-26,2025-10-31,RapidX Logistics,Hyderabad,Delayed,1,140.41,Courier Delay,5,Yes
1295,1295,2025-12-08,2025-12-11,,SwiftKart Logistics,Bengaluru,RTO,3,153.99,Customer Refused,-1,No
1296,1296,2025-09-29,2025-10-03,2025-10-07,BlueRoute Express,Mumbai,Delayed,3,161.18,Courier Delay,0,No
1297,1297,2025-11-12,2025-11-15,2025-11-15,QuickShip India,Chennai,Delivered,1,94.2,nan,5,Yes
1298,1298,2024-12-10,2024-12-12,2024-12-11,ParcelOne,Bengaluru,Delivered,1,42.89,nan,4,Yes
1299,1299,2025-01-19,2025-01-21,,RapidX Logistics,Mumbai,RTO,3,145.53,Incorrect Address,5,Yes
1300,1300,2024-09-20,2024-09-23,,SwiftKart Logistics,Mumbai,RTO,3,44.87,Customer Unavailable,4,Yes
1301,1301,2024-10-30,2024-11-02,,QuickShip India,Hyderabad,Failed,1,71.37,Courier Delay,2,No
1302,1302,2025-09-29,2025-10-04,,SwiftKart Logistics,Mumbai,Failed,1,168.38,Incorrect Address,3,Yes
1303,1303,2025-10-24,2025-10-29,2025-10-29,QuickShip India,Hyderabad,Delivered,2,85.51,nan,2,No
1304,1304,2025-09-26,2025-10-01,,MetroDeliver,Kolkata,RTO,2,134.48,Incorrect Address,5,Yes
1305,1305,2025-10-24,2025-10-26,,MetroDeliver,Chennai,RTO,2,164.12,Customer Unavailable,1,No
1306,1306,2024-08-26,2024-08-29,,SwiftKart Logistics,Hyderabad,RTO,2,128.69,Damaged Package,0,No
1307,1307,2025-01-04,2025-01-06,2025-01-05,QuickShip India,Mumbai,Delivered,2,68.52,nan,6,Yes
1308,1308,2025-02-05,2025-02-08,2025-02-07,RapidX Logistics,Hyderabad,Delivered,2,69.91,nan,-1,No
1309,1309,2025-09-06,2025-09-09,,QuickShip India,Chennai,Failed,3,74.58,Customer Unavailable,5,Yes
1310,1310,2025-10-25,2025-10-29,,ParcelOne,Delhi,Failed,1,169.76,Incorrect Address,4,Yes
1311,1311,2025-10-27,2025-10-29,,ParcelOne,Kolkata,In Transit,3,108.75,nan,5,Yes
1312,1312,2024-12-10,2024-12-12,2024-12-12,BlueRoute Express,Hyderabad,Delivered,3,127.89,nan,7,Yes
1313,1313,2025-01-10,2025-01-13,2025-01-18,MetroDeliver,Chennai,Delayed,1,128.3,Courier Delay,1,No
1314,1314,2025-07-09,2025-07-13,,BlueRoute Express,Chennai,Failed,1,118.18,Customer Unavailable,2,No
1315,1315,2025-08-05,2025-08-10,,BlueRoute Express,Bengaluru,RTO,3,179.72,Courier Delay,0,No
1316,1316,2024-10-24,2024-10-28,,BlueRoute Express,Mumbai,RTO,3,104.41,Damaged Package,4,Yes
1317,1317,2024-12-06,2024-12-09,2024-12-09,QuickShip India,Bengaluru,Delivered,2,82.54,nan,6,Yes
1318,1318,2025-08-12,2025-08-16,,BlueRoute Express,Hyderabad,RTO,3,122.91,Incorrect Address,2,No
1319,1319,2024-11-16,2024-11-21,2024-11-21,RapidX Logistics,Chennai,Delivered,1,60.97,nan,-1,No
1320,1320,2025-07-27,2025-07-31,,QuickShip India,Chennai,In Transit,1,177.17,nan,0,No
1321,1321,2024-10-27,2024-10-31,,SwiftKart Logistics,Kolkata,In Transit,2,67.93,nan,6,Yes
1322,1322,2024-12-06,2024-12-11,2024-12-10,BlueRoute Express,Hyderabad,Delivered,3,133.92,nan,2,No
1323,1323,2025-02-22,2025-02-25,2025-02-24,RapidX Logistics,Mumbai,Delivered,1,150.89,nan,7,Yes
1324,1324,2025-08-21,2025-08-26,2025-08-25,QuickShip India,Hyderabad,Delivered,2,47.94,nan,3,Yes
1325,1325,2025-09-17,2025-09-21,2025-09-27,RapidX Logistics,Delhi,Delayed,1,91.23,Courier Delay,3,Yes
1326,1326,2025-01-17,2025-01-20,2025-01-20,QuickShip India,Hyderabad,Delivered,1,120.46,nan,0,No
1327,1327,2025-10-06,2025-10-09,,RapidX Logistics,Chennai,Failed,3,71.71,Customer Refused,6,Yes
1328,1328,2025-10-30,2025-11-01,2025-10-31,MetroDeliver,Kolkata,Delivered,1,147.58,nan,5,Yes
1329,1329,2024-08-28,2024-09-01,,SwiftKart Logistics,Mumbai,Failed,2,99.78,Damaged Package,1,No
1330,1330,2024-09-28,2024-09-30,2024-09-28,RapidX Logistics,Kolkata,Delivered,3,65.99,nan,0,No
1331,1331,2025-09-21,2025-09-23,,ParcelOne,Kolkata,Failed,1,149.01,Damaged Package,6,Yes
1332,1332,2025-10-24,2025-10-27,2025-10-27,RapidX Logistics,Delhi,Delivered,3,62.2,nan,6,Yes
1333,1333,2026-02-05,2026-02-08,,ParcelOne,Kolkata,Failed,2,102.8,Courier Delay,6,Yes
1334,1334,2026-02-07,2026-02-11,,MetroDeliver,Hyderabad,RTO,3,115.25,Customer Refused,0,No
1335,1335,2025-03-14,2025-03-19,,QuickShip India,Chennai,RTO,2,168.04,Customer Unavailable,6,Yes
1336,1336,2025-04-19,2025-04-23,2025-04-22,SwiftKart Logistics,Chennai,Delivered,1,104.74,nan,0,No
1337,1337,2025-03-31,2025-04-02,,RapidX Logistics,Chennai,Failed,3,92.14,Logistics Capacity,0,No
1338,1338,2025-08-03,2025-08-05,,RapidX Logistics,Hyderabad,RTO,1,127.62,Customer Refused,7,Yes
1339,1339,2025-08-21,2025-08-26,2025-08-25,BlueRoute Express,Hyderabad,Delivered,1,106.71,nan,1,No
1340,1340,2025-05-19,2025-05-21,,ParcelOne,Kolkata,RTO,2,80.74,Customer Unavailable,6,Yes
1341,1341,2025-06-02,2025-06-04,,SwiftKart Logistics,Bengaluru,RTO,3,130.17,Damaged Package,6,Yes
1342,1342,2024-08-12,2024-08-16,2024-08-15,QuickShip India,Mumbai,Delivered,3,170.02,nan,5,Yes
1343,1343,2024-12-14,2024-12-17,2024-12-17,RapidX Logistics,Delhi,Delivered,3,125.22,nan,0,No
1344,1344,2025-01-24,2025-01-26,2025-01-25,SwiftKart Logistics,Kolkata,Delivered,1,91.68,nan,4,Yes
1345,1345,2025-05-02,2025-05-06,,SwiftKart Logistics,Chennai,RTO,3,118.73,Damaged Package,7,Yes
1346,1346,2025-02-06,2025-02-08,,MetroDeliver,Bengaluru,Failed,2,79.93,Logistics Capacity,2,No
1347,1347,2025-03-09,2025-03-13,,ParcelOne,Chennai,RTO,2,153.75,Courier Delay,7,Yes
1348,1348,2024-11-11,2024-11-15,,RapidX Logistics,Hyderabad,RTO,1,101.87,Customer Refused,-1,No
1349,1349,2024-12-23,2024-12-25,,RapidX Logistics,Mumbai,Failed,1,155.2,Customer Refused,2,No
1350,1350,2024-09-06,2024-09-10,,BlueRoute Express,Bengaluru,Failed,3,59.64,Customer Refused,1,No
1351,1351,2025-11-10,2025-11-15,,RapidX Logistics,Mumbai,Failed,1,77.93,Damaged Package,5,Yes
1352,1352,2024-12-28,2024-12-30,2024-12-29,MetroDeliver,Bengaluru,Delivered,1,174.0,nan,5,Yes
1353,1353,2025-02-06,2025-02-11,,ParcelOne,Mumbai,Failed,3,112.35,Logistics Capacity,5,Yes
1354,1354,2025-09-05,2025-09-10,2025-09-08,SwiftKart Logistics,Delhi,Delivered,3,71.34,nan,1,No
1355,1355,2026-05-03,2026-05-07,,ParcelOne,Bengaluru,RTO,2,109.3,Damaged Package,0,No
1356,1356,2025-12-05,2025-12-08,,QuickShip India,Kolkata,RTO,2,69.02,Logistics Capacity,0,No
1357,1357,2026-01-08,2026-01-13,,ParcelOne,Bengaluru,Failed,2,163.78,Customer Unavailable,7,Yes
1358,1358,2026-01-27,2026-01-29,2026-01-28,BlueRoute Express,Kolkata,Delivered,1,101.26,nan,4,Yes
1359,1359,2026-03-06,2026-03-09,,QuickShip India,Mumbai,In Transit,2,51.5,nan,2,No
1360,1360,2025-04-15,2025-04-17,2025-04-21,QuickShip India,Chennai,Delayed,3,105.23,Courier Delay,2,No
1361,1361,2025-10-28,2025-10-31,2025-11-06,SwiftKart Logistics,Chennai,Delayed,3,44.63,Courier Delay,0,No
1362,1362,2025-11-26,2025-12-01,2025-12-01,BlueRoute Express,Kolkata,Delivered,2,117.92,nan,3,Yes
1363,1363,2025-10-23,2025-10-26,2025-10-25,MetroDeliver,Chennai,Delivered,3,150.65,nan,1,No
1364,1364,2026-04-30,2026-05-02,2026-05-07,RapidX Logistics,Delhi,Delayed,3,66.93,Courier Delay,0,No
1365,1365,2026-06-15,2026-06-19,,MetroDeliver,Bengaluru,Failed,3,172.79,Customer Refused,0,No
1366,1366,2026-03-09,2026-03-14,2026-03-13,RapidX Logistics,Chennai,Delivered,2,63.35,nan,6,Yes
1367,1367,2026-05-05,2026-05-08,,BlueRoute Express,Chennai,In Transit,1,174.78,nan,7,Yes
1368,1368,2024-08-16,2024-08-18,,BlueRoute Express,Delhi,RTO,3,177.23,Customer Refused,4,Yes
1369,1369,2024-09-20,2024-09-22,,BlueRoute Express,Delhi,RTO,1,74.48,Damaged Package,3,Yes
1370,1370,2025-03-09,2025-03-11,2025-03-11,MetroDeliver,Mumbai,Delivered,2,65.33,nan,-1,No
1371,1371,2025-04-13,2025-04-18,,BlueRoute Express,Hyderabad,Failed,3,66.51,Damaged Package,4,Yes
1372,1372,2025-07-30,2025-08-01,2025-08-03,ParcelOne,Mumbai,Delayed,2,122.83,Courier Delay,0,No
1373,1373,2025-11-29,2025-12-02,,QuickShip India,Bengaluru,RTO,2,113.18,Customer Refused,7,Yes
1374,1374,2026-04-24,2026-04-28,,BlueRoute Express,Mumbai,In Transit,3,121.22,nan,2,No
1375,1375,2026-05-16,2026-05-19,2026-05-18,MetroDeliver,Kolkata,Delivered,2,140.21,nan,5,Yes
1376,1376,2025-11-14,2025-11-17,2025-11-16,BlueRoute Express,Delhi,Delivered,3,151.83,nan,4,Yes
1377,1377,2026-04-25,2026-04-27,2026-04-26,RapidX Logistics,Hyderabad,Delivered,3,55.06,nan,1,No
1378,1378,2024-08-30,2024-09-01,,ParcelOne,Hyderabad,Failed,2,158.28,Incorrect Address,3,Yes
1379,1379,2025-03-10,2025-03-12,,ParcelOne,Hyderabad,Failed,1,138.9,Damaged Package,4,Yes
1380,1380,2025-12-31,2026-01-03,2026-01-02,ParcelOne,Bengaluru,Delivered,3,113.76,nan,2,No
1381,1381,2026-02-07,2026-02-09,,MetroDeliver,Chennai,RTO,3,160.46,Logistics Capacity,7,Yes
1382,1382,2025-10-15,2025-10-18,,BlueRoute Express,Chennai,Failed,2,177.78,Logistics Capacity,4,Yes
1383,1383,2025-11-19,2025-11-21,2025-11-20,BlueRoute Express,Bengaluru,Delivered,1,68.11,nan,4,Yes
1384,1384,2026-01-20,2026-01-25,2026-01-24,BlueRoute Express,Chennai,Delivered,3,102.99,nan,4,Yes
1385,1385,2026-02-16,2026-02-20,,RapidX Logistics,Hyderabad,RTO,3,123.42,Incorrect Address,6,Yes
1386,1386,2024-11-21,2024-11-26,2024-11-25,RapidX Logistics,Chennai,Delivered,2,70.52,nan,1,No
1387,1387,2025-01-02,2025-01-04,,QuickShip India,Bengaluru,Failed,2,73.81,Customer Unavailable,1,No
1388,1388,2026-02-11,2026-02-14,,ParcelOne,Hyderabad,RTO,2,100.17,Logistics Capacity,7,Yes
1389,1389,2026-07-04,2026-07-08,2026-07-07,BlueRoute Express,Chennai,Delivered,2,98.91,nan,5,Yes
1390,1390,2026-08-15,2026-08-17,,QuickShip India,Kolkata,Failed,1,152.75,Incorrect Address,6,Yes
1391,1391,2025-03-15,2025-03-18,2025-03-17,ParcelOne,Kolkata,Delivered,2,99.72,nan,-1,No
1392,1392,2025-04-01,2025-04-06,2025-04-05,SwiftKart Logistics,Delhi,Delivered,2,53.59,nan,6,Yes
1393,1393,2026-03-28,2026-03-30,,MetroDeliver,Chennai,Failed,1,72.94,Logistics Capacity,3,Yes
1394,1394,2025-10-09,2025-10-11,2025-10-09,SwiftKart Logistics,Mumbai,Delivered,3,94.26,nan,5,Yes
1395,1395,2025-11-28,2025-11-30,,ParcelOne,Delhi,RTO,3,45.29,Courier Delay,5,Yes
1396,1396,2026-07-23,2026-07-27,,MetroDeliver,Bengaluru,RTO,1,141.2,Damaged Package,6,Yes
1397,1397,2025-02-27,2025-03-01,2025-03-01,SwiftKart Logistics,Bengaluru,Delivered,2,74.7,nan,0,No
1398,1398,2024-10-04,2024-10-08,2024-10-07,RapidX Logistics,Bengaluru,Delivered,3,160.03,nan,2,No
1399,1399,2024-11-14,2024-11-17,,BlueRoute Express,Kolkata,Failed,2,43.37,Logistics Capacity,3,Yes
1400,1400,2026-07-02,2026-07-07,,MetroDeliver,Mumbai,RTO,1,80.8,Courier Delay,-1,No
1401,1401,2026-07-25,2026-07-27,,ParcelOne,Mumbai,RTO,1,109.39,Customer Refused,0,No
1402,1402,2025-05-07,2025-05-09,,ParcelOne,Mumbai,Failed,2,98.65,Customer Unavailable,0,No
1403,1403,2025-07-22,2025-07-27,2025-07-26,ParcelOne,Bengaluru,Delivered,3,127.85,nan,0,No
1404,1404,2025-08-10,2025-08-12,2025-08-17,QuickShip India,Delhi,Delayed,1,178.5,Courier Delay,6,Yes
1405,1405,2026-03-14,2026-03-17,,SwiftKart Logistics,Kolkata,Failed,2,100.62,Customer Refused,-1,No
1406,1406,2026-06-20,2026-06-25,,QuickShip India,Bengaluru,Failed,3,40.02,Customer Refused,6,Yes
1407,1407,2026-07-26,2026-07-28,,BlueRoute Express,Delhi,In Transit,3,56.95,nan,3,Yes
1408,1408,2026-07-07,2026-07-12,2026-07-12,QuickShip India,Kolkata,Delivered,2,143.83,nan,6,Yes
1409,1409,2025-06-12,2025-06-14,2025-06-14,RapidX Logistics,Chennai,Delivered,1,104.65,nan,2,No
1410,1410,2025-07-04,2025-07-09,2025-07-13,BlueRoute Express,Hyderabad,Delayed,2,128.69,Courier Delay,2,No
1411,1411,2025-09-27,2025-09-29,,ParcelOne,Mumbai,RTO,1,103.12,Incorrect Address,5,Yes
1412,1412,2024-11-01,2024-11-05,2024-11-05,QuickShip India,Hyderabad,Delivered,2,112.62,nan,0,No
1413,1413,2024-12-08,2024-12-11,,QuickShip India,Delhi,In Transit,2,84.54,nan,4,Yes
1414,1414,2025-01-20,2025-01-23,2025-01-22,RapidX Logistics,Chennai,Delivered,2,48.32,nan,2,No
1415,1415,2025-07-13,2025-07-16,,BlueRoute Express,Chennai,RTO,2,104.89,Logistics Capacity,2,No
1416,1416,2025-08-19,2025-08-21,2025-08-23,MetroDeliver,Delhi,Delayed,1,164.88,Courier Delay,-1,No
1417,1417,2024-09-16,2024-09-21,2024-09-24,MetroDeliver,Hyderabad,Delayed,1,116.22,Courier Delay,5,Yes
1418,1418,2024-10-15,2024-10-19,2024-10-19,QuickShip India,Mumbai,Delivered,3,93.98,nan,1,No
1419,1419,2026-01-10,2026-01-14,,RapidX Logistics,Delhi,RTO,1,101.18,Customer Refused,2,No
1420,1420,2026-02-22,2026-02-25,,RapidX Logistics,Hyderabad,RTO,3,153.64,Customer Unavailable,2,No
1421,1421,2026-01-20,2026-01-24,2026-01-23,BlueRoute Express,Kolkata,Delivered,1,135.59,nan,5,Yes
1422,1422,2025-01-31,2025-02-04,2025-02-06,MetroDeliver,Chennai,Delayed,1,51.45,Courier Delay,3,Yes
1423,1423,2025-03-12,2025-03-16,2025-03-15,RapidX Logistics,Bengaluru,Delivered,2,131.15,nan,1,No
1424,1424,2024-09-21,2024-09-23,,QuickShip India,Delhi,Failed,3,64.73,Courier Delay,1,No
1425,1425,2026-06-20,2026-06-25,,SwiftKart Logistics,Mumbai,Failed,2,135.57,Incorrect Address,3,Yes
1426,1426,2026-07-06,2026-07-11,2026-07-16,BlueRoute Express,Kolkata,Delayed,1,114.59,Courier Delay,3,Yes
1427,1427,2024-09-08,2024-09-13,,SwiftKart Logistics,Mumbai,Failed,2,175.49,Logistics Capacity,4,Yes
1428,1428,2024-09-21,2024-09-24,2024-09-29,RapidX Logistics,Delhi,Delayed,2,127.97,Courier Delay,-1,No
1429,1429,2024-10-14,2024-10-16,2024-10-14,QuickShip India,Bengaluru,Delivered,3,73.9,nan,1,No
1430,1430,2025-09-24,2025-09-29,2025-09-29,SwiftKart Logistics,Bengaluru,Delivered,2,44.52,nan,5,Yes
1431,1431,2026-06-02,2026-06-06,2026-06-05,ParcelOne,Hyderabad,Delivered,3,168.07,nan,3,Yes
1432,1432,2026-06-22,2026-06-26,2026-06-25,SwiftKart Logistics,Kolkata,Delivered,1,67.51,nan,6,Yes
1433,1433,2025-06-16,2025-06-19,,ParcelOne,Delhi,RTO,2,158.54,Courier Delay,5,Yes
1434,1434,2025-07-25,2025-07-29,,SwiftKart Logistics,Mumbai,RTO,1,51.75,Courier Delay,-1,No
1435,1435,2025-08-13,2025-08-15,2025-08-20,ParcelOne,Kolkata,Delayed,2,149.16,Courier Delay,2,No
1436,1436,2025-02-16,2025-02-19,2025-02-17,SwiftKart Logistics,Mumbai,Delivered,3,91.47,nan,-1,No
1437,1437,2025-03-31,2025-04-05,,RapidX Logistics,Bengaluru,Failed,3,100.7,Courier Delay,5,Yes
1438,1438,2025-06-29,2025-07-04,2025-07-04,MetroDeliver,Delhi,Delivered,1,89.4,nan,4,Yes
1439,1439,2026-01-23,2026-01-28,2026-02-03,BlueRoute Express,Kolkata,Delayed,2,179.44,Courier Delay,1,No
1440,1440,2026-04-11,2026-04-15,2026-04-15,SwiftKart Logistics,Chennai,Delivered,2,65.38,nan,6,Yes
1441,1441,2026-05-01,2026-05-04,2026-05-03,ParcelOne,Mumbai,Delivered,3,65.38,nan,1,No
1442,1442,2025-01-29,2025-02-03,2025-02-02,QuickShip India,Chennai,Delivered,1,128.52,nan,5,Yes
1443,1443,2026-02-14,2026-02-17,2026-02-16,SwiftKart Logistics,Delhi,Delivered,2,70.15,nan,7,Yes
1444,1444,2026-04-01,2026-04-05,2026-04-04,SwiftKart Logistics,Mumbai,Delivered,3,63.55,nan,4,Yes
1445,1445,2025-12-29,2026-01-01,2026-01-06,RapidX Logistics,Chennai,Delayed,3,173.36,Courier Delay,0,No
1446,1446,2024-08-21,2024-08-24,2024-08-22,QuickShip India,Kolkata,Delivered,3,163.02,nan,4,Yes
1447,1447,2026-05-21,2026-05-24,,BlueRoute Express,Mumbai,RTO,1,178.31,Logistics Capacity,1,No
1448,1448,2026-07-19,2026-07-23,,QuickShip India,Delhi,Failed,3,114.76,Customer Refused,4,Yes
1449,1449,2025-04-19,2025-04-22,2025-04-21,MetroDeliver,Hyderabad,Delivered,2,40.01,nan,0,No
1450,1450,2025-05-23,2025-05-26,,SwiftKart Logistics,Bengaluru,Failed,3,50.59,Incorrect Address,2,No
1451,1451,2025-03-12,2025-03-15,2025-03-14,MetroDeliver,Kolkata,Delivered,1,135.88,nan,4,Yes
1452,1452,2025-04-22,2025-04-24,,MetroDeliver,Delhi,RTO,2,171.33,Customer Unavailable,0,No
1453,1453,2026-04-19,2026-04-22,2026-04-22,RapidX Logistics,Mumbai,Delivered,1,61.17,nan,1,No
1454,1454,2025-05-31,2025-06-04,2025-06-02,SwiftKart Logistics,Kolkata,Delivered,3,73.93,nan,4,Yes
1455,1455,2024-09-24,2024-09-26,2024-09-26,RapidX Logistics,Mumbai,Delivered,2,80.32,nan,1,No
1456,1456,2025-08-22,2025-08-24,2025-08-23,RapidX Logistics,Bengaluru,Delivered,3,102.63,nan,2,No
1457,1457,2025-09-22,2025-09-25,2025-09-29,ParcelOne,Mumbai,Delayed,3,112.74,Courier Delay,2,No
1458,1458,2025-09-21,2025-09-25,,ParcelOne,Chennai,RTO,1,66.91,Damaged Package,7,Yes
1459,1459,2025-10-06,2025-10-11,,ParcelOne,Chennai,RTO,1,62.93,Incorrect Address,2,No
1460,1460,2025-11-17,2025-11-19,2025-11-17,RapidX Logistics,Delhi,Delivered,3,134.22,nan,6,Yes
1461,1461,2024-10-15,2024-10-18,,MetroDeliver,Chennai,RTO,2,127.5,Damaged Package,6,Yes
1462,1462,2026-04-19,2026-04-24,,MetroDeliver,Kolkata,Failed,1,51.08,Damaged Package,2,No
1463,1463,2026-05-21,2026-05-25,,SwiftKart Logistics,Hyderabad,Failed,2,101.73,Customer Unavailable,1,No
1464,1464,2026-06-20,2026-06-24,2026-06-24,MetroDeliver,Chennai,Delivered,3,169.87,nan,7,Yes
1465,1465,2026-05-27,2026-05-29,,QuickShip India,Chennai,RTO,2,106.75,Courier Delay,-1,No
1466,1466,2026-07-08,2026-07-11,,MetroDeliver,Delhi,RTO,1,128.61,Customer Unavailable,5,Yes
1467,1467,2026-05-12,2026-05-15,,MetroDeliver,Mumbai,In Transit,2,95.51,nan,2,No
1468,1468,2026-06-04,2026-06-09,,ParcelOne,Bengaluru,Failed,2,155.73,Incorrect Address,-1,No
1469,1469,2025-03-18,2025-03-20,,RapidX Logistics,Delhi,RTO,1,106.2,Customer Unavailable,3,Yes
1470,1470,2025-04-05,2025-04-09,,MetroDeliver,Hyderabad,Failed,1,42.85,Customer Refused,7,Yes
1471,1471,2025-05-14,2025-05-16,,QuickShip India,Delhi,RTO,3,88.31,Incorrect Address,1,No
1472,1472,2026-03-17,2026-03-22,2026-03-21,BlueRoute Express,Bengaluru,Delivered,1,165.3,nan,3,Yes
1473,1473,2026-04-08,2026-04-13,,RapidX Logistics,Bengaluru,Failed,3,51.37,Courier Delay,6,Yes
1474,1474,2025-12-29,2026-01-02,2026-01-02,BlueRoute Express,Mumbai,Delivered,2,169.44,nan,2,No
1475,1475,2026-02-09,2026-02-13,2026-02-12,MetroDeliver,Delhi,Delivered,2,47.14,nan,6,Yes
1476,1476,2025-05-30,2025-06-04,,QuickShip India,Chennai,Failed,3,101.7,Customer Unavailable,1,No
1477,1477,2025-06-23,2025-06-27,2025-06-27,MetroDeliver,Chennai,Delivered,3,162.72,nan,1,No
1478,1478,2025-02-21,2025-02-26,,ParcelOne,Chennai,In Transit,2,165.82,nan,4,Yes
1479,1479,2025-03-19,2025-03-22,,MetroDeliver,Hyderabad,RTO,1,67.99,Damaged Package,1,No
1480,1480,2024-12-31,2025-01-03,2025-01-03,BlueRoute Express,Kolkata,Delivered,1,49.76,nan,3,Yes
1481,1481,2025-01-24,2025-01-29,,MetroDeliver,Hyderabad,RTO,1,101.08,Incorrect Address,0,No
1482,1482,2025-04-01,2025-04-03,2025-04-03,RapidX Logistics,Kolkata,Delivered,3,150.06,nan,5,Yes
1483,1483,2025-06-19,2025-06-24,,MetroDeliver,Bengaluru,Failed,2,176.89,Courier Delay,5,Yes
1484,1484,2024-10-24,2024-10-27,2024-11-01,QuickShip India,Delhi,Delayed,2,91.73,Courier Delay,3,Yes
1485,1485,2024-11-24,2024-11-29,2024-12-05,SwiftKart Logistics,Hyderabad,Delayed,3,63.58,Courier Delay,4,Yes
1486,1486,2026-04-20,2026-04-24,,MetroDeliver,Bengaluru,Failed,1,62.75,Customer Unavailable,7,Yes
1487,1487,2024-09-07,2024-09-10,,SwiftKart Logistics,Hyderabad,Failed,2,46.7,Incorrect Address,3,Yes
1488,1488,2024-09-11,2024-09-13,,MetroDeliver,Delhi,Failed,1,96.86,Customer Unavailable,7,Yes
1489,1489,2024-10-08,2024-10-10,,ParcelOne,Delhi,RTO,2,69.91,Courier Delay,2,No
1490,1490,2026-05-25,2026-05-27,2026-05-26,MetroDeliver,Mumbai,Delivered,3,68.97,nan,6,Yes
1491,1491,2026-06-12,2026-06-15,,BlueRoute Express,Bengaluru,RTO,3,162.02,Customer Unavailable,4,Yes
1492,1492,2025-01-12,2025-01-15,2025-01-13,RapidX Logistics,Mumbai,Delivered,3,40.68,nan,5,Yes
1493,1493,2025-01-27,2025-01-30,,BlueRoute Express,Mumbai,RTO,1,60.27,Incorrect Address,6,Yes
1494,1494,2025-11-29,2025-12-03,2025-12-06,ParcelOne,Kolkata,Delayed,2,57.41,Courier Delay,0,No
1495,1495,2025-03-07,2025-03-09,2025-03-08,MetroDeliver,Chennai,Delivered,3,151.8,nan,5,Yes
1496,1496,2024-08-16,2024-08-19,,ParcelOne,Kolkata,Failed,2,52.57,Customer Unavailable,1,No
1497,1497,2024-09-23,2024-09-28,,QuickShip India,Chennai,RTO,2,171.63,Damaged Package,7,Yes
1498,1498,2026-04-23,2026-04-27,2026-04-25,RapidX Logistics,Mumbai,Delivered,3,149.7,nan,0,No
1499,1499,2026-05-10,2026-05-14,2026-05-13,MetroDeliver,Bengaluru,Delivered,3,43.18,nan,3,Yes
1500,1500,2024-10-25,2024-10-28,,MetroDeliver,Chennai,RTO,3,46.4,Damaged Package,3,Yes
1501,1501,2024-11-16,2024-11-20,2024-11-25,SwiftKart Logistics,Hyderabad,Delayed,3,86.48,Courier Delay,3,Yes
1502,1502,2024-12-25,2024-12-28,2024-12-27,RapidX Logistics,Kolkata,Delivered,3,161.44,nan,7,Yes
1503,1503,2025-01-18,2025-01-23,2025-01-28,SwiftKart Logistics,Bengaluru,Delayed,2,57.97,Courier Delay,-1,No
1504,1504,2024-12-23,2024-12-27,2025-01-02,RapidX Logistics,Chennai,Delayed,3,69.38,Courier Delay,3,Yes
1505,1505,2025-01-23,2025-01-26,2025-01-28,QuickShip India,Bengaluru,Delayed,3,93.5,Courier Delay,3,Yes
1506,1506,2025-02-14,2025-02-19,,BlueRoute Express,Chennai,RTO,3,109.81,Courier Delay,3,Yes
1507,1507,2024-10-21,2024-10-25,,SwiftKart Logistics,Kolkata,RTO,2,107.78,Incorrect Address,0,No
1508,1508,2024-12-01,2024-12-05,2024-12-10,QuickShip India,Kolkata,Delayed,3,43.94,Courier Delay,6,Yes
1509,1509,2026-05-19,2026-05-22,,ParcelOne,Chennai,In Transit,1,117.52,nan,0,No
1510,1510,2024-11-05,2024-11-10,2024-11-09,RapidX Logistics,Kolkata,Delivered,3,65.26,nan,5,Yes
1511,1511,2024-12-04,2024-12-08,2024-12-08,ParcelOne,Delhi,Delivered,1,154.45,nan,1,No
1512,1512,2026-01-30,2026-02-01,,QuickShip India,Kolkata,RTO,3,73.65,Logistics Capacity,6,Yes
1513,1513,2025-10-06,2025-10-11,2025-10-17,RapidX Logistics,Kolkata,Delayed,1,133.31,Courier Delay,6,Yes
1514,1514,2025-11-16,2025-11-20,2025-11-22,BlueRoute Express,Hyderabad,Delayed,2,45.47,Courier Delay,2,No
1515,1515,2025-07-21,2025-07-26,2025-07-25,BlueRoute Express,Bengaluru,Delivered,3,40.32,nan,7,Yes
1516,1516,2024-10-20,2024-10-22,,RapidX Logistics,Kolkata,RTO,3,88.46,Incorrect Address,2,No
1517,1517,2025-01-09,2025-01-13,2025-01-12,ParcelOne,Bengaluru,Delivered,2,150.92,nan,2,No
1518,1518,2025-02-21,2025-02-24,2025-02-24,BlueRoute Express,Chennai,Delivered,1,123.16,nan,5,Yes
1519,1519,2025-02-08,2025-02-12,2025-02-11,RapidX Logistics,Mumbai,Delivered,3,139.93,nan,5,Yes
1520,1520,2025-03-21,2025-03-25,,ParcelOne,Hyderabad,Failed,2,175.3,Customer Refused,0,No
1521,1521,2024-10-31,2024-11-04,2024-11-04,ParcelOne,Delhi,Delivered,2,66.64,nan,4,Yes
1522,1522,2024-12-06,2024-12-11,2024-12-10,ParcelOne,Mumbai,Delivered,2,148.42,nan,2,No
1523,1523,2025-02-13,2025-02-15,,SwiftKart Logistics,Bengaluru,Failed,3,103.16,Customer Refused,4,Yes
1524,1524,2025-02-20,2025-02-24,,SwiftKart Logistics,Mumbai,Failed,1,79.02,Logistics Capacity,5,Yes
1525,1525,2025-05-27,2025-05-31,,ParcelOne,Bengaluru,RTO,2,72.12,Incorrect Address,5,Yes
1526,1526,2025-06-26,2025-06-28,,RapidX Logistics,Bengaluru,RTO,2,130.4,Incorrect Address,3,Yes
1527,1527,2024-08-15,2024-08-18,2024-08-18,BlueRoute Express,Chennai,Delivered,2,51.13,nan,0,No
1528,1528,2024-09-17,2024-09-20,,RapidX Logistics,Chennai,Failed,1,42.7,Courier Delay,0,No
1529,1529,2025-09-09,2025-09-11,2025-09-14,SwiftKart Logistics,Delhi,Delayed,1,174.94,Courier Delay,-1,No
1530,1530,2024-08-13,2024-08-17,2024-08-17,RapidX Logistics,Kolkata,Delivered,2,160.66,nan,7,Yes
1531,1531,2026-01-31,2026-02-05,2026-02-10,QuickShip India,Chennai,Delayed,2,46.14,Courier Delay,2,No
1532,1532,2024-09-13,2024-09-16,2024-09-15,ParcelOne,Delhi,Delivered,2,174.29,nan,-1,No
1533,1533,2024-10-17,2024-10-21,2024-10-21,RapidX Logistics,Kolkata,Delivered,3,158.99,nan,7,Yes
1534,1534,2025-10-28,2025-11-01,,MetroDeliver,Delhi,Failed,3,172.3,Damaged Package,6,Yes
1535,1535,2026-05-17,2026-05-22,2026-05-24,MetroDeliver,Delhi,Delayed,1,152.7,Courier Delay,1,No
1536,1536,2025-10-01,2025-10-06,,SwiftKart Logistics,Chennai,In Transit,3,166.28,nan,4,Yes
1537,1537,2025-09-06,2025-09-10,2025-09-09,SwiftKart Logistics,Kolkata,Delivered,3,62.6,nan,7,Yes
1538,1538,2025-10-05,2025-10-08,,ParcelOne,Chennai,In Transit,3,86.64,nan,5,Yes
1539,1539,2026-03-11,2026-03-13,2026-03-13,MetroDeliver,Hyderabad,Delivered,2,167.64,nan,7,Yes
1540,1540,2024-10-28,2024-11-01,,RapidX Logistics,Bengaluru,RTO,3,141.66,Logistics Capacity,3,Yes
1541,1541,2024-11-23,2024-11-25,,ParcelOne,Delhi,Failed,2,150.49,Customer Unavailable,3,Yes
1542,1542,2026-01-09,2026-01-14,2026-01-14,ParcelOne,Delhi,Delivered,2,54.98,nan,6,Yes
1543,1543,2026-02-14,2026-02-18,2026-02-16,RapidX Logistics,Chennai,Delivered,3,168.39,nan,-1,No
1544,1544,2026-06-12,2026-06-16,,BlueRoute Express,Hyderabad,Failed,3,131.58,Courier Delay,2,No
1545,1545,2026-07-24,2026-07-27,,ParcelOne,Hyderabad,Failed,1,147.53,Logistics Capacity,-1,No
1546,1546,2025-02-17,2025-02-19,,ParcelOne,Kolkata,RTO,2,49.21,Damaged Package,6,Yes
1547,1547,2025-11-07,2025-11-10,2025-11-09,RapidX Logistics,Mumbai,Delivered,2,79.4,nan,7,Yes
1548,1548,2024-12-10,2024-12-12,,MetroDeliver,Kolkata,RTO,1,172.75,Damaged Package,3,Yes
1549,1549,2025-01-09,2025-01-13,,MetroDeliver,Bengaluru,RTO,1,138.22,Courier Delay,7,Yes
1550,1550,2026-05-22,2026-05-25,,BlueRoute Express,Bengaluru,Failed,2,151.85,Courier Delay,1,No
1551,1551,2025-10-31,2025-11-03,2025-11-02,SwiftKart Logistics,Kolkata,Delivered,3,164.14,nan,5,Yes
1552,1552,2025-11-15,2025-11-20,2025-11-24,RapidX Logistics,Kolkata,Delayed,2,61.64,Courier Delay,4,Yes
1553,1553,2024-08-06,2024-08-10,,ParcelOne,Mumbai,RTO,1,150.21,Customer Refused,3,Yes
1554,1554,2025-09-18,2025-09-22,2025-09-24,QuickShip India,Delhi,Delayed,3,139.75,Courier Delay,2,No
1555,1555,2025-09-01,2025-09-06,,QuickShip India,Mumbai,RTO,1,174.25,Customer Refused,5,Yes
1556,1556,2025-10-12,2025-10-14,2025-10-19,RapidX Logistics,Mumbai,Delayed,1,49.67,Courier Delay,4,Yes
1557,1557,2025-10-26,2025-10-29,,BlueRoute Express,Bengaluru,Failed,1,166.47,Damaged Package,-1,No
1558,1558,2025-12-02,2025-12-05,2025-12-11,ParcelOne,Chennai,Delayed,3,150.6,Courier Delay,4,Yes
1559,1559,2026-03-24,2026-03-27,2026-03-26,QuickShip India,Mumbai,Delivered,3,135.4,nan,0,No
1560,1560,2026-05-27,2026-05-30,,MetroDeliver,Kolkata,RTO,2,124.87,Incorrect Address,3,Yes
1561,1561,2025-05-22,2025-05-26,2025-05-26,BlueRoute Express,Hyderabad,Delivered,1,107.07,nan,2,No
1562,1562,2025-06-14,2025-06-19,,SwiftKart Logistics,Chennai,RTO,3,155.69,Incorrect Address,7,Yes
1563,1563,2025-07-08,2025-07-12,2025-07-17,MetroDeliver,Bengaluru,Delayed,3,48.42,Courier Delay,7,Yes
1564,1564,2026-07-27,2026-08-01,2026-07-31,ParcelOne,Hyderabad,Delivered,1,138.58,nan,0,No
1565,1565,2025-08-02,2025-08-07,,QuickShip India,Mumbai,RTO,3,131.31,Incorrect Address,5,Yes
1566,1566,2025-09-05,2025-09-09,2025-09-11,BlueRoute Express,Bengaluru,Delayed,3,89.91,Courier Delay,6,Yes
1567,1567,2025-12-22,2025-12-25,,ParcelOne,Delhi,RTO,3,67.04,Customer Unavailable,6,Yes
1568,1568,2025-10-04,2025-10-09,2025-10-14,BlueRoute Express,Hyderabad,Delayed,3,123.68,Courier Delay,4,Yes
1569,1569,2025-10-23,2025-10-28,,MetroDeliver,Bengaluru,RTO,3,65.07,Incorrect Address,2,No
1570,1570,2025-01-25,2025-01-28,,RapidX Logistics,Kolkata,Failed,3,169.79,Customer Refused,1,No
1571,1571,2025-02-23,2025-02-25,2025-03-01,ParcelOne,Kolkata,Delayed,3,83.02,Courier Delay,6,Yes
1572,1572,2025-02-12,2025-02-17,,MetroDeliver,Chennai,RTO,1,82.6,Logistics Capacity,7,Yes
1573,1573,2025-03-18,2025-03-21,2025-03-20,MetroDeliver,Mumbai,Delivered,2,139.22,nan,1,No
1574,1574,2026-05-26,2026-05-31,2026-05-30,MetroDeliver,Chennai,Delivered,1,145.33,nan,1,No
1575,1575,2026-06-30,2026-07-05,2026-07-05,MetroDeliver,Kolkata,Delivered,2,136.48,nan,4,Yes
1576,1576,2026-06-28,2026-07-01,,RapidX Logistics,Delhi,RTO,3,65.88,Logistics Capacity,-1,No
1577,1577,2026-08-05,2026-08-10,,QuickShip India,Hyderabad,Failed,3,76.91,Damaged Package,6,Yes
1578,1578,2025-12-15,2025-12-19,,RapidX Logistics,Hyderabad,In Transit,3,146.22,nan,4,Yes
1579,1579,2026-01-09,2026-01-13,2026-01-11,QuickShip India,Hyderabad,Delivered,2,136.48,nan,0,No
1580,1580,2025-07-06,2025-07-10,,BlueRoute Express,Hyderabad,Failed,3,78.14,Courier Delay,-1,No
1581,1581,2025-11-11,2025-11-15,,MetroDeliver,Chennai,RTO,2,84.74,Incorrect Address,6,Yes
1582,1582,2025-03-30,2025-04-01,,MetroDeliver,Bengaluru,RTO,1,84.76,Courier Delay,7,Yes
1583,1583,2025-05-12,2025-05-14,2025-05-14,BlueRoute Express,Kolkata,Delivered,1,88.42,nan,1,No
1584,1584,2024-10-24,2024-10-26,,SwiftKart Logistics,Mumbai,In Transit,3,124.96,nan,6,Yes
1585,1585,2024-12-06,2024-12-11,2024-12-10,QuickShip India,Hyderabad,Delivered,3,130.95,nan,7,Yes
1586,1586,2024-12-22,2024-12-27,,QuickShip India,Chennai,RTO,1,140.89,Customer Refused,7,Yes
1587,1587,2024-11-04,2024-11-06,,QuickShip India,Bengaluru,RTO,2,123.73,Courier Delay,1,No
1588,1588,2024-12-13,2024-12-15,2024-12-15,BlueRoute Express,Bengaluru,Delivered,2,47.27,nan,6,Yes
1589,1589,2026-03-02,2026-03-06,,BlueRoute Express,Delhi,Failed,1,80.66,Customer Refused,3,Yes
1590,1590,2025-03-24,2025-03-27,2025-03-26,QuickShip India,Hyderabad,Delivered,2,163.13,nan,7,Yes
1591,1591,2025-04-20,2025-04-23,2025-04-22,RapidX Logistics,Chennai,Delivered,2,55.4,nan,4,Yes
1592,1592,2025-06-18,2025-06-20,,RapidX Logistics,Delhi,Failed,3,161.32,Damaged Package,7,Yes
1593,1593,2025-07-23,2025-07-26,2025-07-26,ParcelOne,Hyderabad,Delivered,2,72.61,nan,3,Yes
1594,1594,2026-04-08,2026-04-11,,RapidX Logistics,Chennai,RTO,3,156.67,Courier Delay,0,No
1595,1595,2026-03-28,2026-04-02,2026-04-01,MetroDeliver,Bengaluru,Delivered,1,134.09,nan,0,No
1596,1596,2026-07-10,2026-07-15,2026-07-15,ParcelOne,Mumbai,Delivered,2,52.23,nan,7,Yes
1597,1597,2025-10-11,2025-10-14,2025-10-12,MetroDeliver,Delhi,Delivered,2,68.17,nan,7,Yes
1598,1598,2024-09-09,2024-09-13,,MetroDeliver,Kolkata,Failed,3,154.53,Customer Unavailable,1,No
1599,1599,2024-09-27,2024-10-02,2024-10-01,RapidX Logistics,Mumbai,Delivered,3,158.27,nan,1,No
1600,1600,2025-06-30,2025-07-04,2025-07-03,QuickShip India,Bengaluru,Delivered,2,105.6,nan,4,Yes
1601,1601,2025-08-08,2025-08-10,2025-08-09,MetroDeliver,Kolkata,Delivered,3,176.1,nan,1,No
1602,1602,2026-01-07,2026-01-09,2026-01-07,SwiftKart Logistics,Delhi,Delivered,2,122.76,nan,7,Yes
1603,1603,2026-06-23,2026-06-27,2026-06-26,QuickShip India,Kolkata,Delivered,2,117.83,nan,6,Yes
1604,1604,2026-07-10,2026-07-13,2026-07-13,ParcelOne,Chennai,Delivered,1,95.24,nan,1,No
1605,1605,2026-01-28,2026-01-31,,SwiftKart Logistics,Mumbai,Failed,3,133.22,Courier Delay,4,Yes
1606,1606,2026-01-09,2026-01-11,2026-01-14,BlueRoute Express,Chennai,Delayed,1,43.51,Courier Delay,2,No
1607,1607,2026-01-31,2026-02-04,,SwiftKart Logistics,Hyderabad,RTO,1,144.97,Damaged Package,1,No
1608,1608,2025-03-31,2025-04-04,,RapidX Logistics,Mumbai,RTO,1,58.32,Damaged Package,-1,No
1609,1609,2025-05-15,2025-05-19,,ParcelOne,Delhi,RTO,2,172.75,Damaged Package,6,Yes
1610,1610,2025-06-24,2025-06-26,2025-06-25,MetroDeliver,Hyderabad,Delivered,3,155.69,nan,5,Yes
1611,1611,2024-08-10,2024-08-13,,ParcelOne,Delhi,Failed,1,136.3,Courier Delay,7,Yes
1612,1612,2024-09-09,2024-09-11,,QuickShip India,Kolkata,RTO,3,44.1,Logistics Capacity,-1,No
1613,1613,2026-05-22,2026-05-24,,QuickShip India,Kolkata,In Transit,2,179.78,nan,1,No
1614,1614,2026-06-19,2026-06-22,,RapidX Logistics,Bengaluru,In Transit,2,134.1,nan,-1,No
1615,1615,2024-10-04,2024-10-06,2024-10-05,RapidX Logistics,Chennai,Delivered,3,157.93,nan,7,Yes
1616,1616,2025-08-06,2025-08-09,,QuickShip India,Bengaluru,RTO,1,136.09,Damaged Package,5,Yes
1617,1617,2025-09-13,2025-09-16,,RapidX Logistics,Delhi,Failed,3,76.3,Damaged Package,1,No
1618,1618,2025-04-14,2025-04-19,,QuickShip India,Chennai,RTO,1,54.46,Customer Unavailable,6,Yes
1619,1619,2024-09-07,2024-09-11,,RapidX Logistics,Delhi,In Transit,2,153.89,nan,5,Yes
1620,1620,2024-09-13,2024-09-18,,MetroDeliver,Mumbai,RTO,1,125.42,Courier Delay,2,No
1621,1621,2024-09-23,2024-09-26,,ParcelOne,Mumbai,In Transit,2,168.9,nan,-1,No
1622,1622,2024-10-16,2024-10-19,,ParcelOne,Hyderabad,RTO,1,140.41,Customer Unavailable,-1,No
1623,1623,2026-04-07,2026-04-10,2026-04-14,MetroDeliver,Bengaluru,Delayed,2,60.93,Courier Delay,-1,No
1624,1624,2026-05-15,2026-05-18,,BlueRoute Express,Delhi,RTO,2,153.46,Customer Unavailable,3,Yes
1625,1625,2025-03-10,2025-03-12,,QuickShip India,Delhi,RTO,1,141.73,Logistics Capacity,4,Yes
1626,1626,2025-02-05,2025-02-09,,ParcelOne,Bengaluru,Failed,3,91.17,Courier Delay,5,Yes
1627,1627,2025-09-06,2025-09-08,,RapidX Logistics,Hyderabad,RTO,2,154.26,Customer Refused,7,Yes
1628,1628,2025-11-28,2025-12-01,,SwiftKart Logistics,Delhi,RTO,1,144.84,Damaged Package,7,Yes
1629,1629,2025-12-30,2026-01-03,2026-01-06,MetroDeliver,Bengaluru,Delayed,3,175.3,Courier Delay,2,No
1630,1630,2026-07-25,2026-07-30,2026-07-29,MetroDeliver,Mumbai,Delivered,1,145.57,nan,-1,No
1631,1631,2026-08-12,2026-08-16,,RapidX Logistics,Chennai,Failed,1,162.98,Courier Delay,5,Yes
1632,1632,2024-12-27,2025-01-01,,SwiftKart Logistics,Hyderabad,Failed,2,44.85,Courier Delay,1,No
1633,1633,2025-12-13,2025-12-16,,BlueRoute Express,Chennai,In Transit,3,124.37,nan,0,No
1634,1634,2026-01-24,2026-01-28,2026-01-28,ParcelOne,Kolkata,Delivered,3,100.04,nan,7,Yes
1635,1635,2025-04-12,2025-04-15,,SwiftKart Logistics,Bengaluru,RTO,2,70.05,Logistics Capacity,6,Yes
1636,1636,2025-05-08,2025-05-11,2025-05-11,SwiftKart Logistics,Bengaluru,Delivered,1,173.0,nan,1,No
1637,1637,2024-08-25,2024-08-27,2024-08-27,SwiftKart Logistics,Bengaluru,Delivered,1,111.43,nan,5,Yes
1638,1638,2024-10-05,2024-10-09,2024-10-09,ParcelOne,Chennai,Delivered,1,159.62,nan,1,No
1639,1639,2024-11-03,2024-11-08,2024-11-07,SwiftKart Logistics,Chennai,Delivered,2,113.59,nan,2,No
1640,1640,2026-07-31,2026-08-03,2026-08-03,SwiftKart Logistics,Delhi,Delivered,3,54.29,nan,1,No
1641,1641,2025-08-02,2025-08-05,,SwiftKart Logistics,Chennai,Failed,2,108.86,Logistics Capacity,0,No
1642,1642,2026-04-19,2026-04-23,2026-04-21,MetroDeliver,Mumbai,Delivered,3,55.53,nan,0,No
1643,1643,2026-02-16,2026-02-21,2026-02-21,ParcelOne,Hyderabad,Delivered,1,89.27,nan,0,No
1644,1644,2025-05-15,2025-05-18,2025-05-17,RapidX Logistics,Delhi,Delivered,2,152.91,nan,4,Yes
1645,1645,2026-07-20,2026-07-23,,RapidX Logistics,Kolkata,RTO,2,138.48,Customer Refused,6,Yes
1646,1646,2025-01-03,2025-01-06,2025-01-06,ParcelOne,Delhi,Delivered,3,45.37,nan,5,Yes
1647,1647,2025-02-05,2025-02-10,2025-02-08,RapidX Logistics,Hyderabad,Delivered,2,62.15,nan,0,No
1648,1648,2025-06-05,2025-06-09,,MetroDeliver,Delhi,Failed,3,137.18,Customer Refused,4,Yes
1649,1649,2025-06-28,2025-07-02,,BlueRoute Express,Chennai,Failed,1,40.32,Customer Refused,1,No
1650,1650,2025-01-29,2025-02-02,2025-02-02,RapidX Logistics,Hyderabad,Delivered,2,104.28,nan,5,Yes
1651,1651,2025-03-02,2025-03-04,,RapidX Logistics,Mumbai,In Transit,3,172.7,nan,-1,No
1652,1652,2026-06-20,2026-06-23,,MetroDeliver,Delhi,Failed,1,52.93,Incorrect Address,5,Yes
1653,1653,2025-08-03,2025-08-05,2025-08-05,RapidX Logistics,Delhi,Delivered,3,170.28,nan,2,No
1654,1654,2025-09-16,2025-09-19,2025-09-18,SwiftKart Logistics,Hyderabad,Delivered,3,152.19,nan,0,No
1655,1655,2026-04-12,2026-04-14,2026-04-14,ParcelOne,Mumbai,Delivered,3,174.63,nan,5,Yes
1656,1656,2026-04-30,2026-05-02,,ParcelOne,Kolkata,RTO,1,158.16,Customer Refused,7,Yes
1657,1657,2026-05-25,2026-05-29,2026-05-29,ParcelOne,Delhi,Delivered,3,158.49,nan,7,Yes
1658,1658,2025-04-09,2025-04-14,,BlueRoute Express,Chennai,RTO,2,157.89,Courier Delay,6,Yes
1659,1659,2025-05-19,2025-05-21,2025-05-19,ParcelOne,Delhi,Delivered,3,104.71,nan,7,Yes
1660,1660,2025-12-15,2025-12-17,2025-12-15,BlueRoute Express,Chennai,Delivered,2,73.47,nan,6,Yes
1661,1661,2026-01-06,2026-01-09,,QuickShip India,Mumbai,RTO,2,88.29,Damaged Package,2,No
1662,1662,2025-11-20,2025-11-22,2025-11-27,ParcelOne,Hyderabad,Delayed,2,77.89,Courier Delay,3,Yes
1663,1663,2026-01-05,2026-01-08,,ParcelOne,Chennai,In Transit,2,74.56,nan,4,Yes
1664,1664,2025-04-10,2025-04-13,,MetroDeliver,Bengaluru,RTO,2,121.12,Incorrect Address,0,No
1665,1665,2025-05-08,2025-05-12,2025-05-11,ParcelOne,Delhi,Delivered,2,105.71,nan,4,Yes
1666,1666,2024-12-31,2025-01-04,,BlueRoute Express,Kolkata,RTO,3,83.79,Incorrect Address,5,Yes
1667,1667,2025-02-06,2025-02-09,,BlueRoute Express,Delhi,In Transit,3,161.86,nan,5,Yes
1668,1668,2026-02-04,2026-02-06,2026-02-12,ParcelOne,Delhi,Delayed,1,157.55,Courier Delay,6,Yes
1669,1669,2026-03-09,2026-03-14,,QuickShip India,Hyderabad,RTO,2,147.07,Logistics Capacity,2,No
1670,1670,2025-09-06,2025-09-11,,MetroDeliver,Mumbai,RTO,3,98.27,Customer Unavailable,4,Yes
1671,1671,2025-10-14,2025-10-18,,ParcelOne,Delhi,In Transit,3,43.89,nan,6,Yes
1672,1672,2026-04-21,2026-04-23,,BlueRoute Express,Bengaluru,RTO,1,153.38,Logistics Capacity,7,Yes
1673,1673,2026-05-12,2026-05-16,,MetroDeliver,Chennai,RTO,3,96.7,Damaged Package,4,Yes
1674,1674,2026-01-13,2026-01-18,,QuickShip India,Mumbai,In Transit,3,91.26,nan,5,Yes
1675,1675,2025-05-30,2025-06-01,2025-05-31,QuickShip India,Kolkata,Delivered,1,146.85,nan,2,No
1676,1676,2026-04-08,2026-04-10,2026-04-10,SwiftKart Logistics,Mumbai,Delivered,3,41.57,nan,1,No
1677,1677,2024-08-29,2024-09-02,2024-08-31,MetroDeliver,Mumbai,Delivered,3,157.44,nan,1,No
1678,1678,2024-09-23,2024-09-25,2024-09-25,BlueRoute Express,Kolkata,Delivered,2,138.1,nan,3,Yes
1679,1679,2024-12-17,2024-12-21,2024-12-20,SwiftKart Logistics,Bengaluru,Delivered,3,170.78,nan,6,Yes
1680,1680,2025-01-17,2025-01-20,,QuickShip India,Kolkata,RTO,3,56.03,Damaged Package,5,Yes
1681,1681,2025-01-29,2025-01-31,,BlueRoute Express,Kolkata,RTO,1,91.76,Incorrect Address,2,No
1682,1682,2025-03-12,2025-03-17,2025-03-16,BlueRoute Express,Mumbai,Delivered,1,108.54,nan,5,Yes
1683,1683,2026-07-13,2026-07-15,2026-07-14,RapidX Logistics,Mumbai,Delivered,3,151.69,nan,2,No
1684,1684,2026-08-11,2026-08-16,,MetroDeliver,Bengaluru,In Transit,2,138.2,nan,2,No
1685,1685,2025-05-18,2025-05-20,,SwiftKart Logistics,Chennai,RTO,3,79.11,Customer Unavailable,3,Yes
1686,1686,2025-07-01,2025-07-06,,QuickShip India,Mumbai,Failed,3,127.3,Logistics Capacity,5,Yes
1687,1687,2025-06-27,2025-07-01,,RapidX Logistics,Hyderabad,RTO,2,75.31,Logistics Capacity,5,Yes
1688,1688,2025-07-15,2025-07-18,,RapidX Logistics,Hyderabad,RTO,2,99.97,Customer Unavailable,0,No
1689,1689,2025-12-08,2025-12-13,2025-12-12,ParcelOne,Mumbai,Delivered,3,139.84,nan,6,Yes
1690,1690,2025-07-14,2025-07-19,,BlueRoute Express,Kolkata,Failed,3,122.93,Logistics Capacity,0,No
1691,1691,2025-08-06,2025-08-10,,QuickShip India,Mumbai,Failed,2,71.63,Customer Unavailable,0,No
1692,1692,2025-03-28,2025-04-01,,SwiftKart Logistics,Hyderabad,RTO,3,63.84,Customer Unavailable,2,No
1693,1693,2025-04-17,2025-04-19,2025-04-21,RapidX Logistics,Mumbai,Delayed,1,116.41,Courier Delay,3,Yes
1694,1694,2026-06-04,2026-06-09,2026-06-08,QuickShip India,Kolkata,Delivered,3,155.89,nan,4,Yes
1695,1695,2025-01-31,2025-02-03,,BlueRoute Express,Mumbai,RTO,3,42.53,Courier Delay,4,Yes
1696,1696,2025-03-29,2025-04-03,,SwiftKart Logistics,Delhi,RTO,1,161.66,Incorrect Address,0,No
1697,1697,2025-09-04,2025-09-07,,MetroDeliver,Hyderabad,RTO,3,151.04,Logistics Capacity,1,No
1698,1698,2024-12-10,2024-12-13,,BlueRoute Express,Bengaluru,RTO,2,161.85,Customer Unavailable,7,Yes
1699,1699,2026-01-10,2026-01-15,,MetroDeliver,Kolkata,Failed,2,116.14,Logistics Capacity,6,Yes
1700,1700,2025-02-19,2025-02-23,,ParcelOne,Hyderabad,RTO,3,108.72,Courier Delay,0,No
1701,1701,2025-03-06,2025-03-10,2025-03-14,QuickShip India,Kolkata,Delayed,1,144.74,Courier Delay,4,Yes
1702,1702,2025-12-28,2026-01-01,,RapidX Logistics,Chennai,RTO,3,148.26,Logistics Capacity,-1,No
1703,1703,2024-09-16,2024-09-18,2024-09-17,RapidX Logistics,Hyderabad,Delivered,2,152.5,nan,7,Yes
1704,1704,2024-12-23,2024-12-27,2024-12-26,MetroDeliver,Mumbai,Delivered,3,98.62,nan,4,Yes
1705,1705,2025-01-08,2025-01-12,2025-01-10,ParcelOne,Kolkata,Delivered,3,122.63,nan,-1,No
1706,1706,2025-05-21,2025-05-23,2025-05-23,SwiftKart Logistics,Bengaluru,Delivered,3,54.78,nan,2,No
1707,1707,2025-06-30,2025-07-03,2025-07-02,BlueRoute Express,Chennai,Delivered,2,114.75,nan,7,Yes
1708,1708,2025-02-21,2025-02-26,,SwiftKart Logistics,Mumbai,RTO,1,62.3,Customer Unavailable,7,Yes
1709,1709,2025-03-12,2025-03-17,,RapidX Logistics,Kolkata,In Transit,3,113.77,nan,3,Yes
1710,1710,2025-02-17,2025-02-21,2025-02-20,SwiftKart Logistics,Delhi,Delivered,3,68.54,nan,2,No
1711,1711,2025-03-31,2025-04-04,2025-04-03,BlueRoute Express,Mumbai,Delivered,2,45.75,nan,0,No
1712,1712,2025-03-21,2025-03-26,,BlueRoute Express,Mumbai,Failed,3,106.78,Customer Refused,2,No
1713,1713,2025-05-03,2025-05-06,,RapidX Logistics,Chennai,RTO,1,49.94,Courier Delay,0,No
1714,1714,2024-08-28,2024-09-02,,MetroDeliver,Chennai,RTO,2,107.63,Incorrect Address,-1,No
1715,1715,2024-10-06,2024-10-08,,MetroDeliver,Chennai,Failed,2,107.76,Customer Refused,-1,No
1716,1716,2025-01-11,2025-01-14,2025-01-13,MetroDeliver,Bengaluru,Delivered,3,130.92,nan,3,Yes
1717,1717,2025-02-20,2025-02-23,2025-02-23,BlueRoute Express,Bengaluru,Delivered,3,52.82,nan,7,Yes
1718,1718,2025-05-01,2025-05-05,2025-05-04,SwiftKart Logistics,Kolkata,Delivered,1,168.04,nan,1,No
1719,1719,2024-11-12,2024-11-17,2024-11-19,BlueRoute Express,Kolkata,Delayed,1,139.41,Courier Delay,5,Yes
1720,1720,2024-12-18,2024-12-22,2024-12-28,BlueRoute Express,Hyderabad,Delayed,1,147.88,Courier Delay,-1,No
1721,1721,2025-09-01,2025-09-03,2025-09-02,MetroDeliver,Bengaluru,Delivered,3,142.6,nan,-1,No
1722,1722,2025-10-12,2025-10-17,,ParcelOne,Delhi,RTO,3,160.4,Customer Unavailable,6,Yes
1723,1723,2024-10-17,2024-10-21,2024-10-20,QuickShip India,Delhi,Delivered,3,45.04,nan,5,Yes
1724,1724,2024-11-27,2024-11-30,,QuickShip India,Kolkata,RTO,2,148.12,Logistics Capacity,2,No
1725,1725,2026-03-01,2026-03-06,2026-03-05,MetroDeliver,Delhi,Delivered,1,117.37,nan,5,Yes
1726,1726,2024-09-14,2024-09-18,2024-09-18,RapidX Logistics,Hyderabad,Delivered,2,72.45,nan,3,Yes
1727,1727,2026-06-26,2026-06-29,,QuickShip India,Delhi,RTO,3,166.66,Courier Delay,7,Yes
1728,1728,2026-07-05,2026-07-10,,MetroDeliver,Kolkata,RTO,1,131.17,Incorrect Address,0,No
1729,1729,2026-04-21,2026-04-24,,RapidX Logistics,Hyderabad,Failed,3,74.28,Customer Unavailable,7,Yes
1730,1730,2026-06-30,2026-07-04,,BlueRoute Express,Bengaluru,Failed,2,55.92,Damaged Package,-1,No
1731,1731,2025-07-10,2025-07-14,,ParcelOne,Kolkata,RTO,2,62.58,Customer Unavailable,5,Yes
1732,1732,2025-09-02,2025-09-04,,RapidX Logistics,Chennai,Failed,1,116.5,Incorrect Address,7,Yes
1733,1733,2025-10-11,2025-10-15,2025-10-14,QuickShip India,Delhi,Delivered,1,49.45,nan,2,No
1734,1734,2025-10-11,2025-10-14,2025-10-13,RapidX Logistics,Mumbai,Delivered,1,111.56,nan,4,Yes
1735,1735,2026-02-19,2026-02-24,2026-02-23,QuickShip India,Hyderabad,Delivered,3,140.86,nan,6,Yes
1736,1736,2026-03-12,2026-03-16,2026-03-15,QuickShip India,Bengaluru,Delivered,1,152.15,nan,3,Yes
1737,1737,2025-02-14,2025-02-17,2025-02-22,MetroDeliver,Hyderabad,Delayed,2,93.48,Courier Delay,6,Yes
1738,1738,2026-05-06,2026-05-10,2026-05-12,MetroDeliver,Delhi,Delayed,3,110.74,Courier Delay,-1,No
1739,1739,2025-11-24,2025-11-29,,SwiftKart Logistics,Bengaluru,RTO,2,88.26,Logistics Capacity,1,No
1740,1740,2026-01-07,2026-01-10,2026-01-09,SwiftKart Logistics,Mumbai,Delivered,2,114.61,nan,1,No
1741,1741,2024-11-07,2024-11-09,2024-11-08,BlueRoute Express,Delhi,Delivered,3,174.95,nan,1,No
1742,1742,2024-12-11,2024-12-15,,QuickShip India,Chennai,RTO,3,130.93,Customer Unavailable,7,Yes
1743,1743,2025-06-04,2025-06-07,2025-06-07,QuickShip India,Kolkata,Delivered,1,100.27,nan,7,Yes
1744,1744,2025-07-05,2025-07-08,2025-07-14,QuickShip India,Mumbai,Delayed,1,117.25,Courier Delay,2,No
1745,1745,2024-08-12,2024-08-17,,RapidX Logistics,Mumbai,RTO,3,159.67,Logistics Capacity,5,Yes
1746,1746,2024-09-03,2024-09-05,,SwiftKart Logistics,Hyderabad,Failed,3,53.67,Customer Unavailable,3,Yes
1747,1747,2024-09-06,2024-09-10,2024-09-09,ParcelOne,Delhi,Delivered,1,156.95,nan,2,No
1748,1748,2024-10-21,2024-10-26,,QuickShip India,Kolkata,RTO,1,41.29,Courier Delay,-1,No
1749,1749,2025-12-30,2026-01-02,2026-01-01,QuickShip India,Hyderabad,Delivered,3,141.85,nan,-1,No
1750,1750,2026-01-21,2026-01-25,2026-01-25,QuickShip India,Mumbai,Delivered,3,152.0,nan,2,No
1751,1751,2026-02-22,2026-02-24,,SwiftKart Logistics,Chennai,RTO,2,48.2,Courier Delay,5,Yes
1752,1752,2026-06-23,2026-06-28,,ParcelOne,Delhi,RTO,2,50.95,Damaged Package,7,Yes
1753,1753,2026-07-11,2026-07-15,,SwiftKart Logistics,Chennai,Failed,3,109.7,Courier Delay,6,Yes
1754,1754,2026-02-20,2026-02-25,2026-02-23,BlueRoute Express,Mumbai,Delivered,1,150.52,nan,2,No
1755,1755,2025-06-30,2025-07-04,2025-07-03,BlueRoute Express,Chennai,Delivered,3,96.76,nan,1,No
1756,1756,2025-08-13,2025-08-17,2025-08-16,ParcelOne,Mumbai,Delivered,1,47.6,nan,-1,No
1757,1757,2025-06-16,2025-06-20,,QuickShip India,Mumbai,Failed,3,66.75,Incorrect Address,1,No
1758,1758,2025-07-19,2025-07-24,2025-07-23,ParcelOne,Hyderabad,Delivered,1,124.02,nan,3,Yes
1759,1759,2024-08-09,2024-08-13,,SwiftKart Logistics,Delhi,RTO,2,130.71,Incorrect Address,6,Yes
1760,1760,2025-08-05,2025-08-08,,RapidX Logistics,Hyderabad,RTO,1,106.89,Incorrect Address,1,No
1761,1761,2025-06-10,2025-06-12,2025-06-14,ParcelOne,Kolkata,Delayed,1,125.05,Courier Delay,0,No
1762,1762,2025-07-16,2025-07-20,2025-07-19,ParcelOne,Hyderabad,Delivered,3,66.06,nan,6,Yes
1763,1763,2025-03-24,2025-03-26,,ParcelOne,Bengaluru,RTO,2,144.64,Logistics Capacity,3,Yes
1764,1764,2025-12-12,2025-12-14,2025-12-12,MetroDeliver,Kolkata,Delivered,3,51.9,nan,0,No
1765,1765,2026-01-03,2026-01-06,2026-01-05,RapidX Logistics,Chennai,Delivered,1,55.63,nan,6,Yes
1766,1766,2024-10-04,2024-10-08,2024-10-07,MetroDeliver,Hyderabad,Delivered,2,51.55,nan,0,No
1767,1767,2024-10-29,2024-11-01,2024-10-31,BlueRoute Express,Delhi,Delivered,1,124.83,nan,7,Yes
1768,1768,2026-04-02,2026-04-07,2026-04-06,RapidX Logistics,Hyderabad,Delivered,1,117.62,nan,3,Yes
1769,1769,2026-06-16,2026-06-20,2026-06-24,MetroDeliver,Delhi,Delayed,3,86.3,Courier Delay,7,Yes
1770,1770,2026-07-21,2026-07-23,,SwiftKart Logistics,Kolkata,Failed,1,82.43,Customer Refused,7,Yes
1771,1771,2025-09-11,2025-09-16,2025-09-21,SwiftKart Logistics,Hyderabad,Delayed,1,90.12,Courier Delay,6,Yes
1772,1772,2025-09-27,2025-10-02,,SwiftKart Logistics,Kolkata,Failed,2,155.37,Logistics Capacity,0,No
1773,1773,2026-04-02,2026-04-04,,MetroDeliver,Delhi,RTO,1,139.6,Customer Unavailable,3,Yes
1774,1774,2025-11-21,2025-11-23,2025-11-22,MetroDeliver,Kolkata,Delivered,3,94.54,nan,6,Yes
1775,1775,2025-06-21,2025-06-25,,RapidX Logistics,Kolkata,RTO,2,102.5,Customer Unavailable,-1,No
1776,1776,2025-07-18,2025-07-20,,ParcelOne,Kolkata,RTO,1,177.02,Customer Refused,6,Yes
1777,1777,2026-06-15,2026-06-20,2026-06-18,BlueRoute Express,Delhi,Delivered,3,178.03,nan,0,No
1778,1778,2026-07-02,2026-07-07,2026-07-06,QuickShip India,Hyderabad,Delivered,3,137.61,nan,2,No
1779,1779,2025-02-08,2025-02-12,,MetroDeliver,Mumbai,Failed,1,103.72,Incorrect Address,-1,No
1780,1780,2025-03-08,2025-03-13,2025-03-16,MetroDeliver,Bengaluru,Delayed,3,117.16,Courier Delay,3,Yes
1781,1781,2025-05-16,2025-05-20,,QuickShip India,Bengaluru,RTO,3,100.54,Customer Refused,-1,No
1782,1782,2024-10-29,2024-11-03,2024-11-03,QuickShip India,Chennai,Delivered,1,121.69,nan,7,Yes
1783,1783,2026-07-20,2026-07-25,,MetroDeliver,Kolkata,RTO,3,121.23,Damaged Package,0,No
1784,1784,2025-09-06,2025-09-08,,QuickShip India,Mumbai,Failed,1,165.02,Customer Refused,6,Yes
1785,1785,2025-09-20,2025-09-24,2025-09-24,QuickShip India,Bengaluru,Delivered,3,74.04,nan,4,Yes
1786,1786,2025-01-06,2025-01-08,,RapidX Logistics,Delhi,Failed,1,75.82,Damaged Package,3,Yes
1787,1787,2025-02-06,2025-02-10,,ParcelOne,Hyderabad,RTO,1,142.73,Courier Delay,4,Yes
1788,1788,2026-05-13,2026-05-18,,ParcelOne,Kolkata,RTO,2,154.19,Customer Refused,4,Yes
1789,1789,2026-06-16,2026-06-21,2026-06-26,ParcelOne,Bengaluru,Delayed,1,61.78,Courier Delay,-1,No
1790,1790,2025-12-21,2025-12-24,2025-12-30,ParcelOne,Chennai,Delayed,1,69.17,Courier Delay,6,Yes
1791,1791,2026-01-29,2026-01-31,,BlueRoute Express,Kolkata,Failed,2,91.54,Logistics Capacity,3,Yes
1792,1792,2025-05-20,2025-05-25,2025-05-25,SwiftKart Logistics,Kolkata,Delivered,3,56.77,nan,-1,No
1793,1793,2025-06-23,2025-06-26,,QuickShip India,Kolkata,RTO,3,177.54,Customer Refused,6,Yes
1794,1794,2025-05-25,2025-05-28,,MetroDeliver,Bengaluru,Failed,2,151.15,Damaged Package,-1,No
1795,1795,2026-05-10,2026-05-14,2026-05-13,BlueRoute Express,Chennai,Delivered,3,81.06,nan,-1,No
1796,1796,2026-06-17,2026-06-21,,MetroDeliver,Delhi,Failed,1,137.11,Courier Delay,6,Yes
1797,1797,2025-03-10,2025-03-12,2025-03-14,BlueRoute Express,Mumbai,Delayed,3,106.79,Courier Delay,7,Yes
1798,1798,2025-04-11,2025-04-15,,BlueRoute Express,Bengaluru,Failed,2,119.99,Damaged Package,7,Yes
1799,1799,2025-10-04,2025-10-08,2025-10-07,BlueRoute Express,Chennai,Delivered,2,40.56,nan,4,Yes
1800,1800,2024-11-06,2024-11-11,,BlueRoute Express,Bengaluru,RTO,1,167.99,Damaged Package,0,No
1801,1801,2024-11-24,2024-11-28,2024-12-04,ParcelOne,Delhi,Delayed,1,46.65,Courier Delay,5,Yes
1802,1802,2025-05-16,2025-05-21,,BlueRoute Express,Delhi,In Transit,3,157.46,nan,-1,No
1803,1803,2025-06-15,2025-06-17,,MetroDeliver,Kolkata,RTO,1,54.17,Courier Delay,5,Yes
1804,1804,2025-01-24,2025-01-27,2025-01-26,RapidX Logistics,Chennai,Delivered,3,167.05,nan,7,Yes
1805,1805,2025-03-03,2025-03-07,,RapidX Logistics,Kolkata,RTO,3,116.8,Customer Unavailable,3,Yes
1806,1806,2025-01-31,2025-02-02,,QuickShip India,Chennai,RTO,3,46.28,Damaged Package,1,No
1807,1807,2025-08-30,2025-09-03,2025-09-02,RapidX Logistics,Bengaluru,Delivered,3,98.46,nan,2,No
1808,1808,2025-09-30,2025-10-02,,RapidX Logistics,Bengaluru,In Transit,2,88.5,nan,2,No
1809,1809,2025-12-10,2025-12-15,,MetroDeliver,Chennai,RTO,2,146.31,Customer Unavailable,7,Yes
1810,1810,2026-01-16,2026-01-20,,QuickShip India,Hyderabad,In Transit,1,57.87,nan,5,Yes
1811,1811,2026-02-14,2026-02-18,2026-02-21,QuickShip India,Hyderabad,Delayed,2,154.15,Courier Delay,7,Yes
1812,1812,2024-10-13,2024-10-16,2024-10-15,RapidX Logistics,Chennai,Delivered,3,106.93,nan,-1,No
1813,1813,2025-09-26,2025-10-01,2025-09-29,BlueRoute Express,Delhi,Delivered,1,98.18,nan,7,Yes
1814,1814,2025-02-06,2025-02-09,,ParcelOne,Hyderabad,Failed,2,114.99,Customer Refused,2,No
1815,1815,2026-01-28,2026-01-30,2026-02-04,SwiftKart Logistics,Delhi,Delayed,3,47.0,Courier Delay,0,No
1816,1816,2026-02-21,2026-02-25,2026-02-27,RapidX Logistics,Hyderabad,Delayed,2,130.83,Courier Delay,7,Yes
1817,1817,2026-03-26,2026-03-30,,SwiftKart Logistics,Delhi,Failed,2,157.33,Customer Unavailable,3,Yes
1818,1818,2025-06-27,2025-06-29,2025-07-03,RapidX Logistics,Hyderabad,Delayed,3,139.36,Courier Delay,3,Yes
1819,1819,2024-11-29,2024-12-01,,QuickShip India,Mumbai,RTO,1,129.18,Customer Refused,7,Yes
1820,1820,2025-01-11,2025-01-15,2025-01-14,BlueRoute Express,Delhi,Delivered,3,61.62,nan,1,No
1821,1821,2025-11-15,2025-11-17,,RapidX Logistics,Chennai,RTO,1,142.37,Damaged Package,5,Yes
1822,1822,2025-03-06,2025-03-10,2025-03-10,SwiftKart Logistics,Mumbai,Delivered,1,148.88,nan,4,Yes
1823,1823,2025-04-05,2025-04-08,2025-04-07,BlueRoute Express,Bengaluru,Delivered,2,133.48,nan,3,Yes
1824,1824,2025-10-27,2025-11-01,,MetroDeliver,Chennai,In Transit,1,152.36,nan,7,Yes
1825,1825,2026-05-29,2026-06-02,,RapidX Logistics,Kolkata,RTO,1,144.53,Courier Delay,5,Yes
1826,1826,2026-07-11,2026-07-16,,RapidX Logistics,Delhi,RTO,3,129.93,Incorrect Address,-1,No
1827,1827,2025-05-30,2025-06-04,,SwiftKart Logistics,Mumbai,Failed,2,67.01,Damaged Package,-1,No
1828,1828,2026-03-31,2026-04-04,2026-04-03,SwiftKart Logistics,Hyderabad,Delivered,1,162.52,nan,0,No
1829,1829,2025-06-08,2025-06-12,,QuickShip India,Mumbai,Failed,3,135.78,Customer Unavailable,0,No
1830,1830,2024-09-23,2024-09-27,,MetroDeliver,Mumbai,RTO,2,70.02,Courier Delay,2,No
1831,1831,2024-10-22,2024-10-25,2024-10-25,MetroDeliver,Delhi,Delivered,3,155.83,nan,6,Yes
1832,1832,2025-04-09,2025-04-11,2025-04-17,RapidX Logistics,Chennai,Delayed,3,58.11,Courier Delay,-1,No
1833,1833,2025-05-02,2025-05-04,,SwiftKart Logistics,Kolkata,In Transit,3,56.18,nan,0,No
1834,1834,2025-04-07,2025-04-09,,SwiftKart Logistics,Delhi,RTO,1,128.32,Incorrect Address,1,No
1835,1835,2025-10-06,2025-10-11,,SwiftKart Logistics,Kolkata,Failed,3,123.47,Customer Refused,0,No
1836,1836,2025-10-24,2025-10-27,2025-10-26,QuickShip India,Chennai,Delivered,1,174.51,nan,1,No
1837,1837,2024-08-16,2024-08-19,2024-08-22,ParcelOne,Bengaluru,Delayed,2,171.43,Courier Delay,5,Yes
1838,1838,2024-09-15,2024-09-20,,BlueRoute Express,Kolkata,RTO,2,73.58,Customer Unavailable,0,No
1839,1839,2026-07-20,2026-07-22,,SwiftKart Logistics,Kolkata,Failed,2,177.1,Incorrect Address,1,No
1840,1840,2025-01-01,2025-01-06,,MetroDeliver,Delhi,RTO,2,172.91,Customer Unavailable,2,No
1841,1841,2025-05-14,2025-05-18,2025-05-17,BlueRoute Express,Hyderabad,Delivered,3,101.65,nan,0,No
1842,1842,2025-06-01,2025-06-06,,ParcelOne,Kolkata,RTO,1,166.79,Logistics Capacity,0,No
1843,1843,2026-05-30,2026-06-03,,BlueRoute Express,Delhi,RTO,3,49.45,Logistics Capacity,6,Yes
1844,1844,2026-07-10,2026-07-15,,SwiftKart Logistics,Bengaluru,Failed,3,61.96,Courier Delay,2,No
1845,1845,2026-08-07,2026-08-11,,ParcelOne,Kolkata,Failed,2,73.91,Courier Delay,0,No
1846,1846,2026-02-14,2026-02-17,,RapidX Logistics,Mumbai,RTO,1,75.36,Customer Unavailable,2,No
1847,1847,2024-11-19,2024-11-22,2024-11-22,RapidX Logistics,Delhi,Delivered,3,55.53,nan,0,No
1848,1848,2024-12-17,2024-12-21,,ParcelOne,Hyderabad,Failed,1,86.1,Incorrect Address,2,No
1849,1849,2025-04-29,2025-05-02,,BlueRoute Express,Chennai,Failed,2,88.28,Damaged Package,5,Yes
1850,1850,2025-06-05,2025-06-10,2025-06-09,BlueRoute Express,Chennai,Delivered,2,84.05,nan,5,Yes
1851,1851,2026-05-28,2026-05-31,,RapidX Logistics,Kolkata,Failed,1,87.83,Logistics Capacity,0,No
1852,1852,2026-07-05,2026-07-07,,RapidX Logistics,Mumbai,RTO,3,154.74,Customer Refused,5,Yes
1853,1853,2026-01-14,2026-01-18,,BlueRoute Express,Mumbai,Failed,2,79.32,Logistics Capacity,-1,No
1854,1854,2026-01-30,2026-02-04,,MetroDeliver,Kolkata,Failed,2,57.14,Customer Refused,-1,No
1855,1855,2026-01-27,2026-02-01,2026-02-04,RapidX Logistics,Bengaluru,Delayed,2,82.97,Courier Delay,6,Yes
1856,1856,2025-07-26,2025-07-30,,SwiftKart Logistics,Kolkata,Failed,2,173.01,Damaged Package,2,No
1857,1857,2025-06-13,2025-06-15,,QuickShip India,Delhi,RTO,2,158.93,Incorrect Address,5,Yes
1858,1858,2026-03-23,2026-03-25,,MetroDeliver,Hyderabad,RTO,1,94.11,Damaged Package,6,Yes
1859,1859,2025-11-11,2025-11-13,2025-11-12,SwiftKart Logistics,Kolkata,Delivered,2,122.01,nan,7,Yes
1860,1860,2025-12-05,2025-12-07,,RapidX Logistics,Chennai,RTO,2,53.71,Customer Unavailable,1,No
1861,1861,2025-06-01,2025-06-05,2025-06-05,QuickShip India,Kolkata,Delivered,1,80.81,nan,1,No
1862,1862,2025-07-10,2025-07-14,2025-07-13,ParcelOne,Hyderabad,Delivered,2,111.36,nan,1,No
1863,1863,2026-03-09,2026-03-12,2026-03-12,MetroDeliver,Bengaluru,Delivered,3,158.68,nan,2,No
1864,1864,2026-04-06,2026-04-11,,ParcelOne,Chennai,Failed,3,129.22,Logistics Capacity,6,Yes
1865,1865,2025-03-21,2025-03-26,,MetroDeliver,Delhi,RTO,1,137.81,Courier Delay,0,No
1866,1866,2026-03-01,2026-03-06,2026-03-05,BlueRoute Express,Bengaluru,Delivered,1,78.5,nan,2,No
1867,1867,2026-03-25,2026-03-30,2026-03-28,BlueRoute Express,Chennai,Delivered,3,80.31,nan,5,Yes
1868,1868,2026-01-07,2026-01-09,,SwiftKart Logistics,Kolkata,RTO,1,144.76,Customer Refused,4,Yes
1869,1869,2026-02-05,2026-02-08,,QuickShip India,Hyderabad,In Transit,2,92.85,nan,7,Yes
1870,1870,2025-07-16,2025-07-18,2025-07-17,MetroDeliver,Mumbai,Delivered,3,173.56,nan,7,Yes
1871,1871,2025-07-31,2025-08-05,2025-08-04,QuickShip India,Delhi,Delivered,2,155.23,nan,6,Yes
1872,1872,2026-07-31,2026-08-03,2026-08-02,ParcelOne,Delhi,Delivered,2,109.9,nan,7,Yes
1873,1873,2024-11-10,2024-11-12,2024-11-11,ParcelOne,Hyderabad,Delivered,1,62.17,nan,7,Yes
1874,1874,2024-12-24,2024-12-27,,QuickShip India,Mumbai,RTO,3,85.34,Courier Delay,2,No
1875,1875,2025-12-29,2025-12-31,,MetroDeliver,Bengaluru,Failed,2,95.98,Courier Delay,0,No
1876,1876,2026-01-21,2026-01-23,,QuickShip India,Bengaluru,RTO,3,114.88,Courier Delay,0,No
1877,1877,2025-08-16,2025-08-18,,MetroDeliver,Hyderabad,In Transit,3,101.39,nan,0,No
1878,1878,2026-07-31,2026-08-03,2026-08-03,RapidX Logistics,Hyderabad,Delivered,3,123.4,nan,5,Yes
1879,1879,2025-10-12,2025-10-14,,QuickShip India,Chennai,Failed,2,51.13,Logistics Capacity,3,Yes
1880,1880,2025-08-16,2025-08-20,,SwiftKart Logistics,Hyderabad,In Transit,3,53.8,nan,3,Yes
1881,1881,2025-09-16,2025-09-20,,ParcelOne,Delhi,Failed,1,162.73,Damaged Package,3,Yes
1882,1882,2025-12-22,2025-12-27,,SwiftKart Logistics,Hyderabad,Failed,1,128.63,Incorrect Address,2,No
1883,1883,2025-08-15,2025-08-17,,QuickShip India,Kolkata,Failed,3,73.47,Customer Refused,6,Yes
1884,1884,2026-04-28,2026-05-03,,RapidX Logistics,Kolkata,RTO,2,120.62,Customer Unavailable,0,No
1885,1885,2026-06-11,2026-06-13,2026-06-12,MetroDeliver,Bengaluru,Delivered,2,175.6,nan,7,Yes
1886,1886,2025-12-06,2025-12-09,2025-12-08,MetroDeliver,Delhi,Delivered,2,102.67,nan,6,Yes
1887,1887,2025-09-25,2025-09-30,,MetroDeliver,Delhi,Failed,1,48.47,Damaged Package,6,Yes
1888,1888,2025-10-31,2025-11-02,,RapidX Logistics,Kolkata,RTO,2,153.97,Customer Refused,7,Yes
1889,1889,2025-07-16,2025-07-19,2025-07-23,SwiftKart Logistics,Kolkata,Delayed,1,106.13,Courier Delay,-1,No
1890,1890,2025-08-11,2025-08-16,2025-08-16,SwiftKart Logistics,Kolkata,Delivered,1,127.86,nan,0,No
1891,1891,2026-03-27,2026-04-01,2026-04-04,QuickShip India,Bengaluru,Delayed,3,41.09,Courier Delay,7,Yes
1892,1892,2024-12-29,2025-01-03,2025-01-02,RapidX Logistics,Kolkata,Delivered,1,92.59,nan,0,No
1893,1893,2025-01-25,2025-01-28,2025-01-27,SwiftKart Logistics,Hyderabad,Delivered,3,107.24,nan,2,No
1894,1894,2026-05-27,2026-05-29,,BlueRoute Express,Bengaluru,Failed,3,56.79,Damaged Package,5,Yes
1895,1895,2024-12-01,2024-12-03,,RapidX Logistics,Chennai,RTO,3,109.74,Customer Refused,4,Yes
1896,1896,2026-07-21,2026-07-24,2026-07-23,SwiftKart Logistics,Kolkata,Delivered,2,129.96,nan,3,Yes
1897,1897,2026-08-05,2026-08-08,2026-08-13,ParcelOne,Chennai,Delayed,2,155.44,Courier Delay,3,Yes
1898,1898,2025-08-27,2025-08-29,,QuickShip India,Delhi,Failed,2,47.96,Customer Unavailable,7,Yes
1899,1899,2025-09-19,2025-09-24,2025-09-23,MetroDeliver,Hyderabad,Delivered,2,40.95,nan,1,No
1900,1900,2026-05-15,2026-05-17,,ParcelOne,Bengaluru,RTO,3,168.1,Damaged Package,1,No
1901,1901,2026-06-03,2026-06-06,,ParcelOne,Delhi,RTO,2,151.97,Logistics Capacity,1,No
1902,1902,2025-02-26,2025-02-28,,BlueRoute Express,Mumbai,Failed,1,151.15,Damaged Package,6,Yes
1903,1903,2025-07-29,2025-08-02,,MetroDeliver,Chennai,Failed,1,123.71,Customer Unavailable,7,Yes
1904,1904,2025-08-31,2025-09-03,2025-09-09,SwiftKart Logistics,Mumbai,Delayed,2,168.99,Courier Delay,1,No
1905,1905,2026-06-02,2026-06-05,2026-06-05,MetroDeliver,Chennai,Delivered,3,51.24,nan,1,No
1906,1906,2026-05-09,2026-05-11,,MetroDeliver,Delhi,RTO,1,179.43,Customer Refused,1,No
1907,1907,2026-06-03,2026-06-08,2026-06-07,ParcelOne,Bengaluru,Delivered,2,89.01,nan,6,Yes
1908,1908,2025-09-10,2025-09-15,,MetroDeliver,Mumbai,RTO,3,136.11,Customer Unavailable,0,No
1909,1909,2025-06-01,2025-06-03,,SwiftKart Logistics,Hyderabad,In Transit,3,135.37,nan,0,No
1910,1910,2025-06-16,2025-06-20,,RapidX Logistics,Mumbai,RTO,1,150.17,Incorrect Address,7,Yes
1911,1911,2024-10-15,2024-10-18,,MetroDeliver,Chennai,Failed,2,120.52,Logistics Capacity,7,Yes
1912,1912,2024-11-03,2024-11-05,2024-11-03,RapidX Logistics,Chennai,Delivered,3,60.48,nan,7,Yes
1913,1913,2025-08-30,2025-09-01,2025-09-01,BlueRoute Express,Hyderabad,Delivered,2,77.97,nan,1,No
1914,1914,2025-05-21,2025-05-24,2025-05-24,QuickShip India,Chennai,Delivered,2,109.15,nan,3,Yes
1915,1915,2025-06-23,2025-06-28,,BlueRoute Express,Bengaluru,Failed,3,100.23,Damaged Package,1,No
1916,1916,2025-03-18,2025-03-23,2025-03-22,BlueRoute Express,Kolkata,Delivered,1,70.07,nan,4,Yes
1917,1917,2025-04-21,2025-04-26,,ParcelOne,Hyderabad,RTO,3,151.64,Customer Unavailable,3,Yes
1918,1918,2025-06-08,2025-06-13,2025-06-12,QuickShip India,Chennai,Delivered,1,102.42,nan,6,Yes
1919,1919,2026-01-21,2026-01-24,2026-01-24,QuickShip India,Chennai,Delivered,2,60.58,nan,5,Yes
1920,1920,2025-07-09,2025-07-11,2025-07-13,QuickShip India,Kolkata,Delayed,3,67.13,Courier Delay,0,No
1921,1921,2025-08-12,2025-08-15,,ParcelOne,Hyderabad,Failed,2,99.99,Damaged Package,3,Yes
1922,1922,2025-10-08,2025-10-12,,SwiftKart Logistics,Mumbai,RTO,2,67.79,Logistics Capacity,4,Yes
1923,1923,2025-11-08,2025-11-12,2025-11-11,QuickShip India,Bengaluru,Delivered,1,72.38,nan,2,No
1924,1924,2025-05-23,2025-05-28,2025-06-03,RapidX Logistics,Hyderabad,Delayed,1,93.68,Courier Delay,7,Yes
1925,1925,2025-09-16,2025-09-19,2025-09-17,MetroDeliver,Bengaluru,Delivered,2,65.86,nan,3,Yes
1926,1926,2025-10-13,2025-10-15,,BlueRoute Express,Hyderabad,Failed,2,154.88,Logistics Capacity,6,Yes
1927,1927,2025-06-13,2025-06-18,,BlueRoute Express,Delhi,Failed,1,79.81,Courier Delay,4,Yes
1928,1928,2025-07-10,2025-07-14,,ParcelOne,Hyderabad,Failed,2,153.49,Incorrect Address,0,No
1929,1929,2025-09-07,2025-09-10,2025-09-09,QuickShip India,Kolkata,Delivered,2,164.4,nan,1,No
1930,1930,2025-01-24,2025-01-27,2025-01-27,SwiftKart Logistics,Bengaluru,Delivered,2,87.22,nan,0,No
1931,1931,2025-03-01,2025-03-04,,RapidX Logistics,Bengaluru,Failed,2,170.83,Customer Unavailable,0,No
1932,1932,2024-09-27,2024-10-01,,SwiftKart Logistics,Kolkata,RTO,2,107.79,Courier Delay,2,No
1933,1933,2024-10-21,2024-10-23,2024-10-22,MetroDeliver,Kolkata,Delivered,3,50.71,nan,6,Yes
1934,1934,2024-08-25,2024-08-30,2024-08-29,SwiftKart Logistics,Chennai,Delivered,1,56.06,nan,3,Yes
1935,1935,2026-01-02,2026-01-07,,MetroDeliver,Kolkata,RTO,1,131.83,Logistics Capacity,4,Yes
1936,1936,2026-06-12,2026-06-15,,RapidX Logistics,Delhi,RTO,1,67.03,Customer Refused,4,Yes
1937,1937,2026-07-17,2026-07-21,,MetroDeliver,Kolkata,RTO,2,107.63,Incorrect Address,3,Yes
1938,1938,2026-06-17,2026-06-19,,SwiftKart Logistics,Chennai,RTO,1,173.34,Logistics Capacity,7,Yes
1939,1939,2025-04-01,2025-04-06,,RapidX Logistics,Kolkata,In Transit,3,93.49,nan,0,No
1940,1940,2024-10-27,2024-11-01,2024-11-05,QuickShip India,Mumbai,Delayed,3,98.3,Courier Delay,-1,No
1941,1941,2024-11-14,2024-11-16,2024-11-16,QuickShip India,Delhi,Delivered,1,94.14,nan,3,Yes
1942,1942,2026-06-05,2026-06-09,,RapidX Logistics,Kolkata,Failed,2,156.62,Customer Refused,0,No
1943,1943,2026-07-06,2026-07-09,,QuickShip India,Bengaluru,In Transit,1,178.1,nan,4,Yes
1944,1944,2024-12-11,2024-12-13,,SwiftKart Logistics,Chennai,In Transit,2,71.45,nan,0,No
1945,1945,2024-08-21,2024-08-23,,QuickShip India,Bengaluru,In Transit,1,49.94,nan,7,Yes
1946,1946,2026-05-24,2026-05-26,,QuickShip India,Mumbai,In Transit,3,54.59,nan,1,No
1947,1947,2025-11-21,2025-11-26,2025-11-24,MetroDeliver,Kolkata,Delivered,2,69.15,nan,5,Yes
1948,1948,2025-12-13,2025-12-18,,RapidX Logistics,Delhi,RTO,3,73.26,Damaged Package,7,Yes
1949,1949,2025-04-01,2025-04-05,2025-04-05,QuickShip India,Chennai,Delivered,2,105.73,nan,7,Yes
1950,1950,2026-02-11,2026-02-16,2026-02-18,MetroDeliver,Hyderabad,Delayed,1,76.05,Courier Delay,1,No
1951,1951,2026-01-18,2026-01-22,2026-01-22,BlueRoute Express,Bengaluru,Delivered,3,160.79,nan,3,Yes
1952,1952,2024-11-17,2024-11-20,,ParcelOne,Chennai,Failed,2,122.02,Incorrect Address,1,No
1953,1953,2024-12-04,2024-12-08,,ParcelOne,Mumbai,RTO,3,65.96,Logistics Capacity,4,Yes
1954,1954,2025-11-10,2025-11-13,2025-11-12,SwiftKart Logistics,Bengaluru,Delivered,3,100.12,nan,3,Yes
1955,1955,2026-01-02,2026-01-04,,SwiftKart Logistics,Mumbai,Failed,3,44.72,Customer Refused,0,No
1956,1956,2025-02-26,2025-03-01,2025-03-04,QuickShip India,Kolkata,Delayed,1,112.57,Courier Delay,5,Yes
1957,1957,2025-03-09,2025-03-14,2025-03-14,RapidX Logistics,Bengaluru,Delivered,2,149.73,nan,1,No
1958,1958,2025-03-29,2025-03-31,,BlueRoute Express,Bengaluru,Failed,2,45.85,Damaged Package,-1,No
1959,1959,2025-02-12,2025-02-14,,RapidX Logistics,Kolkata,Failed,2,140.45,Damaged Package,4,Yes
1960,1960,2025-03-26,2025-03-31,,MetroDeliver,Bengaluru,RTO,1,157.38,Damaged Package,4,Yes
1961,1961,2026-08-01,2026-08-04,2026-08-03,RapidX Logistics,Chennai,Delivered,3,173.94,nan,3,Yes
1962,1962,2024-12-02,2024-12-05,2024-12-05,SwiftKart Logistics,Chennai,Delivered,2,144.42,nan,4,Yes
1963,1963,2024-12-18,2024-12-20,,ParcelOne,Delhi,RTO,1,76.27,Courier Delay,3,Yes
1964,1964,2025-09-07,2025-09-11,2025-09-11,RapidX Logistics,Kolkata,Delivered,1,129.83,nan,3,Yes
1965,1965,2025-10-07,2025-10-10,2025-10-09,SwiftKart Logistics,Bengaluru,Delivered,1,112.48,nan,5,Yes
1966,1966,2024-10-27,2024-11-01,2024-11-04,ParcelOne,Delhi,Delayed,2,116.97,Courier Delay,4,Yes
1967,1967,2024-11-25,2024-11-28,,ParcelOne,Delhi,RTO,1,69.56,Damaged Package,0,No
1968,1968,2026-06-22,2026-06-24,2026-06-23,ParcelOne,Bengaluru,Delivered,3,143.33,nan,4,Yes
1969,1969,2025-04-07,2025-04-09,,BlueRoute Express,Delhi,Failed,1,157.46,Customer Unavailable,3,Yes
1970,1970,2025-05-15,2025-05-20,2025-05-20,MetroDeliver,Kolkata,Delivered,2,172.61,nan,4,Yes
1971,1971,2025-03-24,2025-03-26,2025-03-24,SwiftKart Logistics,Hyderabad,Delivered,3,89.67,nan,6,Yes
1972,1972,2025-04-10,2025-04-12,2025-04-11,ParcelOne,Chennai,Delivered,2,65.67,nan,0,No
1973,1973,2025-09-19,2025-09-21,,MetroDeliver,Mumbai,RTO,1,152.85,Customer Refused,6,Yes
1974,1974,2025-01-08,2025-01-11,2025-01-10,SwiftKart Logistics,Hyderabad,Delivered,2,111.82,nan,5,Yes
1975,1975,2025-01-30,2025-02-01,2025-01-30,SwiftKart Logistics,Bengaluru,Delivered,1,146.96,nan,6,Yes
1976,1976,2024-09-20,2024-09-23,,QuickShip India,Kolkata,Failed,2,147.93,Courier Delay,5,Yes
1977,1977,2024-10-17,2024-10-22,,QuickShip India,Kolkata,Failed,2,153.57,Damaged Package,-1,No
1978,1978,2025-10-26,2025-10-29,,BlueRoute Express,Bengaluru,RTO,1,78.65,Customer Unavailable,2,No
1979,1979,2025-05-17,2025-05-19,,MetroDeliver,Bengaluru,RTO,1,91.8,Damaged Package,7,Yes
1980,1980,2026-01-19,2026-01-21,,RapidX Logistics,Mumbai,Failed,2,123.98,Customer Refused,0,No
1981,1981,2025-01-28,2025-01-31,2025-01-30,RapidX Logistics,Delhi,Delivered,2,112.23,nan,6,Yes
1982,1982,2026-07-30,2026-08-04,2026-08-02,ParcelOne,Hyderabad,Delivered,2,67.48,nan,0,No
1983,1983,2024-10-25,2024-10-29,,ParcelOne,Hyderabad,Failed,1,40.91,Courier Delay,6,Yes
1984,1984,2024-12-05,2024-12-08,2024-12-12,ParcelOne,Chennai,Delayed,3,63.9,Courier Delay,-1,No
1985,1985,2025-02-28,2025-03-02,2025-03-07,RapidX Logistics,Bengaluru,Delayed,1,168.9,Courier Delay,0,No
1986,1986,2025-03-21,2025-03-25,,RapidX Logistics,Chennai,Failed,2,105.42,Logistics Capacity,3,Yes
1987,1987,2026-03-09,2026-03-14,,SwiftKart Logistics,Hyderabad,RTO,3,173.84,Damaged Package,0,No
1988,1988,2025-06-12,2025-06-15,2025-06-14,QuickShip India,Bengaluru,Delivered,2,90.15,nan,6,Yes
1989,1989,2025-06-30,2025-07-03,,BlueRoute Express,Hyderabad,RTO,3,75.24,Incorrect Address,4,Yes
1990,1990,2025-08-05,2025-08-08,2025-08-14,BlueRoute Express,Hyderabad,Delayed,1,48.24,Courier Delay,6,Yes
1991,1991,2025-10-12,2025-10-15,2025-10-14,RapidX Logistics,Chennai,Delivered,1,153.25,nan,5,Yes
1992,1992,2025-01-15,2025-01-18,2025-01-18,RapidX Logistics,Mumbai,Delivered,1,133.07,nan,4,Yes
1993,1993,2025-07-17,2025-07-19,2025-07-18,ParcelOne,Kolkata,Delivered,1,41.74,nan,0,No
1994,1994,2025-08-23,2025-08-27,,RapidX Logistics,Mumbai,RTO,3,159.16,Logistics Capacity,4,Yes
1995,1995,2025-05-11,2025-05-16,2025-05-15,MetroDeliver,Hyderabad,Delivered,1,117.27,nan,5,Yes
1996,1996,2026-01-23,2026-01-28,2026-01-27,BlueRoute Express,Hyderabad,Delivered,1,106.85,nan,4,Yes
1997,1997,2026-04-02,2026-04-04,2026-04-03,MetroDeliver,Chennai,Delivered,1,105.21,nan,7,Yes
1998,1998,2024-12-31,2025-01-03,,BlueRoute Express,Delhi,RTO,2,161.11,Customer Unavailable,5,Yes
1999,1999,2025-01-31,2025-02-05,2025-02-04,BlueRoute Express,Hyderabad,Delivered,1,143.92,nan,6,Yes
2000,2000,2024-10-07,2024-10-12,2024-10-10,ParcelOne,Mumbai,Delivered,3,86.3,nan,1,No
2001,2001,2024-10-30,2024-11-03,2024-11-03,QuickShip India,Delhi,Delivered,1,73.94,nan,4,Yes
2002,2002,2026-05-29,2026-06-01,2026-05-31,RapidX Logistics,Bengaluru,Delivered,1,110.6,nan,2,No
2003,2003,2025-11-12,2025-11-15,2025-11-15,QuickShip India,Delhi,Delivered,3,69.55,nan,4,Yes
2004,2004,2025-12-15,2025-12-18,2025-12-17,BlueRoute Express,Hyderabad,Delivered,1,108.71,nan,1,No
2005,2005,2026-03-20,2026-03-25,,SwiftKart Logistics,Hyderabad,Failed,3,78.68,Logistics Capacity,3,Yes
2006,2006,2026-04-25,2026-04-27,2026-04-25,MetroDeliver,Hyderabad,Delivered,3,69.41,nan,4,Yes
2007,2007,2025-02-13,2025-02-18,2025-02-17,SwiftKart Logistics,Chennai,Delivered,1,141.82,nan,0,No
2008,2008,2026-05-17,2026-05-21,,QuickShip India,Hyderabad,RTO,3,172.19,Customer Unavailable,2,No
2009,2009,2026-06-29,2026-07-04,2026-07-04,QuickShip India,Delhi,Delivered,1,179.96,nan,7,Yes
2010,2010,2024-10-24,2024-10-29,2024-10-28,RapidX Logistics,Mumbai,Delivered,2,62.95,nan,7,Yes
2011,2011,2025-01-13,2025-01-18,,BlueRoute Express,Delhi,In Transit,3,130.97,nan,2,No
2012,2012,2024-10-11,2024-10-15,2024-10-13,RapidX Logistics,Chennai,Delivered,3,116.25,nan,7,Yes
2013,2013,2024-11-20,2024-11-24,,RapidX Logistics,Chennai,RTO,1,72.94,Courier Delay,0,No
2014,2014,2025-10-24,2025-10-26,,MetroDeliver,Mumbai,RTO,1,40.61,Customer Refused,-1,No
2015,2015,2026-03-01,2026-03-04,,SwiftKart Logistics,Bengaluru,RTO,1,64.28,Courier Delay,6,Yes
2016,2016,2025-02-06,2025-02-10,2025-02-09,MetroDeliver,Chennai,Delivered,1,79.27,nan,6,Yes
2017,2017,2024-11-25,2024-11-30,,QuickShip India,Kolkata,RTO,2,141.23,Courier Delay,2,No
2018,2018,2025-01-07,2025-01-12,,ParcelOne,Hyderabad,Failed,3,174.76,Customer Refused,5,Yes
2019,2019,2024-11-05,2024-11-08,,RapidX Logistics,Delhi,In Transit,3,146.34,nan,5,Yes
2020,2020,2024-12-18,2024-12-23,2024-12-26,RapidX Logistics,Hyderabad,Delayed,2,60.49,Courier Delay,2,No
2021,2021,2025-01-07,2025-01-10,,SwiftKart Logistics,Delhi,Failed,1,161.04,Incorrect Address,-1,No
2022,2022,2024-09-07,2024-09-12,,SwiftKart Logistics,Hyderabad,RTO,1,137.77,Incorrect Address,-1,No
2023,2023,2024-09-29,2024-10-01,,BlueRoute Express,Delhi,RTO,3,165.31,Incorrect Address,-1,No
2024,2024,2026-04-24,2026-04-28,,MetroDeliver,Hyderabad,Failed,1,134.56,Logistics Capacity,4,Yes
2025,2025,2025-08-27,2025-08-30,,BlueRoute Express,Delhi,Failed,3,61.76,Logistics Capacity,2,No
2026,2026,2026-05-22,2026-05-25,2026-05-24,BlueRoute Express,Bengaluru,Delivered,2,136.08,nan,6,Yes
2027,2027,2026-07-05,2026-07-07,2026-07-12,BlueRoute Express,Hyderabad,Delayed,2,44.89,Courier Delay,0,No
2028,2028,2025-12-05,2025-12-07,2025-12-05,SwiftKart Logistics,Chennai,Delivered,2,58.54,nan,5,Yes
2029,2029,2025-12-23,2025-12-25,2025-12-24,BlueRoute Express,Bengaluru,Delivered,1,119.58,nan,6,Yes
2030,2030,2026-07-15,2026-07-17,,RapidX Logistics,Chennai,RTO,3,76.4,Customer Unavailable,1,No
2031,2031,2024-11-27,2024-11-30,2024-11-30,QuickShip India,Delhi,Delivered,3,81.87,nan,5,Yes
2032,2032,2024-12-13,2024-12-16,2024-12-21,QuickShip India,Hyderabad,Delayed,3,172.97,Courier Delay,4,Yes
2033,2033,2025-03-13,2025-03-18,2025-03-17,ParcelOne,Delhi,Delivered,3,146.2,nan,-1,No
2034,2034,2025-10-10,2025-10-14,2025-10-13,MetroDeliver,Mumbai,Delivered,1,48.83,nan,4,Yes
2035,2035,2025-11-16,2025-11-20,,MetroDeliver,Mumbai,Failed,1,142.8,Customer Unavailable,3,Yes
2036,2036,2025-12-30,2026-01-01,2026-01-01,QuickShip India,Bengaluru,Delivered,2,55.26,nan,0,No
2037,2037,2026-01-03,2026-01-06,,MetroDeliver,Chennai,Failed,3,109.21,Courier Delay,7,Yes
2038,2038,2026-02-07,2026-02-12,2026-02-12,ParcelOne,Chennai,Delivered,2,66.71,nan,3,Yes
2039,2039,2026-05-23,2026-05-28,,ParcelOne,Mumbai,Failed,2,81.49,Damaged Package,5,Yes
2040,2040,2026-07-25,2026-07-28,,SwiftKart Logistics,Kolkata,RTO,1,88.35,Incorrect Address,5,Yes
2041,2041,2026-04-22,2026-04-24,2026-04-23,ParcelOne,Mumbai,Delivered,1,61.72,nan,1,No
2042,2042,2026-06-01,2026-06-06,,QuickShip India,Bengaluru,RTO,3,174.2,Courier Delay,6,Yes
2043,2043,2025-10-28,2025-10-31,,SwiftKart Logistics,Hyderabad,RTO,3,165.97,Customer Refused,-1,No
2044,2044,2026-07-20,2026-07-25,2026-07-25,ParcelOne,Chennai,Delivered,3,166.93,nan,2,No
2045,2045,2026-02-18,2026-02-22,,MetroDeliver,Delhi,RTO,3,116.16,Customer Unavailable,4,Yes
2046,2046,2026-03-27,2026-03-29,,SwiftKart Logistics,Kolkata,Failed,2,176.78,Customer Unavailable,6,Yes
2047,2047,2025-02-18,2025-02-21,2025-02-24,ParcelOne,Kolkata,Delayed,2,123.31,Courier Delay,3,Yes
2048,2048,2025-03-08,2025-03-10,,BlueRoute Express,Hyderabad,Failed,3,178.34,Courier Delay,4,Yes
2049,2049,2026-02-16,2026-02-20,2026-02-20,BlueRoute Express,Delhi,Delivered,2,50.15,nan,0,No
2050,2050,2026-03-27,2026-04-01,2026-04-04,ParcelOne,Hyderabad,Delayed,1,41.86,Courier Delay,3,Yes
2051,2051,2025-02-05,2025-02-08,2025-02-07,BlueRoute Express,Kolkata,Delivered,1,46.2,nan,4,Yes
2052,2052,2025-08-12,2025-08-16,2025-08-15,BlueRoute Express,Chennai,Delivered,1,64.04,nan,0,No
2053,2053,2025-09-22,2025-09-27,2025-09-26,QuickShip India,Delhi,Delivered,1,173.56,nan,3,Yes
2054,2054,2026-04-26,2026-04-29,,RapidX Logistics,Chennai,Failed,1,142.6,Courier Delay,0,No
2055,2055,2026-06-05,2026-06-07,,RapidX Logistics,Chennai,Failed,2,152.31,Incorrect Address,6,Yes
2056,2056,2025-01-08,2025-01-12,,BlueRoute Express,Chennai,RTO,2,49.9,Damaged Package,2,No
2057,2057,2025-02-21,2025-02-23,2025-02-28,BlueRoute Express,Hyderabad,Delayed,2,40.9,Courier Delay,5,Yes
2058,2058,2025-04-05,2025-04-07,,QuickShip India,Mumbai,In Transit,2,162.08,nan,5,Yes
2059,2059,2025-04-23,2025-04-28,2025-04-30,QuickShip India,Kolkata,Delayed,3,143.15,Courier Delay,-1,No
2060,2060,2024-08-25,2024-08-28,2024-08-27,BlueRoute Express,Kolkata,Delivered,2,43.81,nan,0,No
2061,2061,2026-03-15,2026-03-20,2026-03-19,SwiftKart Logistics,Hyderabad,Delivered,3,168.98,nan,2,No
2062,2062,2026-04-03,2026-04-08,2026-04-07,BlueRoute Express,Bengaluru,Delivered,3,151.1,nan,0,No
2063,2063,2024-12-06,2024-12-09,2024-12-12,BlueRoute Express,Kolkata,Delayed,3,115.19,Courier Delay,4,Yes
2064,2064,2025-01-04,2025-01-08,2025-01-07,QuickShip India,Mumbai,Delivered,3,100.51,nan,-1,No
2065,2065,2024-08-24,2024-08-29,2024-09-04,RapidX Logistics,Delhi,Delayed,1,107.64,Courier Delay,1,No
2066,2066,2024-11-10,2024-11-12,2024-11-11,BlueRoute Express,Kolkata,Delivered,1,171.62,nan,7,Yes
2067,2067,2024-12-22,2024-12-27,,MetroDeliver,Chennai,RTO,3,132.66,Courier Delay,1,No
2068,2068,2024-12-29,2025-01-03,2025-01-02,SwiftKart Logistics,Delhi,Delivered,1,52.37,nan,3,Yes
2069,2069,2025-02-10,2025-02-14,,RapidX Logistics,Hyderabad,Failed,1,72.85,Customer Unavailable,2,No
2070,2070,2026-05-05,2026-05-07,,QuickShip India,Mumbai,RTO,2,94.45,Customer Unavailable,2,No
2071,2071,2025-04-08,2025-04-11,2025-04-17,QuickShip India,Bengaluru,Delayed,3,75.06,Courier Delay,7,Yes
2072,2072,2025-04-28,2025-05-02,2025-05-01,RapidX Logistics,Bengaluru,Delivered,1,58.84,nan,1,No
2073,2073,2026-03-30,2026-04-04,,RapidX Logistics,Bengaluru,Failed,1,52.66,Customer Refused,4,Yes
2074,2074,2024-12-10,2024-12-12,,SwiftKart Logistics,Bengaluru,RTO,2,177.67,Damaged Package,4,Yes
2075,2075,2025-02-21,2025-02-24,2025-02-23,ParcelOne,Kolkata,Delivered,2,50.88,nan,1,No
2076,2076,2025-03-04,2025-03-09,2025-03-15,BlueRoute Express,Bengaluru,Delayed,1,81.22,Courier Delay,2,No
2077,2077,2025-02-18,2025-02-22,,SwiftKart Logistics,Mumbai,Failed,2,120.19,Customer Unavailable,6,Yes
2078,2078,2025-08-14,2025-08-18,,RapidX Logistics,Hyderabad,RTO,1,161.18,Logistics Capacity,5,Yes
2079,2079,2024-09-05,2024-09-10,2024-09-13,RapidX Logistics,Delhi,Delayed,2,78.24,Courier Delay,3,Yes
2080,2080,2025-09-22,2025-09-26,,SwiftKart Logistics,Chennai,In Transit,2,82.21,nan,0,No
2081,2081,2025-11-03,2025-11-07,2025-11-10,BlueRoute Express,Bengaluru,Delayed,2,144.23,Courier Delay,-1,No
2082,2082,2025-06-25,2025-06-27,,BlueRoute Express,Hyderabad,Failed,1,157.88,Logistics Capacity,7,Yes
2083,2083,2026-02-22,2026-02-25,,ParcelOne,Hyderabad,Failed,1,167.79,Incorrect Address,2,No
2084,2084,2026-03-09,2026-03-14,2026-03-13,SwiftKart Logistics,Hyderabad,Delivered,1,89.03,nan,6,Yes
2085,2085,2026-02-04,2026-02-09,2026-02-08,QuickShip India,Mumbai,Delivered,1,64.73,nan,7,Yes
2086,2086,2026-03-06,2026-03-10,,ParcelOne,Hyderabad,Failed,2,151.61,Logistics Capacity,2,No
2087,2087,2026-03-25,2026-03-27,,BlueRoute Express,Mumbai,Failed,3,97.96,Customer Unavailable,2,No
2088,2088,2026-07-17,2026-07-22,2026-07-21,RapidX Logistics,Kolkata,Delivered,3,147.61,nan,-1,No
2089,2089,2024-10-23,2024-10-28,2024-10-28,MetroDeliver,Delhi,Delivered,1,136.18,nan,0,No
2090,2090,2024-11-21,2024-11-24,,RapidX Logistics,Kolkata,Failed,2,166.81,Logistics Capacity,0,No
2091,2091,2025-01-06,2025-01-11,2025-01-14,ParcelOne,Mumbai,Delayed,2,127.66,Courier Delay,6,Yes
2092,2092,2024-10-18,2024-10-23,2024-10-29,RapidX Logistics,Kolkata,Delayed,3,111.48,Courier Delay,0,No
2093,2093,2026-03-08,2026-03-11,,MetroDeliver,Bengaluru,Failed,1,115.14,Courier Delay,7,Yes
2094,2094,2026-03-25,2026-03-27,2026-04-02,RapidX Logistics,Kolkata,Delayed,2,61.73,Courier Delay,4,Yes
2095,2095,2026-05-28,2026-05-31,,SwiftKart Logistics,Kolkata,Failed,2,158.28,Courier Delay,7,Yes
2096,2096,2025-06-13,2025-06-15,2025-06-21,RapidX Logistics,Chennai,Delayed,2,159.18,Courier Delay,4,Yes
2097,2097,2025-07-21,2025-07-24,2025-07-23,MetroDeliver,Mumbai,Delivered,3,62.43,nan,-1,No
2098,2098,2024-12-04,2024-12-08,,MetroDeliver,Mumbai,In Transit,2,135.39,nan,1,No
2099,2099,2024-12-28,2024-12-30,2024-12-29,RapidX Logistics,Mumbai,Delivered,2,51.79,nan,5,Yes
2100,2100,2025-05-15,2025-05-17,2025-05-15,QuickShip India,Mumbai,Delivered,2,73.67,nan,7,Yes
2101,2101,2025-12-04,2025-12-06,,ParcelOne,Chennai,RTO,3,113.97,Customer Unavailable,-1,No
2102,2102,2026-01-08,2026-01-10,2026-01-10,QuickShip India,Mumbai,Delivered,1,72.55,nan,2,No
2103,2103,2025-09-10,2025-09-15,,BlueRoute Express,Bengaluru,RTO,1,73.67,Damaged Package,4,Yes
2104,2104,2025-10-07,2025-10-12,,BlueRoute Express,Delhi,In Transit,1,162.59,nan,1,No
2105,2105,2024-09-14,2024-09-18,2024-09-17,QuickShip India,Kolkata,Delivered,2,101.1,nan,3,Yes
2106,2106,2024-09-30,2024-10-02,2024-10-02,BlueRoute Express,Mumbai,Delivered,3,111.99,nan,6,Yes
2107,2107,2026-03-07,2026-03-11,2026-03-10,RapidX Logistics,Kolkata,Delivered,2,128.67,nan,5,Yes
2108,2108,2025-09-26,2025-09-28,2025-09-28,SwiftKart Logistics,Delhi,Delivered,2,61.1,nan,-1,No
2109,2109,2025-10-21,2025-10-23,,ParcelOne,Mumbai,RTO,1,144.25,Logistics Capacity,1,No
2110,2110,2025-06-28,2025-06-30,,MetroDeliver,Bengaluru,RTO,3,106.85,Incorrect Address,0,No
2111,2111,2025-07-17,2025-07-20,,RapidX Logistics,Bengaluru,RTO,1,82.25,Customer Refused,4,Yes
2112,2112,2026-06-26,2026-06-29,2026-06-28,SwiftKart Logistics,Bengaluru,Delivered,1,45.82,nan,6,Yes
2113,2113,2025-11-25,2025-11-28,2025-11-28,RapidX Logistics,Chennai,Delivered,2,61.36,nan,6,Yes
2114,2114,2026-01-08,2026-01-13,,RapidX Logistics,Mumbai,RTO,3,111.53,Incorrect Address,5,Yes
2115,2115,2025-02-08,2025-02-10,,ParcelOne,Chennai,Failed,3,136.87,Incorrect Address,6,Yes
2116,2116,2025-03-09,2025-03-12,,SwiftKart Logistics,Kolkata,RTO,2,149.54,Customer Refused,6,Yes
2117,2117,2025-07-27,2025-07-29,2025-07-28,QuickShip India,Kolkata,Delivered,3,52.26,nan,3,Yes
2118,2118,2025-08-27,2025-08-31,,ParcelOne,Chennai,Failed,1,123.0,Customer Unavailable,3,Yes
2119,2119,2025-07-22,2025-07-27,2025-07-30,QuickShip India,Hyderabad,Delayed,3,176.35,Courier Delay,3,Yes
2120,2120,2025-05-30,2025-06-02,2025-06-01,RapidX Logistics,Bengaluru,Delivered,2,115.45,nan,1,No
2121,2121,2025-06-23,2025-06-27,,MetroDeliver,Kolkata,Failed,1,175.86,Courier Delay,4,Yes
2122,2122,2024-09-05,2024-09-07,,QuickShip India,Hyderabad,RTO,1,146.46,Customer Unavailable,5,Yes
2123,2123,2025-08-21,2025-08-26,,SwiftKart Logistics,Kolkata,In Transit,3,137.29,nan,5,Yes
2124,2124,2025-09-25,2025-09-27,,MetroDeliver,Kolkata,RTO,1,59.87,Customer Refused,3,Yes
2125,2125,2024-10-22,2024-10-26,,MetroDeliver,Mumbai,RTO,1,165.55,Customer Refused,2,No
2126,2126,2024-11-10,2024-11-14,,BlueRoute Express,Bengaluru,Failed,1,65.63,Logistics Capacity,-1,No
2127,2127,2026-01-16,2026-01-21,2026-01-24,RapidX Logistics,Kolkata,Delayed,2,47.62,Courier Delay,0,No
2128,2128,2026-01-31,2026-02-04,,QuickShip India,Kolkata,Failed,3,64.66,Customer Refused,-1,No
2129,2129,2025-03-12,2025-03-16,,SwiftKart Logistics,Bengaluru,RTO,3,56.36,Courier Delay,1,No
2130,2130,2025-04-16,2025-04-21,,BlueRoute Express,Mumbai,Failed,1,133.4,Customer Refused,6,Yes
2131,2131,2026-01-13,2026-01-15,,ParcelOne,Kolkata,RTO,3,110.65,Customer Unavailable,-1,No
2132,2132,2025-08-15,2025-08-18,2025-08-17,SwiftKart Logistics,Delhi,Delivered,1,91.47,nan,1,No
2133,2133,2025-09-12,2025-09-16,2025-09-19,BlueRoute Express,Mumbai,Delayed,2,82.14,Courier Delay,4,Yes
2134,2134,2025-04-11,2025-04-13,,MetroDeliver,Mumbai,RTO,3,103.16,Logistics Capacity,-1,No
2135,2135,2025-05-20,2025-05-22,2025-05-21,MetroDeliver,Chennai,Delivered,2,99.36,nan,7,Yes
2136,2136,2025-01-20,2025-01-25,,BlueRoute Express,Delhi,RTO,3,142.79,Customer Refused,5,Yes
2137,2137,2025-09-12,2025-09-16,2025-09-18,RapidX Logistics,Hyderabad,Delayed,2,170.15,Courier Delay,2,No
2138,2138,2025-11-06,2025-11-08,,QuickShip India,Kolkata,RTO,3,75.34,Logistics Capacity,4,Yes
2139,2139,2025-09-23,2025-09-26,2025-09-25,ParcelOne,Kolkata,Delivered,2,113.0,nan,5,Yes
2140,2140,2025-11-05,2025-11-10,2025-11-09,QuickShip India,Chennai,Delivered,2,104.99,nan,7,Yes
2141,2141,2026-02-22,2026-02-26,2026-02-25,ParcelOne,Kolkata,Delivered,2,85.64,nan,-1,No
2142,2142,2025-12-15,2025-12-19,,MetroDeliver,Mumbai,RTO,3,169.29,Courier Delay,3,Yes
2143,2143,2026-01-05,2026-01-09,2026-01-13,RapidX Logistics,Hyderabad,Delayed,2,174.96,Courier Delay,7,Yes
2144,2144,2026-01-17,2026-01-21,,ParcelOne,Mumbai,In Transit,2,178.35,nan,6,Yes
2145,2145,2025-09-22,2025-09-26,2025-09-26,SwiftKart Logistics,Hyderabad,Delivered,1,136.18,nan,7,Yes
2146,2146,2026-04-02,2026-04-05,2026-04-05,SwiftKart Logistics,Chennai,Delivered,3,138.55,nan,5,Yes
2147,2147,2026-03-03,2026-03-08,,QuickShip India,Kolkata,RTO,3,97.52,Incorrect Address,-1,No
2148,2148,2025-06-17,2025-06-20,2025-06-20,SwiftKart Logistics,Mumbai,Delivered,3,170.02,nan,3,Yes
2149,2149,2025-07-08,2025-07-12,2025-07-11,BlueRoute Express,Bengaluru,Delivered,3,64.2,nan,2,No
2150,2150,2024-09-19,2024-09-22,,SwiftKart Logistics,Delhi,Failed,1,177.29,Customer Refused,5,Yes
2151,2151,2024-08-04,2024-08-06,2024-08-05,BlueRoute Express,Chennai,Delivered,1,110.31,nan,-1,No
2152,2152,2024-08-26,2024-08-30,,MetroDeliver,Kolkata,Failed,2,115.42,Customer Refused,-1,No
2153,2153,2026-01-18,2026-01-23,,ParcelOne,Hyderabad,RTO,2,132.55,Damaged Package,3,Yes
2154,2154,2026-03-16,2026-03-21,2026-03-20,MetroDeliver,Chennai,Delivered,2,106.36,nan,5,Yes
2155,2155,2026-04-21,2026-04-23,2026-04-22,BlueRoute Express,Chennai,Delivered,1,53.41,nan,1,No
2156,2156,2024-10-18,2024-10-21,2024-10-20,MetroDeliver,Hyderabad,Delivered,2,43.23,nan,1,No
2157,2157,2024-12-01,2024-12-05,,ParcelOne,Bengaluru,Failed,2,95.53,Incorrect Address,1,No
2158,2158,2025-08-28,2025-09-02,,MetroDeliver,Kolkata,Failed,2,178.0,Customer Refused,4,Yes
2159,2159,2025-10-11,2025-10-14,2025-10-18,RapidX Logistics,Bengaluru,Delayed,1,94.71,Courier Delay,6,Yes
2160,2160,2024-12-26,2024-12-29,,ParcelOne,Hyderabad,Failed,1,133.94,Damaged Package,0,No
2161,2161,2025-01-20,2025-01-22,2025-01-26,ParcelOne,Kolkata,Delayed,3,174.31,Courier Delay,-1,No
2162,2162,2026-07-18,2026-07-21,2026-07-20,QuickShip India,Hyderabad,Delivered,2,178.73,nan,7,Yes
2163,2163,2026-08-09,2026-08-14,,QuickShip India,Mumbai,RTO,3,157.75,Customer Refused,-1,No
2164,2164,2025-08-06,2025-08-10,,QuickShip India,Hyderabad,Failed,3,134.12,Customer Unavailable,0,No
2165,2165,2025-09-12,2025-09-14,,QuickShip India,Hyderabad,RTO,2,64.68,Incorrect Address,0,No
2166,2166,2025-07-10,2025-07-13,,RapidX Logistics,Chennai,RTO,1,132.06,Damaged Package,3,Yes
2167,2167,2024-12-07,2024-12-09,2024-12-08,RapidX Logistics,Chennai,Delivered,3,57.49,nan,6,Yes
2168,2168,2025-01-02,2025-01-05,,SwiftKart Logistics,Mumbai,Failed,1,162.42,Damaged Package,4,Yes
2169,2169,2026-07-12,2026-07-17,,SwiftKart Logistics,Mumbai,Failed,1,170.63,Incorrect Address,-1,No
2170,2170,2024-08-22,2024-08-27,,ParcelOne,Kolkata,RTO,1,174.95,Courier Delay,-1,No
2171,2171,2025-04-23,2025-04-28,,ParcelOne,Delhi,RTO,3,52.88,Customer Unavailable,-1,No
2172,2172,2025-05-01,2025-05-06,2025-05-06,BlueRoute Express,Kolkata,Delivered,2,41.15,nan,4,Yes
2173,2173,2026-03-16,2026-03-20,,ParcelOne,Bengaluru,In Transit,1,104.55,nan,2,No
2174,2174,2026-04-11,2026-04-14,,RapidX Logistics,Bengaluru,Failed,2,150.71,Logistics Capacity,1,No
2175,2175,2026-05-13,2026-05-18,2026-05-17,BlueRoute Express,Hyderabad,Delivered,1,158.81,nan,7,Yes
2176,2176,2024-12-09,2024-12-14,,BlueRoute Express,Bengaluru,Failed,1,142.8,Customer Unavailable,5,Yes
2177,2177,2025-09-05,2025-09-09,,SwiftKart Logistics,Hyderabad,Failed,1,150.37,Customer Refused,-1,No
2178,2178,2024-10-22,2024-10-25,,ParcelOne,Mumbai,RTO,1,175.55,Damaged Package,2,No
2179,2179,2025-11-26,2025-11-29,,ParcelOne,Kolkata,In Transit,1,76.59,nan,5,Yes
2180,2180,2025-10-12,2025-10-16,,MetroDeliver,Mumbai,RTO,3,148.83,Incorrect Address,-1,No
2181,2181,2025-11-14,2025-11-19,2025-11-19,QuickShip India,Delhi,Delivered,2,60.1,nan,1,No
2182,2182,2026-04-11,2026-04-13,2026-04-12,BlueRoute Express,Hyderabad,Delivered,3,111.63,nan,3,Yes
2183,2183,2025-02-07,2025-02-10,2025-02-09,ParcelOne,Kolkata,Delivered,3,76.57,nan,-1,No
2184,2184,2025-02-24,2025-03-01,,QuickShip India,Hyderabad,Failed,3,115.85,Customer Refused,1,No
2185,2185,2025-10-20,2025-10-25,2025-10-28,RapidX Logistics,Kolkata,Delayed,2,77.35,Courier Delay,4,Yes
2186,2186,2025-02-25,2025-02-27,2025-02-26,SwiftKart Logistics,Delhi,Delivered,1,108.86,nan,3,Yes
2187,2187,2025-03-16,2025-03-21,,RapidX Logistics,Mumbai,RTO,1,92.44,Logistics Capacity,-1,No
2188,2188,2025-10-14,2025-10-17,,RapidX Logistics,Kolkata,Failed,2,88.11,Customer Unavailable,7,Yes
2189,2189,2025-11-18,2025-11-22,2025-11-24,RapidX Logistics,Mumbai,Delayed,2,166.59,Courier Delay,5,Yes
2190,2190,2025-07-15,2025-07-20,,MetroDeliver,Kolkata,Failed,2,95.84,Courier Delay,6,Yes
2191,2191,2025-07-31,2025-08-04,,QuickShip India,Hyderabad,In Transit,1,89.94,nan,6,Yes
2192,2192,2026-07-27,2026-07-29,2026-07-29,MetroDeliver,Kolkata,Delivered,1,63.47,nan,3,Yes
2193,2193,2025-08-18,2025-08-21,2025-08-20,SwiftKart Logistics,Mumbai,Delivered,3,109.33,nan,4,Yes
2194,2194,2025-10-29,2025-11-03,,QuickShip India,Bengaluru,RTO,1,143.14,Customer Refused,7,Yes
2195,2195,2026-07-01,2026-07-06,,SwiftKart Logistics,Delhi,Failed,1,53.64,Incorrect Address,1,No
2196,2196,2026-08-08,2026-08-10,,BlueRoute Express,Delhi,RTO,1,177.12,Damaged Package,6,Yes
2197,2197,2025-11-29,2025-12-01,2025-11-30,BlueRoute Express,Delhi,Delivered,2,44.54,nan,3,Yes
2198,2198,2026-02-01,2026-02-06,,QuickShip India,Bengaluru,Failed,3,87.6,Damaged Package,2,No
2199,2199,2025-11-25,2025-11-28,2025-11-28,MetroDeliver,Bengaluru,Delivered,2,173.6,nan,7,Yes
2200,2200,2025-12-18,2025-12-20,,BlueRoute Express,Kolkata,RTO,3,123.32,Logistics Capacity,7,Yes
2201,2201,2026-01-03,2026-01-05,,QuickShip India,Chennai,RTO,3,173.83,Courier Delay,-1,No
2202,2202,2026-05-29,2026-06-01,,BlueRoute Express,Mumbai,In Transit,2,68.43,nan,1,No
2203,2203,2025-07-10,2025-07-12,,MetroDeliver,Kolkata,RTO,3,134.84,Logistics Capacity,2,No
2204,2204,2025-08-10,2025-08-13,2025-08-12,BlueRoute Express,Delhi,Delivered,2,144.14,nan,7,Yes
2205,2205,2025-08-01,2025-08-03,,MetroDeliver,Kolkata,Failed,3,91.18,Incorrect Address,3,Yes
2206,2206,2025-08-19,2025-08-23,,SwiftKart Logistics,Bengaluru,In Transit,2,60.09,nan,7,Yes
2207,2207,2026-08-03,2026-08-08,2026-08-12,MetroDeliver,Bengaluru,Delayed,2,126.59,Courier Delay,-1,No
2208,2208,2025-10-30,2025-11-01,2025-11-04,RapidX Logistics,Chennai,Delayed,3,151.5,Courier Delay,3,Yes
2209,2209,2026-02-04,2026-02-08,2026-02-11,RapidX Logistics,Delhi,Delayed,3,107.62,Courier Delay,0,No
2210,2210,2026-03-08,2026-03-10,2026-03-16,SwiftKart Logistics,Kolkata,Delayed,2,42.72,Courier Delay,3,Yes
2211,2211,2025-04-01,2025-04-06,,BlueRoute Express,Delhi,RTO,3,106.1,Customer Unavailable,0,No
2212,2212,2025-07-12,2025-07-15,,ParcelOne,Mumbai,RTO,1,42.28,Customer Unavailable,6,Yes
2213,2213,2025-08-26,2025-08-29,2025-08-28,ParcelOne,Mumbai,Delivered,1,124.88,nan,0,No
2214,2214,2026-03-11,2026-03-15,,RapidX Logistics,Hyderabad,RTO,2,156.96,Damaged Package,2,No
2215,2215,2024-08-22,2024-08-26,,RapidX Logistics,Mumbai,Failed,1,162.47,Logistics Capacity,0,No
2216,2216,2024-09-25,2024-09-30,,QuickShip India,Hyderabad,Failed,3,173.94,Logistics Capacity,4,Yes
2217,2217,2025-12-05,2025-12-09,2025-12-09,ParcelOne,Chennai,Delivered,2,44.76,nan,5,Yes
2218,2218,2026-01-17,2026-01-19,2026-01-22,BlueRoute Express,Bengaluru,Delayed,3,83.11,Courier Delay,4,Yes
2219,2219,2025-06-24,2025-06-27,2025-06-27,MetroDeliver,Delhi,Delivered,2,175.76,nan,4,Yes
2220,2220,2025-01-18,2025-01-21,,QuickShip India,Delhi,RTO,2,177.65,Customer Unavailable,5,Yes
2221,2221,2024-11-27,2024-12-02,2024-12-02,MetroDeliver,Mumbai,Delivered,3,93.12,nan,7,Yes
2222,2222,2024-12-24,2024-12-29,,QuickShip India,Kolkata,Failed,1,46.13,Customer Unavailable,2,No
2223,2223,2024-11-19,2024-11-23,2024-11-22,RapidX Logistics,Kolkata,Delivered,3,59.53,nan,0,No
2224,2224,2024-12-16,2024-12-18,2024-12-17,QuickShip India,Kolkata,Delivered,3,57.66,nan,-1,No
2225,2225,2025-01-04,2025-01-07,2025-01-09,MetroDeliver,Hyderabad,Delayed,3,159.47,Courier Delay,2,No
2226,2226,2026-04-03,2026-04-05,2026-04-05,SwiftKart Logistics,Chennai,Delivered,2,40.91,nan,5,Yes
2227,2227,2026-05-10,2026-05-14,,SwiftKart Logistics,Delhi,In Transit,1,97.92,nan,0,No
2228,2228,2025-10-11,2025-10-16,,ParcelOne,Mumbai,RTO,2,82.32,Logistics Capacity,2,No
2229,2229,2026-02-14,2026-02-16,,MetroDeliver,Mumbai,Failed,2,109.3,Customer Unavailable,0,No
2230,2230,2026-03-10,2026-03-14,,MetroDeliver,Kolkata,Failed,3,60.21,Customer Refused,3,Yes
2231,2231,2024-09-22,2024-09-24,2024-09-22,RapidX Logistics,Delhi,Delivered,1,145.67,nan,1,No
2232,2232,2024-10-14,2024-10-19,2024-10-19,QuickShip India,Chennai,Delivered,1,161.91,nan,7,Yes
2233,2233,2025-07-24,2025-07-26,,ParcelOne,Kolkata,RTO,3,65.66,Courier Delay,5,Yes
2234,2234,2025-08-27,2025-09-01,,BlueRoute Express,Delhi,RTO,1,100.8,Customer Refused,6,Yes
2235,2235,2025-04-07,2025-04-12,2025-04-11,MetroDeliver,Chennai,Delivered,3,154.21,nan,7,Yes
2236,2236,2025-05-01,2025-05-04,,ParcelOne,Chennai,RTO,3,110.05,Customer Unavailable,5,Yes
2237,2237,2025-09-09,2025-09-14,,RapidX Logistics,Mumbai,RTO,2,72.22,Courier Delay,-1,No
2238,2238,2025-10-07,2025-10-09,2025-10-08,QuickShip India,Delhi,Delivered,1,51.61,nan,5,Yes
2239,2239,2025-04-29,2025-05-04,2025-05-03,RapidX Logistics,Kolkata,Delivered,2,106.4,nan,1,No
2240,2240,2025-06-11,2025-06-14,2025-06-18,MetroDeliver,Chennai,Delayed,2,173.4,Courier Delay,4,Yes
2241,2241,2025-08-10,2025-08-14,,MetroDeliver,Bengaluru,RTO,1,47.46,Courier Delay,3,Yes
2242,2242,2024-12-21,2024-12-24,,QuickShip India,Kolkata,RTO,1,96.4,Incorrect Address,0,No
2243,2243,2025-07-23,2025-07-25,2025-07-24,QuickShip India,Delhi,Delivered,1,161.78,nan,3,Yes
2244,2244,2024-10-30,2024-11-01,2024-10-31,SwiftKart Logistics,Mumbai,Delivered,1,153.14,nan,0,No
2245,2245,2025-07-17,2025-07-20,,MetroDeliver,Chennai,Failed,3,151.35,Customer Refused,3,Yes
2246,2246,2025-08-02,2025-08-07,,ParcelOne,Kolkata,RTO,2,77.83,Courier Delay,0,No
2247,2247,2026-07-09,2026-07-11,,SwiftKart Logistics,Hyderabad,Failed,2,45.12,Damaged Package,0,No
2248,2248,2026-03-15,2026-03-19,2026-03-19,QuickShip India,Kolkata,Delivered,2,146.81,nan,1,No
2249,2249,2026-04-29,2026-05-01,,QuickShip India,Delhi,Failed,3,58.32,Logistics Capacity,0,No
2250,2250,2024-10-26,2024-10-28,,SwiftKart Logistics,Mumbai,RTO,1,51.78,Customer Refused,0,No
2251,2251,2025-10-12,2025-10-15,2025-10-14,QuickShip India,Mumbai,Delivered,3,65.19,nan,0,No
2252,2252,2025-11-11,2025-11-13,2025-11-12,SwiftKart Logistics,Mumbai,Delivered,2,170.95,nan,4,Yes
2253,2253,2026-06-13,2026-06-15,,MetroDeliver,Chennai,In Transit,1,95.38,nan,1,No
2254,2254,2025-08-15,2025-08-17,,MetroDeliver,Kolkata,Failed,2,71.54,Damaged Package,0,No
2255,2255,2025-08-30,2025-09-03,2025-09-05,ParcelOne,Mumbai,Delayed,3,121.18,Courier Delay,2,No
2256,2256,2024-10-21,2024-10-24,,MetroDeliver,Hyderabad,Failed,3,64.99,Logistics Capacity,6,Yes
2257,2257,2024-11-08,2024-11-10,2024-11-10,QuickShip India,Kolkata,Delivered,3,79.23,nan,0,No
2258,2258,2025-04-05,2025-04-07,,QuickShip India,Kolkata,Failed,1,66.54,Damaged Package,6,Yes
2259,2259,2025-05-17,2025-05-19,2025-05-23,MetroDeliver,Delhi,Delayed,2,86.4,Courier Delay,-1,No
2260,2260,2026-05-10,2026-05-13,,RapidX Logistics,Delhi,Failed,3,131.73,Incorrect Address,1,No
2261,2261,2026-06-05,2026-06-08,,QuickShip India,Hyderabad,Failed,1,86.39,Incorrect Address,7,Yes
2262,2262,2025-12-08,2025-12-13,,RapidX Logistics,Kolkata,RTO,1,62.22,Incorrect Address,6,Yes
2263,2263,2025-10-14,2025-10-19,,QuickShip India,Kolkata,RTO,1,84.43,Courier Delay,0,No
2264,2264,2025-11-05,2025-11-08,2025-11-06,RapidX Logistics,Hyderabad,Delivered,1,118.24,nan,0,No
2265,2265,2025-05-09,2025-05-11,2025-05-10,RapidX Logistics,Kolkata,Delivered,3,88.39,nan,0,No
2266,2266,2026-03-01,2026-03-03,2026-03-02,RapidX Logistics,Kolkata,Delivered,2,128.12,nan,5,Yes
2267,2267,2026-04-15,2026-04-20,,RapidX Logistics,Bengaluru,Failed,1,111.32,Damaged Package,4,Yes
2268,2268,2025-03-25,2025-03-30,2025-03-30,BlueRoute Express,Hyderabad,Delivered,2,124.84,nan,4,Yes
2269,2269,2026-07-30,2026-08-01,,MetroDeliver,Delhi,RTO,3,41.55,Customer Refused,-1,No
2270,2270,2024-11-02,2024-11-07,2024-11-07,MetroDeliver,Kolkata,Delivered,1,130.68,nan,7,Yes
2271,2271,2025-01-23,2025-01-25,2025-01-24,BlueRoute Express,Kolkata,Delivered,2,83.41,nan,6,Yes
2272,2272,2025-05-23,2025-05-27,2025-05-29,ParcelOne,Mumbai,Delayed,1,165.15,Courier Delay,3,Yes
2273,2273,2026-02-11,2026-02-15,2026-02-14,RapidX Logistics,Kolkata,Delivered,1,179.4,nan,7,Yes
2274,2274,2026-03-09,2026-03-12,,ParcelOne,Bengaluru,RTO,1,137.28,Customer Refused,0,No
2275,2275,2026-04-03,2026-04-06,2026-04-05,RapidX Logistics,Delhi,Delivered,2,83.17,nan,7,Yes
2276,2276,2026-03-15,2026-03-20,2026-03-18,BlueRoute Express,Mumbai,Delivered,1,160.44,nan,3,Yes
2277,2277,2026-04-07,2026-04-12,,ParcelOne,Chennai,Failed,2,43.96,Damaged Package,3,Yes
2278,2278,2025-09-27,2025-10-02,2025-10-02,BlueRoute Express,Delhi,Delivered,1,40.8,nan,7,Yes
2279,2279,2025-10-27,2025-10-30,,SwiftKart Logistics,Chennai,RTO,1,106.75,Incorrect Address,3,Yes
2280,2280,2025-04-03,2025-04-07,,QuickShip India,Chennai,Failed,2,95.77,Logistics Capacity,1,No
2281,2281,2026-01-10,2026-01-12,2026-01-17,BlueRoute Express,Hyderabad,Delayed,1,42.68,Courier Delay,1,No
2282,2282,2026-02-01,2026-02-05,,QuickShip India,Bengaluru,Failed,2,57.66,Incorrect Address,2,No
2283,2283,2025-11-03,2025-11-06,2025-11-12,BlueRoute Express,Delhi,Delayed,3,114.76,Courier Delay,0,No
2284,2284,2025-12-09,2025-12-14,,ParcelOne,Mumbai,RTO,2,121.87,Logistics Capacity,6,Yes
2285,2285,2025-11-12,2025-11-15,,RapidX Logistics,Mumbai,Failed,2,54.88,Courier Delay,6,Yes
2286,2286,2025-06-30,2025-07-02,,MetroDeliver,Hyderabad,RTO,1,121.48,Damaged Package,2,No
2287,2287,2025-08-08,2025-08-10,,ParcelOne,Bengaluru,In Transit,1,76.85,nan,0,No
2288,2288,2025-04-24,2025-04-27,2025-04-26,SwiftKart Logistics,Kolkata,Delivered,2,131.33,nan,3,Yes
2289,2289,2025-05-12,2025-05-14,,QuickShip India,Bengaluru,Failed,2,146.85,Incorrect Address,1,No
2290,2290,2024-11-02,2024-11-04,,BlueRoute Express,Mumbai,RTO,1,150.9,Incorrect Address,3,Yes
2291,2291,2026-01-31,2026-02-02,,RapidX Logistics,Hyderabad,RTO,2,80.37,Customer Refused,6,Yes
2292,2292,2026-01-28,2026-02-01,,RapidX Logistics,Kolkata,Failed,2,72.18,Customer Unavailable,1,No
2293,2293,2026-03-12,2026-03-15,2026-03-21,QuickShip India,Delhi,Delayed,2,143.9,Courier Delay,3,Yes
2294,2294,2025-06-17,2025-06-20,,ParcelOne,Delhi,In Transit,2,144.64,nan,5,Yes
2295,2295,2025-07-21,2025-07-24,,MetroDeliver,Mumbai,Failed,3,71.5,Customer Refused,1,No
2296,2296,2025-04-14,2025-04-18,2025-04-16,QuickShip India,Chennai,Delivered,1,135.72,nan,3,Yes
2297,2297,2025-04-29,2025-05-03,2025-05-02,QuickShip India,Chennai,Delivered,1,64.44,nan,7,Yes
2298,2298,2025-07-09,2025-07-11,2025-07-11,QuickShip India,Bengaluru,Delivered,2,103.8,nan,-1,No
2299,2299,2025-08-02,2025-08-05,,ParcelOne,Chennai,Failed,1,109.16,Logistics Capacity,3,Yes
2300,2300,2026-01-07,2026-01-12,2026-01-11,SwiftKart Logistics,Delhi,Delivered,2,147.33,nan,4,Yes
2301,2301,2026-02-18,2026-02-22,2026-02-20,RapidX Logistics,Bengaluru,Delivered,3,173.87,nan,1,No
2302,2302,2024-08-19,2024-08-22,,ParcelOne,Delhi,In Transit,1,100.34,nan,6,Yes
2303,2303,2024-10-01,2024-10-04,,RapidX Logistics,Bengaluru,RTO,2,111.42,Customer Unavailable,5,Yes
2304,2304,2025-08-05,2025-08-08,2025-08-08,BlueRoute Express,Hyderabad,Delivered,3,162.07,nan,3,Yes
2305,2305,2025-09-05,2025-09-09,2025-09-12,RapidX Logistics,Delhi,Delayed,1,64.61,Courier Delay,0,No
2306,2306,2025-03-23,2025-03-27,,RapidX Logistics,Kolkata,Failed,3,107.87,Incorrect Address,2,No
2307,2307,2025-05-12,2025-05-16,2025-05-16,SwiftKart Logistics,Delhi,Delivered,2,154.29,nan,6,Yes
2308,2308,2025-09-22,2025-09-26,2025-09-29,RapidX Logistics,Chennai,Delayed,1,69.63,Courier Delay,6,Yes
2309,2309,2025-10-27,2025-10-29,,SwiftKart Logistics,Bengaluru,Failed,1,145.15,Customer Unavailable,1,No
2310,2310,2025-12-31,2026-01-04,2026-01-03,QuickShip India,Delhi,Delivered,2,127.61,nan,3,Yes
2311,2311,2026-02-05,2026-02-09,2026-02-08,QuickShip India,Mumbai,Delivered,2,57.93,nan,2,No
2312,2312,2024-11-29,2024-12-02,,BlueRoute Express,Hyderabad,RTO,3,135.79,Customer Unavailable,3,Yes
2313,2313,2024-12-26,2024-12-28,,RapidX Logistics,Bengaluru,RTO,2,76.72,Courier Delay,0,No
2314,2314,2025-08-03,2025-08-05,,SwiftKart Logistics,Mumbai,RTO,2,94.27,Logistics Capacity,6,Yes
2315,2315,2025-10-17,2025-10-22,,ParcelOne,Mumbai,RTO,2,93.36,Damaged Package,-1,No
2316,2316,2024-08-16,2024-08-18,2024-08-18,BlueRoute Express,Bengaluru,Delivered,2,137.62,nan,3,Yes
2317,2317,2024-09-15,2024-09-17,,BlueRoute Express,Chennai,RTO,2,68.07,Customer Refused,5,Yes
2318,2318,2024-08-25,2024-08-30,2024-08-29,BlueRoute Express,Kolkata,Delivered,2,43.11,nan,2,No
2319,2319,2024-10-01,2024-10-03,2024-10-03,QuickShip India,Hyderabad,Delivered,2,163.39,nan,3,Yes
2320,2320,2026-08-01,2026-08-06,,ParcelOne,Bengaluru,Failed,1,46.65,Damaged Package,5,Yes
2321,2321,2024-10-06,2024-10-10,2024-10-09,BlueRoute Express,Hyderabad,Delivered,3,115.26,nan,2,No
2322,2322,2025-09-26,2025-09-29,2025-09-28,SwiftKart Logistics,Delhi,Delivered,3,98.73,nan,1,No
2323,2323,2025-05-26,2025-05-29,,SwiftKart Logistics,Hyderabad,RTO,1,54.76,Incorrect Address,2,No
2324,2324,2024-10-28,2024-10-31,2024-10-29,RapidX Logistics,Delhi,Delivered,1,170.21,nan,2,No
2325,2325,2025-02-21,2025-02-25,,BlueRoute Express,Kolkata,In Transit,2,90.26,nan,-1,No
2326,2326,2024-10-10,2024-10-13,2024-10-12,QuickShip India,Delhi,Delivered,3,178.05,nan,6,Yes
2327,2327,2024-11-03,2024-11-06,,ParcelOne,Bengaluru,RTO,3,144.61,Courier Delay,5,Yes
2328,2328,2024-08-12,2024-08-16,2024-08-15,RapidX Logistics,Kolkata,Delivered,1,155.47,nan,2,No
2329,2329,2026-05-06,2026-05-08,2026-05-07,SwiftKart Logistics,Delhi,Delivered,2,167.81,nan,3,Yes
2330,2330,2026-06-10,2026-06-12,2026-06-12,SwiftKart Logistics,Bengaluru,Delivered,3,131.45,nan,6,Yes
2331,2331,2025-04-19,2025-04-21,2025-04-27,SwiftKart Logistics,Chennai,Delayed,1,147.4,Courier Delay,1,No
2332,2332,2024-11-13,2024-11-17,2024-11-17,MetroDeliver,Kolkata,Delivered,1,101.95,nan,0,No
2333,2333,2024-12-12,2024-12-16,2024-12-15,SwiftKart Logistics,Bengaluru,Delivered,2,60.77,nan,0,No
2334,2334,2026-06-27,2026-06-29,,RapidX Logistics,Hyderabad,Failed,2,165.02,Customer Refused,0,No
2335,2335,2026-07-13,2026-07-18,,BlueRoute Express,Mumbai,RTO,1,66.51,Customer Unavailable,-1,No
2336,2336,2025-12-15,2025-12-18,2025-12-17,RapidX Logistics,Chennai,Delivered,1,98.64,nan,7,Yes
2337,2337,2025-05-31,2025-06-02,,RapidX Logistics,Mumbai,RTO,2,73.11,Damaged Package,6,Yes
2338,2338,2026-02-07,2026-02-12,,SwiftKart Logistics,Bengaluru,RTO,3,59.73,Customer Unavailable,6,Yes
2339,2339,2026-03-22,2026-03-26,,BlueRoute Express,Kolkata,RTO,1,83.53,Customer Unavailable,2,No
2340,2340,2025-10-03,2025-10-07,,SwiftKart Logistics,Hyderabad,Failed,3,158.4,Damaged Package,-1,No
2341,2341,2025-11-26,2025-12-01,,ParcelOne,Hyderabad,RTO,2,64.69,Customer Unavailable,4,Yes
2342,2342,2026-01-07,2026-01-12,2026-01-11,RapidX Logistics,Hyderabad,Delivered,2,144.17,nan,2,No
2343,2343,2026-03-07,2026-03-10,2026-03-09,QuickShip India,Kolkata,Delivered,3,145.02,nan,4,Yes
2344,2344,2026-03-28,2026-04-01,,ParcelOne,Bengaluru,Failed,1,55.63,Customer Unavailable,4,Yes
2345,2345,2024-08-21,2024-08-25,2024-08-25,SwiftKart Logistics,Kolkata,Delivered,1,57.73,nan,6,Yes
2346,2346,2024-09-28,2024-10-01,2024-10-01,MetroDeliver,Bengaluru,Delivered,1,148.28,nan,-1,No
2347,2347,2025-02-13,2025-02-17,2025-02-16,MetroDeliver,Chennai,Delivered,2,166.87,nan,0,No
2348,2348,2026-07-12,2026-07-17,2026-07-16,RapidX Logistics,Bengaluru,Delivered,2,62.93,nan,1,No
2349,2349,2026-08-02,2026-08-05,,RapidX Logistics,Mumbai,RTO,2,63.11,Logistics Capacity,7,Yes
2350,2350,2025-04-18,2025-04-20,2025-04-19,RapidX Logistics,Mumbai,Delivered,3,130.36,nan,1,No
2351,2351,2025-06-01,2025-06-06,2025-06-05,SwiftKart Logistics,Delhi,Delivered,3,132.55,nan,1,No
2352,2352,2026-03-18,2026-03-22,,RapidX Logistics,Hyderabad,RTO,3,115.97,Logistics Capacity,7,Yes
2353,2353,2026-04-30,2026-05-02,2026-04-30,QuickShip India,Delhi,Delivered,3,116.62,nan,5,Yes
2354,2354,2024-11-08,2024-11-10,2024-11-10,MetroDeliver,Mumbai,Delivered,1,60.25,nan,3,Yes
2355,2355,2026-01-10,2026-01-15,,SwiftKart Logistics,Bengaluru,Failed,3,147.69,Damaged Package,-1,No
2356,2356,2024-10-02,2024-10-06,2024-10-05,RapidX Logistics,Bengaluru,Delivered,3,125.38,nan,3,Yes
2357,2357,2024-10-25,2024-10-27,2024-11-01,ParcelOne,Mumbai,Delayed,3,45.97,Courier Delay,0,No
2358,2358,2024-10-08,2024-10-10,,RapidX Logistics,Delhi,RTO,1,178.95,Customer Unavailable,4,Yes
2359,2359,2025-04-03,2025-04-06,2025-04-09,SwiftKart Logistics,Chennai,Delayed,3,117.1,Courier Delay,-1,No
2360,2360,2025-05-15,2025-05-19,,BlueRoute Express,Delhi,Failed,2,75.93,Customer Refused,0,No
2361,2361,2026-06-06,2026-06-11,2026-06-11,BlueRoute Express,Kolkata,Delivered,2,131.74,nan,6,Yes
2362,2362,2026-07-14,2026-07-18,,QuickShip India,Delhi,RTO,1,69.47,Logistics Capacity,6,Yes
2363,2363,2024-10-19,2024-10-23,,BlueRoute Express,Kolkata,RTO,2,81.34,Damaged Package,-1,No
2364,2364,2026-07-27,2026-07-29,,RapidX Logistics,Kolkata,RTO,2,64.31,Logistics Capacity,5,Yes
2365,2365,2025-09-09,2025-09-13,,SwiftKart Logistics,Kolkata,RTO,1,115.97,Incorrect Address,4,Yes
2366,2366,2025-12-04,2025-12-07,2025-12-12,RapidX Logistics,Delhi,Delayed,1,117.85,Courier Delay,2,No
2367,2367,2025-12-21,2025-12-23,2025-12-22,BlueRoute Express,Delhi,Delivered,2,104.68,nan,7,Yes
2368,2368,2025-12-30,2026-01-02,2026-01-04,ParcelOne,Chennai,Delayed,2,110.22,Courier Delay,7,Yes
2369,2369,2025-09-07,2025-09-12,2025-09-18,QuickShip India,Kolkata,Delayed,3,127.11,Courier Delay,6,Yes
2370,2370,2025-10-05,2025-10-07,,SwiftKart Logistics,Delhi,RTO,2,126.1,Damaged Package,0,No
2371,2371,2026-08-02,2026-08-04,,SwiftKart Logistics,Kolkata,Failed,1,70.19,Customer Refused,3,Yes
2372,2372,2025-01-19,2025-01-21,2025-01-20,BlueRoute Express,Mumbai,Delivered,1,154.19,nan,2,No
2373,2373,2025-02-07,2025-02-10,2025-02-13,QuickShip India,Mumbai,Delayed,2,119.86,Courier Delay,-1,No
2374,2374,2025-10-12,2025-10-17,,RapidX Logistics,Delhi,Failed,1,64.27,Logistics Capacity,4,Yes
2375,2375,2026-01-10,2026-01-13,2026-01-15,MetroDeliver,Hyderabad,Delayed,2,156.52,Courier Delay,2,No
2376,2376,2026-01-23,2026-01-25,,QuickShip India,Kolkata,Failed,2,139.03,Incorrect Address,7,Yes
2377,2377,2026-02-15,2026-02-20,2026-02-20,BlueRoute Express,Kolkata,Delivered,2,41.42,nan,0,No
2378,2378,2024-11-14,2024-11-16,2024-11-15,ParcelOne,Mumbai,Delivered,3,179.47,nan,0,No
2379,2379,2024-09-30,2024-10-04,,SwiftKart Logistics,Kolkata,RTO,2,131.06,Incorrect Address,5,Yes
2380,2380,2025-09-03,2025-09-08,2025-09-08,RapidX Logistics,Mumbai,Delivered,2,164.5,nan,5,Yes
2381,2381,2025-10-12,2025-10-14,,RapidX Logistics,Kolkata,RTO,3,75.99,Courier Delay,2,No
2382,2382,2024-08-03,2024-08-05,,BlueRoute Express,Delhi,Failed,1,110.51,Customer Refused,6,Yes
2383,2383,2024-09-11,2024-09-16,,ParcelOne,Kolkata,Failed,2,64.29,Damaged Package,6,Yes
2384,2384,2025-08-18,2025-08-20,2025-08-23,ParcelOne,Hyderabad,Delayed,2,88.05,Courier Delay,1,No
2385,2385,2025-05-06,2025-05-08,2025-05-06,QuickShip India,Bengaluru,Delivered,1,173.72,nan,6,Yes
2386,2386,2025-01-07,2025-01-09,,MetroDeliver,Chennai,RTO,2,96.63,Courier Delay,3,Yes
2387,2387,2025-01-12,2025-01-17,2025-01-16,ParcelOne,Chennai,Delivered,3,120.02,nan,6,Yes
2388,2388,2025-02-25,2025-03-02,,MetroDeliver,Hyderabad,RTO,2,90.7,Damaged Package,6,Yes
2389,2389,2026-03-09,2026-03-14,,RapidX Logistics,Hyderabad,Failed,3,49.03,Customer Unavailable,0,No
2390,2390,2026-03-29,2026-04-03,,SwiftKart Logistics,Chennai,RTO,3,176.74,Incorrect Address,0,No
2391,2391,2025-08-22,2025-08-24,2025-08-26,QuickShip India,Bengaluru,Delayed,3,67.03,Courier Delay,-1,No
2392,2392,2026-03-19,2026-03-22,2026-03-22,MetroDeliver,Mumbai,Delivered,2,175.86,nan,3,Yes
2393,2393,2026-04-23,2026-04-27,,BlueRoute Express,Chennai,RTO,3,92.52,Customer Unavailable,3,Yes
2394,2394,2026-04-07,2026-04-12,2026-04-18,RapidX Logistics,Bengaluru,Delayed,1,75.6,Courier Delay,4,Yes
2395,2395,2026-05-10,2026-05-14,2026-05-13,MetroDeliver,Kolkata,Delivered,3,134.76,nan,7,Yes
2396,2396,2026-07-22,2026-07-27,,ParcelOne,Kolkata,Failed,2,42.6,Customer Unavailable,1,No
2397,2397,2025-09-04,2025-09-09,,ParcelOne,Chennai,Failed,1,43.39,Courier Delay,4,Yes
2398,2398,2025-10-02,2025-10-06,,BlueRoute Express,Bengaluru,Failed,1,135.38,Logistics Capacity,4,Yes
2399,2399,2025-09-12,2025-09-17,2025-09-16,MetroDeliver,Kolkata,Delivered,2,92.19,nan,5,Yes
2400,2400,2025-10-01,2025-10-04,,MetroDeliver,Hyderabad,Failed,1,119.24,Customer Refused,6,Yes
2401,2401,2024-09-23,2024-09-25,2024-09-25,RapidX Logistics,Kolkata,Delivered,2,109.84,nan,0,No
2402,2402,2025-02-23,2025-02-28,,SwiftKart Logistics,Chennai,RTO,1,154.41,Damaged Package,7,Yes
2403,2403,2025-03-26,2025-03-28,2025-04-01,SwiftKart Logistics,Delhi,Delayed,3,89.82,Courier Delay,6,Yes
2404,2404,2025-12-01,2025-12-03,2025-12-02,BlueRoute Express,Delhi,Delivered,3,102.86,nan,5,Yes
2405,2405,2025-12-26,2025-12-31,,MetroDeliver,Bengaluru,In Transit,3,65.69,nan,-1,No
2406,2406,2025-03-09,2025-03-14,,MetroDeliver,Hyderabad,RTO,2,144.99,Customer Refused,1,No
2407,2407,2025-10-26,2025-10-29,,MetroDeliver,Chennai,RTO,1,91.14,Customer Refused,6,Yes
2408,2408,2025-12-05,2025-12-09,,SwiftKart Logistics,Chennai,Failed,1,123.03,Customer Refused,5,Yes
2409,2409,2025-11-14,2025-11-17,2025-11-17,SwiftKart Logistics,Mumbai,Delivered,1,165.13,nan,6,Yes
2410,2410,2025-08-04,2025-08-08,,BlueRoute Express,Bengaluru,RTO,3,174.24,Customer Unavailable,4,Yes
2411,2411,2025-08-31,2025-09-02,2025-09-02,QuickShip India,Bengaluru,Delivered,3,65.74,nan,7,Yes
2412,2412,2024-11-27,2024-12-02,,RapidX Logistics,Chennai,RTO,3,79.48,Logistics Capacity,0,No
2413,2413,2025-01-03,2025-01-06,2025-01-05,QuickShip India,Mumbai,Delivered,3,179.46,nan,5,Yes
2414,2414,2024-11-28,2024-12-03,2024-12-02,BlueRoute Express,Delhi,Delivered,2,156.26,nan,4,Yes
2415,2415,2024-12-15,2024-12-20,,QuickShip India,Kolkata,RTO,1,87.13,Customer Unavailable,3,Yes
2416,2416,2025-06-03,2025-06-05,2025-06-04,RapidX Logistics,Delhi,Delivered,2,98.3,nan,6,Yes
2417,2417,2025-07-06,2025-07-11,2025-07-15,QuickShip India,Delhi,Delayed,1,66.13,Courier Delay,3,Yes
2418,2418,2025-11-02,2025-11-06,2025-11-05,MetroDeliver,Hyderabad,Delivered,3,168.16,nan,5,Yes
2419,2419,2025-12-01,2025-12-05,,ParcelOne,Kolkata,In Transit,3,115.89,nan,0,No
2420,2420,2025-03-07,2025-03-10,,SwiftKart Logistics,Chennai,Failed,1,107.25,Courier Delay,4,Yes
2421,2421,2025-01-08,2025-01-12,2025-01-11,ParcelOne,Hyderabad,Delivered,2,45.03,nan,1,No
2422,2422,2025-02-14,2025-02-16,2025-02-15,BlueRoute Express,Bengaluru,Delivered,1,54.28,nan,5,Yes
2423,2423,2025-02-26,2025-03-02,2025-03-01,MetroDeliver,Chennai,Delivered,2,126.7,nan,2,No
2424,2424,2024-11-29,2024-12-04,,RapidX Logistics,Kolkata,RTO,3,84.54,Customer Unavailable,2,No
2425,2425,2025-09-25,2025-09-28,,MetroDeliver,Chennai,RTO,2,81.71,Logistics Capacity,1,No
2426,2426,2024-12-22,2024-12-27,,MetroDeliver,Hyderabad,RTO,1,125.72,Incorrect Address,6,Yes
2427,2427,2024-10-10,2024-10-14,2024-10-12,QuickShip India,Kolkata,Delivered,2,74.57,nan,0,No
2428,2428,2024-11-11,2024-11-16,2024-11-15,QuickShip India,Hyderabad,Delivered,2,115.81,nan,2,No
2429,2429,2026-01-21,2026-01-24,2026-01-23,SwiftKart Logistics,Hyderabad,Delivered,2,98.52,nan,3,Yes
2430,2430,2025-02-26,2025-03-03,,SwiftKart Logistics,Kolkata,Failed,1,172.26,Customer Refused,6,Yes
2431,2431,2025-04-10,2025-04-15,,RapidX Logistics,Kolkata,Failed,3,73.54,Customer Unavailable,7,Yes
2432,2432,2026-04-23,2026-04-27,,ParcelOne,Delhi,Failed,2,51.1,Customer Unavailable,2,No
2433,2433,2026-06-04,2026-06-09,,MetroDeliver,Hyderabad,RTO,1,122.07,Incorrect Address,4,Yes
2434,2434,2026-07-14,2026-07-19,2026-07-18,BlueRoute Express,Chennai,Delivered,3,112.4,nan,5,Yes
2435,2435,2025-08-08,2025-08-11,,QuickShip India,Chennai,RTO,1,88.69,Damaged Package,1,No
2436,2436,2025-09-07,2025-09-12,2025-09-11,SwiftKart Logistics,Chennai,Delivered,2,159.04,nan,6,Yes
2437,2437,2026-02-28,2026-03-03,,RapidX Logistics,Hyderabad,RTO,1,155.16,Courier Delay,0,No
2438,2438,2024-11-02,2024-11-04,2024-11-06,ParcelOne,Mumbai,Delayed,2,114.27,Courier Delay,3,Yes
2439,2439,2024-12-06,2024-12-09,,ParcelOne,Hyderabad,In Transit,2,143.54,nan,-1,No
2440,2440,2026-01-04,2026-01-09,2026-01-07,SwiftKart Logistics,Delhi,Delivered,3,91.29,nan,3,Yes
2441,2441,2026-01-25,2026-01-28,2026-02-03,BlueRoute Express,Delhi,Delayed,3,154.46,Courier Delay,1,No
2442,2442,2025-06-16,2025-06-21,,MetroDeliver,Bengaluru,RTO,3,145.91,Customer Refused,5,Yes
2443,2443,2025-06-04,2025-06-07,2025-06-06,QuickShip India,Hyderabad,Delivered,3,100.02,nan,3,Yes
2444,2444,2024-12-26,2024-12-28,2024-12-27,MetroDeliver,Chennai,Delivered,1,106.59,nan,4,Yes
2445,2445,2025-01-30,2025-02-02,,RapidX Logistics,Hyderabad,Failed,3,123.92,Courier Delay,6,Yes
2446,2446,2026-05-28,2026-06-02,2026-06-06,ParcelOne,Mumbai,Delayed,3,112.31,Courier Delay,2,No
2447,2447,2026-06-13,2026-06-18,,MetroDeliver,Delhi,RTO,2,72.1,Damaged Package,1,No
2448,2448,2025-05-31,2025-06-03,,ParcelOne,Chennai,RTO,2,159.21,Customer Unavailable,0,No
2449,2449,2025-06-26,2025-06-30,2025-07-03,RapidX Logistics,Chennai,Delayed,2,159.2,Courier Delay,-1,No
2450,2450,2025-06-13,2025-06-17,2025-06-16,MetroDeliver,Hyderabad,Delivered,1,132.98,nan,4,Yes
2451,2451,2024-09-23,2024-09-28,,MetroDeliver,Chennai,RTO,3,113.77,Customer Refused,3,Yes
2452,2452,2024-10-12,2024-10-16,2024-10-14,BlueRoute Express,Kolkata,Delivered,1,136.69,nan,-1,No
2453,2453,2026-01-23,2026-01-25,,MetroDeliver,Kolkata,RTO,1,136.89,Logistics Capacity,1,No
2454,2454,2025-12-11,2025-12-16,,BlueRoute Express,Kolkata,RTO,1,121.08,Customer Refused,-1,No
2455,2455,2025-12-30,2026-01-03,2026-01-02,RapidX Logistics,Mumbai,Delivered,2,176.02,nan,-1,No
2456,2456,2024-09-03,2024-09-06,,BlueRoute Express,Kolkata,RTO,2,57.28,Courier Delay,-1,No
2457,2457,2024-09-26,2024-10-01,2024-10-01,MetroDeliver,Bengaluru,Delivered,3,128.8,nan,6,Yes
2458,2458,2025-04-03,2025-04-05,,ParcelOne,Chennai,Failed,2,165.04,Damaged Package,3,Yes
2459,2459,2025-04-23,2025-04-27,,RapidX Logistics,Bengaluru,Failed,3,121.6,Customer Refused,5,Yes
2460,2460,2026-08-03,2026-08-07,,BlueRoute Express,Delhi,Failed,1,168.73,Customer Refused,6,Yes
2461,2461,2025-02-07,2025-02-09,,ParcelOne,Delhi,RTO,3,168.65,Incorrect Address,3,Yes
2462,2462,2026-03-06,2026-03-11,,ParcelOne,Kolkata,RTO,2,169.11,Logistics Capacity,3,Yes
2463,2463,2025-03-31,2025-04-02,,ParcelOne,Chennai,RTO,2,76.23,Courier Delay,0,No
2464,2464,2025-05-03,2025-05-07,2025-05-06,BlueRoute Express,Kolkata,Delivered,2,117.3,nan,3,Yes
2465,2465,2026-08-04,2026-08-09,,RapidX Logistics,Hyderabad,Failed,1,49.17,Incorrect Address,-1,No
2466,2466,2025-10-10,2025-10-13,2025-10-12,SwiftKart Logistics,Delhi,Delivered,3,91.22,nan,4,Yes
2467,2467,2025-10-25,2025-10-29,,ParcelOne,Hyderabad,Failed,3,179.22,Incorrect Address,6,Yes
2468,2468,2025-10-08,2025-10-11,2025-10-11,RapidX Logistics,Bengaluru,Delivered,3,141.37,nan,4,Yes
2469,2469,2025-11-15,2025-11-18,,MetroDeliver,Kolkata,RTO,2,57.61,Customer Unavailable,2,No
2470,2470,2025-01-06,2025-01-10,2025-01-10,ParcelOne,Kolkata,Delivered,1,106.29,nan,7,Yes
2471,2471,2025-02-03,2025-02-07,2025-02-06,SwiftKart Logistics,Bengaluru,Delivered,1,44.84,nan,-1,No
2472,2472,2025-08-04,2025-08-07,2025-08-06,ParcelOne,Kolkata,Delivered,2,47.82,nan,0,No
2473,2473,2025-09-02,2025-09-05,,BlueRoute Express,Kolkata,Failed,2,116.5,Customer Unavailable,6,Yes
2474,2474,2025-08-15,2025-08-18,,SwiftKart Logistics,Hyderabad,Failed,3,156.77,Customer Unavailable,-1,No
2475,2475,2025-01-05,2025-01-09,,MetroDeliver,Bengaluru,Failed,1,124.28,Customer Refused,-1,No
2476,2476,2025-01-28,2025-02-01,,RapidX Logistics,Hyderabad,RTO,3,161.34,Damaged Package,1,No
2477,2477,2025-10-16,2025-10-20,,BlueRoute Express,Mumbai,Failed,1,146.72,Logistics Capacity,3,Yes
2478,2478,2024-12-20,2024-12-22,,BlueRoute Express,Delhi,RTO,3,100.97,Courier Delay,0,No
2479,2479,2026-03-13,2026-03-16,,RapidX Logistics,Hyderabad,RTO,1,112.87,Customer Refused,2,No
2480,2480,2025-11-27,2025-11-30,,SwiftKart Logistics,Delhi,Failed,1,162.3,Incorrect Address,-1,No
2481,2481,2025-11-14,2025-11-16,2025-11-15,BlueRoute Express,Hyderabad,Delivered,3,62.12,nan,2,No
2482,2482,2025-01-31,2025-02-04,,MetroDeliver,Bengaluru,RTO,3,168.12,Courier Delay,0,No
2483,2483,2025-02-24,2025-02-28,2025-03-06,SwiftKart Logistics,Mumbai,Delayed,3,151.11,Courier Delay,3,Yes
2484,2484,2026-06-04,2026-06-09,,BlueRoute Express,Hyderabad,RTO,2,43.31,Customer Refused,6,Yes
2485,2485,2024-10-06,2024-10-11,2024-10-10,SwiftKart Logistics,Hyderabad,Delivered,1,163.0,nan,0,No
2486,2486,2024-10-22,2024-10-25,2024-10-24,RapidX Logistics,Mumbai,Delivered,2,108.76,nan,1,No
2487,2487,2026-01-18,2026-01-20,2026-01-19,QuickShip India,Kolkata,Delivered,2,163.75,nan,0,No
2488,2488,2024-12-23,2024-12-25,,MetroDeliver,Mumbai,RTO,3,156.75,Courier Delay,6,Yes
2489,2489,2025-07-16,2025-07-18,,RapidX Logistics,Kolkata,RTO,1,142.96,Damaged Package,-1,No
2490,2490,2024-10-10,2024-10-13,2024-10-12,QuickShip India,Bengaluru,Delivered,3,116.82,nan,2,No
2491,2491,2024-10-24,2024-10-27,,SwiftKart Logistics,Hyderabad,Failed,3,108.73,Incorrect Address,1,No
2492,2492,2025-10-07,2025-10-12,2025-10-12,MetroDeliver,Chennai,Delivered,2,74.99,nan,4,Yes
2493,2493,2025-11-15,2025-11-18,2025-11-17,SwiftKart Logistics,Mumbai,Delivered,3,64.72,nan,4,Yes
2494,2494,2026-07-05,2026-07-10,2026-07-09,BlueRoute Express,Delhi,Delivered,2,163.73,nan,3,Yes
2495,2495,2025-05-24,2025-05-27,,SwiftKart Logistics,Delhi,Failed,3,44.77,Damaged Package,0,No
2496,2496,2024-11-25,2024-11-29,,MetroDeliver,Chennai,RTO,3,159.24,Courier Delay,6,Yes
2497,2497,2024-12-25,2024-12-30,,BlueRoute Express,Chennai,Failed,2,166.67,Customer Unavailable,1,No
2498,2498,2025-11-15,2025-11-18,2025-11-18,RapidX Logistics,Bengaluru,Delivered,3,155.98,nan,6,Yes
2499,2499,2025-12-30,2026-01-04,2026-01-10,MetroDeliver,Mumbai,Delayed,2,147.08,Courier Delay,5,Yes
2500,2500,2025-08-12,2025-08-17,,RapidX Logistics,Delhi,RTO,2,179.67,Courier Delay,1,No
2501,2501,2025-09-19,2025-09-23,,ParcelOne,Chennai,Failed,3,121.2,Damaged Package,6,Yes
2502,2502,2025-01-15,2025-01-19,,MetroDeliver,Chennai,Failed,3,117.06,Customer Refused,-1,No
2503,2503,2025-02-24,2025-02-27,,BlueRoute Express,Chennai,RTO,1,149.82,Customer Unavailable,0,No
2504,2504,2025-10-03,2025-10-07,,ParcelOne,Kolkata,Failed,1,145.34,Damaged Package,1,No
2505,2505,2025-10-28,2025-11-02,2025-11-07,SwiftKart Logistics,Hyderabad,Delayed,3,152.52,Courier Delay,4,Yes
2506,2506,2025-03-07,2025-03-09,2025-03-08,BlueRoute Express,Bengaluru,Delivered,3,154.53,nan,0,No
2507,2507,2025-04-21,2025-04-23,2025-04-23,ParcelOne,Bengaluru,Delivered,3,175.7,nan,-1,No
2508,2508,2025-09-28,2025-10-02,,SwiftKart Logistics,Chennai,Failed,1,160.33,Customer Refused,3,Yes
2509,2509,2025-10-26,2025-10-28,,ParcelOne,Chennai,RTO,3,63.25,Damaged Package,-1,No
2510,2510,2026-03-05,2026-03-08,2026-03-07,RapidX Logistics,Kolkata,Delivered,2,53.82,nan,7,Yes
2511,2511,2024-08-20,2024-08-25,,ParcelOne,Chennai,RTO,3,106.16,Customer Unavailable,6,Yes
2512,2512,2025-02-17,2025-02-22,,RapidX Logistics,Kolkata,In Transit,2,162.96,nan,3,Yes
2513,2513,2025-03-26,2025-03-28,2025-03-27,ParcelOne,Chennai,Delivered,3,102.73,nan,6,Yes
2514,2514,2025-07-13,2025-07-17,,QuickShip India,Mumbai,Failed,3,107.06,Incorrect Address,1,No
2515,2515,2025-08-26,2025-08-29,2025-09-01,BlueRoute Express,Hyderabad,Delayed,3,162.41,Courier Delay,0,No
2516,2516,2025-01-05,2025-01-08,,MetroDeliver,Hyderabad,RTO,3,97.35,Customer Refused,0,No
2517,2517,2025-03-04,2025-03-07,2025-03-07,MetroDeliver,Chennai,Delivered,2,171.1,nan,-1,No
2518,2518,2025-04-13,2025-04-18,2025-04-21,RapidX Logistics,Bengaluru,Delayed,1,175.12,Courier Delay,5,Yes
2519,2519,2025-05-28,2025-06-02,2025-06-05,RapidX Logistics,Chennai,Delayed,3,137.01,Courier Delay,-1,No
2520,2520,2026-06-17,2026-06-19,,ParcelOne,Delhi,RTO,3,86.06,Incorrect Address,1,No
2521,2521,2026-07-06,2026-07-09,2026-07-08,QuickShip India,Mumbai,Delivered,3,116.64,nan,6,Yes
2522,2522,2024-12-09,2024-12-13,2024-12-12,BlueRoute Express,Delhi,Delivered,1,119.47,nan,0,No
2523,2523,2025-01-05,2025-01-07,2025-01-06,SwiftKart Logistics,Mumbai,Delivered,1,106.19,nan,2,No
2524,2524,2025-01-24,2025-01-28,2025-02-01,SwiftKart Logistics,Kolkata,Delayed,1,44.29,Courier Delay,2,No
2525,2525,2026-01-16,2026-01-21,,RapidX Logistics,Chennai,In Transit,2,172.18,nan,5,Yes
2526,2526,2025-10-01,2025-10-04,,ParcelOne,Chennai,Failed,1,154.41,Customer Refused,0,No
2527,2527,2025-10-07,2025-10-09,2025-10-08,ParcelOne,Hyderabad,Delivered,2,96.36,nan,7,Yes
2528,2528,2025-11-05,2025-11-09,,QuickShip India,Chennai,RTO,3,121.46,Logistics Capacity,7,Yes
2529,2529,2025-10-06,2025-10-11,,MetroDeliver,Delhi,Failed,2,114.72,Customer Unavailable,4,Yes
2530,2530,2025-01-15,2025-01-20,,RapidX Logistics,Kolkata,RTO,3,136.14,Courier Delay,-1,No
2531,2531,2025-02-24,2025-02-27,,ParcelOne,Bengaluru,Failed,1,76.14,Courier Delay,5,Yes
2532,2532,2025-03-20,2025-03-23,,RapidX Logistics,Kolkata,Failed,2,92.12,Incorrect Address,1,No
2533,2533,2025-05-01,2025-05-06,2025-05-04,RapidX Logistics,Delhi,Delivered,1,171.9,nan,-1,No
2534,2534,2024-12-09,2024-12-13,2024-12-12,MetroDeliver,Hyderabad,Delivered,2,67.07,nan,1,No
2535,2535,2025-01-07,2025-01-09,2025-01-08,BlueRoute Express,Mumbai,Delivered,1,179.27,nan,7,Yes
2536,2536,2025-07-03,2025-07-08,,QuickShip India,Hyderabad,RTO,3,48.68,Customer Unavailable,0,No
2537,2537,2025-07-28,2025-08-01,,ParcelOne,Delhi,RTO,3,170.68,Courier Delay,2,No
2538,2538,2026-05-02,2026-05-07,2026-05-06,ParcelOne,Hyderabad,Delivered,2,127.66,nan,0,No
2539,2539,2026-06-14,2026-06-16,2026-06-15,QuickShip India,Chennai,Delivered,2,124.05,nan,7,Yes
2540,2540,2025-12-20,2025-12-25,2025-12-29,QuickShip India,Mumbai,Delayed,3,80.13,Courier Delay,4,Yes
2541,2541,2025-08-25,2025-08-30,2025-08-29,QuickShip India,Delhi,Delivered,1,90.95,nan,-1,No
2542,2542,2024-10-02,2024-10-05,,MetroDeliver,Kolkata,In Transit,3,168.0,nan,7,Yes
2543,2543,2025-02-17,2025-02-22,2025-02-20,RapidX Logistics,Bengaluru,Delivered,3,68.43,nan,0,No
2544,2544,2024-10-05,2024-10-08,,MetroDeliver,Bengaluru,In Transit,3,118.6,nan,0,No
2545,2545,2024-10-27,2024-11-01,2024-10-31,QuickShip India,Chennai,Delivered,3,113.81,nan,1,No
2546,2546,2025-06-12,2025-06-14,,SwiftKart Logistics,Bengaluru,Failed,2,113.76,Damaged Package,0,No
2547,2547,2025-07-26,2025-07-29,,SwiftKart Logistics,Mumbai,In Transit,3,130.93,nan,0,No
2548,2548,2025-07-16,2025-07-21,,MetroDeliver,Hyderabad,RTO,2,141.18,Customer Refused,2,No
2549,2549,2025-08-12,2025-08-15,2025-08-15,MetroDeliver,Chennai,Delivered,2,142.7,nan,5,Yes
2550,2550,2025-02-11,2025-02-16,2025-02-21,QuickShip India,Chennai,Delayed,3,105.28,Courier Delay,6,Yes
2551,2551,2025-03-16,2025-03-21,2025-03-27,RapidX Logistics,Mumbai,Delayed,2,134.33,Courier Delay,4,Yes
2552,2552,2026-07-12,2026-07-17,,BlueRoute Express,Chennai,In Transit,2,157.89,nan,6,Yes
2553,2553,2026-08-01,2026-08-04,,BlueRoute Express,Hyderabad,RTO,1,136.58,Damaged Package,3,Yes
2554,2554,2025-06-12,2025-06-16,,BlueRoute Express,Bengaluru,Failed,1,142.32,Customer Refused,3,Yes
2555,2555,2025-07-06,2025-07-09,2025-07-08,BlueRoute Express,Mumbai,Delivered,2,169.36,nan,0,No
2556,2556,2026-05-30,2026-06-02,2026-06-01,MetroDeliver,Bengaluru,Delivered,3,61.3,nan,2,No
2557,2557,2026-04-17,2026-04-20,2026-04-19,MetroDeliver,Bengaluru,Delivered,1,120.92,nan,5,Yes
2558,2558,2026-01-01,2026-01-04,,RapidX Logistics,Chennai,Failed,3,168.03,Damaged Package,6,Yes
2559,2559,2025-07-21,2025-07-23,2025-07-22,ParcelOne,Delhi,Delivered,1,132.41,nan,-1,No
2560,2560,2026-07-26,2026-07-31,2026-07-31,SwiftKart Logistics,Hyderabad,Delivered,2,47.92,nan,2,No
2561,2561,2024-10-17,2024-10-21,,RapidX Logistics,Mumbai,In Transit,2,151.79,nan,-1,No
2562,2562,2024-11-08,2024-11-10,,MetroDeliver,Hyderabad,Failed,3,82.21,Logistics Capacity,5,Yes
2563,2563,2026-03-29,2026-04-02,,QuickShip India,Hyderabad,Failed,2,105.56,Courier Delay,7,Yes
2564,2564,2025-03-21,2025-03-26,2025-03-28,QuickShip India,Bengaluru,Delayed,2,51.51,Courier Delay,6,Yes
2565,2565,2025-04-21,2025-04-26,2025-04-25,MetroDeliver,Hyderabad,Delivered,2,66.04,nan,2,No
2566,2566,2026-06-17,2026-06-20,,ParcelOne,Delhi,Failed,1,127.23,Customer Refused,7,Yes
2567,2567,2026-07-08,2026-07-13,,ParcelOne,Mumbai,RTO,3,143.5,Customer Refused,-1,No
2568,2568,2024-09-21,2024-09-23,,ParcelOne,Hyderabad,Failed,1,81.34,Incorrect Address,6,Yes
2569,2569,2024-10-13,2024-10-15,,QuickShip India,Mumbai,In Transit,3,140.43,nan,0,No
2570,2570,2025-10-02,2025-10-05,,SwiftKart Logistics,Mumbai,Failed,1,177.13,Logistics Capacity,0,No
2571,2571,2026-01-06,2026-01-08,,RapidX Logistics,Bengaluru,In Transit,3,93.83,nan,2,No
2572,2572,2025-10-24,2025-10-26,2025-10-28,BlueRoute Express,Chennai,Delayed,3,122.23,Courier Delay,3,Yes
2573,2573,2024-09-27,2024-10-02,2024-10-01,MetroDeliver,Delhi,Delivered,1,54.99,nan,2,No
2574,2574,2024-10-23,2024-10-26,,BlueRoute Express,Mumbai,RTO,3,132.04,Customer Refused,-1,No
2575,2575,2025-05-19,2025-05-22,,MetroDeliver,Bengaluru,Failed,2,155.43,Logistics Capacity,0,No
2576,2576,2025-12-31,2026-01-03,2026-01-01,MetroDeliver,Bengaluru,Delivered,3,71.83,nan,4,Yes
2577,2577,2026-02-14,2026-02-16,2026-02-15,QuickShip India,Kolkata,Delivered,3,126.87,nan,1,No
2578,2578,2025-08-31,2025-09-03,2025-09-09,RapidX Logistics,Hyderabad,Delayed,3,44.52,Courier Delay,7,Yes
2579,2579,2025-09-26,2025-09-29,,BlueRoute Express,Hyderabad,RTO,3,113.1,Customer Refused,5,Yes
2580,2580,2025-10-23,2025-10-25,,MetroDeliver,Delhi,RTO,1,45.92,Damaged Package,0,No
2581,2581,2026-06-06,2026-06-09,2026-06-08,RapidX Logistics,Bengaluru,Delivered,1,105.31,nan,3,Yes
2582,2582,2025-12-04,2025-12-09,2025-12-07,ParcelOne,Delhi,Delivered,2,133.18,nan,0,No
2583,2583,2026-01-09,2026-01-12,,ParcelOne,Chennai,RTO,2,95.87,Damaged Package,3,Yes
2584,2584,2025-05-05,2025-05-07,,RapidX Logistics,Chennai,RTO,3,117.68,Courier Delay,5,Yes
2585,2585,2025-04-09,2025-04-11,2025-04-11,QuickShip India,Chennai,Delivered,3,84.91,nan,6,Yes
2586,2586,2025-05-08,2025-05-11,2025-05-10,RapidX Logistics,Kolkata,Delivered,2,152.78,nan,3,Yes
2587,2587,2025-07-27,2025-07-29,2025-07-31,BlueRoute Express,Kolkata,Delayed,3,92.13,Courier Delay,7,Yes
2588,2588,2025-08-29,2025-09-01,2025-08-30,MetroDeliver,Bengaluru,Delivered,1,116.08,nan,0,No
2589,2589,2024-10-16,2024-10-18,,BlueRoute Express,Bengaluru,RTO,1,124.27,Incorrect Address,7,Yes
2590,2590,2024-11-28,2024-12-03,,SwiftKart Logistics,Bengaluru,RTO,1,145.79,Customer Refused,1,No
2591,2591,2024-11-30,2024-12-03,2024-12-02,SwiftKart Logistics,Kolkata,Delivered,3,175.9,nan,1,No
2592,2592,2025-01-09,2025-01-11,,MetroDeliver,Delhi,RTO,3,161.77,Customer Refused,0,No
2593,2593,2025-09-23,2025-09-26,2025-09-28,RapidX Logistics,Delhi,Delayed,2,112.61,Courier Delay,4,Yes
2594,2594,2025-10-19,2025-10-24,,QuickShip India,Bengaluru,Failed,2,169.19,Customer Unavailable,3,Yes
2595,2595,2024-08-11,2024-08-15,,MetroDeliver,Bengaluru,RTO,2,85.35,Customer Unavailable,5,Yes
2596,2596,2026-05-08,2026-05-13,2026-05-18,ParcelOne,Kolkata,Delayed,3,98.78,Courier Delay,3,Yes
2597,2597,2024-09-14,2024-09-16,2024-09-18,BlueRoute Express,Mumbai,Delayed,2,151.48,Courier Delay,1,No
2598,2598,2025-06-15,2025-06-18,2025-06-17,BlueRoute Express,Bengaluru,Delivered,2,80.85,nan,1,No
2599,2599,2025-12-18,2025-12-20,,MetroDeliver,Chennai,RTO,3,91.49,Courier Delay,4,Yes
2600,2600,2026-01-30,2026-02-02,2026-02-02,ParcelOne,Chennai,Delivered,1,66.71,nan,1,No
2601,2601,2024-12-22,2024-12-27,2024-12-26,SwiftKart Logistics,Bengaluru,Delivered,1,145.42,nan,6,Yes
2602,2602,2025-02-08,2025-02-13,,QuickShip India,Bengaluru,Failed,3,81.05,Damaged Package,5,Yes
2603,2603,2026-05-25,2026-05-27,2026-05-27,MetroDeliver,Kolkata,Delivered,3,137.0,nan,2,No
2604,2604,2026-05-16,2026-05-20,,RapidX Logistics,Mumbai,Failed,1,154.42,Damaged Package,4,Yes
2605,2605,2026-06-24,2026-06-28,,ParcelOne,Kolkata,Failed,2,178.73,Incorrect Address,7,Yes
2606,2606,2024-12-28,2025-01-01,,MetroDeliver,Bengaluru,RTO,1,153.53,Damaged Package,0,No
2607,2607,2024-11-26,2024-12-01,,MetroDeliver,Delhi,RTO,2,124.86,Logistics Capacity,1,No
2608,2608,2025-07-06,2025-07-08,,SwiftKart Logistics,Kolkata,RTO,3,162.29,Customer Refused,2,No
2609,2609,2025-08-08,2025-08-13,,ParcelOne,Mumbai,RTO,3,54.07,Incorrect Address,-1,No
2610,2610,2025-09-15,2025-09-20,2025-09-19,ParcelOne,Hyderabad,Delivered,1,103.72,nan,2,No
2611,2611,2025-10-06,2025-10-09,2025-10-08,MetroDeliver,Mumbai,Delivered,1,154.14,nan,1,No
2612,2612,2026-02-14,2026-02-16,2026-02-16,MetroDeliver,Bengaluru,Delivered,1,142.79,nan,6,Yes
2613,2613,2024-10-21,2024-10-23,,MetroDeliver,Hyderabad,RTO,2,44.61,Customer Unavailable,-1,No
2614,2614,2024-12-06,2024-12-09,,BlueRoute Express,Chennai,RTO,3,85.43,Customer Refused,5,Yes
2615,2615,2025-01-22,2025-01-26,,ParcelOne,Hyderabad,RTO,3,161.66,Customer Refused,-1,No
2616,2616,2025-03-03,2025-03-05,,BlueRoute Express,Mumbai,RTO,2,171.21,Customer Unavailable,4,Yes
2617,2617,2026-06-06,2026-06-10,2026-06-09,BlueRoute Express,Kolkata,Delivered,2,129.41,nan,4,Yes
2618,2618,2024-10-02,2024-10-04,2024-10-03,BlueRoute Express,Mumbai,Delivered,3,56.27,nan,7,Yes
2619,2619,2024-10-28,2024-10-31,2024-10-30,ParcelOne,Bengaluru,Delivered,2,157.96,nan,3,Yes
2620,2620,2026-05-19,2026-05-22,,RapidX Logistics,Chennai,Failed,1,106.23,Incorrect Address,0,No
2621,2621,2026-03-18,2026-03-23,,QuickShip India,Bengaluru,RTO,1,120.37,Logistics Capacity,1,No
2622,2622,2025-07-02,2025-07-07,2025-07-05,MetroDeliver,Bengaluru,Delivered,1,86.48,nan,0,No
2623,2623,2026-06-28,2026-06-30,2026-07-06,RapidX Logistics,Chennai,Delayed,2,100.79,Courier Delay,-1,No
2624,2624,2024-10-27,2024-11-01,,SwiftKart Logistics,Chennai,RTO,1,65.11,Incorrect Address,6,Yes
2625,2625,2025-01-07,2025-01-10,,SwiftKart Logistics,Kolkata,RTO,1,102.96,Damaged Package,2,No
2626,2626,2025-02-15,2025-02-18,2025-02-17,SwiftKart Logistics,Kolkata,Delivered,2,134.44,nan,5,Yes
2627,2627,2024-08-03,2024-08-08,2024-08-14,BlueRoute Express,Delhi,Delayed,2,59.2,Courier Delay,3,Yes
2628,2628,2024-09-13,2024-09-16,2024-09-14,BlueRoute Express,Hyderabad,Delivered,1,113.1,nan,5,Yes
2629,2629,2025-06-09,2025-06-14,,RapidX Logistics,Kolkata,Failed,1,147.03,Customer Refused,1,No
2630,2630,2025-07-18,2025-07-21,,BlueRoute Express,Mumbai,RTO,3,43.58,Customer Unavailable,2,No
2631,2631,2024-12-17,2024-12-21,2024-12-20,SwiftKart Logistics,Mumbai,Delivered,2,70.59,nan,7,Yes
2632,2632,2025-01-07,2025-01-12,,QuickShip India,Kolkata,Failed,1,40.78,Customer Refused,4,Yes
2633,2633,2025-02-27,2025-03-02,,QuickShip India,Hyderabad,RTO,3,84.57,Courier Delay,3,Yes
2634,2634,2025-04-08,2025-04-10,,QuickShip India,Delhi,Failed,2,162.91,Customer Unavailable,3,Yes
2635,2635,2026-06-16,2026-06-18,,MetroDeliver,Kolkata,Failed,1,70.63,Damaged Package,7,Yes
2636,2636,2025-10-01,2025-10-06,2025-10-05,BlueRoute Express,Delhi,Delivered,2,97.17,nan,5,Yes
2637,2637,2025-11-10,2025-11-12,,ParcelOne,Chennai,Failed,1,139.81,Logistics Capacity,-1,No
2638,2638,2026-07-02,2026-07-05,,BlueRoute Express,Bengaluru,RTO,3,72.29,Incorrect Address,7,Yes
2639,2639,2025-10-12,2025-10-17,2025-10-17,SwiftKart Logistics,Mumbai,Delivered,2,98.81,nan,-1,No
2640,2640,2025-11-18,2025-11-23,2025-11-22,QuickShip India,Mumbai,Delivered,2,83.45,nan,3,Yes
2641,2641,2025-08-18,2025-08-20,,BlueRoute Express,Hyderabad,Failed,2,54.17,Incorrect Address,7,Yes
2642,2642,2025-01-28,2025-01-31,,ParcelOne,Bengaluru,Failed,3,127.95,Customer Unavailable,0,No
2643,2643,2024-11-19,2024-11-22,,QuickShip India,Bengaluru,RTO,1,141.29,Logistics Capacity,2,No
2644,2644,2024-12-31,2025-01-02,,MetroDeliver,Hyderabad,Failed,3,59.71,Customer Unavailable,0,No
2645,2645,2025-05-05,2025-05-09,2025-05-08,QuickShip India,Mumbai,Delivered,3,103.51,nan,4,Yes
2646,2646,2026-05-23,2026-05-28,,ParcelOne,Kolkata,Failed,3,104.18,Customer Unavailable,7,Yes
2647,2647,2024-10-22,2024-10-26,,MetroDeliver,Kolkata,Failed,2,154.36,Customer Refused,5,Yes
2648,2648,2025-08-22,2025-08-27,2025-08-30,BlueRoute Express,Hyderabad,Delayed,3,122.08,Courier Delay,7,Yes
2649,2649,2025-09-30,2025-10-04,2025-10-04,QuickShip India,Chennai,Delivered,1,99.19,nan,4,Yes
2650,2650,2025-03-01,2025-03-06,,SwiftKart Logistics,Delhi,RTO,2,87.8,Damaged Package,1,No
2651,2651,2025-04-15,2025-04-20,2025-04-19,RapidX Logistics,Mumbai,Delivered,1,119.7,nan,0,No
2652,2652,2025-12-14,2025-12-17,2025-12-16,SwiftKart Logistics,Kolkata,Delivered,3,155.71,nan,3,Yes
2653,2653,2026-01-22,2026-01-24,,MetroDeliver,Kolkata,Failed,3,117.11,Courier Delay,0,No
2654,2654,2025-03-26,2025-03-31,,RapidX Logistics,Chennai,Failed,3,154.43,Logistics Capacity,2,No
2655,2655,2025-04-18,2025-04-22,2025-04-22,BlueRoute Express,Hyderabad,Delivered,3,86.88,nan,5,Yes
2656,2656,2025-10-12,2025-10-17,,QuickShip India,Chennai,RTO,1,166.44,Incorrect Address,3,Yes
2657,2657,2026-05-12,2026-05-15,2026-05-14,ParcelOne,Hyderabad,Delivered,2,136.46,nan,5,Yes
2658,2658,2024-10-04,2024-10-06,,ParcelOne,Hyderabad,RTO,3,56.69,Customer Refused,5,Yes
2659,2659,2026-02-10,2026-02-15,,QuickShip India,Bengaluru,In Transit,2,153.77,nan,3,Yes
2660,2660,2026-03-02,2026-03-05,,BlueRoute Express,Kolkata,RTO,1,101.91,Courier Delay,2,No
2661,2661,2026-01-20,2026-01-22,2026-01-22,BlueRoute Express,Hyderabad,Delivered,3,110.11,nan,0,No
2662,2662,2026-03-02,2026-03-04,2026-03-04,MetroDeliver,Kolkata,Delivered,3,46.78,nan,6,Yes
2663,2663,2026-04-02,2026-04-07,,QuickShip India,Delhi,RTO,3,137.26,Customer Unavailable,1,No
2664,2664,2026-05-13,2026-05-18,,QuickShip India,Chennai,RTO,2,169.33,Damaged Package,6,Yes
2665,2665,2026-06-16,2026-06-20,2026-06-20,MetroDeliver,Hyderabad,Delivered,3,75.06,nan,3,Yes
2666,2666,2025-02-03,2025-02-08,2025-02-07,RapidX Logistics,Kolkata,Delivered,1,120.24,nan,3,Yes
2667,2667,2025-12-28,2025-12-31,,ParcelOne,Kolkata,In Transit,2,163.4,nan,-1,No
2668,2668,2026-01-14,2026-01-17,,ParcelOne,Kolkata,RTO,1,153.99,Incorrect Address,1,No
2669,2669,2026-02-25,2026-03-02,,QuickShip India,Mumbai,RTO,2,67.92,Customer Unavailable,0,No
2670,2670,2026-03-27,2026-03-29,2026-03-31,BlueRoute Express,Delhi,Delayed,3,46.3,Courier Delay,6,Yes
2671,2671,2025-04-28,2025-05-02,2025-05-07,BlueRoute Express,Mumbai,Delayed,2,82.88,Courier Delay,4,Yes
2672,2672,2025-11-05,2025-11-07,,BlueRoute Express,Chennai,Failed,3,54.22,Incorrect Address,-1,No
2673,2673,2025-11-21,2025-11-24,2025-11-24,ParcelOne,Hyderabad,Delivered,2,48.09,nan,-1,No
2674,2674,2024-08-19,2024-08-22,,QuickShip India,Delhi,RTO,1,127.15,Logistics Capacity,3,Yes
2675,2675,2024-09-21,2024-09-23,2024-09-23,RapidX Logistics,Chennai,Delivered,2,69.52,nan,4,Yes
2676,2676,2024-11-03,2024-11-05,,ParcelOne,Mumbai,RTO,2,79.91,Customer Refused,7,Yes
2677,2677,2026-07-31,2026-08-03,2026-08-09,ParcelOne,Chennai,Delayed,2,161.82,Courier Delay,0,No
2678,2678,2024-10-10,2024-10-13,2024-10-12,MetroDeliver,Chennai,Delivered,2,148.79,nan,2,No
2679,2679,2024-11-24,2024-11-28,,SwiftKart Logistics,Hyderabad,Failed,2,109.66,Damaged Package,-1,No
2680,2680,2025-12-22,2025-12-24,2025-12-23,BlueRoute Express,Kolkata,Delivered,3,81.65,nan,0,No
2681,2681,2026-02-04,2026-02-07,2026-02-06,BlueRoute Express,Bengaluru,Delivered,1,149.58,nan,-1,No
2682,2682,2025-11-27,2025-12-01,,SwiftKart Logistics,Bengaluru,Failed,1,56.04,Customer Refused,7,Yes
2683,2683,2025-12-30,2026-01-02,,MetroDeliver,Kolkata,RTO,3,81.42,Courier Delay,7,Yes
2684,2684,2026-07-24,2026-07-26,,QuickShip India,Delhi,Failed,2,45.51,Damaged Package,6,Yes
2685,2685,2024-10-04,2024-10-07,2024-10-07,QuickShip India,Bengaluru,Delivered,3,100.74,nan,4,Yes
2686,2686,2024-11-11,2024-11-14,2024-11-13,QuickShip India,Mumbai,Delivered,1,157.29,nan,-1,No
2687,2687,2025-08-21,2025-08-24,,MetroDeliver,Chennai,RTO,3,78.52,Logistics Capacity,1,No
2688,2688,2025-09-29,2025-10-02,2025-10-08,MetroDeliver,Mumbai,Delayed,2,101.48,Courier Delay,5,Yes
2689,2689,2024-10-21,2024-10-24,,SwiftKart Logistics,Delhi,Failed,3,124.97,Incorrect Address,2,No
2690,2690,2024-11-07,2024-11-10,2024-11-10,ParcelOne,Kolkata,Delivered,3,73.89,nan,3,Yes
2691,2691,2025-02-22,2025-02-27,,SwiftKart Logistics,Hyderabad,Failed,1,100.93,Customer Refused,7,Yes
2692,2692,2025-01-14,2025-01-18,,MetroDeliver,Bengaluru,Failed,2,94.59,Courier Delay,-1,No
2693,2693,2025-02-21,2025-02-24,,SwiftKart Logistics,Mumbai,RTO,1,114.18,Courier Delay,0,No
2694,2694,2024-10-24,2024-10-29,,MetroDeliver,Kolkata,RTO,1,95.9,Customer Unavailable,1,No
2695,2695,2026-07-24,2026-07-28,2026-07-26,BlueRoute Express,Delhi,Delivered,2,66.78,nan,0,No
2696,2696,2026-02-19,2026-02-23,,BlueRoute Express,Mumbai,Failed,2,46.26,Incorrect Address,5,Yes
2697,2697,2025-07-18,2025-07-23,,QuickShip India,Bengaluru,RTO,1,176.21,Damaged Package,1,No
2698,2698,2025-11-12,2025-11-14,2025-11-13,RapidX Logistics,Chennai,Delivered,1,143.52,nan,4,Yes
2699,2699,2025-11-27,2025-12-01,,RapidX Logistics,Bengaluru,RTO,1,93.65,Incorrect Address,2,No
2700,2700,2025-01-13,2025-01-15,2025-01-13,SwiftKart Logistics,Delhi,Delivered,2,63.16,nan,3,Yes
2701,2701,2025-08-12,2025-08-14,,BlueRoute Express,Chennai,RTO,3,147.48,Logistics Capacity,-1,No
2702,2702,2025-09-22,2025-09-25,2025-09-24,RapidX Logistics,Mumbai,Delivered,2,67.82,nan,6,Yes
2703,2703,2026-01-26,2026-01-31,,MetroDeliver,Hyderabad,Failed,2,72.22,Courier Delay,1,No
2704,2704,2026-03-06,2026-03-11,,RapidX Logistics,Mumbai,Failed,1,146.83,Damaged Package,6,Yes
2705,2705,2024-09-25,2024-09-29,,MetroDeliver,Kolkata,RTO,2,157.89,Courier Delay,3,Yes
2706,2706,2024-10-31,2024-11-05,,MetroDeliver,Bengaluru,RTO,3,109.72,Customer Refused,6,Yes
2707,2707,2025-07-15,2025-07-19,2025-07-18,QuickShip India,Chennai,Delivered,3,67.79,nan,-1,No
2708,2708,2025-08-20,2025-08-23,,ParcelOne,Hyderabad,Failed,2,116.26,Customer Refused,-1,No
2709,2709,2025-06-07,2025-06-12,,QuickShip India,Kolkata,RTO,2,160.2,Customer Unavailable,1,No
2710,2710,2025-01-18,2025-01-20,2025-01-20,BlueRoute Express,Delhi,Delivered,2,102.21,nan,0,No
2711,2711,2025-02-15,2025-02-17,2025-02-23,MetroDeliver,Hyderabad,Delayed,3,112.57,Courier Delay,2,No
2712,2712,2026-07-15,2026-07-20,,RapidX Logistics,Hyderabad,RTO,2,82.9,Customer Unavailable,-1,No
2713,2713,2026-08-09,2026-08-14,2026-08-12,MetroDeliver,Mumbai,Delivered,2,95.14,nan,-1,No
2714,2714,2025-08-23,2025-08-26,,SwiftKart Logistics,Delhi,RTO,1,88.16,Customer Refused,5,Yes
2715,2715,2025-09-20,2025-09-25,2025-09-25,RapidX Logistics,Bengaluru,Delivered,2,58.09,nan,3,Yes
2716,2716,2025-09-15,2025-09-18,2025-09-17,SwiftKart Logistics,Bengaluru,Delivered,2,139.47,nan,7,Yes
2717,2717,2025-10-12,2025-10-15,2025-10-14,SwiftKart Logistics,Chennai,Delivered,3,154.36,nan,-1,No
2718,2718,2024-09-23,2024-09-26,2024-09-30,BlueRoute Express,Hyderabad,Delayed,1,139.13,Courier Delay,2,No
2719,2719,2024-10-12,2024-10-16,,BlueRoute Express,Bengaluru,RTO,2,57.18,Logistics Capacity,3,Yes
2720,2720,2025-02-05,2025-02-10,,MetroDeliver,Bengaluru,RTO,2,160.63,Courier Delay,6,Yes
2721,2721,2025-08-30,2025-09-01,2025-08-30,BlueRoute Express,Hyderabad,Delivered,1,111.88,nan,5,Yes
2722,2722,2025-09-23,2025-09-28,,SwiftKart Logistics,Chennai,RTO,2,70.37,Courier Delay,3,Yes
2723,2723,2025-01-24,2025-01-26,,ParcelOne,Bengaluru,RTO,2,51.71,Logistics Capacity,1,No
2724,2724,2025-12-19,2025-12-23,,RapidX Logistics,Delhi,Failed,1,173.49,Incorrect Address,5,Yes
2725,2725,2026-01-11,2026-01-13,,MetroDeliver,Kolkata,RTO,1,137.56,Logistics Capacity,1,No
2726,2726,2026-01-28,2026-02-02,,ParcelOne,Chennai,RTO,3,134.77,Incorrect Address,3,Yes
2727,2727,2026-02-15,2026-02-19,,QuickShip India,Kolkata,RTO,1,100.34,Customer Refused,1,No
2728,2728,2025-06-10,2025-06-15,2025-06-20,QuickShip India,Bengaluru,Delayed,3,97.84,Courier Delay,5,Yes
2729,2729,2025-07-01,2025-07-03,2025-07-01,MetroDeliver,Mumbai,Delivered,2,85.84,nan,7,Yes
2730,2730,2024-12-09,2024-12-13,2024-12-12,QuickShip India,Mumbai,Delivered,2,120.23,nan,2,No
2731,2731,2026-03-08,2026-03-10,2026-03-09,RapidX Logistics,Mumbai,Delivered,1,41.91,nan,6,Yes
2732,2732,2026-07-10,2026-07-14,2026-07-14,BlueRoute Express,Kolkata,Delivered,1,148.37,nan,-1,No
2733,2733,2024-08-08,2024-08-11,2024-08-10,RapidX Logistics,Mumbai,Delivered,2,177.5,nan,-1,No
2734,2734,2025-09-16,2025-09-20,,MetroDeliver,Mumbai,RTO,2,65.66,Customer Unavailable,7,Yes
2735,2735,2025-10-07,2025-10-09,2025-10-13,ParcelOne,Bengaluru,Delayed,3,169.01,Courier Delay,3,Yes
2736,2736,2025-02-21,2025-02-24,,SwiftKart Logistics,Chennai,RTO,3,69.27,Customer Unavailable,1,No
2737,2737,2025-03-09,2025-03-11,2025-03-10,BlueRoute Express,Hyderabad,Delivered,1,62.1,nan,5,Yes
2738,2738,2026-06-10,2026-06-12,,SwiftKart Logistics,Mumbai,RTO,3,93.08,Courier Delay,-1,No
2739,2739,2026-07-07,2026-07-10,,QuickShip India,Chennai,Failed,3,100.37,Damaged Package,3,Yes
2740,2740,2025-07-01,2025-07-06,2025-07-05,ParcelOne,Bengaluru,Delivered,3,162.58,nan,1,No
2741,2741,2025-07-23,2025-07-27,,SwiftKart Logistics,Bengaluru,RTO,1,105.4,Courier Delay,6,Yes
2742,2742,2025-09-28,2025-10-01,,RapidX Logistics,Chennai,RTO,3,126.38,Damaged Package,0,No
2743,2743,2025-11-11,2025-11-13,2025-11-18,SwiftKart Logistics,Hyderabad,Delayed,1,40.55,Courier Delay,5,Yes
2744,2744,2025-04-11,2025-04-13,,RapidX Logistics,Delhi,RTO,3,117.96,Customer Unavailable,2,No
2745,2745,2025-12-05,2025-12-10,,QuickShip India,Chennai,In Transit,1,157.34,nan,1,No
2746,2746,2024-12-02,2024-12-04,2024-12-04,MetroDeliver,Bengaluru,Delivered,1,110.98,nan,5,Yes
2747,2747,2025-01-14,2025-01-19,,SwiftKart Logistics,Hyderabad,Failed,1,162.33,Damaged Package,2,No
2748,2748,2024-08-30,2024-09-04,2024-09-09,RapidX Logistics,Hyderabad,Delayed,1,53.1,Courier Delay,-1,No
2749,2749,2025-03-28,2025-03-31,,BlueRoute Express,Bengaluru,RTO,3,59.47,Customer Refused,6,Yes
2750,2750,2025-04-21,2025-04-26,,SwiftKart Logistics,Bengaluru,Failed,3,40.25,Damaged Package,2,No
2751,2751,2025-04-29,2025-05-02,,RapidX Logistics,Mumbai,RTO,3,86.24,Incorrect Address,5,Yes
2752,2752,2025-05-23,2025-05-28,2025-05-30,RapidX Logistics,Delhi,Delayed,1,131.47,Courier Delay,-1,No
2753,2753,2025-08-29,2025-09-01,2025-09-04,QuickShip India,Chennai,Delayed,3,102.16,Courier Delay,0,No
2754,2754,2025-09-20,2025-09-22,2025-09-20,RapidX Logistics,Bengaluru,Delivered,1,54.12,nan,6,Yes
2755,2755,2026-01-04,2026-01-06,2026-01-04,ParcelOne,Hyderabad,Delivered,3,107.62,nan,1,No
2756,2756,2025-06-17,2025-06-20,2025-06-25,QuickShip India,Chennai,Delayed,3,111.13,Courier Delay,0,No
2757,2757,2025-07-13,2025-07-17,,MetroDeliver,Chennai,Failed,1,159.64,Incorrect Address,6,Yes
2758,2758,2025-09-04,2025-09-08,2025-09-08,QuickShip India,Bengaluru,Delivered,3,48.0,nan,7,Yes
2759,2759,2025-10-02,2025-10-06,2025-10-05,SwiftKart Logistics,Mumbai,Delivered,2,99.32,nan,7,Yes
2760,2760,2024-11-19,2024-11-22,2024-11-21,QuickShip India,Delhi,Delivered,1,101.74,nan,-1,No
2761,2761,2024-09-24,2024-09-27,,BlueRoute Express,Chennai,RTO,3,137.49,Courier Delay,0,No
2762,2762,2024-11-06,2024-11-09,,QuickShip India,Hyderabad,Failed,2,42.56,Customer Unavailable,3,Yes
2763,2763,2024-11-24,2024-11-28,2024-12-04,MetroDeliver,Mumbai,Delayed,3,71.31,Courier Delay,5,Yes
2764,2764,2024-12-19,2024-12-22,2024-12-20,BlueRoute Express,Bengaluru,Delivered,3,159.62,nan,4,Yes
2765,2765,2026-05-20,2026-05-24,2026-05-24,ParcelOne,Chennai,Delivered,3,59.38,nan,4,Yes
2766,2766,2025-04-30,2025-05-03,,QuickShip India,Bengaluru,Failed,1,129.34,Customer Unavailable,5,Yes
2767,2767,2025-05-26,2025-05-30,2025-05-29,QuickShip India,Delhi,Delivered,1,71.62,nan,1,No
2768,2768,2025-08-05,2025-08-10,2025-08-10,MetroDeliver,Delhi,Delivered,1,128.88,nan,7,Yes
2769,2769,2025-09-14,2025-09-17,,QuickShip India,Delhi,RTO,2,132.7,Customer Refused,3,Yes
2770,2770,2025-08-26,2025-08-30,2025-08-28,BlueRoute Express,Chennai,Delivered,3,55.87,nan,-1,No
2771,2771,2025-07-28,2025-08-02,2025-08-02,RapidX Logistics,Chennai,Delivered,3,53.53,nan,-1,No
2772,2772,2025-09-04,2025-09-09,,MetroDeliver,Delhi,RTO,3,42.99,Customer Unavailable,2,No
2773,2773,2025-07-15,2025-07-20,2025-07-26,RapidX Logistics,Delhi,Delayed,2,54.06,Courier Delay,4,Yes
2774,2774,2025-08-21,2025-08-24,,SwiftKart Logistics,Chennai,RTO,2,137.45,Damaged Package,5,Yes
2775,2775,2026-06-16,2026-06-21,,SwiftKart Logistics,Chennai,Failed,3,44.39,Incorrect Address,0,No
2776,2776,2025-11-02,2025-11-06,2025-11-06,MetroDeliver,Hyderabad,Delivered,2,81.29,nan,3,Yes
2777,2777,2025-08-05,2025-08-10,,MetroDeliver,Bengaluru,Failed,2,176.03,Customer Unavailable,5,Yes
2778,2778,2024-11-18,2024-11-22,,RapidX Logistics,Chennai,Failed,1,56.4,Courier Delay,7,Yes
2779,2779,2025-01-02,2025-01-06,2025-01-06,ParcelOne,Hyderabad,Delivered,3,134.22,nan,-1,No
2780,2780,2026-04-05,2026-04-09,2026-04-12,QuickShip India,Bengaluru,Delayed,3,135.12,Courier Delay,0,No
2781,2781,2026-05-08,2026-05-12,2026-05-14,RapidX Logistics,Bengaluru,Delayed,2,109.95,Courier Delay,5,Yes
2782,2782,2025-10-04,2025-10-06,,MetroDeliver,Chennai,Failed,2,101.33,Courier Delay,5,Yes
2783,2783,2025-10-19,2025-10-21,2025-10-20,ParcelOne,Mumbai,Delivered,3,137.1,nan,5,Yes
2784,2784,2026-07-20,2026-07-23,,QuickShip India,Bengaluru,RTO,2,128.61,Customer Refused,1,No
2785,2785,2025-06-29,2025-07-01,2025-06-29,ParcelOne,Chennai,Delivered,1,163.89,nan,6,Yes
2786,2786,2025-07-20,2025-07-23,,BlueRoute Express,Delhi,Failed,3,99.2,Courier Delay,0,No
2787,2787,2025-12-19,2025-12-22,2025-12-22,RapidX Logistics,Mumbai,Delivered,3,73.41,nan,3,Yes
2788,2788,2026-02-02,2026-02-04,,QuickShip India,Delhi,Failed,1,177.88,Courier Delay,4,Yes
2789,2789,2025-01-23,2025-01-28,2025-01-26,SwiftKart Logistics,Kolkata,Delivered,3,151.77,nan,0,No
2790,2790,2024-11-20,2024-11-22,2024-11-21,SwiftKart Logistics,Chennai,Delivered,3,45.47,nan,1,No
2791,2791,2025-01-25,2025-01-27,,QuickShip India,Bengaluru,In Transit,2,175.04,nan,6,Yes
2792,2792,2025-12-22,2025-12-25,2025-12-24,BlueRoute Express,Hyderabad,Delivered,3,41.21,nan,1,No
2793,2793,2025-08-25,2025-08-28,2025-08-28,QuickShip India,Bengaluru,Delivered,1,172.39,nan,2,No
2794,2794,2024-08-27,2024-09-01,,MetroDeliver,Delhi,Failed,1,153.06,Logistics Capacity,3,Yes
2795,2795,2024-09-20,2024-09-23,2024-09-23,SwiftKart Logistics,Hyderabad,Delivered,1,149.87,nan,7,Yes
2796,2796,2026-07-18,2026-07-21,,RapidX Logistics,Hyderabad,RTO,2,56.61,Customer Unavailable,3,Yes
2797,2797,2025-07-06,2025-07-09,,SwiftKart Logistics,Bengaluru,RTO,3,133.21,Incorrect Address,7,Yes
2798,2798,2025-08-02,2025-08-06,2025-08-04,QuickShip India,Kolkata,Delivered,1,89.75,nan,6,Yes
2799,2799,2024-09-16,2024-09-19,2024-09-18,ParcelOne,Bengaluru,Delivered,3,169.54,nan,7,Yes
2800,2800,2024-10-30,2024-11-02,2024-11-01,MetroDeliver,Bengaluru,Delivered,3,114.19,nan,5,Yes
2801,2801,2026-04-13,2026-04-18,2026-04-17,ParcelOne,Delhi,Delivered,2,158.35,nan,3,Yes
2802,2802,2024-12-15,2024-12-18,,QuickShip India,Hyderabad,RTO,3,92.02,Courier Delay,4,Yes
2803,2803,2026-06-15,2026-06-17,2026-06-21,ParcelOne,Kolkata,Delayed,2,95.18,Courier Delay,5,Yes
2804,2804,2026-06-29,2026-07-01,2026-06-30,SwiftKart Logistics,Bengaluru,Delivered,3,63.49,nan,6,Yes
2805,2805,2025-07-19,2025-07-21,,QuickShip India,Kolkata,In Transit,2,86.25,nan,3,Yes
2806,2806,2026-02-10,2026-02-14,,RapidX Logistics,Hyderabad,In Transit,2,81.08,nan,1,No
2807,2807,2025-05-20,2025-05-22,,ParcelOne,Hyderabad,Failed,1,143.83,Damaged Package,4,Yes
2808,2808,2025-06-09,2025-06-11,2025-06-17,RapidX Logistics,Delhi,Delayed,2,146.84,Courier Delay,-1,No
2809,2809,2024-10-27,2024-10-30,,RapidX Logistics,Bengaluru,RTO,3,143.24,Customer Refused,4,Yes
2810,2810,2025-08-14,2025-08-18,2025-08-16,BlueRoute Express,Kolkata,Delivered,2,75.01,nan,5,Yes
2811,2811,2025-09-20,2025-09-23,2025-09-22,QuickShip India,Mumbai,Delivered,1,81.73,nan,1,No
2812,2812,2025-04-19,2025-04-21,,SwiftKart Logistics,Chennai,Failed,2,124.13,Customer Refused,2,No
2813,2813,2025-05-08,2025-05-11,,MetroDeliver,Bengaluru,RTO,3,96.21,Logistics Capacity,0,No
2814,2814,2025-09-25,2025-09-28,,SwiftKart Logistics,Delhi,Failed,3,145.08,Damaged Package,5,Yes
2815,2815,2025-07-20,2025-07-23,,MetroDeliver,Hyderabad,Failed,2,94.87,Damaged Package,4,Yes
2816,2816,2025-03-26,2025-03-29,2025-03-28,BlueRoute Express,Chennai,Delivered,3,97.47,nan,7,Yes
2817,2817,2025-04-25,2025-04-30,2025-05-02,ParcelOne,Mumbai,Delayed,2,129.18,Courier Delay,0,No
2818,2818,2026-03-03,2026-03-07,,QuickShip India,Delhi,Failed,2,69.42,Damaged Package,7,Yes
2819,2819,2026-03-24,2026-03-28,2026-03-28,RapidX Logistics,Delhi,Delivered,1,41.9,nan,-1,No
2820,2820,2025-12-07,2025-12-11,2025-12-10,QuickShip India,Mumbai,Delivered,3,162.49,nan,5,Yes
2821,2821,2025-08-25,2025-08-30,2025-08-30,SwiftKart Logistics,Bengaluru,Delivered,2,125.15,nan,3,Yes
2822,2822,2025-10-07,2025-10-10,2025-10-10,RapidX Logistics,Bengaluru,Delivered,3,113.73,nan,3,Yes
2823,2823,2024-08-09,2024-08-14,2024-08-13,QuickShip India,Mumbai,Delivered,1,89.77,nan,7,Yes
2824,2824,2025-10-26,2025-10-31,2025-10-30,RapidX Logistics,Mumbai,Delivered,1,115.63,nan,5,Yes
2825,2825,2025-11-29,2025-12-02,,RapidX Logistics,Delhi,Failed,1,94.72,Logistics Capacity,6,Yes
2826,2826,2025-01-05,2025-01-07,2025-01-06,SwiftKart Logistics,Bengaluru,Delivered,1,91.36,nan,5,Yes
2827,2827,2024-10-11,2024-10-15,2024-10-15,ParcelOne,Delhi,Delivered,3,63.43,nan,3,Yes
2828,2828,2024-11-06,2024-11-10,2024-11-14,MetroDeliver,Hyderabad,Delayed,3,48.36,Courier Delay,7,Yes
2829,2829,2024-11-02,2024-11-05,2024-11-04,ParcelOne,Delhi,Delivered,2,121.74,nan,4,Yes
2830,2830,2024-10-11,2024-10-16,,ParcelOne,Bengaluru,Failed,3,115.81,Incorrect Address,4,Yes
2831,2831,2025-06-03,2025-06-07,2025-06-06,MetroDeliver,Delhi,Delivered,2,42.75,nan,2,No
2832,2832,2025-06-11,2025-06-14,,QuickShip India,Kolkata,In Transit,3,136.84,nan,0,No
2833,2833,2025-06-30,2025-07-02,2025-07-07,RapidX Logistics,Hyderabad,Delayed,3,81.2,Courier Delay,7,Yes
2834,2834,2025-07-25,2025-07-30,,MetroDeliver,Hyderabad,Failed,3,169.29,Damaged Package,0,No
2835,2835,2025-08-20,2025-08-23,,BlueRoute Express,Hyderabad,RTO,1,43.69,Customer Refused,4,Yes
2836,2836,2025-01-30,2025-02-03,2025-02-03,MetroDeliver,Kolkata,Delivered,2,43.47,nan,2,No
2837,2837,2025-09-06,2025-09-09,2025-09-08,MetroDeliver,Chennai,Delivered,2,52.83,nan,2,No
2838,2838,2024-10-22,2024-10-25,,MetroDeliver,Kolkata,RTO,2,92.31,Damaged Package,5,Yes
2839,2839,2025-12-15,2025-12-19,,RapidX Logistics,Kolkata,RTO,2,56.65,Damaged Package,5,Yes
2840,2840,2026-01-14,2026-01-19,2026-01-22,SwiftKart Logistics,Bengaluru,Delayed,3,51.38,Courier Delay,7,Yes
2841,2841,2024-11-05,2024-11-10,,SwiftKart Logistics,Delhi,RTO,1,136.67,Courier Delay,-1,No
2842,2842,2024-11-20,2024-11-23,2024-11-23,ParcelOne,Kolkata,Delivered,2,52.66,nan,7,Yes
2843,2843,2025-06-17,2025-06-20,2025-06-19,BlueRoute Express,Kolkata,Delivered,1,76.72,nan,-1,No
2844,2844,2025-01-01,2025-01-04,,BlueRoute Express,Hyderabad,RTO,3,161.19,Damaged Package,2,No
2845,2845,2025-02-11,2025-02-15,,ParcelOne,Chennai,RTO,3,41.48,Damaged Package,1,No
2846,2846,2026-02-05,2026-02-09,2026-02-08,MetroDeliver,Hyderabad,Delivered,2,129.2,nan,-1,No
2847,2847,2025-06-19,2025-06-22,,RapidX Logistics,Delhi,RTO,1,80.78,Customer Unavailable,7,Yes
2848,2848,2025-07-28,2025-08-01,2025-08-05,RapidX Logistics,Kolkata,Delayed,3,124.76,Courier Delay,4,Yes
2849,2849,2024-08-14,2024-08-16,,ParcelOne,Bengaluru,In Transit,2,128.7,nan,-1,No
2850,2850,2026-01-06,2026-01-10,2026-01-08,BlueRoute Express,Delhi,Delivered,2,108.6,nan,1,No
2851,2851,2026-01-27,2026-01-30,2026-02-05,ParcelOne,Delhi,Delayed,3,87.1,Courier Delay,2,No
2852,2852,2025-05-15,2025-05-20,,ParcelOne,Bengaluru,RTO,3,115.37,Courier Delay,2,No
2853,2853,2025-06-12,2025-06-17,2025-06-16,RapidX Logistics,Kolkata,Delivered,1,88.48,nan,4,Yes
2854,2854,2026-02-19,2026-02-24,,QuickShip India,Chennai,Failed,1,109.94,Damaged Package,7,Yes
2855,2855,2026-03-12,2026-03-15,,BlueRoute Express,Mumbai,RTO,1,92.99,Courier Delay,-1,No
2856,2856,2025-08-13,2025-08-16,2025-08-16,RapidX Logistics,Bengaluru,Delivered,1,74.27,nan,2,No
2857,2857,2025-09-16,2025-09-21,2025-09-20,RapidX Logistics,Kolkata,Delivered,3,128.6,nan,7,Yes
2858,2858,2024-11-19,2024-11-23,,ParcelOne,Kolkata,RTO,3,46.87,Damaged Package,7,Yes
2859,2859,2026-01-27,2026-02-01,2026-02-01,BlueRoute Express,Hyderabad,Delivered,3,134.6,nan,4,Yes
2860,2860,2026-02-27,2026-03-02,,BlueRoute Express,Hyderabad,RTO,2,60.66,Customer Refused,5,Yes
2861,2861,2025-03-12,2025-03-16,,RapidX Logistics,Mumbai,RTO,2,111.71,Courier Delay,1,No
2862,2862,2026-04-29,2026-05-01,2026-05-01,ParcelOne,Bengaluru,Delivered,3,49.76,nan,7,Yes
2863,2863,2026-03-05,2026-03-07,,BlueRoute Express,Delhi,RTO,1,58.41,Customer Unavailable,7,Yes
2864,2864,2024-10-17,2024-10-20,2024-10-19,SwiftKart Logistics,Kolkata,Delivered,1,103.47,nan,1,No
2865,2865,2025-03-11,2025-03-14,2025-03-13,BlueRoute Express,Hyderabad,Delivered,1,77.17,nan,3,Yes
2866,2866,2025-04-01,2025-04-03,2025-04-03,RapidX Logistics,Bengaluru,Delivered,3,161.13,nan,1,No
2867,2867,2025-07-18,2025-07-20,,BlueRoute Express,Mumbai,RTO,2,124.41,Incorrect Address,-1,No
2868,2868,2025-08-10,2025-08-12,2025-08-10,ParcelOne,Chennai,Delivered,2,139.39,nan,7,Yes
2869,2869,2025-05-07,2025-05-10,,SwiftKart Logistics,Mumbai,In Transit,3,92.51,nan,2,No
2870,2870,2025-06-10,2025-06-13,,ParcelOne,Hyderabad,Failed,1,86.03,Customer Refused,4,Yes
2871,2871,2026-04-05,2026-04-07,,QuickShip India,Bengaluru,RTO,1,165.06,Customer Unavailable,4,Yes
2872,2872,2026-04-25,2026-04-30,2026-05-06,ParcelOne,Kolkata,Delayed,3,176.13,Courier Delay,0,No
2873,2873,2024-11-11,2024-11-16,,QuickShip India,Chennai,Failed,1,127.99,Damaged Package,7,Yes
2874,2874,2025-07-25,2025-07-30,2025-07-28,ParcelOne,Hyderabad,Delivered,3,152.96,nan,4,Yes
2875,2875,2024-08-12,2024-08-14,,RapidX Logistics,Hyderabad,RTO,1,92.87,Customer Unavailable,3,Yes
2876,2876,2025-05-23,2025-05-27,,SwiftKart Logistics,Mumbai,RTO,2,144.29,Customer Unavailable,5,Yes
2877,2877,2025-01-21,2025-01-24,2025-01-23,BlueRoute Express,Mumbai,Delivered,1,113.67,nan,3,Yes
2878,2878,2025-02-22,2025-02-27,2025-02-26,RapidX Logistics,Bengaluru,Delivered,1,77.9,nan,2,No
2879,2879,2024-08-27,2024-08-29,2024-08-28,ParcelOne,Hyderabad,Delivered,2,172.09,nan,2,No
2880,2880,2024-09-24,2024-09-28,2024-09-27,SwiftKart Logistics,Kolkata,Delivered,1,44.77,nan,7,Yes
2881,2881,2025-03-15,2025-03-19,,MetroDeliver,Mumbai,RTO,3,167.4,Logistics Capacity,-1,No
2882,2882,2025-04-17,2025-04-19,2025-04-23,ParcelOne,Chennai,Delayed,3,48.73,Courier Delay,3,Yes
2883,2883,2025-02-10,2025-02-13,2025-02-13,QuickShip India,Hyderabad,Delivered,3,102.81,nan,7,Yes
2884,2884,2025-03-11,2025-03-15,2025-03-21,BlueRoute Express,Hyderabad,Delayed,2,124.65,Courier Delay,6,Yes
2885,2885,2026-02-03,2026-02-06,,RapidX Logistics,Delhi,RTO,3,110.53,Incorrect Address,5,Yes
2886,2886,2026-03-20,2026-03-24,2026-03-24,RapidX Logistics,Bengaluru,Delivered,2,58.81,nan,6,Yes
2887,2887,2025-07-26,2025-07-31,,QuickShip India,Chennai,Failed,2,59.53,Damaged Package,-1,No
2888,2888,2025-12-13,2025-12-18,2025-12-16,SwiftKart Logistics,Kolkata,Delivered,3,48.8,nan,0,No
2889,2889,2026-06-23,2026-06-25,,SwiftKart Logistics,Chennai,In Transit,2,149.95,nan,0,No
2890,2890,2025-11-18,2025-11-21,2025-11-20,SwiftKart Logistics,Hyderabad,Delivered,3,125.08,nan,1,No
2891,2891,2025-12-27,2026-01-01,,ParcelOne,Bengaluru,RTO,1,153.04,Incorrect Address,6,Yes
2892,2892,2026-02-27,2026-03-02,,BlueRoute Express,Kolkata,RTO,3,75.25,Logistics Capacity,0,No
2893,2893,2026-02-01,2026-02-06,2026-02-10,MetroDeliver,Delhi,Delayed,1,83.43,Courier Delay,2,No
2894,2894,2026-02-23,2026-02-28,2026-02-28,MetroDeliver,Hyderabad,Delivered,2,140.16,nan,2,No
2895,2895,2026-03-22,2026-03-26,2026-03-30,SwiftKart Logistics,Bengaluru,Delayed,2,114.48,Courier Delay,-1,No
2896,2896,2026-04-24,2026-04-29,,QuickShip India,Mumbai,RTO,1,81.53,Customer Unavailable,6,Yes
2897,2897,2026-05-18,2026-05-21,2026-05-20,MetroDeliver,Chennai,Delivered,3,125.14,nan,1,No
2898,2898,2025-05-06,2025-05-10,,QuickShip India,Bengaluru,Failed,3,91.65,Incorrect Address,7,Yes
2899,2899,2025-05-22,2025-05-26,2025-05-25,QuickShip India,Chennai,Delivered,3,94.17,nan,6,Yes
2900,2900,2025-01-17,2025-01-19,2025-01-21,SwiftKart Logistics,Chennai,Delayed,2,88.95,Courier Delay,1,No
2901,2901,2025-04-25,2025-04-27,,RapidX Logistics,Chennai,RTO,2,139.53,Incorrect Address,4,Yes
2902,2902,2025-05-11,2025-05-14,2025-05-13,RapidX Logistics,Bengaluru,Delivered,2,115.9,nan,-1,No
2903,2903,2026-07-02,2026-07-04,2026-07-03,QuickShip India,Chennai,Delivered,2,62.44,nan,4,Yes
2904,2904,2025-04-03,2025-04-07,2025-04-06,MetroDeliver,Delhi,Delivered,1,86.1,nan,4,Yes
2905,2905,2025-05-13,2025-05-15,,QuickShip India,Hyderabad,RTO,1,113.3,Courier Delay,0,No
2906,2906,2025-06-08,2025-06-10,2025-06-12,BlueRoute Express,Kolkata,Delayed,2,82.54,Courier Delay,-1,No
2907,2907,2025-02-25,2025-03-01,2025-03-01,RapidX Logistics,Chennai,Delivered,2,65.64,nan,1,No
2908,2908,2025-06-06,2025-06-09,,BlueRoute Express,Mumbai,RTO,3,77.22,Courier Delay,5,Yes
2909,2909,2025-06-24,2025-06-26,2025-06-25,QuickShip India,Mumbai,Delivered,1,112.27,nan,7,Yes
2910,2910,2025-02-06,2025-02-11,,BlueRoute Express,Kolkata,RTO,1,56.34,Logistics Capacity,7,Yes
2911,2911,2026-01-20,2026-01-24,,BlueRoute Express,Hyderabad,RTO,1,66.31,Damaged Package,2,No
2912,2912,2026-02-16,2026-02-18,,ParcelOne,Bengaluru,In Transit,3,91.15,nan,5,Yes
2913,2913,2025-06-24,2025-06-27,,QuickShip India,Mumbai,Failed,3,66.87,Customer Refused,6,Yes
2914,2914,2025-12-16,2025-12-20,2025-12-20,ParcelOne,Chennai,Delivered,2,99.54,nan,-1,No
2915,2915,2025-03-19,2025-03-23,,SwiftKart Logistics,Hyderabad,RTO,2,115.78,Logistics Capacity,6,Yes
2916,2916,2024-10-13,2024-10-18,,RapidX Logistics,Chennai,RTO,1,86.36,Customer Unavailable,5,Yes
2917,2917,2025-10-01,2025-10-06,,RapidX Logistics,Mumbai,Failed,2,57.82,Incorrect Address,4,Yes
2918,2918,2025-10-30,2025-11-01,,QuickShip India,Delhi,Failed,3,67.32,Customer Refused,2,No
2919,2919,2026-02-05,2026-02-07,,BlueRoute Express,Chennai,In Transit,2,162.77,nan,0,No
2920,2920,2026-03-13,2026-03-18,,QuickShip India,Bengaluru,In Transit,2,129.31,nan,-1,No
2921,2921,2025-05-25,2025-05-27,2025-06-02,QuickShip India,Bengaluru,Delayed,2,114.07,Courier Delay,2,No
2922,2922,2025-05-10,2025-05-14,2025-05-13,RapidX Logistics,Kolkata,Delivered,3,93.39,nan,1,No
2923,2923,2025-06-23,2025-06-27,,ParcelOne,Kolkata,Failed,1,104.38,Damaged Package,-1,No
2924,2924,2026-05-21,2026-05-25,,SwiftKart Logistics,Bengaluru,Failed,1,108.5,Damaged Package,6,Yes
2925,2925,2026-07-04,2026-07-06,2026-07-05,RapidX Logistics,Chennai,Delivered,2,140.86,nan,6,Yes
2926,2926,2025-04-04,2025-04-07,,QuickShip India,Chennai,Failed,1,144.66,Customer Refused,5,Yes
2927,2927,2025-05-11,2025-05-16,,RapidX Logistics,Delhi,RTO,2,66.22,Damaged Package,-1,No
2928,2928,2026-06-09,2026-06-14,,QuickShip India,Delhi,RTO,2,134.65,Customer Refused,7,Yes
2929,2929,2026-02-15,2026-02-18,,MetroDeliver,Mumbai,Failed,1,138.13,Courier Delay,-1,No
2930,2930,2026-04-25,2026-04-29,,SwiftKart Logistics,Delhi,RTO,3,141.26,Incorrect Address,-1,No
2931,2931,2026-05-10,2026-05-14,,BlueRoute Express,Delhi,Failed,3,106.0,Customer Unavailable,4,Yes
2932,2932,2025-11-23,2025-11-25,,MetroDeliver,Delhi,RTO,3,96.08,Customer Refused,4,Yes
2933,2933,2026-01-05,2026-01-10,2026-01-12,QuickShip India,Hyderabad,Delayed,2,137.81,Courier Delay,6,Yes
2934,2934,2026-07-25,2026-07-29,,ParcelOne,Chennai,Failed,3,135.78,Logistics Capacity,7,Yes
2935,2935,2025-07-29,2025-08-01,2025-07-31,BlueRoute Express,Kolkata,Delivered,1,52.42,nan,6,Yes
2936,2936,2025-08-17,2025-08-20,,BlueRoute Express,Chennai,RTO,2,96.03,Customer Unavailable,6,Yes
2937,2937,2025-03-04,2025-03-07,,MetroDeliver,Mumbai,In Transit,1,106.0,nan,7,Yes
2938,2938,2025-03-29,2025-04-02,,SwiftKart Logistics,Delhi,RTO,1,134.91,Customer Refused,7,Yes
2939,2939,2025-08-19,2025-08-24,,RapidX Logistics,Mumbai,Failed,2,156.41,Logistics Capacity,4,Yes
2940,2940,2025-08-12,2025-08-17,2025-08-22,RapidX Logistics,Mumbai,Delayed,1,136.84,Courier Delay,0,No
2941,2941,2025-09-25,2025-09-29,2025-09-29,RapidX Logistics,Bengaluru,Delivered,1,73.69,nan,1,No
2942,2942,2026-07-06,2026-07-10,2026-07-13,SwiftKart Logistics,Chennai,Delayed,2,79.44,Courier Delay,1,No
2943,2943,2026-08-08,2026-08-12,2026-08-10,RapidX Logistics,Hyderabad,Delivered,3,81.46,nan,4,Yes
2944,2944,2025-03-03,2025-03-08,,QuickShip India,Bengaluru,Failed,1,97.19,Customer Refused,7,Yes
2945,2945,2025-03-26,2025-03-29,2025-04-02,QuickShip India,Delhi,Delayed,3,176.76,Courier Delay,2,No
2946,2946,2026-07-12,2026-07-14,2026-07-14,RapidX Logistics,Delhi,Delivered,1,54.12,nan,2,No
2947,2947,2025-01-26,2025-01-30,,QuickShip India,Delhi,RTO,1,100.1,Incorrect Address,3,Yes
2948,2948,2025-03-05,2025-03-07,2025-03-06,MetroDeliver,Bengaluru,Delivered,2,51.12,nan,1,No
2949,2949,2026-05-30,2026-06-02,2026-06-01,ParcelOne,Delhi,Delivered,1,66.07,nan,4,Yes
2950,2950,2026-06-20,2026-06-24,2026-06-23,MetroDeliver,Bengaluru,Delivered,3,169.8,nan,0,No
2951,2951,2026-03-01,2026-03-04,2026-03-06,QuickShip India,Hyderabad,Delayed,2,168.26,Courier Delay,2,No
2952,2952,2026-03-27,2026-03-29,2026-03-28,BlueRoute Express,Mumbai,Delivered,2,163.34,nan,4,Yes
2953,2953,2024-09-28,2024-10-01,2024-09-30,QuickShip India,Chennai,Delivered,3,103.01,nan,3,Yes
2954,2954,2026-04-01,2026-04-04,2026-04-04,BlueRoute Express,Chennai,Delivered,1,135.63,nan,0,No
2955,2955,2026-04-28,2026-05-03,2026-05-08,MetroDeliver,Kolkata,Delayed,1,94.85,Courier Delay,6,Yes
2956,2956,2025-11-06,2025-11-08,2025-11-07,SwiftKart Logistics,Delhi,Delivered,1,59.92,nan,2,No
2957,2957,2024-11-25,2024-11-29,,ParcelOne,Chennai,RTO,2,105.88,Customer Unavailable,5,Yes
2958,2958,2025-02-06,2025-02-09,,RapidX Logistics,Chennai,RTO,3,154.67,Customer Refused,6,Yes
2959,2959,2025-08-07,2025-08-10,,BlueRoute Express,Delhi,In Transit,1,164.56,nan,0,No
2960,2960,2024-08-23,2024-08-25,2024-08-25,SwiftKart Logistics,Hyderabad,Delivered,1,115.47,nan,1,No
2961,2961,2025-08-24,2025-08-26,2025-08-25,MetroDeliver,Chennai,Delivered,3,176.1,nan,0,No
2962,2962,2025-09-25,2025-09-30,2025-09-29,RapidX Logistics,Hyderabad,Delivered,1,74.5,nan,0,No
2963,2963,2026-02-26,2026-03-01,,BlueRoute Express,Bengaluru,RTO,2,73.97,Logistics Capacity,6,Yes
2964,2964,2025-09-14,2025-09-18,2025-09-18,MetroDeliver,Mumbai,Delivered,3,94.35,nan,6,Yes
2965,2965,2025-10-12,2025-10-14,2025-10-13,MetroDeliver,Chennai,Delivered,1,150.11,nan,-1,No
2966,2966,2026-06-16,2026-06-18,,ParcelOne,Hyderabad,In Transit,2,130.3,nan,0,No
2967,2967,2024-11-06,2024-11-11,2024-11-10,RapidX Logistics,Delhi,Delivered,3,62.58,nan,2,No
2968,2968,2024-12-06,2024-12-08,2024-12-07,ParcelOne,Kolkata,Delivered,3,111.97,nan,1,No
2969,2969,2025-05-13,2025-05-16,,MetroDeliver,Bengaluru,Failed,3,178.0,Logistics Capacity,1,No
2970,2970,2025-06-07,2025-06-11,,BlueRoute Express,Hyderabad,RTO,1,119.85,Customer Refused,1,No
2971,2971,2025-08-01,2025-08-04,,MetroDeliver,Mumbai,RTO,1,102.28,Customer Unavailable,6,Yes
2972,2972,2025-08-28,2025-09-01,2025-09-01,ParcelOne,Kolkata,Delivered,2,47.32,nan,6,Yes
2973,2973,2025-07-27,2025-07-29,2025-07-28,BlueRoute Express,Hyderabad,Delivered,2,167.87,nan,-1,No
2974,2974,2025-09-10,2025-09-14,2025-09-13,RapidX Logistics,Mumbai,Delivered,2,175.49,nan,2,No
2975,2975,2025-09-13,2025-09-15,,BlueRoute Express,Bengaluru,RTO,1,112.67,Incorrect Address,0,No
2976,2976,2025-10-02,2025-10-05,,RapidX Logistics,Kolkata,RTO,1,65.27,Damaged Package,3,Yes
2977,2977,2024-09-22,2024-09-25,,BlueRoute Express,Kolkata,Failed,2,162.41,Customer Refused,5,Yes
2978,2978,2024-10-20,2024-10-23,,RapidX Logistics,Hyderabad,RTO,2,78.54,Damaged Package,4,Yes
2979,2979,2025-09-11,2025-09-14,,MetroDeliver,Mumbai,RTO,2,177.92,Damaged Package,0,No
2980,2980,2024-08-09,2024-08-12,2024-08-16,MetroDeliver,Chennai,Delayed,3,134.29,Courier Delay,2,No
2981,2981,2026-06-02,2026-06-06,,MetroDeliver,Mumbai,Failed,1,115.97,Courier Delay,2,No
2982,2982,2026-07-02,2026-07-07,2026-07-06,MetroDeliver,Chennai,Delivered,2,73.48,nan,-1,No
2983,2983,2026-03-26,2026-03-31,2026-03-30,QuickShip India,Delhi,Delivered,3,58.71,nan,0,No
2984,2984,2026-04-18,2026-04-23,,QuickShip India,Chennai,RTO,3,139.32,Customer Refused,6,Yes
2985,2985,2026-01-23,2026-01-25,2026-01-24,QuickShip India,Bengaluru,Delivered,1,46.06,nan,4,Yes
2986,2986,2026-03-09,2026-03-14,,QuickShip India,Hyderabad,In Transit,2,154.7,nan,4,Yes
2987,2987,2024-08-17,2024-08-20,,QuickShip India,Delhi,RTO,2,175.81,Courier Delay,7,Yes
2988,2988,2025-02-28,2025-03-05,,ParcelOne,Hyderabad,RTO,2,139.6,Customer Unavailable,-1,No
2989,2989,2025-04-10,2025-04-14,,QuickShip India,Delhi,RTO,2,145.98,Courier Delay,6,Yes
2990,2990,2024-11-16,2024-11-18,2024-11-17,MetroDeliver,Kolkata,Delivered,2,94.07,nan,1,No
2991,2991,2024-09-08,2024-09-11,,MetroDeliver,Chennai,RTO,2,125.55,Logistics Capacity,5,Yes
2992,2992,2024-10-16,2024-10-20,,MetroDeliver,Hyderabad,RTO,1,85.54,Courier Delay,-1,No
2993,2993,2026-03-03,2026-03-06,2026-03-06,ParcelOne,Chennai,Delivered,3,174.89,nan,4,Yes
2994,2994,2026-03-24,2026-03-27,2026-04-01,SwiftKart Logistics,Bengaluru,Delayed,3,138.14,Courier Delay,7,Yes
2995,2995,2025-01-20,2025-01-22,2025-01-25,MetroDeliver,Kolkata,Delayed,1,105.65,Courier Delay,6,Yes
2996,2996,2026-06-28,2026-07-01,2026-06-30,MetroDeliver,Hyderabad,Delivered,1,126.8,nan,5,Yes
2997,2997,2026-07-27,2026-07-29,,RapidX Logistics,Bengaluru,Failed,2,58.8,Logistics Capacity,6,Yes
2998,2998,2025-06-27,2025-07-02,,MetroDeliver,Kolkata,RTO,3,159.32,Courier Delay,4,Yes
2999,2999,2025-07-28,2025-08-02,2025-08-08,SwiftKart Logistics,Mumbai,Delayed,1,129.04,Courier Delay,0,No
3000,3000,2026-07-01,2026-07-04,2026-07-03,SwiftKart Logistics,Hyderabad,Delivered,3,41.47,nan,6,Yes
3001,3001,2026-08-15,2026-08-18,2026-08-17,BlueRoute Express,Mumbai,Delivered,1,46.19,nan,5,Yes
3002,3002,2025-08-18,2025-08-22,2025-08-21,MetroDeliver,Mumbai,Delivered,2,120.52,nan,3,Yes
3003,3003,2025-12-23,2025-12-25,,QuickShip India,Delhi,In Transit,3,139.72,nan,0,No
3004,3004,2026-01-19,2026-01-24,2026-01-23,SwiftKart Logistics,Bengaluru,Delivered,1,170.36,nan,2,No
3005,3005,2026-05-19,2026-05-22,,MetroDeliver,Hyderabad,RTO,3,70.78,Customer Unavailable,4,Yes
3006,3006,2026-03-20,2026-03-22,2026-03-27,QuickShip India,Mumbai,Delayed,2,162.0,Courier Delay,7,Yes
3007,3007,2026-05-30,2026-06-04,,SwiftKart Logistics,Chennai,Failed,2,162.17,Customer Refused,2,No
3008,3008,2025-09-30,2025-10-02,2025-10-02,ParcelOne,Kolkata,Delivered,1,143.56,nan,4,Yes
3009,3009,2026-05-05,2026-05-10,2026-05-10,MetroDeliver,Chennai,Delivered,2,109.35,nan,0,No
3010,3010,2024-10-28,2024-10-30,2024-10-28,MetroDeliver,Bengaluru,Delivered,1,80.47,nan,6,Yes
3011,3011,2026-05-07,2026-05-10,2026-05-10,ParcelOne,Delhi,Delivered,3,47.59,nan,2,No
3012,3012,2026-06-08,2026-06-13,2026-06-12,SwiftKart Logistics,Chennai,Delivered,2,49.32,nan,4,Yes
3013,3013,2024-11-30,2024-12-02,,QuickShip India,Chennai,RTO,3,117.89,Damaged Package,4,Yes
3014,3014,2024-11-11,2024-11-15,2024-11-21,RapidX Logistics,Kolkata,Delayed,3,134.92,Courier Delay,0,No
3015,3015,2025-11-07,2025-11-11,2025-11-11,BlueRoute Express,Delhi,Delivered,3,127.92,nan,1,No
3016,3016,2025-02-01,2025-02-06,2025-02-06,SwiftKart Logistics,Bengaluru,Delivered,3,103.14,nan,-1,No
3017,3017,2024-11-23,2024-11-28,2024-11-27,BlueRoute Express,Chennai,Delivered,3,148.93,nan,2,No
3018,3018,2024-11-26,2024-11-30,,ParcelOne,Hyderabad,In Transit,1,66.75,nan,4,Yes
3019,3019,2024-12-14,2024-12-19,2024-12-19,SwiftKart Logistics,Kolkata,Delivered,2,171.46,nan,4,Yes
3020,3020,2026-02-06,2026-02-09,2026-02-13,ParcelOne,Mumbai,Delayed,3,48.55,Courier Delay,6,Yes
3021,3021,2026-03-08,2026-03-10,,BlueRoute Express,Mumbai,RTO,2,170.98,Incorrect Address,7,Yes
3022,3022,2025-02-09,2025-02-12,,BlueRoute Express,Delhi,RTO,2,140.2,Logistics Capacity,5,Yes
3023,3023,2024-08-30,2024-09-01,2024-08-31,QuickShip India,Bengaluru,Delivered,1,162.81,nan,7,Yes
3024,3024,2025-05-25,2025-05-30,,SwiftKart Logistics,Mumbai,Failed,3,68.23,Logistics Capacity,6,Yes
3025,3025,2026-06-06,2026-06-09,2026-06-12,RapidX Logistics,Delhi,Delayed,3,176.63,Courier Delay,7,Yes
3026,3026,2024-12-22,2024-12-27,,MetroDeliver,Mumbai,RTO,3,165.69,Incorrect Address,7,Yes
3027,3027,2025-01-23,2025-01-28,2025-01-30,MetroDeliver,Chennai,Delayed,2,48.07,Courier Delay,1,No
3028,3028,2026-01-08,2026-01-10,,MetroDeliver,Mumbai,Failed,3,58.05,Customer Unavailable,2,No
3029,3029,2024-12-02,2024-12-04,,SwiftKart Logistics,Mumbai,Failed,2,42.67,Logistics Capacity,1,No
3030,3030,2025-07-01,2025-07-03,2025-07-05,QuickShip India,Mumbai,Delayed,2,143.85,Courier Delay,3,Yes
3031,3031,2024-11-11,2024-11-16,2024-11-16,QuickShip India,Chennai,Delivered,1,123.78,nan,3,Yes
3032,3032,2025-09-16,2025-09-19,2025-09-24,ParcelOne,Mumbai,Delayed,1,54.13,Courier Delay,4,Yes
3033,3033,2025-10-19,2025-10-21,2025-10-27,RapidX Logistics,Chennai,Delayed,2,64.39,Courier Delay,0,No
3034,3034,2026-04-27,2026-04-30,2026-05-03,QuickShip India,Bengaluru,Delayed,3,110.36,Courier Delay,3,Yes
3035,3035,2025-05-21,2025-05-23,,QuickShip India,Kolkata,In Transit,2,131.3,nan,-1,No
3036,3036,2025-06-07,2025-06-09,2025-06-09,SwiftKart Logistics,Hyderabad,Delivered,1,101.51,nan,6,Yes
3037,3037,2025-11-24,2025-11-26,,BlueRoute Express,Delhi,Failed,2,114.69,Courier Delay,1,No
3038,3038,2025-12-21,2025-12-26,,ParcelOne,Hyderabad,RTO,1,43.75,Incorrect Address,4,Yes
3039,3039,2025-08-17,2025-08-19,2025-08-19,SwiftKart Logistics,Hyderabad,Delivered,1,167.84,nan,4,Yes
3040,3040,2024-12-31,2025-01-02,,RapidX Logistics,Kolkata,Failed,1,65.48,Customer Refused,4,Yes
3041,3041,2025-01-18,2025-01-23,2025-01-29,MetroDeliver,Hyderabad,Delayed,1,117.44,Courier Delay,0,No
3042,3042,2025-10-17,2025-10-20,2025-10-19,RapidX Logistics,Delhi,Delivered,3,110.15,nan,-1,No
3043,3043,2025-11-01,2025-11-03,2025-11-02,QuickShip India,Delhi,Delivered,1,45.98,nan,-1,No
3044,3044,2026-08-01,2026-08-05,2026-08-04,BlueRoute Express,Hyderabad,Delivered,1,131.71,nan,3,Yes
3045,3045,2025-05-09,2025-05-13,,RapidX Logistics,Kolkata,Failed,2,156.35,Customer Refused,1,No
3046,3046,2025-12-02,2025-12-07,2025-12-06,RapidX Logistics,Delhi,Delivered,2,126.75,nan,3,Yes
3047,3047,2025-12-17,2025-12-20,,BlueRoute Express,Hyderabad,Failed,1,154.92,Logistics Capacity,-1,No
3048,3048,2024-11-24,2024-11-27,2024-11-25,QuickShip India,Bengaluru,Delivered,1,153.8,nan,4,Yes
3049,3049,2024-12-18,2024-12-20,,ParcelOne,Bengaluru,RTO,2,124.04,Customer Refused,-1,No
3050,3050,2026-03-26,2026-03-30,,ParcelOne,Bengaluru,Failed,2,139.89,Courier Delay,7,Yes
3051,3051,2026-04-15,2026-04-20,2026-04-20,ParcelOne,Kolkata,Delivered,1,177.1,nan,4,Yes
3052,3052,2026-03-15,2026-03-17,,QuickShip India,Mumbai,Failed,1,82.79,Courier Delay,5,Yes
3053,3053,2026-01-07,2026-01-09,2026-01-08,ParcelOne,Kolkata,Delivered,2,84.77,nan,6,Yes
3054,3054,2025-06-02,2025-06-07,,RapidX Logistics,Delhi,RTO,1,72.19,Damaged Package,2,No
3055,3055,2025-06-28,2025-06-30,,BlueRoute Express,Hyderabad,Failed,3,80.21,Courier Delay,-1,No
3056,3056,2026-02-26,2026-02-28,,BlueRoute Express,Delhi,RTO,1,153.9,Courier Delay,3,Yes
3057,3057,2026-04-09,2026-04-11,,SwiftKart Logistics,Hyderabad,RTO,1,48.1,Courier Delay,1,No
3058,3058,2026-01-25,2026-01-28,,MetroDeliver,Delhi,Failed,1,111.65,Logistics Capacity,1,No
3059,3059,2026-02-22,2026-02-27,,ParcelOne,Mumbai,RTO,2,165.46,Logistics Capacity,4,Yes
3060,3060,2025-11-16,2025-11-20,2025-11-19,MetroDeliver,Kolkata,Delivered,1,60.0,nan,6,Yes
3061,3061,2025-12-25,2025-12-30,2025-12-29,SwiftKart Logistics,Chennai,Delivered,3,82.79,nan,4,Yes
3062,3062,2025-10-02,2025-10-05,,RapidX Logistics,Kolkata,In Transit,3,63.5,nan,2,No
3063,3063,2025-09-03,2025-09-07,2025-09-07,MetroDeliver,Chennai,Delivered,2,160.82,nan,4,Yes
3064,3064,2025-10-04,2025-10-08,,MetroDeliver,Kolkata,Failed,2,125.94,Courier Delay,5,Yes
3065,3065,2024-10-23,2024-10-26,2024-10-26,SwiftKart Logistics,Kolkata,Delivered,3,67.4,nan,4,Yes
3066,3066,2024-11-06,2024-11-08,2024-11-10,ParcelOne,Bengaluru,Delayed,2,53.2,Courier Delay,3,Yes
3067,3067,2026-06-14,2026-06-16,,MetroDeliver,Kolkata,RTO,2,92.98,Customer Refused,6,Yes
3068,3068,2025-12-12,2025-12-17,2025-12-21,SwiftKart Logistics,Chennai,Delayed,2,106.47,Courier Delay,0,No
3069,3069,2026-01-08,2026-01-12,2026-01-11,RapidX Logistics,Bengaluru,Delivered,1,165.13,nan,2,No
3070,3070,2025-11-18,2025-11-21,2025-11-20,BlueRoute Express,Delhi,Delivered,1,110.58,nan,1,No
3071,3071,2025-12-04,2025-12-08,,RapidX Logistics,Delhi,RTO,3,173.31,Damaged Package,-1,No
3072,3072,2025-04-15,2025-04-19,2025-04-23,RapidX Logistics,Mumbai,Delayed,3,82.91,Courier Delay,-1,No
3073,3073,2024-11-02,2024-11-07,2024-11-06,ParcelOne,Delhi,Delivered,3,144.78,nan,-1,No
3074,3074,2024-10-16,2024-10-21,,SwiftKart Logistics,Bengaluru,RTO,2,130.95,Damaged Package,5,Yes
3075,3075,2024-11-01,2024-11-06,,MetroDeliver,Bengaluru,RTO,3,134.26,Customer Unavailable,1,No
3076,3076,2025-12-26,2025-12-30,,BlueRoute Express,Chennai,Failed,2,119.19,Courier Delay,2,No
3077,3077,2024-10-30,2024-11-01,2024-11-01,RapidX Logistics,Kolkata,Delivered,2,104.46,nan,-1,No
3078,3078,2024-11-17,2024-11-19,2024-11-23,SwiftKart Logistics,Chennai,Delayed,3,47.7,Courier Delay,5,Yes
3079,3079,2025-03-22,2025-03-25,2025-03-25,QuickShip India,Kolkata,Delivered,2,115.71,nan,7,Yes
3080,3080,2024-08-30,2024-09-03,2024-09-02,BlueRoute Express,Chennai,Delivered,2,81.93,nan,4,Yes
3081,3081,2024-09-30,2024-10-05,,RapidX Logistics,Bengaluru,RTO,3,107.97,Damaged Package,1,No
3082,3082,2025-08-06,2025-08-09,,MetroDeliver,Mumbai,Failed,1,112.61,Courier Delay,7,Yes
3083,3083,2026-02-17,2026-02-20,2026-02-26,BlueRoute Express,Mumbai,Delayed,3,117.97,Courier Delay,-1,No
3084,3084,2025-12-10,2025-12-13,2025-12-12,QuickShip India,Chennai,Delivered,3,153.74,nan,6,Yes
3085,3085,2026-03-18,2026-03-21,,ParcelOne,Hyderabad,RTO,3,86.54,Customer Refused,3,Yes
3086,3086,2025-10-11,2025-10-16,2025-10-16,ParcelOne,Hyderabad,Delivered,1,123.94,nan,7,Yes
3087,3087,2025-11-27,2025-11-29,,QuickShip India,Kolkata,In Transit,3,45.34,nan,3,Yes
3088,3088,2026-01-03,2026-01-08,2026-01-07,QuickShip India,Delhi,Delivered,2,46.62,nan,-1,No
3089,3089,2025-06-29,2025-07-03,,QuickShip India,Chennai,In Transit,3,108.88,nan,3,Yes
3090,3090,2025-07-22,2025-07-27,,ParcelOne,Chennai,Failed,1,143.99,Damaged Package,1,No
3091,3091,2026-04-16,2026-04-20,,QuickShip India,Hyderabad,Failed,1,144.88,Courier Delay,4,Yes
3092,3092,2026-05-24,2026-05-29,,MetroDeliver,Delhi,RTO,1,107.25,Customer Refused,7,Yes
3093,3093,2024-10-07,2024-10-09,2024-10-08,BlueRoute Express,Mumbai,Delivered,3,48.77,nan,1,No
3094,3094,2024-11-16,2024-11-21,,QuickShip India,Bengaluru,RTO,2,118.73,Customer Unavailable,5,Yes
3095,3095,2026-02-17,2026-02-22,2026-02-28,ParcelOne,Bengaluru,Delayed,3,169.76,Courier Delay,6,Yes
3096,3096,2026-03-09,2026-03-11,2026-03-10,SwiftKart Logistics,Delhi,Delivered,1,156.27,nan,2,No
3097,3097,2025-03-09,2025-03-13,2025-03-12,ParcelOne,Delhi,Delivered,3,67.97,nan,4,Yes
3098,3098,2025-04-11,2025-04-16,2025-04-15,BlueRoute Express,Kolkata,Delivered,3,136.8,nan,6,Yes
3099,3099,2024-12-28,2024-12-31,2024-12-31,ParcelOne,Bengaluru,Delivered,1,72.48,nan,2,No
3100,3100,2025-02-01,2025-02-03,,QuickShip India,Mumbai,RTO,2,93.56,Damaged Package,1,No
3101,3101,2024-12-07,2024-12-11,,MetroDeliver,Delhi,RTO,1,97.74,Logistics Capacity,7,Yes
3102,3102,2025-05-13,2025-05-16,2025-05-15,RapidX Logistics,Mumbai,Delivered,3,136.46,nan,-1,No
3103,3103,2025-06-22,2025-06-26,,QuickShip India,Bengaluru,Failed,1,155.06,Damaged Package,7,Yes
3104,3104,2025-06-01,2025-06-06,,SwiftKart Logistics,Mumbai,In Transit,2,45.99,nan,1,No
3105,3105,2025-06-24,2025-06-26,2025-06-25,BlueRoute Express,Hyderabad,Delivered,2,93.57,nan,2,No
3106,3106,2026-06-10,2026-06-15,2026-06-19,MetroDeliver,Mumbai,Delayed,3,51.9,Courier Delay,2,No
3107,3107,2026-07-10,2026-07-14,2026-07-18,QuickShip India,Mumbai,Delayed,3,105.19,Courier Delay,3,Yes
3108,3108,2026-04-13,2026-04-15,,SwiftKart Logistics,Chennai,Failed,3,138.67,Customer Refused,3,Yes
3109,3109,2026-05-12,2026-05-17,2026-05-16,RapidX Logistics,Kolkata,Delivered,3,74.67,nan,5,Yes
3110,3110,2026-01-16,2026-01-21,,QuickShip India,Hyderabad,RTO,1,81.62,Customer Unavailable,6,Yes
3111,3111,2025-12-18,2025-12-23,2025-12-28,RapidX Logistics,Bengaluru,Delayed,3,67.95,Courier Delay,-1,No
3112,3112,2026-01-23,2026-01-26,2026-01-25,BlueRoute Express,Chennai,Delivered,3,74.28,nan,-1,No
3113,3113,2025-03-02,2025-03-04,,ParcelOne,Kolkata,RTO,2,155.84,Incorrect Address,3,Yes
3114,3114,2025-04-01,2025-04-06,,QuickShip India,Mumbai,Failed,2,133.74,Incorrect Address,7,Yes
3115,3115,2025-02-11,2025-02-16,2025-02-19,QuickShip India,Delhi,Delayed,2,106.96,Courier Delay,0,No
3116,3116,2026-07-14,2026-07-18,,ParcelOne,Hyderabad,Failed,3,144.51,Courier Delay,1,No
3117,3117,2026-02-21,2026-02-26,2026-02-25,QuickShip India,Hyderabad,Delivered,3,87.19,nan,5,Yes
3118,3118,2026-03-23,2026-03-28,2026-03-27,ParcelOne,Bengaluru,Delivered,1,146.95,nan,0,No
3119,3119,2025-09-09,2025-09-12,2025-09-11,BlueRoute Express,Bengaluru,Delivered,3,99.66,nan,5,Yes
3120,3120,2025-10-09,2025-10-12,2025-10-12,RapidX Logistics,Hyderabad,Delivered,3,136.19,nan,6,Yes
3121,3121,2025-08-09,2025-08-14,,SwiftKart Logistics,Delhi,RTO,1,77.58,Incorrect Address,-1,No
3122,3122,2025-01-19,2025-01-22,2025-01-21,MetroDeliver,Mumbai,Delivered,3,121.56,nan,6,Yes
3123,3123,2025-11-24,2025-11-29,,ParcelOne,Delhi,Failed,2,61.3,Damaged Package,5,Yes
3124,3124,2025-12-31,2026-01-02,,QuickShip India,Kolkata,RTO,2,87.73,Logistics Capacity,1,No
3125,3125,2024-08-04,2024-08-09,,ParcelOne,Kolkata,RTO,1,108.11,Customer Unavailable,6,Yes
3126,3126,2025-06-13,2025-06-16,2025-06-15,SwiftKart Logistics,Mumbai,Delivered,1,45.25,nan,7,Yes
3127,3127,2025-07-10,2025-07-12,2025-07-10,MetroDeliver,Mumbai,Delivered,3,42.29,nan,0,No
3128,3128,2025-07-13,2025-07-15,2025-07-13,RapidX Logistics,Hyderabad,Delivered,3,132.58,nan,0,No
3129,3129,2025-08-05,2025-08-08,,BlueRoute Express,Delhi,RTO,1,126.71,Damaged Package,2,No
3130,3130,2025-09-07,2025-09-11,,QuickShip India,Chennai,Failed,3,79.45,Customer Unavailable,5,Yes
3131,3131,2024-11-13,2024-11-17,2024-11-16,ParcelOne,Delhi,Delivered,3,162.29,nan,6,Yes
3132,3132,2024-12-09,2024-12-12,2024-12-11,RapidX Logistics,Bengaluru,Delivered,1,109.94,nan,4,Yes
3133,3133,2025-05-19,2025-05-21,,BlueRoute Express,Bengaluru,RTO,3,167.28,Damaged Package,2,No
3134,3134,2025-06-25,2025-06-29,2025-06-28,ParcelOne,Chennai,Delivered,2,100.28,nan,0,No
3135,3135,2025-02-14,2025-02-19,2025-02-19,RapidX Logistics,Mumbai,Delivered,2,176.05,nan,2,No
3136,3136,2024-09-09,2024-09-14,2024-09-14,BlueRoute Express,Mumbai,Delivered,2,93.7,nan,1,No
3137,3137,2025-12-08,2025-12-10,,BlueRoute Express,Mumbai,RTO,3,123.51,Customer Refused,2,No
3138,3138,2025-12-27,2025-12-30,,BlueRoute Express,Hyderabad,RTO,2,53.47,Incorrect Address,1,No
3139,3139,2025-10-28,2025-11-02,,RapidX Logistics,Chennai,RTO,2,51.94,Incorrect Address,7,Yes
3140,3140,2025-11-21,2025-11-26,,SwiftKart Logistics,Chennai,RTO,2,137.31,Incorrect Address,3,Yes
3141,3141,2025-06-20,2025-06-23,2025-06-23,QuickShip India,Mumbai,Delivered,3,72.97,nan,5,Yes
3142,3142,2025-07-08,2025-07-11,,RapidX Logistics,Delhi,Failed,1,50.86,Customer Refused,6,Yes
3143,3143,2024-09-09,2024-09-11,2024-09-10,MetroDeliver,Chennai,Delivered,2,105.47,nan,7,Yes
3144,3144,2026-06-14,2026-06-17,2026-06-21,RapidX Logistics,Kolkata,Delayed,3,175.88,Courier Delay,4,Yes
3145,3145,2025-05-25,2025-05-30,,QuickShip India,Kolkata,RTO,2,147.71,Customer Unavailable,-1,No
3146,3146,2025-03-28,2025-04-02,,QuickShip India,Bengaluru,In Transit,3,80.59,nan,4,Yes
3147,3147,2025-05-06,2025-05-09,2025-05-12,SwiftKart Logistics,Hyderabad,Delayed,2,155.02,Courier Delay,3,Yes
3148,3148,2025-02-09,2025-02-13,,QuickShip India,Kolkata,RTO,1,102.98,Customer Unavailable,2,No
3149,3149,2025-03-12,2025-03-16,2025-03-20,QuickShip India,Hyderabad,Delayed,3,138.04,Courier Delay,0,No
3150,3150,2026-07-16,2026-07-19,2026-07-18,MetroDeliver,Chennai,Delivered,3,93.87,nan,2,No
3151,3151,2025-01-08,2025-01-12,,MetroDeliver,Hyderabad,RTO,2,81.61,Incorrect Address,0,No
3152,3152,2025-04-18,2025-04-20,2025-04-19,QuickShip India,Mumbai,Delivered,2,44.59,nan,2,No
3153,3153,2025-05-14,2025-05-16,2025-05-14,SwiftKart Logistics,Kolkata,Delivered,2,42.71,nan,5,Yes
3154,3154,2026-07-12,2026-07-16,,MetroDeliver,Delhi,Failed,1,44.24,Damaged Package,7,Yes
3155,3155,2024-08-08,2024-08-13,2024-08-12,QuickShip India,Chennai,Delivered,3,90.56,nan,-1,No
3156,3156,2024-09-07,2024-09-11,,BlueRoute Express,Kolkata,RTO,1,142.62,Customer Unavailable,6,Yes
3157,3157,2024-11-11,2024-11-14,,BlueRoute Express,Kolkata,RTO,1,148.92,Customer Refused,7,Yes
3158,3158,2026-01-25,2026-01-30,2026-02-02,ParcelOne,Bengaluru,Delayed,3,100.54,Courier Delay,7,Yes
3159,3159,2026-02-26,2026-03-01,2026-03-05,RapidX Logistics,Bengaluru,Delayed,3,156.48,Courier Delay,6,Yes
3160,3160,2026-06-02,2026-06-06,,RapidX Logistics,Hyderabad,Failed,1,113.78,Courier Delay,0,No
3161,3161,2026-06-21,2026-06-25,,ParcelOne,Bengaluru,RTO,2,89.05,Customer Refused,6,Yes
3162,3162,2025-12-18,2025-12-20,,RapidX Logistics,Delhi,Failed,2,60.23,Incorrect Address,7,Yes
3163,3163,2026-01-08,2026-01-13,2026-01-11,BlueRoute Express,Bengaluru,Delivered,2,86.36,nan,4,Yes
3164,3164,2025-02-23,2025-02-25,2025-02-25,QuickShip India,Delhi,Delivered,1,64.15,nan,0,No
3165,3165,2024-08-26,2024-08-28,2024-08-27,SwiftKart Logistics,Bengaluru,Delivered,1,146.15,nan,0,No
3166,3166,2025-03-27,2025-03-30,,MetroDeliver,Mumbai,RTO,2,106.97,Incorrect Address,3,Yes
3167,3167,2025-04-25,2025-04-28,2025-05-03,BlueRoute Express,Bengaluru,Delayed,2,163.93,Courier Delay,0,No
3168,3168,2025-07-09,2025-07-13,2025-07-11,SwiftKart Logistics,Chennai,Delivered,3,108.43,nan,7,Yes
3169,3169,2026-06-22,2026-06-24,2026-06-30,BlueRoute Express,Hyderabad,Delayed,1,49.1,Courier Delay,2,No
3170,3170,2025-06-13,2025-06-17,,SwiftKart Logistics,Bengaluru,RTO,1,105.23,Damaged Package,2,No
3171,3171,2025-02-14,2025-02-18,2025-02-18,RapidX Logistics,Bengaluru,Delivered,3,49.11,nan,1,No
3172,3172,2025-03-20,2025-03-23,2025-03-22,BlueRoute Express,Bengaluru,Delivered,1,102.34,nan,6,Yes
3173,3173,2024-08-29,2024-09-01,2024-09-06,ParcelOne,Delhi,Delayed,3,105.62,Courier Delay,3,Yes
3174,3174,2024-10-02,2024-10-07,2024-10-07,QuickShip India,Delhi,Delivered,1,167.16,nan,2,No
3175,3175,2026-02-27,2026-03-03,,BlueRoute Express,Hyderabad,RTO,1,148.22,Courier Delay,4,Yes
3176,3176,2025-04-14,2025-04-19,,ParcelOne,Kolkata,RTO,1,96.44,Logistics Capacity,3,Yes
3177,3177,2025-05-23,2025-05-28,2025-06-03,BlueRoute Express,Mumbai,Delayed,1,109.96,Courier Delay,6,Yes
3178,3178,2024-09-22,2024-09-25,,RapidX Logistics,Kolkata,RTO,3,65.8,Incorrect Address,0,No
3179,3179,2024-10-18,2024-10-20,,BlueRoute Express,Hyderabad,In Transit,1,63.16,nan,1,No
3180,3180,2026-01-07,2026-01-12,2026-01-11,QuickShip India,Kolkata,Delivered,2,154.35,nan,0,No
3181,3181,2026-02-15,2026-02-20,2026-02-24,RapidX Logistics,Hyderabad,Delayed,1,120.19,Courier Delay,7,Yes
3182,3182,2026-05-13,2026-05-17,2026-05-16,RapidX Logistics,Mumbai,Delivered,3,152.49,nan,5,Yes
3183,3183,2025-11-24,2025-11-29,,MetroDeliver,Kolkata,RTO,1,167.5,Customer Unavailable,3,Yes
3184,3184,2026-01-03,2026-01-05,,BlueRoute Express,Delhi,In Transit,1,41.02,nan,5,Yes
3185,3185,2025-12-07,2025-12-09,2025-12-12,SwiftKart Logistics,Hyderabad,Delayed,1,138.37,Courier Delay,5,Yes
3186,3186,2026-01-02,2026-01-05,2026-01-04,QuickShip India,Delhi,Delivered,2,80.59,nan,3,Yes
3187,3187,2026-02-23,2026-02-27,,RapidX Logistics,Bengaluru,RTO,1,170.95,Logistics Capacity,4,Yes
3188,3188,2026-04-03,2026-04-08,2026-04-08,BlueRoute Express,Mumbai,Delivered,2,151.2,nan,7,Yes
3189,3189,2026-02-12,2026-02-17,,BlueRoute Express,Kolkata,Failed,3,62.47,Courier Delay,4,Yes
3190,3190,2026-03-25,2026-03-30,2026-03-28,MetroDeliver,Kolkata,Delivered,2,61.0,nan,3,Yes
3191,3191,2024-10-04,2024-10-09,,SwiftKart Logistics,Mumbai,RTO,3,124.37,Logistics Capacity,-1,No
3192,3192,2024-11-06,2024-11-08,2024-11-07,ParcelOne,Hyderabad,Delivered,3,57.46,nan,1,No
3193,3193,2026-02-24,2026-02-28,,MetroDeliver,Kolkata,Failed,3,157.64,Damaged Package,4,Yes
3194,3194,2026-03-28,2026-03-31,,QuickShip India,Mumbai,Failed,1,93.31,Customer Unavailable,5,Yes
3195,3195,2025-08-07,2025-08-11,,RapidX Logistics,Hyderabad,RTO,3,46.06,Customer Refused,1,No
3196,3196,2025-09-11,2025-09-16,2025-09-15,QuickShip India,Chennai,Delivered,1,95.8,nan,6,Yes
3197,3197,2025-04-14,2025-04-18,,SwiftKart Logistics,Bengaluru,RTO,2,148.93,Damaged Package,2,No
3198,3198,2026-04-20,2026-04-25,2026-04-29,MetroDeliver,Kolkata,Delayed,1,120.53,Courier Delay,5,Yes
3199,3199,2026-05-06,2026-05-11,,SwiftKart Logistics,Delhi,Failed,3,47.3,Damaged Package,0,No
3200,3200,2025-05-26,2025-05-31,,SwiftKart Logistics,Kolkata,RTO,2,88.99,Customer Refused,4,Yes
3201,3201,2025-06-23,2025-06-27,2025-06-30,QuickShip India,Mumbai,Delayed,1,156.13,Courier Delay,2,No
3202,3202,2024-09-12,2024-09-17,,SwiftKart Logistics,Chennai,In Transit,1,45.05,nan,3,Yes
3203,3203,2024-10-22,2024-10-25,2024-10-24,RapidX Logistics,Mumbai,Delivered,2,106.05,nan,6,Yes
3204,3204,2025-08-03,2025-08-08,2025-08-07,MetroDeliver,Delhi,Delivered,3,42.1,nan,5,Yes
3205,3205,2025-10-06,2025-10-08,2025-10-08,SwiftKart Logistics,Delhi,Delivered,3,116.32,nan,2,No
3206,3206,2025-04-14,2025-04-19,2025-04-24,SwiftKart Logistics,Kolkata,Delayed,3,81.11,Courier Delay,4,Yes
3207,3207,2026-07-21,2026-07-24,2026-07-23,BlueRoute Express,Mumbai,Delivered,2,104.87,nan,2,No
3208,3208,2025-03-22,2025-03-26,,MetroDeliver,Kolkata,In Transit,1,118.7,nan,0,No
3209,3209,2025-04-12,2025-04-16,,SwiftKart Logistics,Bengaluru,RTO,3,76.77,Damaged Package,5,Yes
3210,3210,2025-06-02,2025-06-06,2025-06-04,ParcelOne,Hyderabad,Delivered,2,58.82,nan,2,No
3211,3211,2025-06-12,2025-06-17,,MetroDeliver,Chennai,Failed,2,168.04,Damaged Package,-1,No
3212,3212,2025-07-17,2025-07-22,,RapidX Logistics,Mumbai,RTO,2,68.58,Incorrect Address,0,No
3213,3213,2025-11-02,2025-11-06,,BlueRoute Express,Kolkata,Failed,2,153.76,Courier Delay,7,Yes
3214,3214,2025-12-16,2025-12-18,,RapidX Logistics,Mumbai,RTO,2,160.94,Damaged Package,7,Yes
3215,3215,2024-11-25,2024-11-29,,ParcelOne,Kolkata,In Transit,2,89.49,nan,7,Yes
3216,3216,2025-05-19,2025-05-23,2025-05-26,QuickShip India,Bengaluru,Delayed,3,152.05,Courier Delay,4,Yes
3217,3217,2025-06-06,2025-06-08,2025-06-07,QuickShip India,Kolkata,Delivered,1,152.71,nan,7,Yes
3218,3218,2025-08-12,2025-08-17,,QuickShip India,Chennai,RTO,2,84.78,Damaged Package,0,No
3219,3219,2026-01-11,2026-01-13,,SwiftKart Logistics,Delhi,Failed,1,107.55,Logistics Capacity,5,Yes
3220,3220,2026-02-02,2026-02-04,2026-02-08,SwiftKart Logistics,Delhi,Delayed,2,117.09,Courier Delay,7,Yes
3221,3221,2026-05-27,2026-05-29,2026-05-29,ParcelOne,Bengaluru,Delivered,2,95.6,nan,-1,No
3222,3222,2026-06-11,2026-06-14,2026-06-13,RapidX Logistics,Chennai,Delivered,2,97.97,nan,4,Yes
3223,3223,2024-08-23,2024-08-26,2024-08-24,QuickShip India,Chennai,Delivered,1,166.69,nan,-1,No
3224,3224,2024-09-30,2024-10-05,,BlueRoute Express,Hyderabad,Failed,2,101.38,Incorrect Address,6,Yes
3225,3225,2025-09-27,2025-10-01,2025-10-05,RapidX Logistics,Delhi,Delayed,3,108.24,Courier Delay,6,Yes
3226,3226,2025-10-29,2025-11-02,2025-11-02,QuickShip India,Delhi,Delivered,2,46.08,nan,6,Yes
3227,3227,2025-04-10,2025-04-13,,BlueRoute Express,Delhi,RTO,3,102.61,Damaged Package,0,No
3228,3228,2025-06-02,2025-06-05,,QuickShip India,Chennai,Failed,2,53.45,Damaged Package,7,Yes
3229,3229,2025-07-28,2025-08-02,2025-08-01,BlueRoute Express,Bengaluru,Delivered,1,81.13,nan,4,Yes
3230,3230,2025-08-12,2025-08-15,2025-08-18,ParcelOne,Kolkata,Delayed,1,165.36,Courier Delay,0,No
3231,3231,2024-11-26,2024-11-30,2024-11-30,ParcelOne,Kolkata,Delivered,3,71.69,nan,3,Yes
3232,3232,2025-01-09,2025-01-14,2025-01-13,BlueRoute Express,Mumbai,Delivered,2,48.28,nan,3,Yes
3233,3233,2026-07-05,2026-07-07,,QuickShip India,Kolkata,RTO,3,76.88,Logistics Capacity,5,Yes
3234,3234,2026-07-29,2026-08-03,2026-08-05,ParcelOne,Bengaluru,Delayed,3,147.2,Courier Delay,2,No
3235,3235,2024-11-15,2024-11-17,,QuickShip India,Chennai,In Transit,1,106.97,nan,5,Yes
3236,3236,2024-09-28,2024-10-02,2024-10-04,MetroDeliver,Kolkata,Delayed,2,132.54,Courier Delay,2,No
3237,3237,2024-11-10,2024-11-12,2024-11-15,MetroDeliver,Kolkata,Delayed,2,135.45,Courier Delay,3,Yes
3238,3238,2025-05-15,2025-05-18,2025-05-18,QuickShip India,Hyderabad,Delivered,2,177.75,nan,-1,No
3239,3239,2025-03-15,2025-03-17,,QuickShip India,Hyderabad,Failed,2,65.58,Incorrect Address,6,Yes
3240,3240,2024-11-22,2024-11-26,,RapidX Logistics,Mumbai,Failed,1,115.18,Incorrect Address,3,Yes
3241,3241,2024-12-17,2024-12-19,2024-12-18,QuickShip India,Delhi,Delivered,2,156.57,nan,7,Yes
3242,3242,2026-07-23,2026-07-27,2026-07-26,SwiftKart Logistics,Chennai,Delivered,1,70.96,nan,5,Yes
3243,3243,2025-02-13,2025-02-17,2025-02-16,SwiftKart Logistics,Delhi,Delivered,1,144.27,nan,1,No
3244,3244,2025-03-09,2025-03-11,,ParcelOne,Kolkata,Failed,3,44.45,Damaged Package,5,Yes
3245,3245,2025-12-15,2025-12-17,2025-12-16,SwiftKart Logistics,Chennai,Delivered,1,87.83,nan,2,No
3246,3246,2026-01-11,2026-01-16,,ParcelOne,Delhi,RTO,1,104.33,Customer Refused,5,Yes
3247,3247,2026-06-21,2026-06-24,,MetroDeliver,Mumbai,Failed,3,70.98,Customer Refused,2,No
3248,3248,2026-07-26,2026-07-28,,MetroDeliver,Mumbai,RTO,1,164.21,Damaged Package,5,Yes
3249,3249,2026-04-30,2026-05-02,,ParcelOne,Kolkata,In Transit,2,107.72,nan,7,Yes
3250,3250,2026-06-02,2026-06-06,,RapidX Logistics,Mumbai,RTO,2,109.75,Customer Unavailable,-1,No
3251,3251,2026-05-14,2026-05-16,2026-05-15,ParcelOne,Bengaluru,Delivered,3,106.62,nan,6,Yes
3252,3252,2025-05-25,2025-05-27,,ParcelOne,Delhi,In Transit,3,98.14,nan,0,No
3253,3253,2025-08-11,2025-08-13,,QuickShip India,Delhi,RTO,2,87.01,Damaged Package,4,Yes
3254,3254,2025-09-06,2025-09-08,2025-09-08,MetroDeliver,Delhi,Delivered,3,64.51,nan,3,Yes
3255,3255,2026-07-02,2026-07-04,,BlueRoute Express,Hyderabad,RTO,3,79.68,Customer Refused,-1,No
3256,3256,2026-08-13,2026-08-18,,SwiftKart Logistics,Delhi,Failed,2,143.03,Logistics Capacity,3,Yes
3257,3257,2025-10-26,2025-10-28,,SwiftKart Logistics,Bengaluru,Failed,2,156.99,Courier Delay,2,No
3258,3258,2024-09-09,2024-09-14,,SwiftKart Logistics,Delhi,Failed,1,101.72,Customer Refused,1,No
3259,3259,2024-10-24,2024-10-29,2024-10-28,ParcelOne,Mumbai,Delivered,2,179.72,nan,7,Yes
3260,3260,2024-11-06,2024-11-09,2024-11-08,BlueRoute Express,Chennai,Delivered,2,174.96,nan,7,Yes
3261,3261,2024-11-23,2024-11-26,2024-11-25,SwiftKart Logistics,Mumbai,Delivered,3,130.08,nan,7,Yes
3262,3262,2025-01-21,2025-01-26,2025-01-25,SwiftKart Logistics,Mumbai,Delivered,2,46.87,nan,7,Yes
3263,3263,2025-03-03,2025-03-08,2025-03-08,QuickShip India,Chennai,Delivered,2,156.93,nan,6,Yes
3264,3264,2025-03-10,2025-03-15,2025-03-19,BlueRoute Express,Hyderabad,Delayed,2,91.59,Courier Delay,5,Yes
3265,3265,2025-04-15,2025-04-17,,QuickShip India,Bengaluru,Failed,1,170.97,Courier Delay,3,Yes
3266,3266,2025-04-29,2025-05-01,,RapidX Logistics,Kolkata,RTO,1,55.26,Customer Unavailable,0,No
3267,3267,2024-10-30,2024-11-03,,ParcelOne,Mumbai,RTO,2,175.5,Damaged Package,0,No
3268,3268,2024-11-17,2024-11-21,2024-11-25,QuickShip India,Mumbai,Delayed,2,62.51,Courier Delay,7,Yes
3269,3269,2025-01-29,2025-02-02,,RapidX Logistics,Kolkata,RTO,2,154.51,Courier Delay,4,Yes
3270,3270,2025-02-04,2025-02-07,2025-02-07,MetroDeliver,Bengaluru,Delivered,2,142.45,nan,3,Yes
3271,3271,2025-06-09,2025-06-12,2025-06-11,SwiftKart Logistics,Kolkata,Delivered,1,171.66,nan,3,Yes
3272,3272,2025-07-13,2025-07-15,,BlueRoute Express,Kolkata,RTO,3,43.71,Courier Delay,4,Yes
3273,3273,2025-01-10,2025-01-15,,ParcelOne,Delhi,Failed,1,124.81,Damaged Package,5,Yes
3274,3274,2025-10-12,2025-10-17,2025-10-16,QuickShip India,Chennai,Delivered,3,51.02,nan,3,Yes
3275,3275,2025-11-13,2025-11-18,,RapidX Logistics,Mumbai,Failed,3,168.21,Damaged Package,3,Yes
3276,3276,2025-01-26,2025-01-29,2025-01-28,ParcelOne,Mumbai,Delivered,2,101.02,nan,2,No
3277,3277,2024-10-17,2024-10-21,2024-10-20,RapidX Logistics,Delhi,Delivered,2,61.63,nan,3,Yes
3278,3278,2024-11-10,2024-11-12,,MetroDeliver,Delhi,RTO,3,111.84,Courier Delay,0,No
3279,3279,2026-02-05,2026-02-07,,MetroDeliver,Bengaluru,RTO,2,80.78,Customer Unavailable,5,Yes
3280,3280,2025-12-30,2026-01-02,2025-12-31,RapidX Logistics,Delhi,Delivered,3,43.69,nan,0,No
3281,3281,2024-08-18,2024-08-23,,RapidX Logistics,Hyderabad,RTO,1,68.86,Incorrect Address,-1,No
3282,3282,2026-07-19,2026-07-21,2026-07-20,RapidX Logistics,Bengaluru,Delivered,1,155.98,nan,4,Yes
3283,3283,2026-05-09,2026-05-11,2026-05-10,ParcelOne,Delhi,Delivered,2,107.28,nan,6,Yes
3284,3284,2026-02-09,2026-02-13,2026-02-12,QuickShip India,Bengaluru,Delivered,2,59.83,nan,6,Yes
3285,3285,2026-02-23,2026-02-27,,ParcelOne,Bengaluru,RTO,3,139.73,Incorrect Address,3,Yes
3286,3286,2026-03-21,2026-03-23,2026-03-22,QuickShip India,Chennai,Delivered,3,80.79,nan,0,No
3287,3287,2026-04-06,2026-04-09,,RapidX Logistics,Chennai,RTO,3,176.21,Customer Refused,0,No
3288,3288,2025-03-02,2025-03-04,,MetroDeliver,Chennai,In Transit,2,117.69,nan,2,No
3289,3289,2025-04-16,2025-04-20,,ParcelOne,Chennai,RTO,2,142.56,Incorrect Address,6,Yes
3290,3290,2026-02-07,2026-02-12,2026-02-11,SwiftKart Logistics,Hyderabad,Delivered,3,129.27,nan,5,Yes
3291,3291,2026-02-25,2026-03-02,,ParcelOne,Bengaluru,In Transit,3,176.36,nan,3,Yes
3292,3292,2026-02-05,2026-02-09,,RapidX Logistics,Mumbai,In Transit,2,120.3,nan,-1,No
3293,3293,2025-06-25,2025-06-27,2025-06-30,BlueRoute Express,Bengaluru,Delayed,3,161.8,Courier Delay,2,No
3294,3294,2025-07-11,2025-07-15,,RapidX Logistics,Mumbai,RTO,3,153.75,Customer Unavailable,0,No
3295,3295,2026-05-06,2026-05-11,2026-05-11,MetroDeliver,Bengaluru,Delivered,1,113.61,nan,6,Yes
3296,3296,2025-03-25,2025-03-28,2025-03-27,SwiftKart Logistics,Bengaluru,Delivered,2,133.06,nan,0,No
3297,3297,2024-10-15,2024-10-18,,BlueRoute Express,Bengaluru,Failed,3,134.23,Damaged Package,0,No
3298,3298,2024-11-23,2024-11-25,,RapidX Logistics,Chennai,RTO,1,144.53,Customer Refused,-1,No
3299,3299,2025-07-16,2025-07-19,2025-07-19,SwiftKart Logistics,Hyderabad,Delivered,1,132.32,nan,-1,No
3300,3300,2025-08-01,2025-08-05,2025-08-05,MetroDeliver,Chennai,Delivered,1,120.23,nan,-1,No
3301,3301,2025-08-07,2025-08-11,,BlueRoute Express,Chennai,RTO,2,159.42,Damaged Package,6,Yes
3302,3302,2025-09-05,2025-09-10,,ParcelOne,Mumbai,RTO,1,68.13,Damaged Package,6,Yes
3303,3303,2026-05-06,2026-05-08,,BlueRoute Express,Hyderabad,RTO,2,176.55,Logistics Capacity,3,Yes
3304,3304,2026-04-30,2026-05-04,,MetroDeliver,Chennai,Failed,2,128.95,Courier Delay,7,Yes
3305,3305,2026-06-12,2026-06-15,2026-06-13,SwiftKart Logistics,Mumbai,Delivered,3,165.77,nan,-1,No
3306,3306,2025-09-25,2025-09-28,2025-09-26,QuickShip India,Bengaluru,Delivered,1,138.95,nan,6,Yes
3307,3307,2025-10-12,2025-10-17,2025-10-17,ParcelOne,Kolkata,Delivered,3,147.43,nan,3,Yes
3308,3308,2025-09-11,2025-09-15,,ParcelOne,Chennai,Failed,1,136.94,Customer Unavailable,1,No
3309,3309,2024-12-14,2024-12-18,,QuickShip India,Delhi,Failed,2,140.02,Logistics Capacity,6,Yes
3310,3310,2025-01-05,2025-01-09,,RapidX Logistics,Mumbai,RTO,3,46.81,Damaged Package,-1,No
3311,3311,2025-01-17,2025-01-22,,ParcelOne,Kolkata,Failed,1,142.61,Customer Unavailable,2,No
3312,3312,2025-02-01,2025-02-05,2025-02-05,BlueRoute Express,Bengaluru,Delivered,3,80.45,nan,3,Yes
3313,3313,2026-02-14,2026-02-16,2026-02-15,SwiftKart Logistics,Chennai,Delivered,3,48.27,nan,-1,No
3314,3314,2026-03-31,2026-04-05,,BlueRoute Express,Chennai,Failed,2,53.67,Damaged Package,0,No
3315,3315,2026-04-23,2026-04-28,,QuickShip India,Chennai,RTO,3,70.4,Damaged Package,1,No
3316,3316,2026-01-22,2026-01-26,,MetroDeliver,Chennai,RTO,3,110.93,Incorrect Address,5,Yes
3317,3317,2025-09-05,2025-09-08,2025-09-07,RapidX Logistics,Delhi,Delivered,3,41.38,nan,0,No
3318,3318,2026-07-06,2026-07-08,2026-07-13,SwiftKart Logistics,Bengaluru,Delayed,1,148.43,Courier Delay,6,Yes
3319,3319,2026-08-13,2026-08-18,2026-08-18,MetroDeliver,Delhi,Delivered,2,133.91,nan,4,Yes
3320,3320,2026-01-24,2026-01-28,2026-01-27,MetroDeliver,Kolkata,Delivered,1,167.62,nan,5,Yes
3321,3321,2026-02-26,2026-03-03,,QuickShip India,Bengaluru,RTO,1,157.51,Courier Delay,6,Yes
3322,3322,2024-08-06,2024-08-08,,RapidX Logistics,Chennai,Failed,2,158.18,Customer Unavailable,6,Yes
3323,3323,2025-04-26,2025-04-28,,RapidX Logistics,Bengaluru,Failed,3,146.37,Damaged Package,0,No
3324,3324,2025-06-10,2025-06-13,,QuickShip India,Bengaluru,Failed,2,146.74,Damaged Package,4,Yes
3325,3325,2026-05-08,2026-05-13,,MetroDeliver,Bengaluru,Failed,2,84.23,Damaged Package,0,No
3326,3326,2025-01-20,2025-01-23,2025-01-21,ParcelOne,Mumbai,Delivered,1,54.77,nan,2,No
3327,3327,2025-02-24,2025-03-01,2025-02-28,SwiftKart Logistics,Hyderabad,Delivered,2,115.43,nan,3,Yes
3328,3328,2026-06-26,2026-06-29,,ParcelOne,Hyderabad,RTO,3,167.08,Logistics Capacity,0,No
3329,3329,2025-02-20,2025-02-25,,QuickShip India,Kolkata,Failed,3,99.21,Incorrect Address,1,No
3330,3330,2025-03-29,2025-04-01,2025-03-31,ParcelOne,Kolkata,Delivered,3,156.61,nan,4,Yes
3331,3331,2025-10-18,2025-10-20,,SwiftKart Logistics,Mumbai,RTO,1,63.91,Logistics Capacity,1,No
3332,3332,2025-05-13,2025-05-16,,ParcelOne,Kolkata,Failed,1,163.65,Logistics Capacity,1,No
3333,3333,2026-03-28,2026-04-01,2026-04-06,QuickShip India,Kolkata,Delayed,2,99.94,Courier Delay,6,Yes
3334,3334,2026-04-13,2026-04-17,,SwiftKart Logistics,Chennai,RTO,1,81.22,Incorrect Address,2,No
3335,3335,2025-05-06,2025-05-08,2025-05-07,BlueRoute Express,Mumbai,Delivered,2,165.01,nan,5,Yes
3336,3336,2025-06-11,2025-06-14,2025-06-13,BlueRoute Express,Chennai,Delivered,1,65.69,nan,-1,No
3337,3337,2024-08-20,2024-08-25,2024-08-23,MetroDeliver,Kolkata,Delivered,1,141.99,nan,-1,No
3338,3338,2024-10-26,2024-10-28,2024-10-27,ParcelOne,Mumbai,Delivered,2,100.73,nan,0,No
3339,3339,2026-06-24,2026-06-29,,SwiftKart Logistics,Bengaluru,RTO,1,170.45,Customer Unavailable,0,No
3340,3340,2025-11-18,2025-11-20,2025-11-19,ParcelOne,Bengaluru,Delivered,3,147.15,nan,3,Yes
3341,3341,2025-12-24,2025-12-27,,SwiftKart Logistics,Chennai,RTO,3,177.54,Damaged Package,1,No
3342,3342,2026-04-01,2026-04-03,2026-04-03,ParcelOne,Kolkata,Delivered,2,81.21,nan,3,Yes
3343,3343,2026-04-20,2026-04-22,2026-04-21,SwiftKart Logistics,Bengaluru,Delivered,1,110.43,nan,4,Yes
3344,3344,2025-02-26,2025-03-03,2025-03-02,QuickShip India,Hyderabad,Delivered,1,128.69,nan,2,No
3345,3345,2025-11-24,2025-11-28,,ParcelOne,Kolkata,Failed,3,49.11,Incorrect Address,5,Yes
3346,3346,2026-01-08,2026-01-11,,MetroDeliver,Delhi,RTO,2,77.69,Courier Delay,5,Yes
3347,3347,2026-03-16,2026-03-18,,BlueRoute Express,Kolkata,RTO,3,64.3,Customer Refused,4,Yes
3348,3348,2026-04-03,2026-04-07,,QuickShip India,Hyderabad,RTO,2,162.27,Logistics Capacity,6,Yes
3349,3349,2025-09-19,2025-09-22,2025-09-21,MetroDeliver,Mumbai,Delivered,1,46.58,nan,2,No
3350,3350,2026-05-20,2026-05-25,2026-05-25,SwiftKart Logistics,Chennai,Delivered,3,81.32,nan,6,Yes
3351,3351,2026-07-04,2026-07-06,2026-07-05,RapidX Logistics,Bengaluru,Delivered,3,64.82,nan,7,Yes
3352,3352,2025-02-15,2025-02-18,2025-02-17,SwiftKart Logistics,Chennai,Delivered,1,69.99,nan,5,Yes
3353,3353,2025-03-09,2025-03-11,2025-03-10,ParcelOne,Hyderabad,Delivered,3,59.56,nan,6,Yes
3354,3354,2024-12-30,2025-01-01,2025-01-03,QuickShip India,Chennai,Delayed,3,114.65,Courier Delay,1,No
3355,3355,2024-08-25,2024-08-30,2024-08-30,QuickShip India,Chennai,Delivered,2,54.39,nan,5,Yes
3356,3356,2025-02-12,2025-02-14,,MetroDeliver,Mumbai,Failed,1,58.5,Logistics Capacity,-1,No
3357,3357,2025-03-08,2025-03-13,2025-03-13,BlueRoute Express,Bengaluru,Delivered,2,156.04,nan,0,No
3358,3358,2025-07-13,2025-07-17,,MetroDeliver,Kolkata,Failed,2,66.06,Logistics Capacity,0,No
3359,3359,2025-08-22,2025-08-27,2025-08-26,MetroDeliver,Delhi,Delivered,3,84.72,nan,0,No
3360,3360,2024-08-12,2024-08-14,2024-08-13,SwiftKart Logistics,Delhi,Delivered,1,75.76,nan,1,No
3361,3361,2024-08-28,2024-09-01,2024-09-04,ParcelOne,Hyderabad,Delayed,3,85.59,Courier Delay,5,Yes
3362,3362,2024-12-06,2024-12-10,,RapidX Logistics,Kolkata,Failed,3,101.54,Customer Refused,7,Yes
3363,3363,2025-01-04,2025-01-07,,BlueRoute Express,Delhi,RTO,1,159.2,Customer Unavailable,-1,No
3364,3364,2025-04-27,2025-04-30,,BlueRoute Express,Chennai,Failed,3,162.84,Damaged Package,-1,No
3365,3365,2024-11-04,2024-11-06,2024-11-05,SwiftKart Logistics,Hyderabad,Delivered,1,154.73,nan,0,No
3366,3366,2024-11-26,2024-11-28,2024-11-27,QuickShip India,Delhi,Delivered,3,57.84,nan,3,Yes
3367,3367,2025-02-20,2025-02-25,,ParcelOne,Hyderabad,In Transit,3,147.09,nan,0,No
3368,3368,2025-03-27,2025-04-01,,QuickShip India,Chennai,In Transit,2,117.59,nan,-1,No
3369,3369,2026-02-15,2026-02-20,2026-02-19,ParcelOne,Chennai,Delivered,3,81.55,nan,7,Yes
3370,3370,2026-03-12,2026-03-17,,ParcelOne,Bengaluru,Failed,1,85.98,Courier Delay,1,No
3371,3371,2025-12-31,2026-01-02,,MetroDeliver,Delhi,Failed,3,169.95,Incorrect Address,4,Yes
3372,3372,2026-02-10,2026-02-14,2026-02-19,SwiftKart Logistics,Mumbai,Delayed,2,50.03,Courier Delay,5,Yes
3373,3373,2026-01-14,2026-01-16,,RapidX Logistics,Hyderabad,RTO,3,137.68,Damaged Package,6,Yes
3374,3374,2025-07-30,2025-08-01,,SwiftKart Logistics,Bengaluru,RTO,1,162.61,Courier Delay,4,Yes
3375,3375,2026-01-05,2026-01-09,,BlueRoute Express,Delhi,Failed,1,168.4,Incorrect Address,4,Yes
3376,3376,2026-01-26,2026-01-29,2026-01-29,QuickShip India,Hyderabad,Delivered,2,175.55,nan,6,Yes
3377,3377,2024-10-02,2024-10-07,2024-10-10,SwiftKart Logistics,Kolkata,Delayed,2,105.09,Courier Delay,7,Yes
3378,3378,2024-10-19,2024-10-24,2024-10-23,QuickShip India,Delhi,Delivered,2,107.94,nan,5,Yes
3379,3379,2025-12-22,2025-12-24,,RapidX Logistics,Bengaluru,RTO,3,166.05,Customer Refused,4,Yes
3380,3380,2025-04-10,2025-04-15,,QuickShip India,Bengaluru,In Transit,2,132.87,nan,1,No
3381,3381,2025-05-01,2025-05-05,,SwiftKart Logistics,Chennai,Failed,2,176.08,Incorrect Address,4,Yes
3382,3382,2025-06-21,2025-06-24,,BlueRoute Express,Mumbai,RTO,3,114.56,Incorrect Address,3,Yes
3383,3383,2026-01-16,2026-01-20,,MetroDeliver,Bengaluru,Failed,3,102.9,Incorrect Address,5,Yes
3384,3384,2026-02-14,2026-02-18,,BlueRoute Express,Chennai,RTO,3,155.37,Logistics Capacity,3,Yes
3385,3385,2026-02-22,2026-02-25,,SwiftKart Logistics,Kolkata,Failed,1,173.32,Damaged Package,3,Yes
3386,3386,2026-05-10,2026-05-13,,ParcelOne,Bengaluru,Failed,3,101.15,Logistics Capacity,3,Yes
3387,3387,2026-05-27,2026-05-31,2026-06-03,ParcelOne,Bengaluru,Delayed,1,102.55,Courier Delay,0,No
3388,3388,2024-08-12,2024-08-16,2024-08-15,RapidX Logistics,Delhi,Delivered,3,129.87,nan,7,Yes
3389,3389,2024-12-13,2024-12-18,2024-12-17,BlueRoute Express,Hyderabad,Delivered,2,118.19,nan,5,Yes
3390,3390,2026-01-07,2026-01-09,2026-01-08,RapidX Logistics,Kolkata,Delivered,3,168.78,nan,4,Yes
3391,3391,2026-01-22,2026-01-26,2026-01-25,QuickShip India,Bengaluru,Delivered,1,75.01,nan,6,Yes
3392,3392,2025-10-01,2025-10-05,2025-10-05,BlueRoute Express,Kolkata,Delivered,3,144.49,nan,-1,No
3393,3393,2025-11-11,2025-11-16,,MetroDeliver,Mumbai,Failed,1,153.34,Incorrect Address,3,Yes
3394,3394,2025-03-09,2025-03-12,,RapidX Logistics,Hyderabad,Failed,1,127.08,Customer Refused,-1,No
3395,3395,2025-09-23,2025-09-25,,SwiftKart Logistics,Chennai,RTO,3,56.93,Damaged Package,2,No
3396,3396,2025-12-07,2025-12-09,2025-12-09,SwiftKart Logistics,Mumbai,Delivered,2,146.04,nan,4,Yes
3397,3397,2025-08-14,2025-08-16,,ParcelOne,Mumbai,RTO,3,74.89,Customer Unavailable,3,Yes
3398,3398,2025-09-11,2025-09-15,2025-09-21,BlueRoute Express,Hyderabad,Delayed,1,126.51,Courier Delay,2,No
3399,3399,2025-03-05,2025-03-07,2025-03-06,ParcelOne,Kolkata,Delivered,2,93.95,nan,7,Yes
3400,3400,2025-04-03,2025-04-08,2025-04-07,MetroDeliver,Delhi,Delivered,1,69.74,nan,5,Yes
3401,3401,2025-03-31,2025-04-02,,RapidX Logistics,Bengaluru,Failed,3,87.88,Incorrect Address,5,Yes
3402,3402,2025-05-08,2025-05-13,2025-05-12,SwiftKart Logistics,Bengaluru,Delivered,1,99.68,nan,7,Yes
3403,3403,2025-05-29,2025-06-03,2025-06-02,MetroDeliver,Bengaluru,Delivered,3,152.12,nan,-1,No
3404,3404,2026-02-22,2026-02-27,,RapidX Logistics,Kolkata,RTO,1,67.28,Logistics Capacity,7,Yes
3405,3405,2026-01-11,2026-01-14,,BlueRoute Express,Bengaluru,RTO,3,142.45,Incorrect Address,3,Yes
3406,3406,2026-02-18,2026-02-22,,ParcelOne,Chennai,RTO,3,155.82,Logistics Capacity,1,No
3407,3407,2026-07-18,2026-07-22,2026-07-21,RapidX Logistics,Delhi,Delivered,3,172.94,nan,1,No
3408,3408,2025-09-06,2025-09-09,2025-09-08,ParcelOne,Delhi,Delivered,1,56.3,nan,5,Yes
3409,3409,2025-10-14,2025-10-17,2025-10-16,SwiftKart Logistics,Kolkata,Delivered,3,59.66,nan,3,Yes
3410,3410,2024-09-06,2024-09-11,2024-09-16,RapidX Logistics,Mumbai,Delayed,2,166.98,Courier Delay,-1,No
3411,3411,2024-09-25,2024-09-29,2024-09-28,MetroDeliver,Mumbai,Delivered,1,57.96,nan,-1,No
3412,3412,2025-06-01,2025-06-03,2025-06-03,QuickShip India,Bengaluru,Delivered,1,159.2,nan,3,Yes
3413,3413,2025-09-30,2025-10-02,,RapidX Logistics,Mumbai,Failed,3,101.65,Incorrect Address,3,Yes
3414,3414,2025-02-01,2025-02-04,2025-02-03,QuickShip India,Mumbai,Delivered,1,166.08,nan,1,No
3415,3415,2024-09-15,2024-09-19,2024-09-18,RapidX Logistics,Mumbai,Delivered,1,112.09,nan,6,Yes
3416,3416,2025-07-03,2025-07-07,,SwiftKart Logistics,Mumbai,Failed,2,169.44,Customer Unavailable,5,Yes
3417,3417,2025-08-12,2025-08-17,,QuickShip India,Chennai,RTO,3,95.7,Incorrect Address,1,No
3418,3418,2026-01-16,2026-01-20,2026-01-19,QuickShip India,Hyderabad,Delivered,3,142.33,nan,0,No
3419,3419,2026-02-06,2026-02-10,,BlueRoute Express,Hyderabad,RTO,2,66.2,Damaged Package,3,Yes
3420,3420,2026-07-13,2026-07-16,,BlueRoute Express,Kolkata,Failed,3,63.88,Courier Delay,3,Yes
3421,3421,2026-06-13,2026-06-17,2026-06-16,BlueRoute Express,Kolkata,Delivered,1,78.38,nan,5,Yes
3422,3422,2026-06-30,2026-07-05,,ParcelOne,Chennai,RTO,1,74.29,Damaged Package,6,Yes
3423,3423,2025-04-14,2025-04-16,2025-04-15,MetroDeliver,Mumbai,Delivered,1,53.8,nan,2,No
3424,3424,2025-05-29,2025-06-03,,QuickShip India,Bengaluru,Failed,3,119.21,Customer Refused,6,Yes
3425,3425,2025-01-20,2025-01-24,,BlueRoute Express,Chennai,RTO,1,116.23,Courier Delay,-1,No
3426,3426,2025-02-19,2025-02-23,2025-02-22,SwiftKart Logistics,Mumbai,Delivered,2,100.06,nan,3,Yes
3427,3427,2025-01-19,2025-01-24,2025-01-23,SwiftKart Logistics,Mumbai,Delivered,2,45.07,nan,0,No
3428,3428,2025-05-16,2025-05-21,,MetroDeliver,Kolkata,RTO,1,146.0,Customer Refused,5,Yes
3429,3429,2025-06-13,2025-06-17,,RapidX Logistics,Mumbai,RTO,3,125.63,Customer Refused,-1,No
3430,3430,2026-03-19,2026-03-22,2026-03-28,RapidX Logistics,Hyderabad,Delayed,1,142.9,Courier Delay,7,Yes
3431,3431,2026-04-21,2026-04-24,2026-04-22,BlueRoute Express,Delhi,Delivered,2,145.28,nan,-1,No
3432,3432,2025-05-25,2025-05-29,2025-05-28,ParcelOne,Mumbai,Delivered,1,54.76,nan,4,Yes
3433,3433,2025-06-25,2025-06-30,,MetroDeliver,Mumbai,RTO,2,56.25,Customer Refused,4,Yes
3434,3434,2025-12-27,2025-12-30,2026-01-02,MetroDeliver,Kolkata,Delayed,2,93.38,Courier Delay,5,Yes
3435,3435,2026-01-25,2026-01-28,,ParcelOne,Mumbai,RTO,3,97.47,Incorrect Address,6,Yes
3436,3436,2026-08-02,2026-08-05,2026-08-11,SwiftKart Logistics,Mumbai,Delayed,2,83.85,Courier Delay,1,No
3437,3437,2025-07-22,2025-07-26,,RapidX Logistics,Mumbai,Failed,3,105.5,Incorrect Address,6,Yes
3438,3438,2025-01-20,2025-01-23,,MetroDeliver,Hyderabad,Failed,2,70.62,Courier Delay,3,Yes
3439,3439,2025-03-05,2025-03-10,,SwiftKart Logistics,Delhi,Failed,3,110.96,Damaged Package,6,Yes
3440,3440,2026-04-30,2026-05-03,,ParcelOne,Kolkata,Failed,2,57.43,Logistics Capacity,4,Yes
3441,3441,2026-05-23,2026-05-26,2026-05-25,ParcelOne,Mumbai,Delivered,3,154.78,nan,3,Yes
3442,3442,2026-06-30,2026-07-04,2026-07-03,RapidX Logistics,Mumbai,Delivered,3,66.0,nan,7,Yes
3443,3443,2025-04-04,2025-04-06,,BlueRoute Express,Kolkata,RTO,1,122.55,Incorrect Address,3,Yes
3444,3444,2024-11-05,2024-11-10,,MetroDeliver,Delhi,Failed,3,131.73,Customer Refused,-1,No
3445,3445,2025-08-30,2025-09-01,2025-09-03,SwiftKart Logistics,Chennai,Delayed,3,99.05,Courier Delay,2,No
3446,3446,2025-10-03,2025-10-07,2025-10-06,QuickShip India,Chennai,Delivered,1,120.78,nan,3,Yes
3447,3447,2026-01-03,2026-01-06,,ParcelOne,Delhi,Failed,3,133.83,Courier Delay,7,Yes
3448,3448,2026-01-21,2026-01-25,2026-01-27,MetroDeliver,Delhi,Delayed,3,88.45,Courier Delay,5,Yes
3449,3449,2025-08-09,2025-08-14,2025-08-14,MetroDeliver,Hyderabad,Delivered,1,67.43,nan,1,No
3450,3450,2024-12-06,2024-12-10,,BlueRoute Express,Delhi,RTO,3,51.27,Logistics Capacity,1,No
3451,3451,2024-09-28,2024-10-03,,SwiftKart Logistics,Bengaluru,Failed,3,98.06,Incorrect Address,-1,No
3452,3452,2024-08-07,2024-08-10,2024-08-09,SwiftKart Logistics,Chennai,Delivered,1,152.91,nan,7,Yes
3453,3453,2024-08-27,2024-08-29,,ParcelOne,Mumbai,RTO,3,154.98,Customer Unavailable,2,No
3454,3454,2026-03-06,2026-03-09,,RapidX Logistics,Kolkata,In Transit,2,98.22,nan,4,Yes
3455,3455,2025-12-28,2025-12-30,,BlueRoute Express,Hyderabad,Failed,1,72.15,Courier Delay,0,No
3456,3456,2024-08-29,2024-08-31,2024-08-30,RapidX Logistics,Kolkata,Delivered,3,161.2,nan,0,No
3457,3457,2024-09-15,2024-09-17,,BlueRoute Express,Chennai,Failed,2,171.77,Logistics Capacity,3,Yes
3458,3458,2024-10-09,2024-10-13,,QuickShip India,Chennai,RTO,2,53.35,Customer Refused,0,No
3459,3459,2025-03-28,2025-04-02,2025-04-04,MetroDeliver,Mumbai,Delayed,1,81.44,Courier Delay,7,Yes
3460,3460,2024-12-07,2024-12-09,,BlueRoute Express,Delhi,RTO,2,98.5,Customer Unavailable,6,Yes
3461,3461,2025-12-15,2025-12-19,2025-12-21,QuickShip India,Mumbai,Delayed,1,150.85,Courier Delay,5,Yes
3462,3462,2026-01-22,2026-01-26,2026-01-25,ParcelOne,Hyderabad,Delivered,3,49.01,nan,5,Yes
3463,3463,2024-11-03,2024-11-08,2024-11-07,BlueRoute Express,Mumbai,Delivered,1,90.17,nan,7,Yes
3464,3464,2024-11-27,2024-12-02,,QuickShip India,Delhi,Failed,3,81.47,Customer Refused,3,Yes
3465,3465,2024-10-29,2024-10-31,2024-10-29,ParcelOne,Bengaluru,Delivered,3,168.79,nan,7,Yes
3466,3466,2025-12-08,2025-12-12,2025-12-11,ParcelOne,Bengaluru,Delivered,3,148.41,nan,5,Yes
3467,3467,2024-09-11,2024-09-13,2024-09-12,ParcelOne,Chennai,Delivered,2,67.13,nan,1,No
3468,3468,2025-02-21,2025-02-26,,SwiftKart Logistics,Chennai,Failed,2,61.48,Customer Refused,0,No
3469,3469,2025-12-28,2025-12-30,,RapidX Logistics,Delhi,RTO,2,64.46,Customer Refused,7,Yes
3470,3470,2025-06-09,2025-06-12,2025-06-12,SwiftKart Logistics,Bengaluru,Delivered,2,112.4,nan,1,No
3471,3471,2024-10-30,2024-11-04,2024-11-03,RapidX Logistics,Hyderabad,Delivered,1,121.13,nan,1,No
3472,3472,2024-11-14,2024-11-16,,MetroDeliver,Delhi,In Transit,1,122.15,nan,5,Yes
3473,3473,2024-12-08,2024-12-12,2024-12-12,QuickShip India,Bengaluru,Delivered,2,78.36,nan,5,Yes
3474,3474,2024-10-01,2024-10-05,,MetroDeliver,Hyderabad,Failed,1,108.74,Customer Unavailable,4,Yes
3475,3475,2025-09-30,2025-10-03,,SwiftKart Logistics,Chennai,Failed,2,168.07,Customer Refused,1,No
3476,3476,2025-10-15,2025-10-17,,MetroDeliver,Chennai,RTO,2,167.0,Damaged Package,3,Yes
3477,3477,2025-02-26,2025-02-28,,ParcelOne,Bengaluru,Failed,1,69.71,Incorrect Address,-1,No
3478,3478,2025-03-24,2025-03-26,,BlueRoute Express,Hyderabad,Failed,1,118.72,Logistics Capacity,7,Yes
3479,3479,2024-08-12,2024-08-17,,MetroDeliver,Kolkata,RTO,3,95.44,Customer Unavailable,0,No
3480,3480,2024-09-11,2024-09-16,2024-09-15,RapidX Logistics,Chennai,Delivered,3,176.91,nan,4,Yes
3481,3481,2025-05-13,2025-05-18,2025-05-17,MetroDeliver,Bengaluru,Delivered,3,61.65,nan,6,Yes
3482,3482,2026-07-17,2026-07-21,,BlueRoute Express,Mumbai,In Transit,3,58.14,nan,5,Yes
3483,3483,2024-09-14,2024-09-18,2024-09-18,MetroDeliver,Hyderabad,Delivered,2,77.31,nan,-1,No
3484,3484,2024-10-10,2024-10-14,,RapidX Logistics,Hyderabad,Failed,1,52.32,Logistics Capacity,4,Yes
3485,3485,2024-12-01,2024-12-05,,QuickShip India,Delhi,Failed,1,112.76,Customer Unavailable,4,Yes
3486,3486,2025-01-13,2025-01-16,,ParcelOne,Chennai,Failed,1,169.29,Customer Refused,1,No
3487,3487,2025-06-20,2025-06-22,2025-06-22,SwiftKart Logistics,Bengaluru,Delivered,1,82.96,nan,0,No
3488,3488,2025-07-20,2025-07-24,,ParcelOne,Hyderabad,Failed,2,82.09,Damaged Package,-1,No
3489,3489,2026-07-31,2026-08-02,2026-08-02,RapidX Logistics,Delhi,Delivered,3,81.7,nan,0,No
3490,3490,2026-01-22,2026-01-24,2026-01-22,MetroDeliver,Delhi,Delivered,2,81.77,nan,3,Yes
3491,3491,2026-06-25,2026-06-28,,SwiftKart Logistics,Delhi,Failed,1,150.39,Incorrect Address,7,Yes
3492,3492,2025-07-16,2025-07-20,,RapidX Logistics,Delhi,Failed,1,52.49,Logistics Capacity,1,No
3493,3493,2025-08-07,2025-08-11,2025-08-15,RapidX Logistics,Bengaluru,Delayed,2,124.14,Courier Delay,7,Yes
3494,3494,2025-09-23,2025-09-28,2025-10-03,MetroDeliver,Bengaluru,Delayed,1,111.51,Courier Delay,7,Yes
3495,3495,2024-10-20,2024-10-22,,MetroDeliver,Hyderabad,RTO,2,82.38,Damaged Package,7,Yes
3496,3496,2026-06-01,2026-06-06,2026-06-06,QuickShip India,Bengaluru,Delivered,2,150.08,nan,4,Yes
3497,3497,2026-07-14,2026-07-17,,QuickShip India,Chennai,In Transit,3,46.64,nan,3,Yes
3498,3498,2025-08-27,2025-09-01,,QuickShip India,Mumbai,Failed,2,131.66,Damaged Package,7,Yes
3499,3499,2024-10-16,2024-10-18,,SwiftKart Logistics,Hyderabad,Failed,1,53.0,Incorrect Address,1,No
3500,3500,2025-09-05,2025-09-07,,BlueRoute Express,Chennai,RTO,2,173.23,Damaged Package,3,Yes
3501,3501,2025-10-10,2025-10-15,,MetroDeliver,Kolkata,RTO,1,79.31,Customer Refused,5,Yes
3502,3502,2025-07-16,2025-07-18,,ParcelOne,Hyderabad,Failed,1,44.36,Customer Refused,4,Yes
3503,3503,2025-01-20,2025-01-23,2025-01-22,QuickShip India,Mumbai,Delivered,2,50.82,nan,0,No
3504,3504,2025-10-19,2025-10-22,,RapidX Logistics,Delhi,RTO,3,159.1,Customer Refused,2,No
3505,3505,2025-12-03,2025-12-08,,MetroDeliver,Bengaluru,RTO,3,78.06,Courier Delay,7,Yes
3506,3506,2024-09-12,2024-09-14,,SwiftKart Logistics,Hyderabad,Failed,3,166.6,Customer Refused,3,Yes
3507,3507,2024-10-27,2024-11-01,2024-10-30,MetroDeliver,Chennai,Delivered,1,51.99,nan,5,Yes
3508,3508,2025-09-23,2025-09-28,2025-09-30,QuickShip India,Hyderabad,Delayed,2,63.75,Courier Delay,7,Yes
3509,3509,2025-03-25,2025-03-27,2025-04-01,RapidX Logistics,Kolkata,Delayed,1,111.82,Courier Delay,0,No
3510,3510,2026-06-15,2026-06-20,2026-06-19,MetroDeliver,Delhi,Delivered,2,179.39,nan,2,No
3511,3511,2026-07-04,2026-07-09,2026-07-08,BlueRoute Express,Mumbai,Delivered,3,151.76,nan,5,Yes
3512,3512,2026-07-13,2026-07-18,,ParcelOne,Mumbai,Failed,3,101.5,Damaged Package,-1,No
3513,3513,2024-10-06,2024-10-08,,RapidX Logistics,Delhi,RTO,2,97.78,Courier Delay,6,Yes
3514,3514,2024-11-14,2024-11-16,,MetroDeliver,Hyderabad,Failed,3,75.47,Customer Refused,6,Yes
3515,3515,2026-01-11,2026-01-13,,RapidX Logistics,Hyderabad,RTO,3,41.64,Incorrect Address,-1,No
3516,3516,2026-02-16,2026-02-20,2026-02-23,RapidX Logistics,Delhi,Delayed,2,74.24,Courier Delay,3,Yes
3517,3517,2026-01-05,2026-01-08,2026-01-07,MetroDeliver,Delhi,Delivered,2,121.04,nan,4,Yes
3518,3518,2026-02-03,2026-02-06,,BlueRoute Express,Bengaluru,RTO,3,49.26,Damaged Package,7,Yes
3519,3519,2025-01-12,2025-01-17,,BlueRoute Express,Chennai,Failed,2,46.57,Incorrect Address,2,No
3520,3520,2025-10-25,2025-10-27,,BlueRoute Express,Chennai,RTO,3,43.79,Customer Unavailable,6,Yes
3521,3521,2024-08-22,2024-08-24,2024-08-30,RapidX Logistics,Chennai,Delayed,1,54.62,Courier Delay,6,Yes
3522,3522,2025-12-25,2025-12-27,,MetroDeliver,Chennai,In Transit,2,87.22,nan,1,No
3523,3523,2025-03-31,2025-04-02,,ParcelOne,Delhi,Failed,3,154.78,Damaged Package,3,Yes
3524,3524,2024-11-25,2024-11-29,2024-11-29,BlueRoute Express,Chennai,Delivered,3,158.51,nan,2,No
3525,3525,2025-04-21,2025-04-23,,BlueRoute Express,Hyderabad,Failed,3,70.87,Incorrect Address,4,Yes
3526,3526,2025-12-04,2025-12-08,2025-12-07,BlueRoute Express,Delhi,Delivered,3,90.11,nan,5,Yes
3527,3527,2026-01-01,2026-01-03,2026-01-02,MetroDeliver,Mumbai,Delivered,3,134.77,nan,2,No
3528,3528,2025-07-29,2025-08-01,2025-07-31,QuickShip India,Delhi,Delivered,2,109.14,nan,6,Yes
3529,3529,2025-08-20,2025-08-25,,RapidX Logistics,Chennai,Failed,1,67.81,Damaged Package,2,No
3530,3530,2025-12-09,2025-12-13,2025-12-12,BlueRoute Express,Hyderabad,Delivered,3,132.8,nan,4,Yes
3531,3531,2026-01-18,2026-01-22,,QuickShip India,Kolkata,RTO,1,163.66,Incorrect Address,4,Yes
3532,3532,2024-09-24,2024-09-28,2024-10-04,QuickShip India,Chennai,Delayed,2,71.72,Courier Delay,3,Yes
3533,3533,2026-02-22,2026-02-27,2026-02-27,QuickShip India,Kolkata,Delivered,2,77.01,nan,3,Yes
3534,3534,2025-01-30,2025-02-04,,SwiftKart Logistics,Mumbai,Failed,1,144.14,Customer Unavailable,4,Yes
3535,3535,2025-05-02,2025-05-07,2025-05-06,QuickShip India,Hyderabad,Delivered,3,177.65,nan,5,Yes
3536,3536,2024-10-17,2024-10-19,2024-10-22,BlueRoute Express,Kolkata,Delayed,1,148.6,Courier Delay,1,No
3537,3537,2025-02-05,2025-02-09,,QuickShip India,Bengaluru,RTO,3,103.51,Customer Refused,7,Yes
3538,3538,2024-10-27,2024-10-30,2024-10-30,MetroDeliver,Kolkata,Delivered,3,150.57,nan,1,No
3539,3539,2024-12-08,2024-12-11,2024-12-16,QuickShip India,Hyderabad,Delayed,3,81.28,Courier Delay,3,Yes
3540,3540,2025-10-03,2025-10-08,2025-10-06,ParcelOne,Kolkata,Delivered,3,170.2,nan,-1,No
3541,3541,2025-10-20,2025-10-22,2025-10-21,SwiftKart Logistics,Mumbai,Delivered,2,44.29,nan,-1,No
3542,3542,2025-06-20,2025-06-22,2025-06-22,ParcelOne,Mumbai,Delivered,3,119.68,nan,6,Yes
3543,3543,2025-07-22,2025-07-26,,RapidX Logistics,Delhi,Failed,1,112.63,Damaged Package,0,No
3544,3544,2024-11-30,2024-12-05,2024-12-04,ParcelOne,Hyderabad,Delivered,1,91.96,nan,3,Yes
3545,3545,2025-10-20,2025-10-22,,MetroDeliver,Chennai,Failed,3,148.4,Customer Unavailable,-1,No
3546,3546,2026-07-11,2026-07-16,,BlueRoute Express,Chennai,Failed,1,149.16,Logistics Capacity,0,No
3547,3547,2025-07-15,2025-07-17,2025-07-17,MetroDeliver,Delhi,Delivered,2,42.41,nan,0,No
3548,3548,2025-08-27,2025-08-29,2025-08-28,ParcelOne,Hyderabad,Delivered,3,92.71,nan,2,No
3549,3549,2026-05-01,2026-05-06,2026-05-09,ParcelOne,Bengaluru,Delayed,3,41.84,Courier Delay,3,Yes
3550,3550,2026-04-11,2026-04-16,,QuickShip India,Chennai,In Transit,2,93.1,nan,4,Yes
3551,3551,2026-05-26,2026-05-28,2026-05-27,RapidX Logistics,Kolkata,Delivered,3,102.38,nan,4,Yes
3552,3552,2025-09-15,2025-09-17,,SwiftKart Logistics,Delhi,RTO,2,119.5,Damaged Package,6,Yes
3553,3553,2026-08-02,2026-08-06,2026-08-06,ParcelOne,Kolkata,Delivered,2,97.79,nan,2,No
3554,3554,2025-02-25,2025-02-28,2025-02-28,BlueRoute Express,Bengaluru,Delivered,1,120.33,nan,0,No
3555,3555,2024-12-31,2025-01-05,2025-01-04,QuickShip India,Hyderabad,Delivered,2,162.56,nan,7,Yes
3556,3556,2026-03-05,2026-03-10,,RapidX Logistics,Delhi,RTO,1,176.66,Damaged Package,1,No
3557,3557,2025-09-25,2025-09-30,,BlueRoute Express,Hyderabad,RTO,1,57.58,Customer Refused,7,Yes
3558,3558,2025-10-14,2025-10-19,2025-10-18,RapidX Logistics,Hyderabad,Delivered,2,148.45,nan,2,No
3559,3559,2026-04-29,2026-05-03,,SwiftKart Logistics,Hyderabad,Failed,2,148.46,Logistics Capacity,2,No
3560,3560,2026-05-25,2026-05-29,,SwiftKart Logistics,Kolkata,RTO,3,164.13,Customer Refused,1,No
3561,3561,2024-08-15,2024-08-20,2024-08-23,RapidX Logistics,Mumbai,Delayed,1,104.25,Courier Delay,1,No
3562,3562,2025-01-18,2025-01-20,2025-01-19,SwiftKart Logistics,Chennai,Delivered,2,50.77,nan,1,No
3563,3563,2026-05-02,2026-05-07,2026-05-05,SwiftKart Logistics,Chennai,Delivered,3,60.09,nan,6,Yes
3564,3564,2025-02-13,2025-02-17,,BlueRoute Express,Chennai,RTO,3,139.7,Logistics Capacity,6,Yes
3565,3565,2025-03-19,2025-03-24,,RapidX Logistics,Mumbai,RTO,3,138.47,Customer Refused,1,No
3566,3566,2025-04-08,2025-04-13,2025-04-12,RapidX Logistics,Hyderabad,Delivered,1,50.12,nan,5,Yes
3567,3567,2025-05-11,2025-05-15,2025-05-14,BlueRoute Express,Bengaluru,Delivered,3,116.58,nan,6,Yes
3568,3568,2024-09-17,2024-09-22,,MetroDeliver,Delhi,RTO,1,109.13,Logistics Capacity,7,Yes
3569,3569,2024-10-24,2024-10-29,,SwiftKart Logistics,Delhi,RTO,2,119.05,Customer Refused,6,Yes
3570,3570,2024-09-29,2024-10-01,2024-09-29,MetroDeliver,Kolkata,Delivered,2,73.35,nan,4,Yes
3571,3571,2025-08-22,2025-08-26,,ParcelOne,Chennai,Failed,1,68.62,Customer Refused,6,Yes
3572,3572,2025-01-01,2025-01-05,,ParcelOne,Mumbai,RTO,3,53.31,Customer Refused,4,Yes
3573,3573,2025-08-20,2025-08-23,2025-08-22,RapidX Logistics,Bengaluru,Delivered,1,134.19,nan,7,Yes
3574,3574,2026-07-10,2026-07-13,2026-07-13,ParcelOne,Mumbai,Delivered,3,106.67,nan,6,Yes
3575,3575,2025-05-30,2025-06-04,2025-06-03,QuickShip India,Delhi,Delivered,3,115.24,nan,1,No
3576,3576,2025-06-25,2025-06-29,2025-06-28,QuickShip India,Hyderabad,Delivered,1,105.93,nan,0,No
3577,3577,2026-04-25,2026-04-27,2026-04-27,MetroDeliver,Chennai,Delivered,2,102.72,nan,-1,No
3578,3578,2026-04-13,2026-04-16,,ParcelOne,Hyderabad,Failed,1,177.84,Customer Unavailable,6,Yes
3579,3579,2025-05-22,2025-05-27,2025-05-26,MetroDeliver,Mumbai,Delivered,2,91.76,nan,5,Yes
3580,3580,2024-10-31,2024-11-02,2024-11-02,ParcelOne,Delhi,Delivered,2,136.99,nan,6,Yes
3581,3581,2025-07-08,2025-07-12,,SwiftKart Logistics,Kolkata,RTO,2,136.74,Logistics Capacity,2,No
3582,3582,2025-08-12,2025-08-14,,MetroDeliver,Chennai,RTO,2,82.41,Customer Unavailable,5,Yes
3583,3583,2025-01-21,2025-01-26,,QuickShip India,Bengaluru,RTO,1,154.57,Customer Refused,0,No
3584,3584,2026-05-22,2026-05-27,2026-05-27,SwiftKart Logistics,Mumbai,Delivered,3,86.86,nan,-1,No
3585,3585,2026-06-29,2026-07-01,2026-06-30,QuickShip India,Hyderabad,Delivered,3,43.18,nan,4,Yes
3586,3586,2026-05-17,2026-05-22,,ParcelOne,Hyderabad,Failed,3,153.06,Damaged Package,-1,No
3587,3587,2026-06-30,2026-07-02,,SwiftKart Logistics,Chennai,Failed,1,88.82,Incorrect Address,5,Yes
3588,3588,2026-03-08,2026-03-10,2026-03-09,QuickShip India,Hyderabad,Delivered,2,169.55,nan,7,Yes
3589,3589,2026-04-03,2026-04-07,2026-04-06,MetroDeliver,Mumbai,Delivered,1,95.46,nan,4,Yes
3590,3590,2025-06-16,2025-06-21,2025-06-20,SwiftKart Logistics,Hyderabad,Delivered,2,51.56,nan,4,Yes
3591,3591,2025-05-03,2025-05-08,2025-05-07,ParcelOne,Mumbai,Delivered,3,44.22,nan,6,Yes
3592,3592,2026-07-26,2026-07-29,2026-08-02,BlueRoute Express,Bengaluru,Delayed,1,111.05,Courier Delay,0,No
3593,3593,2025-07-08,2025-07-13,,QuickShip India,Delhi,Failed,1,83.1,Logistics Capacity,7,Yes
3594,3594,2025-07-29,2025-08-02,,RapidX Logistics,Hyderabad,Failed,1,169.66,Customer Unavailable,3,Yes
3595,3595,2026-02-19,2026-02-23,2026-02-23,MetroDeliver,Hyderabad,Delivered,2,70.55,nan,-1,No
3596,3596,2026-03-10,2026-03-12,2026-03-12,RapidX Logistics,Chennai,Delivered,1,111.31,nan,3,Yes
3597,3597,2024-10-21,2024-10-25,2024-10-25,RapidX Logistics,Delhi,Delivered,1,122.72,nan,5,Yes
3598,3598,2024-11-09,2024-11-14,2024-11-13,SwiftKart Logistics,Hyderabad,Delivered,3,161.12,nan,3,Yes
3599,3599,2026-02-06,2026-02-08,,ParcelOne,Chennai,RTO,3,132.75,Incorrect Address,3,Yes
3600,3600,2026-03-21,2026-03-26,,ParcelOne,Hyderabad,RTO,3,62.12,Logistics Capacity,5,Yes
3601,3601,2025-07-28,2025-08-01,2025-07-31,BlueRoute Express,Bengaluru,Delivered,1,41.44,nan,6,Yes
3602,3602,2025-09-01,2025-09-05,2025-09-05,BlueRoute Express,Delhi,Delivered,2,56.94,nan,0,No
3603,3603,2024-08-20,2024-08-23,2024-08-22,QuickShip India,Delhi,Delivered,2,73.86,nan,6,Yes
3604,3604,2024-09-14,2024-09-18,,MetroDeliver,Chennai,In Transit,3,65.38,nan,7,Yes
3605,3605,2025-06-08,2025-06-11,,BlueRoute Express,Chennai,Failed,1,72.04,Incorrect Address,2,No
3606,3606,2025-07-14,2025-07-18,,QuickShip India,Kolkata,RTO,3,91.26,Customer Refused,1,No
3607,3607,2026-01-26,2026-01-31,,QuickShip India,Bengaluru,Failed,2,76.26,Incorrect Address,3,Yes
3608,3608,2024-11-25,2024-11-28,,MetroDeliver,Mumbai,RTO,1,121.03,Incorrect Address,1,No
3609,3609,2024-12-29,2025-01-01,,SwiftKart Logistics,Kolkata,In Transit,2,116.7,nan,6,Yes
3610,3610,2025-10-08,2025-10-13,2025-10-12,BlueRoute Express,Delhi,Delivered,1,142.62,nan,6,Yes
3611,3611,2026-06-16,2026-06-21,,BlueRoute Express,Chennai,Failed,1,101.88,Logistics Capacity,2,No
3612,3612,2026-07-07,2026-07-10,,QuickShip India,Kolkata,RTO,1,97.13,Logistics Capacity,5,Yes
3613,3613,2026-06-02,2026-06-04,2026-06-02,ParcelOne,Bengaluru,Delivered,3,118.06,nan,0,No
3614,3614,2026-06-24,2026-06-29,2026-06-28,QuickShip India,Chennai,Delivered,3,90.05,nan,1,No
3615,3615,2024-11-29,2024-12-03,,SwiftKart Logistics,Mumbai,RTO,1,52.98,Customer Refused,6,Yes
3616,3616,2025-11-16,2025-11-21,,BlueRoute Express,Chennai,Failed,1,151.28,Logistics Capacity,1,No
3617,3617,2025-12-18,2025-12-22,,SwiftKart Logistics,Hyderabad,Failed,2,112.14,Customer Refused,6,Yes
3618,3618,2025-05-28,2025-05-30,2025-05-29,MetroDeliver,Hyderabad,Delivered,1,63.74,nan,6,Yes
3619,3619,2025-06-21,2025-06-23,,QuickShip India,Hyderabad,Failed,2,170.27,Customer Unavailable,3,Yes
3620,3620,2026-07-23,2026-07-25,2026-07-28,SwiftKart Logistics,Mumbai,Delayed,3,123.25,Courier Delay,-1,No
3621,3621,2025-01-10,2025-01-13,2025-01-13,MetroDeliver,Bengaluru,Delivered,3,110.99,nan,0,No
3622,3622,2025-02-12,2025-02-17,,QuickShip India,Hyderabad,Failed,3,114.09,Courier Delay,1,No
3623,3623,2026-02-20,2026-02-23,,QuickShip India,Hyderabad,RTO,1,75.42,Incorrect Address,5,Yes
3624,3624,2026-04-03,2026-04-08,2026-04-07,RapidX Logistics,Delhi,Delivered,3,43.86,nan,4,Yes
3625,3625,2025-04-26,2025-05-01,2025-05-01,QuickShip India,Bengaluru,Delivered,1,150.66,nan,-1,No
3626,3626,2025-05-19,2025-05-24,,SwiftKart Logistics,Hyderabad,Failed,1,147.14,Customer Refused,5,Yes
3627,3627,2024-10-12,2024-10-15,,QuickShip India,Kolkata,RTO,3,115.36,Incorrect Address,-1,No
3628,3628,2024-11-01,2024-11-03,2024-11-02,MetroDeliver,Hyderabad,Delivered,3,142.31,nan,3,Yes
3629,3629,2025-08-06,2025-08-09,,MetroDeliver,Hyderabad,In Transit,2,142.16,nan,3,Yes
3630,3630,2024-10-05,2024-10-07,2024-10-09,MetroDeliver,Bengaluru,Delayed,2,176.19,Courier Delay,2,No
3631,3631,2024-11-18,2024-11-23,2024-11-22,SwiftKart Logistics,Chennai,Delivered,1,129.94,nan,-1,No
3632,3632,2025-08-30,2025-09-01,,SwiftKart Logistics,Delhi,Failed,2,144.43,Courier Delay,-1,No
3633,3633,2025-10-05,2025-10-10,,QuickShip India,Hyderabad,RTO,1,137.12,Logistics Capacity,7,Yes
3634,3634,2024-11-11,2024-11-16,2024-11-15,MetroDeliver,Hyderabad,Delivered,1,58.34,nan,0,No
3635,3635,2024-12-08,2024-12-10,2024-12-13,SwiftKart Logistics,Delhi,Delayed,1,137.05,Courier Delay,0,No
3636,3636,2024-10-03,2024-10-08,,SwiftKart Logistics,Mumbai,Failed,3,145.95,Incorrect Address,2,No
3637,3637,2024-10-25,2024-10-30,,ParcelOne,Mumbai,RTO,3,51.4,Customer Unavailable,2,No
3638,3638,2024-08-30,2024-09-02,2024-09-01,BlueRoute Express,Kolkata,Delivered,1,74.81,nan,6,Yes
3639,3639,2025-10-25,2025-10-30,,QuickShip India,Bengaluru,RTO,1,136.15,Incorrect Address,3,Yes
3640,3640,2025-12-01,2025-12-05,2025-12-04,SwiftKart Logistics,Chennai,Delivered,3,155.37,nan,2,No
3641,3641,2026-03-09,2026-03-12,2026-03-12,MetroDeliver,Delhi,Delivered,2,137.83,nan,-1,No
3642,3642,2026-04-14,2026-04-16,,QuickShip India,Mumbai,Failed,2,87.85,Courier Delay,5,Yes
3643,3643,2025-04-17,2025-04-21,2025-04-20,MetroDeliver,Chennai,Delivered,2,104.5,nan,7,Yes
3644,3644,2025-05-12,2025-05-16,2025-05-16,RapidX Logistics,Delhi,Delivered,1,128.84,nan,7,Yes
3645,3645,2024-10-07,2024-10-09,2024-10-08,SwiftKart Logistics,Chennai,Delivered,3,178.4,nan,1,No
3646,3646,2024-10-28,2024-10-31,,ParcelOne,Chennai,Failed,1,86.64,Customer Unavailable,2,No
3647,3647,2026-01-28,2026-01-31,,QuickShip India,Bengaluru,RTO,2,158.41,Customer Unavailable,2,No
3648,3648,2025-12-11,2025-12-14,,ParcelOne,Delhi,Failed,3,117.75,Logistics Capacity,7,Yes
3649,3649,2026-01-04,2026-01-07,,MetroDeliver,Mumbai,Failed,1,179.93,Customer Unavailable,6,Yes
3650,3650,2025-03-24,2025-03-29,,MetroDeliver,Chennai,Failed,2,136.15,Incorrect Address,6,Yes
3651,3651,2025-04-17,2025-04-19,2025-04-18,SwiftKart Logistics,Bengaluru,Delivered,2,164.45,nan,6,Yes
3652,3652,2025-11-17,2025-11-20,,SwiftKart Logistics,Chennai,Failed,1,102.59,Customer Unavailable,2,No
3653,3653,2025-12-13,2025-12-16,2025-12-21,SwiftKart Logistics,Chennai,Delayed,2,147.78,Courier Delay,2,No
3654,3654,2024-11-29,2024-12-04,2024-12-03,SwiftKart Logistics,Delhi,Delivered,2,82.57,nan,2,No
3655,3655,2025-01-11,2025-01-16,2025-01-16,QuickShip India,Hyderabad,Delivered,2,75.44,nan,7,Yes
3656,3656,2026-04-08,2026-04-10,,MetroDeliver,Delhi,RTO,2,161.92,Customer Unavailable,1,No
3657,3657,2024-11-18,2024-11-23,2024-11-22,RapidX Logistics,Kolkata,Delivered,2,48.35,nan,6,Yes
3658,3658,2024-12-03,2024-12-05,2024-12-04,BlueRoute Express,Bengaluru,Delivered,3,127.8,nan,0,No
3659,3659,2025-03-31,2025-04-05,,MetroDeliver,Bengaluru,Failed,1,84.09,Customer Unavailable,4,Yes
3660,3660,2025-05-03,2025-05-06,2025-05-06,QuickShip India,Chennai,Delivered,3,62.06,nan,7,Yes
3661,3661,2026-01-12,2026-01-14,2026-01-13,BlueRoute Express,Bengaluru,Delivered,1,116.4,nan,2,No
3662,3662,2025-01-21,2025-01-24,2025-01-26,QuickShip India,Kolkata,Delayed,1,61.0,Courier Delay,0,No
3663,3663,2024-08-24,2024-08-27,2024-08-26,ParcelOne,Hyderabad,Delivered,3,76.25,nan,6,Yes
3664,3664,2025-05-22,2025-05-26,2025-05-25,ParcelOne,Mumbai,Delivered,1,87.6,nan,6,Yes
3665,3665,2025-06-15,2025-06-19,,QuickShip India,Chennai,In Transit,2,131.11,nan,3,Yes
3666,3666,2025-01-24,2025-01-29,,BlueRoute Express,Hyderabad,RTO,3,179.93,Damaged Package,-1,No
3667,3667,2025-02-27,2025-03-01,,BlueRoute Express,Delhi,RTO,2,179.14,Courier Delay,-1,No
3668,3668,2025-05-22,2025-05-27,,QuickShip India,Mumbai,RTO,3,89.61,Incorrect Address,0,No
3669,3669,2025-06-10,2025-06-14,2025-06-13,MetroDeliver,Delhi,Delivered,2,129.97,nan,7,Yes
3670,3670,2025-09-26,2025-09-30,2025-09-29,ParcelOne,Hyderabad,Delivered,1,63.48,nan,0,No
3671,3671,2025-10-19,2025-10-24,,MetroDeliver,Chennai,RTO,3,49.86,Customer Refused,7,Yes
3672,3672,2025-06-05,2025-06-07,,QuickShip India,Mumbai,RTO,3,65.44,Customer Unavailable,7,Yes
3673,3673,2025-07-18,2025-07-23,2025-07-21,SwiftKart Logistics,Chennai,Delivered,2,121.75,nan,-1,No
3674,3674,2025-08-24,2025-08-26,2025-08-26,SwiftKart Logistics,Delhi,Delivered,1,84.41,nan,1,No
3675,3675,2024-08-29,2024-09-01,,QuickShip India,Mumbai,Failed,1,74.31,Damaged Package,-1,No
3676,3676,2025-11-09,2025-11-14,,SwiftKart Logistics,Chennai,RTO,3,154.56,Customer Unavailable,0,No
3677,3677,2025-11-27,2025-12-01,,ParcelOne,Delhi,Failed,1,82.95,Customer Refused,-1,No
3678,3678,2024-11-22,2024-11-24,2024-11-23,SwiftKart Logistics,Hyderabad,Delivered,2,178.31,nan,5,Yes
3679,3679,2025-03-24,2025-03-28,2025-03-28,QuickShip India,Chennai,Delivered,2,96.04,nan,7,Yes
3680,3680,2025-11-18,2025-11-20,,SwiftKart Logistics,Chennai,Failed,1,65.51,Customer Unavailable,-1,No
3681,3681,2025-12-29,2026-01-03,2026-01-02,QuickShip India,Kolkata,Delivered,1,118.91,nan,-1,No
3682,3682,2025-08-29,2025-08-31,,SwiftKart Logistics,Kolkata,RTO,1,118.14,Logistics Capacity,6,Yes
3683,3683,2025-03-05,2025-03-08,,QuickShip India,Kolkata,RTO,1,86.66,Incorrect Address,0,No
3684,3684,2025-04-13,2025-04-16,,SwiftKart Logistics,Delhi,RTO,3,60.49,Courier Delay,-1,No
3685,3685,2024-12-26,2024-12-29,,MetroDeliver,Delhi,RTO,2,135.92,Customer Unavailable,3,Yes
3686,3686,2026-02-27,2026-03-01,,RapidX Logistics,Kolkata,RTO,1,45.07,Courier Delay,4,Yes
3687,3687,2026-05-11,2026-05-13,2026-05-12,ParcelOne,Kolkata,Delivered,3,169.72,nan,3,Yes
3688,3688,2026-06-19,2026-06-24,2026-06-22,ParcelOne,Hyderabad,Delivered,1,137.53,nan,-1,No
3689,3689,2025-07-23,2025-07-25,,RapidX Logistics,Chennai,Failed,3,84.51,Customer Unavailable,0,No
3690,3690,2025-08-28,2025-09-02,2025-09-07,ParcelOne,Hyderabad,Delayed,2,146.11,Courier Delay,6,Yes
3691,3691,2026-03-24,2026-03-29,2026-03-29,MetroDeliver,Kolkata,Delivered,1,107.46,nan,1,No
3692,3692,2025-07-06,2025-07-09,2025-07-09,ParcelOne,Kolkata,Delivered,2,105.87,nan,2,No
3693,3693,2025-08-01,2025-08-03,2025-08-07,BlueRoute Express,Hyderabad,Delayed,3,135.04,Courier Delay,2,No
3694,3694,2024-08-21,2024-08-23,2024-08-26,QuickShip India,Bengaluru,Delayed,3,132.7,Courier Delay,4,Yes
3695,3695,2025-10-03,2025-10-05,,ParcelOne,Bengaluru,RTO,3,165.06,Logistics Capacity,-1,No
3696,3696,2025-04-27,2025-04-29,2025-05-01,QuickShip India,Kolkata,Delayed,3,92.13,Courier Delay,7,Yes
3697,3697,2025-06-08,2025-06-13,2025-06-11,SwiftKart Logistics,Kolkata,Delivered,1,81.85,nan,2,No
3698,3698,2025-02-07,2025-02-12,2025-02-15,ParcelOne,Kolkata,Delayed,1,128.25,Courier Delay,3,Yes
3699,3699,2025-03-19,2025-03-24,,SwiftKart Logistics,Kolkata,Failed,2,96.82,Customer Unavailable,-1,No
3700,3700,2026-07-06,2026-07-10,,ParcelOne,Mumbai,RTO,3,55.58,Logistics Capacity,4,Yes
3701,3701,2024-10-15,2024-10-19,2024-10-18,MetroDeliver,Chennai,Delivered,3,107.06,nan,3,Yes
3702,3702,2024-11-27,2024-12-02,2024-12-01,RapidX Logistics,Hyderabad,Delivered,3,149.82,nan,1,No
3703,3703,2024-08-05,2024-08-08,,RapidX Logistics,Mumbai,RTO,3,66.8,Incorrect Address,6,Yes
3704,3704,2026-05-16,2026-05-21,,SwiftKart Logistics,Kolkata,RTO,3,89.7,Courier Delay,-1,No
3705,3705,2025-01-23,2025-01-28,,RapidX Logistics,Delhi,Failed,3,56.0,Logistics Capacity,6,Yes
3706,3706,2025-02-23,2025-02-26,2025-02-25,ParcelOne,Chennai,Delivered,2,163.9,nan,6,Yes
3707,3707,2025-01-13,2025-01-15,2025-01-14,RapidX Logistics,Kolkata,Delivered,2,136.14,nan,5,Yes
3708,3708,2025-07-05,2025-07-10,,QuickShip India,Hyderabad,Failed,1,84.09,Customer Unavailable,5,Yes
3709,3709,2025-08-08,2025-08-13,2025-08-12,ParcelOne,Hyderabad,Delivered,2,121.22,nan,5,Yes
3710,3710,2026-02-01,2026-02-05,2026-02-04,SwiftKart Logistics,Mumbai,Delivered,2,69.61,nan,4,Yes
3711,3711,2026-03-02,2026-03-04,,MetroDeliver,Hyderabad,RTO,3,103.05,Customer Unavailable,5,Yes
3712,3712,2026-06-27,2026-07-01,,ParcelOne,Delhi,RTO,3,155.77,Courier Delay,4,Yes
3713,3713,2026-08-01,2026-08-04,2026-08-04,BlueRoute Express,Hyderabad,Delivered,1,144.4,nan,0,No
3714,3714,2024-11-29,2024-12-04,2024-12-04,SwiftKart Logistics,Bengaluru,Delivered,1,83.9,nan,4,Yes
3715,3715,2025-04-13,2025-04-18,,ParcelOne,Chennai,RTO,1,67.84,Incorrect Address,0,No
3716,3716,2025-11-26,2025-12-01,2025-12-01,ParcelOne,Chennai,Delivered,1,111.64,nan,-1,No
3717,3717,2026-01-01,2026-01-04,,ParcelOne,Hyderabad,Failed,1,55.21,Customer Unavailable,1,No
3718,3718,2026-01-20,2026-01-23,,QuickShip India,Delhi,RTO,3,91.5,Incorrect Address,4,Yes
3719,3719,2026-02-28,2026-03-04,2026-03-03,BlueRoute Express,Bengaluru,Delivered,3,101.05,nan,2,No
3720,3720,2024-10-05,2024-10-08,,MetroDeliver,Bengaluru,Failed,1,117.0,Customer Unavailable,-1,No
3721,3721,2025-06-04,2025-06-07,,BlueRoute Express,Delhi,RTO,3,64.69,Logistics Capacity,3,Yes
3722,3722,2025-09-13,2025-09-16,2025-09-16,BlueRoute Express,Hyderabad,Delivered,2,43.54,nan,7,Yes
3723,3723,2024-09-28,2024-10-01,,SwiftKart Logistics,Delhi,RTO,3,95.13,Logistics Capacity,-1,No
3724,3724,2024-10-17,2024-10-20,,QuickShip India,Kolkata,RTO,1,135.55,Customer Unavailable,5,Yes
3725,3725,2026-05-15,2026-05-17,,MetroDeliver,Chennai,Failed,3,169.88,Logistics Capacity,5,Yes
3726,3726,2026-06-20,2026-06-23,2026-06-23,SwiftKart Logistics,Delhi,Delivered,2,169.81,nan,2,No
3727,3727,2026-07-31,2026-08-05,,SwiftKart Logistics,Chennai,Failed,3,148.85,Customer Unavailable,1,No
3728,3728,2026-01-19,2026-01-22,,SwiftKart Logistics,Kolkata,RTO,2,154.54,Damaged Package,6,Yes
3729,3729,2026-02-26,2026-02-28,,QuickShip India,Bengaluru,RTO,3,119.51,Logistics Capacity,-1,No
3730,3730,2025-11-19,2025-11-24,,RapidX Logistics,Mumbai,Failed,2,61.43,Logistics Capacity,5,Yes
3731,3731,2025-08-28,2025-08-30,,MetroDeliver,Hyderabad,In Transit,1,177.22,nan,0,No
3732,3732,2024-10-19,2024-10-23,2024-10-22,QuickShip India,Kolkata,Delivered,2,65.43,nan,0,No
3733,3733,2025-01-17,2025-01-20,,QuickShip India,Mumbai,Failed,2,178.15,Courier Delay,2,No
3734,3734,2025-11-04,2025-11-07,2025-11-06,ParcelOne,Chennai,Delivered,2,74.58,nan,-1,No
3735,3735,2025-12-25,2025-12-30,,ParcelOne,Chennai,RTO,2,109.14,Incorrect Address,4,Yes
3736,3736,2024-12-02,2024-12-06,2024-12-05,SwiftKart Logistics,Delhi,Delivered,1,138.86,nan,1,No
3737,3737,2024-10-31,2024-11-02,,ParcelOne,Chennai,RTO,3,89.64,Customer Unavailable,2,No
3738,3738,2024-11-30,2024-12-02,,BlueRoute Express,Bengaluru,Failed,2,163.39,Customer Refused,6,Yes
3739,3739,2024-10-20,2024-10-25,2024-10-25,QuickShip India,Delhi,Delivered,1,164.5,nan,7,Yes
3740,3740,2024-08-31,2024-09-05,2024-09-11,BlueRoute Express,Chennai,Delayed,2,64.7,Courier Delay,0,No
3741,3741,2025-07-25,2025-07-28,2025-07-30,RapidX Logistics,Delhi,Delayed,3,147.82,Courier Delay,5,Yes
3742,3742,2025-08-11,2025-08-14,,BlueRoute Express,Chennai,RTO,1,61.64,Incorrect Address,-1,No
3743,3743,2025-08-25,2025-08-27,2025-09-01,RapidX Logistics,Kolkata,Delayed,2,69.04,Courier Delay,7,Yes
3744,3744,2026-05-29,2026-05-31,,QuickShip India,Bengaluru,In Transit,1,155.71,nan,0,No
3745,3745,2024-11-27,2024-11-29,,QuickShip India,Mumbai,RTO,1,150.87,Courier Delay,2,No
3746,3746,2024-12-23,2024-12-26,2024-12-31,SwiftKart Logistics,Delhi,Delayed,2,54.58,Courier Delay,6,Yes
3747,3747,2024-09-27,2024-10-02,,MetroDeliver,Bengaluru,RTO,2,69.49,Customer Unavailable,2,No
3748,3748,2024-10-12,2024-10-15,,QuickShip India,Bengaluru,RTO,1,161.85,Incorrect Address,0,No
3749,3749,2024-09-23,2024-09-26,,RapidX Logistics,Kolkata,Failed,1,133.65,Incorrect Address,2,No
3750,3750,2026-07-09,2026-07-13,,MetroDeliver,Kolkata,RTO,2,115.22,Customer Refused,4,Yes
3751,3751,2026-07-25,2026-07-27,2026-07-29,QuickShip India,Kolkata,Delayed,2,68.63,Courier Delay,-1,No
3752,3752,2026-03-03,2026-03-06,,BlueRoute Express,Chennai,RTO,3,165.95,Customer Unavailable,1,No
3753,3753,2025-10-16,2025-10-19,,SwiftKart Logistics,Mumbai,Failed,1,45.17,Customer Unavailable,1,No
3754,3754,2025-11-21,2025-11-24,2025-11-23,BlueRoute Express,Delhi,Delivered,3,79.02,nan,6,Yes
3755,3755,2026-06-12,2026-06-14,,QuickShip India,Chennai,RTO,2,114.16,Incorrect Address,1,No
3756,3756,2025-03-03,2025-03-07,,RapidX Logistics,Chennai,RTO,1,100.52,Logistics Capacity,-1,No
3757,3757,2025-04-10,2025-04-15,,BlueRoute Express,Delhi,Failed,2,79.09,Incorrect Address,6,Yes
3758,3758,2026-05-15,2026-05-20,,BlueRoute Express,Chennai,Failed,1,175.67,Damaged Package,5,Yes
3759,3759,2026-06-18,2026-06-22,2026-06-22,ParcelOne,Kolkata,Delivered,3,98.75,nan,4,Yes
3760,3760,2025-11-04,2025-11-08,2025-11-07,MetroDeliver,Bengaluru,Delivered,2,152.09,nan,3,Yes
3761,3761,2026-07-05,2026-07-07,,ParcelOne,Delhi,Failed,3,85.46,Logistics Capacity,3,Yes
3762,3762,2025-12-05,2025-12-08,,ParcelOne,Hyderabad,RTO,1,57.71,Incorrect Address,4,Yes
3763,3763,2026-01-15,2026-01-17,,BlueRoute Express,Mumbai,RTO,2,174.63,Damaged Package,2,No
3764,3764,2026-01-05,2026-01-08,,SwiftKart Logistics,Hyderabad,RTO,2,177.93,Customer Unavailable,2,No
3765,3765,2025-12-05,2025-12-07,2025-12-06,QuickShip India,Chennai,Delivered,3,142.2,nan,0,No
3766,3766,2025-12-28,2026-01-01,2025-12-30,SwiftKart Logistics,Chennai,Delivered,3,126.23,nan,4,Yes
3767,3767,2026-06-08,2026-06-11,,SwiftKart Logistics,Chennai,RTO,2,41.9,Customer Unavailable,3,Yes
3768,3768,2025-09-18,2025-09-23,2025-09-22,MetroDeliver,Bengaluru,Delivered,3,66.9,nan,3,Yes
3769,3769,2025-10-16,2025-10-19,2025-10-18,QuickShip India,Kolkata,Delivered,2,133.04,nan,7,Yes
3770,3770,2025-09-20,2025-09-25,,RapidX Logistics,Kolkata,RTO,2,109.25,Customer Unavailable,7,Yes
3771,3771,2024-10-25,2024-10-30,2024-10-30,QuickShip India,Kolkata,Delivered,2,161.02,nan,3,Yes
3772,3772,2025-09-08,2025-09-11,,ParcelOne,Bengaluru,Failed,2,93.38,Courier Delay,-1,No
3773,3773,2026-04-06,2026-04-09,,RapidX Logistics,Mumbai,Failed,2,46.97,Incorrect Address,6,Yes
3774,3774,2026-05-18,2026-05-20,,QuickShip India,Mumbai,Failed,2,90.83,Logistics Capacity,1,No
3775,3775,2026-02-16,2026-02-19,2026-02-21,BlueRoute Express,Delhi,Delayed,3,67.85,Courier Delay,-1,No
3776,3776,2026-03-22,2026-03-25,2026-03-30,RapidX Logistics,Delhi,Delayed,3,126.33,Courier Delay,1,No
3777,3777,2024-10-28,2024-10-30,,SwiftKart Logistics,Bengaluru,In Transit,1,66.97,nan,6,Yes
3778,3778,2025-01-07,2025-01-10,2025-01-16,MetroDeliver,Chennai,Delayed,1,120.66,Courier Delay,6,Yes
3779,3779,2025-02-03,2025-02-07,,ParcelOne,Bengaluru,In Transit,3,61.46,nan,2,No
3780,3780,2026-06-07,2026-06-10,2026-06-09,ParcelOne,Delhi,Delivered,3,73.88,nan,4,Yes
3781,3781,2026-07-11,2026-07-16,2026-07-15,RapidX Logistics,Kolkata,Delivered,1,119.45,nan,2,No
3782,3782,2026-06-17,2026-06-21,,MetroDeliver,Bengaluru,RTO,3,53.89,Customer Refused,4,Yes
3783,3783,2025-08-04,2025-08-06,2025-08-11,BlueRoute Express,Hyderabad,Delayed,2,168.39,Courier Delay,5,Yes
3784,3784,2025-09-16,2025-09-18,2025-09-23,QuickShip India,Bengaluru,Delayed,1,83.04,Courier Delay,2,No
3785,3785,2024-10-16,2024-10-20,,MetroDeliver,Bengaluru,Failed,2,122.62,Customer Refused,1,No
3786,3786,2024-11-25,2024-11-27,2024-11-26,RapidX Logistics,Chennai,Delivered,1,65.17,nan,0,No
3787,3787,2024-08-13,2024-08-15,,BlueRoute Express,Bengaluru,In Transit,1,87.01,nan,4,Yes
3788,3788,2025-08-31,2025-09-02,,SwiftKart Logistics,Kolkata,RTO,3,167.64,Customer Refused,-1,No
3789,3789,2024-08-28,2024-08-31,,MetroDeliver,Chennai,Failed,2,174.85,Damaged Package,2,No
3790,3790,2024-12-02,2024-12-06,,RapidX Logistics,Kolkata,Failed,2,146.03,Logistics Capacity,-1,No
3791,3791,2025-09-21,2025-09-25,,BlueRoute Express,Bengaluru,RTO,2,69.4,Customer Unavailable,-1,No
3792,3792,2024-09-03,2024-09-08,2024-09-07,SwiftKart Logistics,Delhi,Delivered,1,67.06,nan,7,Yes
3793,3793,2024-09-27,2024-09-29,,MetroDeliver,Chennai,RTO,2,121.07,Incorrect Address,6,Yes
3794,3794,2024-08-29,2024-09-01,2024-09-06,SwiftKart Logistics,Mumbai,Delayed,2,54.16,Courier Delay,4,Yes
3795,3795,2024-10-09,2024-10-13,2024-10-11,SwiftKart Logistics,Delhi,Delivered,3,130.24,nan,-1,No
3796,3796,2026-07-03,2026-07-06,2026-07-08,QuickShip India,Mumbai,Delayed,1,118.12,Courier Delay,7,Yes
3797,3797,2026-07-30,2026-08-03,2026-08-02,ParcelOne,Mumbai,Delivered,2,76.21,nan,0,No
3798,3798,2024-08-29,2024-09-03,,MetroDeliver,Delhi,RTO,3,40.0,Customer Refused,2,No
3799,3799,2025-08-10,2025-08-13,,RapidX Logistics,Kolkata,Failed,3,158.86,Customer Refused,5,Yes
3800,3800,2025-03-17,2025-03-20,,MetroDeliver,Chennai,Failed,3,86.71,Logistics Capacity,2,No
3801,3801,2025-04-18,2025-04-20,,SwiftKart Logistics,Chennai,Failed,1,55.96,Courier Delay,7,Yes
3802,3802,2024-08-10,2024-08-12,2024-08-11,BlueRoute Express,Kolkata,Delivered,2,47.38,nan,5,Yes
3803,3803,2024-10-30,2024-11-02,,SwiftKart Logistics,Delhi,In Transit,1,171.46,nan,4,Yes
3804,3804,2025-10-19,2025-10-23,,ParcelOne,Kolkata,RTO,3,81.14,Incorrect Address,5,Yes
3805,3805,2025-11-21,2025-11-26,,RapidX Logistics,Mumbai,RTO,3,176.95,Incorrect Address,6,Yes
3806,3806,2025-08-19,2025-08-23,2025-08-26,MetroDeliver,Chennai,Delayed,1,107.75,Courier Delay,-1,No
3807,3807,2025-09-18,2025-09-22,,ParcelOne,Kolkata,Failed,2,105.49,Logistics Capacity,0,No
3808,3808,2025-03-04,2025-03-08,,ParcelOne,Delhi,Failed,1,126.38,Logistics Capacity,7,Yes
3809,3809,2025-10-29,2025-10-31,2025-10-30,ParcelOne,Chennai,Delivered,3,179.91,nan,4,Yes
3810,3810,2025-12-19,2025-12-21,,MetroDeliver,Delhi,RTO,1,178.55,Incorrect Address,3,Yes
3811,3811,2026-02-02,2026-02-04,,QuickShip India,Mumbai,Failed,3,57.01,Logistics Capacity,0,No
3812,3812,2026-01-18,2026-01-21,2026-01-20,MetroDeliver,Delhi,Delivered,3,167.06,nan,1,No
3813,3813,2026-02-07,2026-02-09,,RapidX Logistics,Mumbai,In Transit,1,117.45,nan,-1,No
3814,3814,2026-02-28,2026-03-04,,QuickShip India,Hyderabad,Failed,2,112.67,Courier Delay,3,Yes
3815,3815,2026-04-14,2026-04-19,2026-04-21,MetroDeliver,Kolkata,Delayed,3,149.18,Courier Delay,3,Yes
3816,3816,2026-03-09,2026-03-12,,MetroDeliver,Delhi,RTO,1,79.2,Damaged Package,0,No
3817,3817,2026-03-29,2026-03-31,2026-03-31,QuickShip India,Chennai,Delivered,1,150.09,nan,4,Yes
3818,3818,2025-10-28,2025-11-02,,SwiftKart Logistics,Mumbai,In Transit,2,169.92,nan,2,No
3819,3819,2026-07-17,2026-07-21,,SwiftKart Logistics,Mumbai,RTO,2,67.61,Courier Delay,6,Yes
3820,3820,2026-08-08,2026-08-12,,ParcelOne,Bengaluru,In Transit,1,63.03,nan,0,No
3821,3821,2026-05-16,2026-05-21,2026-05-20,BlueRoute Express,Delhi,Delivered,3,97.18,nan,7,Yes
3822,3822,2024-11-05,2024-11-08,2024-11-12,BlueRoute Express,Bengaluru,Delayed,1,43.16,Courier Delay,7,Yes
3823,3823,2024-12-18,2024-12-21,,ParcelOne,Mumbai,RTO,3,162.99,Incorrect Address,3,Yes
3824,3824,2025-07-27,2025-07-30,2025-07-30,QuickShip India,Kolkata,Delivered,2,142.62,nan,0,No
3825,3825,2025-09-05,2025-09-08,2025-09-07,MetroDeliver,Delhi,Delivered,2,56.34,nan,3,Yes
3826,3826,2026-04-10,2026-04-13,2026-04-13,SwiftKart Logistics,Chennai,Delivered,1,80.77,nan,3,Yes
3827,3827,2024-12-25,2024-12-27,,MetroDeliver,Mumbai,RTO,3,84.49,Customer Refused,6,Yes
3828,3828,2025-02-01,2025-02-05,2025-02-08,ParcelOne,Hyderabad,Delayed,1,91.93,Courier Delay,3,Yes
3829,3829,2024-10-17,2024-10-21,2024-10-20,BlueRoute Express,Mumbai,Delivered,2,85.48,nan,6,Yes
3830,3830,2024-11-30,2024-12-04,2024-12-03,SwiftKart Logistics,Delhi,Delivered,1,86.14,nan,6,Yes
3831,3831,2026-06-04,2026-06-09,2026-06-08,BlueRoute Express,Mumbai,Delivered,3,87.0,nan,-1,No
3832,3832,2025-05-01,2025-05-03,,MetroDeliver,Hyderabad,Failed,2,47.5,Damaged Package,1,No
3833,3833,2026-04-03,2026-04-05,2026-04-11,BlueRoute Express,Bengaluru,Delayed,2,133.33,Courier Delay,3,Yes
3834,3834,2026-03-11,2026-03-14,,SwiftKart Logistics,Bengaluru,RTO,3,119.97,Customer Unavailable,5,Yes
3835,3835,2026-04-18,2026-04-23,2026-04-23,SwiftKart Logistics,Kolkata,Delivered,3,120.65,nan,2,No
3836,3836,2025-05-13,2025-05-17,,QuickShip India,Delhi,Failed,2,43.04,Customer Refused,7,Yes
3837,3837,2024-11-05,2024-11-08,2024-11-07,SwiftKart Logistics,Delhi,Delivered,2,176.64,nan,5,Yes
3838,3838,2025-09-15,2025-09-20,,MetroDeliver,Bengaluru,RTO,1,160.82,Logistics Capacity,-1,No
3839,3839,2025-10-06,2025-10-11,,SwiftKart Logistics,Hyderabad,RTO,1,108.4,Courier Delay,5,Yes
3840,3840,2025-06-04,2025-06-08,2025-06-07,QuickShip India,Kolkata,Delivered,3,173.5,nan,3,Yes
3841,3841,2025-07-11,2025-07-16,,MetroDeliver,Kolkata,RTO,1,80.41,Incorrect Address,0,No
3842,3842,2026-02-08,2026-02-13,,SwiftKart Logistics,Chennai,RTO,3,54.64,Customer Refused,4,Yes
3843,3843,2026-03-16,2026-03-19,,QuickShip India,Hyderabad,RTO,1,86.79,Logistics Capacity,-1,No
3844,3844,2026-07-09,2026-07-12,2026-07-11,SwiftKart Logistics,Delhi,Delivered,1,164.45,nan,4,Yes
3845,3845,2024-11-09,2024-11-14,2024-11-13,BlueRoute Express,Hyderabad,Delivered,1,56.01,nan,0,No
3846,3846,2025-04-04,2025-04-07,2025-04-06,SwiftKart Logistics,Delhi,Delivered,1,85.41,nan,7,Yes
3847,3847,2026-06-20,2026-06-24,,SwiftKart Logistics,Hyderabad,RTO,1,85.79,Customer Refused,4,Yes
3848,3848,2026-01-28,2026-02-02,,SwiftKart Logistics,Delhi,RTO,3,41.6,Courier Delay,1,No
3849,3849,2026-04-12,2026-04-15,,QuickShip India,Hyderabad,RTO,3,108.79,Logistics Capacity,0,No
3850,3850,2026-05-02,2026-05-06,,MetroDeliver,Kolkata,RTO,2,150.68,Logistics Capacity,5,Yes
3851,3851,2025-03-06,2025-03-10,,ParcelOne,Bengaluru,Failed,1,143.83,Incorrect Address,5,Yes
3852,3852,2025-03-22,2025-03-25,,SwiftKart Logistics,Chennai,RTO,1,156.73,Incorrect Address,2,No
3853,3853,2025-01-24,2025-01-27,2025-01-27,SwiftKart Logistics,Mumbai,Delivered,2,114.67,nan,0,No
3854,3854,2024-11-02,2024-11-04,,RapidX Logistics,Chennai,Failed,1,141.64,Customer Unavailable,7,Yes
3855,3855,2024-12-14,2024-12-18,2024-12-18,RapidX Logistics,Mumbai,Delivered,3,107.6,nan,7,Yes
3856,3856,2025-02-27,2025-03-02,2025-03-05,SwiftKart Logistics,Chennai,Delayed,2,140.72,Courier Delay,5,Yes
3857,3857,2025-03-14,2025-03-18,,MetroDeliver,Hyderabad,In Transit,2,84.52,nan,0,No
3858,3858,2025-09-17,2025-09-22,2025-09-21,MetroDeliver,Bengaluru,Delivered,3,70.55,nan,4,Yes
3859,3859,2025-10-20,2025-10-23,,MetroDeliver,Hyderabad,Failed,3,151.83,Customer Refused,5,Yes
3860,3860,2025-05-05,2025-05-08,,MetroDeliver,Bengaluru,Failed,1,177.57,Customer Refused,4,Yes
3861,3861,2025-05-28,2025-05-30,,ParcelOne,Chennai,Failed,2,143.94,Customer Refused,6,Yes
3862,3862,2025-07-02,2025-07-05,2025-07-08,RapidX Logistics,Kolkata,Delayed,1,169.02,Courier Delay,3,Yes
3863,3863,2026-05-16,2026-05-20,2026-05-20,ParcelOne,Kolkata,Delivered,2,111.2,nan,1,No
3864,3864,2026-06-28,2026-07-01,2026-06-30,SwiftKart Logistics,Chennai,Delivered,2,67.42,nan,2,No
3865,3865,2025-03-27,2025-04-01,2025-04-01,QuickShip India,Delhi,Delivered,3,51.68,nan,3,Yes
3866,3866,2025-05-09,2025-05-13,2025-05-17,ParcelOne,Delhi,Delayed,1,79.72,Courier Delay,7,Yes
3867,3867,2026-01-05,2026-01-10,2026-01-10,SwiftKart Logistics,Mumbai,Delivered,1,65.08,nan,6,Yes
3868,3868,2025-04-23,2025-04-25,,ParcelOne,Chennai,RTO,2,84.12,Logistics Capacity,7,Yes
3869,3869,2025-05-19,2025-05-21,,SwiftKart Logistics,Chennai,Failed,2,176.3,Logistics Capacity,5,Yes
3870,3870,2026-01-23,2026-01-25,2026-01-25,RapidX Logistics,Hyderabad,Delivered,2,114.44,nan,3,Yes
3871,3871,2024-09-16,2024-09-21,,SwiftKart Logistics,Hyderabad,In Transit,2,46.1,nan,0,No
3872,3872,2025-04-04,2025-04-08,,ParcelOne,Bengaluru,RTO,3,71.54,Damaged Package,3,Yes
3873,3873,2025-04-21,2025-04-23,,MetroDeliver,Delhi,Failed,2,121.59,Logistics Capacity,7,Yes
3874,3874,2025-10-03,2025-10-05,2025-10-07,MetroDeliver,Delhi,Delayed,3,111.54,Courier Delay,4,Yes
3875,3875,2025-10-23,2025-10-28,,ParcelOne,Kolkata,Failed,3,165.45,Customer Refused,0,No
3876,3876,2026-03-21,2026-03-25,,QuickShip India,Bengaluru,RTO,2,94.04,Customer Unavailable,-1,No
3877,3877,2026-04-25,2026-04-28,2026-04-27,RapidX Logistics,Mumbai,Delivered,2,100.49,nan,7,Yes
3878,3878,2026-05-03,2026-05-06,2026-05-04,RapidX Logistics,Mumbai,Delivered,1,50.5,nan,0,No
3879,3879,2026-05-20,2026-05-25,2026-05-27,MetroDeliver,Chennai,Delayed,3,93.17,Courier Delay,0,No
3880,3880,2025-05-29,2025-06-01,,SwiftKart Logistics,Bengaluru,In Transit,3,127.35,nan,7,Yes
3881,3881,2025-05-23,2025-05-26,2025-05-25,ParcelOne,Mumbai,Delivered,2,137.03,nan,0,No
3882,3882,2025-05-04,2025-05-08,,RapidX Logistics,Chennai,In Transit,2,55.07,nan,2,No
3883,3883,2025-05-28,2025-06-02,,SwiftKart Logistics,Kolkata,RTO,1,140.23,Customer Refused,3,Yes
3884,3884,2026-01-09,2026-01-11,2026-01-10,QuickShip India,Chennai,Delivered,3,67.49,nan,6,Yes
3885,3885,2024-12-21,2024-12-26,,SwiftKart Logistics,Mumbai,RTO,3,52.45,Customer Refused,4,Yes
3886,3886,2025-11-06,2025-11-10,2025-11-15,ParcelOne,Kolkata,Delayed,1,92.12,Courier Delay,-1,No
3887,3887,2026-04-29,2026-05-03,,QuickShip India,Delhi,RTO,3,83.43,Damaged Package,1,No
3888,3888,2026-06-11,2026-06-13,2026-06-12,MetroDeliver,Mumbai,Delivered,2,174.65,nan,0,No
3889,3889,2025-12-06,2025-12-11,,RapidX Logistics,Kolkata,RTO,2,124.29,Incorrect Address,5,Yes
3890,3890,2025-12-31,2026-01-04,,RapidX Logistics,Kolkata,Failed,2,42.49,Logistics Capacity,-1,No
3891,3891,2025-05-31,2025-06-03,2025-06-08,MetroDeliver,Delhi,Delayed,1,66.83,Courier Delay,7,Yes
3892,3892,2025-07-03,2025-07-05,2025-07-10,SwiftKart Logistics,Delhi,Delayed,2,90.8,Courier Delay,7,Yes
3893,3893,2026-03-18,2026-03-23,2026-03-23,SwiftKart Logistics,Hyderabad,Delivered,2,144.2,nan,0,No
3894,3894,2026-04-09,2026-04-13,2026-04-11,MetroDeliver,Hyderabad,Delivered,3,143.52,nan,1,No
3895,3895,2026-05-11,2026-05-15,,ParcelOne,Bengaluru,Failed,3,152.12,Courier Delay,4,Yes
3896,3896,2026-06-24,2026-06-26,2026-06-25,SwiftKart Logistics,Hyderabad,Delivered,3,71.39,nan,7,Yes
3897,3897,2024-08-12,2024-08-16,,RapidX Logistics,Chennai,RTO,3,102.94,Incorrect Address,-1,No
3898,3898,2026-07-11,2026-07-14,2026-07-13,ParcelOne,Delhi,Delivered,2,166.02,nan,3,Yes
3899,3899,2025-04-25,2025-04-27,2025-04-26,QuickShip India,Delhi,Delivered,3,52.66,nan,6,Yes
3900,3900,2025-09-05,2025-09-10,,ParcelOne,Bengaluru,Failed,3,163.4,Logistics Capacity,5,Yes
3901,3901,2026-04-07,2026-04-10,,MetroDeliver,Bengaluru,Failed,3,147.18,Logistics Capacity,1,No
3902,3902,2026-04-27,2026-05-02,,BlueRoute Express,Kolkata,Failed,2,88.47,Logistics Capacity,4,Yes
3903,3903,2025-02-26,2025-03-01,,BlueRoute Express,Kolkata,Failed,3,41.61,Courier Delay,7,Yes
3904,3904,2025-10-27,2025-10-29,2025-10-28,SwiftKart Logistics,Chennai,Delivered,1,109.85,nan,-1,No
3905,3905,2025-11-29,2025-12-03,,SwiftKart Logistics,Bengaluru,Failed,1,76.58,Customer Refused,4,Yes
3906,3906,2025-05-28,2025-06-01,2025-05-30,RapidX Logistics,Bengaluru,Delivered,3,131.47,nan,6,Yes
3907,3907,2025-06-14,2025-06-16,,MetroDeliver,Kolkata,RTO,2,99.38,Damaged Package,2,No
3908,3908,2026-04-10,2026-04-15,2026-04-14,BlueRoute Express,Delhi,Delivered,2,166.82,nan,2,No
3909,3909,2026-04-29,2026-05-02,2026-05-02,MetroDeliver,Hyderabad,Delivered,2,58.53,nan,2,No
3910,3910,2025-04-02,2025-04-06,2025-04-08,SwiftKart Logistics,Hyderabad,Delayed,1,113.5,Courier Delay,7,Yes
3911,3911,2025-05-19,2025-05-22,,MetroDeliver,Hyderabad,RTO,3,54.21,Courier Delay,7,Yes
3912,3912,2025-06-12,2025-06-17,,SwiftKart Logistics,Kolkata,RTO,3,172.31,Customer Refused,4,Yes
3913,3913,2026-03-16,2026-03-18,2026-03-18,SwiftKart Logistics,Bengaluru,Delivered,1,144.33,nan,2,No
3914,3914,2026-04-21,2026-04-25,,QuickShip India,Kolkata,RTO,2,50.56,Incorrect Address,5,Yes
3915,3915,2025-07-09,2025-07-12,2025-07-11,MetroDeliver,Bengaluru,Delivered,3,65.34,nan,0,No
3916,3916,2025-08-05,2025-08-07,2025-08-06,MetroDeliver,Chennai,Delivered,2,91.95,nan,2,No
3917,3917,2025-12-06,2025-12-09,,ParcelOne,Kolkata,In Transit,1,45.97,nan,6,Yes
3918,3918,2026-01-12,2026-01-15,2026-01-15,MetroDeliver,Hyderabad,Delivered,2,141.68,nan,3,Yes
3919,3919,2026-03-16,2026-03-21,,QuickShip India,Hyderabad,RTO,3,45.49,Damaged Package,2,No
3920,3920,2026-04-01,2026-04-05,2026-04-07,ParcelOne,Hyderabad,Delayed,3,99.07,Courier Delay,0,No
3921,3921,2025-10-02,2025-10-04,2025-10-03,SwiftKart Logistics,Hyderabad,Delivered,3,141.65,nan,4,Yes
3922,3922,2025-11-15,2025-11-20,2025-11-23,BlueRoute Express,Delhi,Delayed,3,118.4,Courier Delay,0,No
3923,3923,2025-03-23,2025-03-27,2025-03-26,RapidX Logistics,Chennai,Delivered,2,113.02,nan,3,Yes
3924,3924,2026-06-25,2026-06-28,,MetroDeliver,Bengaluru,Failed,2,146.92,Courier Delay,2,No
3925,3925,2024-11-01,2024-11-05,2024-11-11,QuickShip India,Delhi,Delayed,3,124.98,Courier Delay,6,Yes
3926,3926,2024-12-08,2024-12-10,,RapidX Logistics,Kolkata,Failed,1,141.95,Customer Unavailable,6,Yes
3927,3927,2026-01-22,2026-01-25,,MetroDeliver,Kolkata,In Transit,2,76.59,nan,3,Yes
3928,3928,2026-02-17,2026-02-22,2026-02-27,SwiftKart Logistics,Bengaluru,Delayed,2,63.11,Courier Delay,4,Yes
3929,3929,2025-06-13,2025-06-15,2025-06-15,QuickShip India,Kolkata,Delivered,1,133.98,nan,5,Yes
3930,3930,2025-07-14,2025-07-16,2025-07-15,ParcelOne,Chennai,Delivered,2,135.56,nan,0,No
3931,3931,2024-10-05,2024-10-10,2024-10-09,RapidX Logistics,Hyderabad,Delivered,3,45.53,nan,1,No
3932,3932,2024-11-10,2024-11-14,,BlueRoute Express,Delhi,RTO,3,157.7,Incorrect Address,5,Yes
3933,3933,2024-10-13,2024-10-17,2024-10-17,QuickShip India,Delhi,Delivered,1,107.54,nan,1,No
3934,3934,2024-11-02,2024-11-06,,RapidX Logistics,Bengaluru,In Transit,1,103.88,nan,5,Yes
3935,3935,2025-02-08,2025-02-11,2025-02-13,SwiftKart Logistics,Hyderabad,Delayed,1,95.63,Courier Delay,4,Yes
3936,3936,2025-03-22,2025-03-26,2025-03-25,BlueRoute Express,Kolkata,Delivered,3,48.01,nan,3,Yes
3937,3937,2025-01-02,2025-01-07,2025-01-05,QuickShip India,Delhi,Delivered,2,74.11,nan,-1,No
3938,3938,2025-01-19,2025-01-23,,SwiftKart Logistics,Delhi,Failed,2,93.41,Customer Unavailable,-1,No
3939,3939,2026-06-21,2026-06-24,,RapidX Logistics,Hyderabad,RTO,2,42.97,Incorrect Address,-1,No
3940,3940,2026-02-23,2026-02-26,2026-03-02,SwiftKart Logistics,Chennai,Delayed,2,78.48,Courier Delay,1,No
3941,3941,2026-03-31,2026-04-05,,QuickShip India,Chennai,RTO,2,77.79,Damaged Package,-1,No
3942,3942,2024-11-24,2024-11-27,2024-11-25,ParcelOne,Mumbai,Delivered,2,159.11,nan,1,No
3943,3943,2024-12-26,2024-12-29,,SwiftKart Logistics,Bengaluru,RTO,2,177.65,Courier Delay,7,Yes
3944,3944,2025-12-01,2025-12-04,,QuickShip India,Hyderabad,RTO,1,76.77,Logistics Capacity,2,No
3945,3945,2025-12-22,2025-12-27,2025-12-30,BlueRoute Express,Chennai,Delayed,3,71.3,Courier Delay,6,Yes
3946,3946,2026-01-14,2026-01-16,2026-01-20,QuickShip India,Kolkata,Delayed,1,171.35,Courier Delay,-1,No
3947,3947,2024-11-08,2024-11-12,2024-11-12,RapidX Logistics,Kolkata,Delivered,2,94.62,nan,5,Yes
3948,3948,2026-01-14,2026-01-19,,ParcelOne,Hyderabad,RTO,1,70.8,Customer Refused,-1,No
3949,3949,2026-02-23,2026-02-26,2026-02-24,MetroDeliver,Bengaluru,Delivered,1,172.53,nan,0,No
3950,3950,2026-01-19,2026-01-22,,BlueRoute Express,Bengaluru,RTO,3,134.58,Customer Refused,3,Yes
3951,3951,2026-03-05,2026-03-08,2026-03-13,SwiftKart Logistics,Hyderabad,Delayed,3,149.54,Courier Delay,6,Yes
3952,3952,2025-09-19,2025-09-22,2025-09-22,QuickShip India,Kolkata,Delivered,2,109.29,nan,3,Yes
3953,3953,2025-08-21,2025-08-26,,MetroDeliver,Kolkata,Failed,2,126.18,Damaged Package,2,No
3954,3954,2025-09-17,2025-09-19,,BlueRoute Express,Chennai,RTO,3,144.72,Courier Delay,-1,No
3955,3955,2025-12-31,2026-01-03,2026-01-02,ParcelOne,Bengaluru,Delivered,2,40.47,nan,4,Yes
3956,3956,2026-02-04,2026-02-07,,QuickShip India,Hyderabad,RTO,2,144.58,Customer Refused,7,Yes
3957,3957,2024-11-12,2024-11-16,,ParcelOne,Delhi,RTO,2,147.93,Damaged Package,5,Yes
3958,3958,2024-12-15,2024-12-18,,ParcelOne,Mumbai,Failed,3,121.65,Damaged Package,1,No
3959,3959,2024-11-17,2024-11-19,2024-11-18,SwiftKart Logistics,Mumbai,Delivered,2,69.56,nan,5,Yes
3960,3960,2024-12-15,2024-12-20,2024-12-18,RapidX Logistics,Mumbai,Delivered,1,92.21,nan,4,Yes
3961,3961,2025-01-20,2025-01-23,2025-01-22,RapidX Logistics,Mumbai,Delivered,1,64.48,nan,1,No
3962,3962,2025-03-05,2025-03-10,2025-03-10,MetroDeliver,Hyderabad,Delivered,1,134.83,nan,6,Yes
3963,3963,2025-08-12,2025-08-17,,ParcelOne,Kolkata,Failed,1,40.35,Customer Refused,4,Yes
3964,3964,2025-10-01,2025-10-06,2025-10-10,BlueRoute Express,Chennai,Delayed,2,133.11,Courier Delay,4,Yes
3965,3965,2025-10-31,2025-11-02,,RapidX Logistics,Mumbai,Failed,3,84.26,Logistics Capacity,6,Yes
3966,3966,2025-01-27,2025-01-30,2025-01-29,ParcelOne,Kolkata,Delivered,1,168.37,nan,1,No
3967,3967,2026-03-09,2026-03-13,2026-03-13,ParcelOne,Delhi,Delivered,2,126.17,nan,0,No
3968,3968,2026-04-23,2026-04-27,,BlueRoute Express,Kolkata,Failed,2,87.44,Damaged Package,1,No
3969,3969,2026-03-22,2026-03-24,2026-03-23,BlueRoute Express,Chennai,Delivered,1,144.06,nan,5,Yes
3970,3970,2025-12-26,2025-12-29,2026-01-03,ParcelOne,Chennai,Delayed,2,165.78,Courier Delay,6,Yes
3971,3971,2026-05-30,2026-06-01,,ParcelOne,Chennai,RTO,2,65.87,Customer Refused,4,Yes
3972,3972,2026-03-09,2026-03-11,2026-03-10,QuickShip India,Kolkata,Delivered,1,176.76,nan,3,Yes
3973,3973,2026-04-17,2026-04-21,2026-04-20,QuickShip India,Kolkata,Delivered,2,87.0,nan,2,No
3974,3974,2025-01-11,2025-01-15,2025-01-20,SwiftKart Logistics,Mumbai,Delayed,2,45.15,Courier Delay,-1,No
3975,3975,2025-07-07,2025-07-12,,BlueRoute Express,Delhi,Failed,1,49.01,Courier Delay,7,Yes
3976,3976,2025-12-25,2025-12-27,2025-12-26,RapidX Logistics,Chennai,Delivered,2,95.16,nan,6,Yes
3977,3977,2025-01-21,2025-01-24,2025-01-27,BlueRoute Express,Mumbai,Delayed,3,165.93,Courier Delay,5,Yes
3978,3978,2025-03-05,2025-03-08,,MetroDeliver,Chennai,RTO,3,173.77,Customer Refused,5,Yes
3979,3979,2024-08-17,2024-08-22,,MetroDeliver,Chennai,RTO,3,65.62,Customer Refused,-1,No
3980,3980,2026-03-11,2026-03-16,,MetroDeliver,Hyderabad,Failed,3,178.99,Incorrect Address,0,No
3981,3981,2026-04-04,2026-04-06,2026-04-05,SwiftKart Logistics,Bengaluru,Delivered,2,74.54,nan,1,No
3982,3982,2026-03-20,2026-03-22,2026-03-22,QuickShip India,Chennai,Delivered,2,47.51,nan,3,Yes
3983,3983,2026-04-19,2026-04-22,,QuickShip India,Delhi,RTO,2,167.03,Incorrect Address,0,No
3984,3984,2026-02-18,2026-02-21,,SwiftKart Logistics,Mumbai,RTO,2,145.78,Customer Unavailable,6,Yes
3985,3985,2026-03-11,2026-03-16,2026-03-15,QuickShip India,Hyderabad,Delivered,2,170.14,nan,3,Yes
3986,3986,2025-11-18,2025-11-23,,RapidX Logistics,Bengaluru,RTO,2,107.22,Customer Unavailable,-1,No
3987,3987,2025-12-07,2025-12-10,2025-12-15,ParcelOne,Hyderabad,Delayed,2,147.73,Courier Delay,0,No
3988,3988,2025-08-31,2025-09-04,2025-09-04,QuickShip India,Kolkata,Delivered,1,148.43,nan,7,Yes
3989,3989,2025-10-04,2025-10-08,,MetroDeliver,Delhi,RTO,2,49.43,Courier Delay,7,Yes
3990,3990,2025-06-21,2025-06-23,2025-06-26,BlueRoute Express,Mumbai,Delayed,3,71.57,Courier Delay,0,No
3991,3991,2026-01-11,2026-01-14,,BlueRoute Express,Mumbai,Failed,3,119.78,Customer Refused,0,No
3992,3992,2025-01-18,2025-01-22,,RapidX Logistics,Bengaluru,RTO,1,158.65,Incorrect Address,1,No
3993,3993,2025-11-06,2025-11-08,2025-11-08,SwiftKart Logistics,Kolkata,Delivered,1,156.7,nan,-1,No
3994,3994,2025-12-24,2025-12-29,,MetroDeliver,Hyderabad,Failed,3,147.83,Logistics Capacity,3,Yes
3995,3995,2026-01-19,2026-01-24,,BlueRoute Express,Hyderabad,RTO,1,115.51,Logistics Capacity,2,No
3996,3996,2025-06-02,2025-06-04,2025-06-02,BlueRoute Express,Kolkata,Delivered,2,68.73,nan,6,Yes
3997,3997,2025-07-14,2025-07-17,,BlueRoute Express,Hyderabad,RTO,3,132.83,Logistics Capacity,-1,No
3998,3998,2025-08-23,2025-08-26,2025-08-25,RapidX Logistics,Mumbai,Delivered,1,91.19,nan,0,No
3999,3999,2025-09-21,2025-09-26,2025-09-26,QuickShip India,Delhi,Delivered,1,100.58,nan,6,Yes
4000,4000,2024-08-20,2024-08-25,2024-08-24,QuickShip India,Delhi,Delivered,3,151.33,nan,0,No
4001,4001,2026-01-22,2026-01-24,2026-01-23,MetroDeliver,Bengaluru,Delivered,3,125.31,nan,4,Yes
4002,4002,2026-04-17,2026-04-19,,QuickShip India,Mumbai,RTO,2,158.29,Logistics Capacity,4,Yes
4003,4003,2026-05-18,2026-05-23,2026-05-23,QuickShip India,Kolkata,Delivered,1,167.87,nan,6,Yes
4004,4004,2026-06-24,2026-06-29,,ParcelOne,Bengaluru,Failed,3,125.53,Damaged Package,6,Yes
4005,4005,2026-07-14,2026-07-17,2026-07-23,BlueRoute Express,Mumbai,Delayed,3,88.91,Courier Delay,7,Yes
4006,4006,2025-11-02,2025-11-06,2025-11-11,SwiftKart Logistics,Bengaluru,Delayed,3,72.23,Courier Delay,7,Yes
4007,4007,2025-11-26,2025-11-28,2025-11-27,BlueRoute Express,Delhi,Delivered,1,124.01,nan,7,Yes
4008,4008,2026-07-06,2026-07-09,,MetroDeliver,Hyderabad,Failed,3,116.01,Incorrect Address,-1,No
4009,4009,2026-07-24,2026-07-28,2026-07-27,MetroDeliver,Mumbai,Delivered,3,96.73,nan,-1,No
4010,4010,2025-01-31,2025-02-02,2025-02-01,QuickShip India,Mumbai,Delivered,1,62.22,nan,5,Yes
4011,4011,2025-03-14,2025-03-18,,QuickShip India,Mumbai,RTO,2,57.8,Damaged Package,5,Yes
4012,4012,2025-03-11,2025-03-16,2025-03-15,MetroDeliver,Mumbai,Delivered,1,84.62,nan,3,Yes
4013,4013,2025-04-07,2025-04-09,,ParcelOne,Bengaluru,RTO,1,117.47,Incorrect Address,7,Yes
4014,4014,2024-10-03,2024-10-08,,ParcelOne,Delhi,RTO,1,84.14,Courier Delay,6,Yes
4015,4015,2025-06-20,2025-06-25,,RapidX Logistics,Delhi,Failed,1,67.86,Customer Refused,1,No
4016,4016,2025-07-10,2025-07-12,2025-07-12,RapidX Logistics,Chennai,Delivered,2,132.11,nan,4,Yes
4017,4017,2026-06-08,2026-06-13,,QuickShip India,Kolkata,RTO,3,134.69,Incorrect Address,-1,No
4018,4018,2026-07-10,2026-07-14,,QuickShip India,Kolkata,RTO,3,142.89,Incorrect Address,3,Yes
4019,4019,2026-05-31,2026-06-04,,MetroDeliver,Chennai,RTO,2,92.83,Incorrect Address,5,Yes
4020,4020,2024-11-18,2024-11-23,,BlueRoute Express,Delhi,In Transit,2,88.29,nan,3,Yes
4021,4021,2026-07-30,2026-08-01,2026-08-06,QuickShip India,Hyderabad,Delayed,3,136.69,Courier Delay,0,No
4022,4022,2024-08-03,2024-08-06,,RapidX Logistics,Kolkata,RTO,2,60.1,Damaged Package,6,Yes
4023,4023,2024-12-12,2024-12-15,,BlueRoute Express,Chennai,RTO,3,84.24,Incorrect Address,0,No
4024,4024,2025-10-25,2025-10-30,,RapidX Logistics,Hyderabad,Failed,1,145.01,Damaged Package,6,Yes
4025,4025,2025-12-08,2025-12-11,2025-12-16,QuickShip India,Chennai,Delayed,1,129.25,Courier Delay,3,Yes
4026,4026,2025-02-05,2025-02-10,2025-02-09,BlueRoute Express,Kolkata,Delivered,3,118.0,nan,2,No
4027,4027,2024-09-19,2024-09-21,,QuickShip India,Mumbai,RTO,3,156.35,Incorrect Address,5,Yes
4028,4028,2026-07-06,2026-07-08,2026-07-07,QuickShip India,Delhi,Delivered,2,179.27,nan,4,Yes
4029,4029,2024-10-10,2024-10-14,2024-10-16,SwiftKart Logistics,Delhi,Delayed,3,99.85,Courier Delay,5,Yes
4030,4030,2025-12-05,2025-12-08,,ParcelOne,Mumbai,RTO,3,65.78,Damaged Package,0,No
4031,4031,2024-08-21,2024-08-23,2024-08-22,ParcelOne,Mumbai,Delivered,1,101.09,nan,5,Yes
4032,4032,2024-09-17,2024-09-21,2024-09-21,BlueRoute Express,Hyderabad,Delivered,1,177.69,nan,0,No
4033,4033,2024-08-07,2024-08-11,2024-08-14,SwiftKart Logistics,Bengaluru,Delayed,1,140.91,Courier Delay,6,Yes
4034,4034,2024-09-15,2024-09-18,,SwiftKart Logistics,Bengaluru,RTO,3,53.13,Damaged Package,0,No
4035,4035,2024-10-04,2024-10-07,,BlueRoute Express,Delhi,RTO,1,176.87,Customer Refused,6,Yes
4036,4036,2026-05-20,2026-05-22,,RapidX Logistics,Hyderabad,RTO,1,80.81,Incorrect Address,5,Yes
4037,4037,2026-06-22,2026-06-27,2026-06-27,SwiftKart Logistics,Chennai,Delivered,3,80.63,nan,7,Yes
4038,4038,2026-05-15,2026-05-17,2026-05-16,QuickShip India,Delhi,Delivered,2,45.36,nan,2,No
4039,4039,2026-06-08,2026-06-10,2026-06-09,RapidX Logistics,Bengaluru,Delivered,2,65.54,nan,2,No
4040,4040,2026-05-31,2026-06-04,,ParcelOne,Bengaluru,Failed,2,144.98,Courier Delay,2,No
4041,4041,2026-06-28,2026-07-03,,ParcelOne,Kolkata,RTO,2,88.39,Customer Refused,1,No
4042,4042,2026-05-20,2026-05-24,,ParcelOne,Mumbai,RTO,1,153.42,Incorrect Address,6,Yes
4043,4043,2026-05-15,2026-05-20,,ParcelOne,Hyderabad,Failed,1,112.2,Incorrect Address,1,No
4044,4044,2026-06-20,2026-06-22,2026-06-22,RapidX Logistics,Bengaluru,Delivered,3,165.76,nan,6,Yes
4045,4045,2024-08-25,2024-08-30,,MetroDeliver,Kolkata,Failed,2,117.32,Customer Refused,0,No
4046,4046,2024-09-30,2024-10-04,2024-10-09,SwiftKart Logistics,Hyderabad,Delayed,1,85.0,Courier Delay,4,Yes
4047,4047,2025-02-20,2025-02-24,,ParcelOne,Kolkata,In Transit,1,70.76,nan,-1,No
4048,4048,2025-09-05,2025-09-09,,ParcelOne,Chennai,RTO,2,79.79,Courier Delay,-1,No
4049,4049,2024-11-14,2024-11-19,2024-11-23,ParcelOne,Hyderabad,Delayed,2,175.39,Courier Delay,2,No
4050,4050,2024-12-12,2024-12-16,,ParcelOne,Kolkata,In Transit,3,40.06,nan,5,Yes
4051,4051,2025-05-25,2025-05-29,,MetroDeliver,Hyderabad,In Transit,2,165.2,nan,6,Yes
4052,4052,2025-06-13,2025-06-17,2025-06-17,SwiftKart Logistics,Bengaluru,Delivered,2,60.02,nan,5,Yes
4053,4053,2024-08-14,2024-08-17,2024-08-21,QuickShip India,Kolkata,Delayed,3,141.51,Courier Delay,-1,No
4054,4054,2025-11-27,2025-11-30,2025-11-28,BlueRoute Express,Delhi,Delivered,2,154.47,nan,3,Yes
4055,4055,2025-12-12,2025-12-15,,SwiftKart Logistics,Kolkata,RTO,2,120.16,Logistics Capacity,2,No
4056,4056,2024-12-03,2024-12-07,,BlueRoute Express,Bengaluru,RTO,1,152.54,Customer Refused,4,Yes
4057,4057,2024-12-21,2024-12-26,2024-12-26,SwiftKart Logistics,Chennai,Delivered,2,113.05,nan,-1,No
4058,4058,2025-12-25,2025-12-27,2026-01-02,RapidX Logistics,Kolkata,Delayed,2,141.53,Courier Delay,3,Yes
4059,4059,2026-02-08,2026-02-10,2026-02-10,QuickShip India,Bengaluru,Delivered,2,109.5,nan,3,Yes
4060,4060,2025-02-05,2025-02-09,,RapidX Logistics,Mumbai,Failed,3,68.24,Customer Refused,1,No
4061,4061,2025-03-20,2025-03-22,2025-03-28,RapidX Logistics,Kolkata,Delayed,3,125.88,Courier Delay,2,No
4062,4062,2025-03-08,2025-03-10,2025-03-10,MetroDeliver,Kolkata,Delivered,2,56.55,nan,4,Yes
4063,4063,2025-03-29,2025-04-03,,QuickShip India,Delhi,Failed,3,130.81,Courier Delay,7,Yes
4064,4064,2024-12-09,2024-12-13,,SwiftKart Logistics,Hyderabad,RTO,3,106.05,Courier Delay,1,No
4065,4065,2025-01-04,2025-01-06,2025-01-06,MetroDeliver,Chennai,Delivered,3,79.05,nan,4,Yes
4066,4066,2025-04-29,2025-05-04,,RapidX Logistics,Chennai,Failed,1,98.36,Damaged Package,6,Yes
4067,4067,2024-12-24,2024-12-29,,BlueRoute Express,Bengaluru,Failed,2,87.83,Customer Refused,0,No
4068,4068,2025-02-07,2025-02-12,,SwiftKart Logistics,Chennai,RTO,3,58.19,Incorrect Address,-1,No
4069,4069,2025-10-08,2025-10-11,2025-10-09,ParcelOne,Mumbai,Delivered,3,108.99,nan,1,No
4070,4070,2025-11-09,2025-11-12,2025-11-12,BlueRoute Express,Hyderabad,Delivered,3,71.5,nan,4,Yes
4071,4071,2025-02-10,2025-02-15,2025-02-15,QuickShip India,Mumbai,Delivered,2,42.04,nan,1,No
4072,4072,2025-03-02,2025-03-06,,QuickShip India,Kolkata,Failed,2,134.49,Customer Refused,1,No
4073,4073,2026-03-23,2026-03-27,2026-03-26,RapidX Logistics,Mumbai,Delivered,2,136.67,nan,5,Yes
4074,4074,2025-09-18,2025-09-23,,BlueRoute Express,Hyderabad,RTO,3,122.56,Customer Refused,5,Yes
4075,4075,2025-10-09,2025-10-14,,QuickShip India,Mumbai,Failed,2,111.5,Customer Refused,-1,No
4076,4076,2025-09-29,2025-10-04,2025-10-02,RapidX Logistics,Mumbai,Delivered,1,175.18,nan,4,Yes
4077,4077,2026-03-22,2026-03-26,,SwiftKart Logistics,Mumbai,In Transit,3,105.44,nan,7,Yes
4078,4078,2026-04-24,2026-04-26,2026-04-25,BlueRoute Express,Delhi,Delivered,2,83.1,nan,0,No
4079,4079,2025-10-01,2025-10-06,,BlueRoute Express,Bengaluru,RTO,1,139.53,Logistics Capacity,1,No
4080,4080,2025-10-29,2025-11-03,,SwiftKart Logistics,Hyderabad,RTO,1,114.88,Courier Delay,7,Yes
4081,4081,2024-08-20,2024-08-24,2024-08-23,MetroDeliver,Hyderabad,Delivered,2,115.3,nan,1,No
4082,4082,2026-07-05,2026-07-10,,BlueRoute Express,Kolkata,RTO,2,131.35,Incorrect Address,0,No
4083,4083,2026-06-13,2026-06-15,,ParcelOne,Kolkata,In Transit,2,117.8,nan,6,Yes
4084,4084,2024-09-05,2024-09-08,,ParcelOne,Bengaluru,In Transit,2,153.94,nan,5,Yes
4085,4085,2024-09-27,2024-09-30,,MetroDeliver,Chennai,Failed,3,47.78,Logistics Capacity,4,Yes
4086,4086,2025-08-09,2025-08-14,,MetroDeliver,Bengaluru,Failed,2,46.03,Incorrect Address,2,No
4087,4087,2025-04-29,2025-05-01,,ParcelOne,Delhi,RTO,1,53.76,Customer Unavailable,5,Yes
4088,4088,2025-06-03,2025-06-07,,SwiftKart Logistics,Bengaluru,Failed,3,59.38,Customer Unavailable,7,Yes
4089,4089,2025-05-17,2025-05-20,2025-05-20,RapidX Logistics,Mumbai,Delivered,3,145.85,nan,2,No
4090,4090,2025-06-11,2025-06-14,,RapidX Logistics,Bengaluru,Failed,3,82.74,Damaged Package,7,Yes
4091,4091,2026-01-23,2026-01-25,,RapidX Logistics,Chennai,RTO,1,48.04,Incorrect Address,7,Yes
4092,4092,2026-03-05,2026-03-08,2026-03-08,ParcelOne,Bengaluru,Delivered,1,146.15,nan,7,Yes
4093,4093,2025-07-17,2025-07-22,2025-07-21,SwiftKart Logistics,Bengaluru,Delivered,3,52.5,nan,-1,No
4094,4094,2025-08-24,2025-08-28,2025-08-27,QuickShip India,Chennai,Delivered,1,50.55,nan,1,No
4095,4095,2025-05-21,2025-05-26,,SwiftKart Logistics,Delhi,RTO,2,89.79,Logistics Capacity,1,No
4096,4096,2025-06-27,2025-06-29,,RapidX Logistics,Kolkata,Failed,1,99.9,Damaged Package,0,No
4097,4097,2026-05-29,2026-06-03,2026-06-02,ParcelOne,Mumbai,Delivered,3,68.5,nan,6,Yes
4098,4098,2026-03-21,2026-03-23,2026-03-23,RapidX Logistics,Kolkata,Delivered,2,170.05,nan,7,Yes
4099,4099,2026-05-05,2026-05-08,2026-05-08,MetroDeliver,Bengaluru,Delivered,2,86.47,nan,6,Yes
4100,4100,2026-05-15,2026-05-17,,SwiftKart Logistics,Kolkata,Failed,2,157.27,Logistics Capacity,7,Yes
4101,4101,2025-10-23,2025-10-26,2025-10-26,QuickShip India,Hyderabad,Delivered,2,44.03,nan,2,No
4102,4102,2025-11-12,2025-11-17,2025-11-23,RapidX Logistics,Mumbai,Delayed,3,120.18,Courier Delay,1,No
4103,4103,2025-07-15,2025-07-18,2025-07-23,MetroDeliver,Chennai,Delayed,1,56.92,Courier Delay,4,Yes
4104,4104,2025-08-26,2025-08-30,,RapidX Logistics,Delhi,Failed,2,157.29,Logistics Capacity,7,Yes
4105,4105,2026-01-02,2026-01-07,,RapidX Logistics,Chennai,Failed,2,59.22,Incorrect Address,-1,No
4106,4106,2025-10-31,2025-11-03,,SwiftKart Logistics,Chennai,RTO,2,86.11,Damaged Package,0,No
4107,4107,2025-11-20,2025-11-22,2025-11-25,SwiftKart Logistics,Kolkata,Delayed,1,162.14,Courier Delay,2,No
4108,4108,2025-10-07,2025-10-11,2025-10-11,SwiftKart Logistics,Mumbai,Delivered,3,176.13,nan,4,Yes
4109,4109,2025-06-01,2025-06-05,,BlueRoute Express,Chennai,In Transit,2,48.47,nan,1,No
4110,4110,2025-06-22,2025-06-24,,RapidX Logistics,Hyderabad,RTO,1,166.23,Damaged Package,2,No
4111,4111,2025-01-27,2025-01-31,2025-01-31,BlueRoute Express,Mumbai,Delivered,1,131.02,nan,4,Yes
4112,4112,2025-01-04,2025-01-06,,ParcelOne,Hyderabad,RTO,3,122.74,Courier Delay,3,Yes
4113,4113,2025-01-20,2025-01-24,2025-01-28,QuickShip India,Delhi,Delayed,2,65.5,Courier Delay,4,Yes
4114,4114,2025-07-18,2025-07-21,2025-07-20,ParcelOne,Delhi,Delivered,2,125.58,nan,7,Yes
4115,4115,2024-09-20,2024-09-22,2024-09-21,MetroDeliver,Bengaluru,Delivered,2,71.91,nan,-1,No
4116,4116,2024-10-31,2024-11-02,2024-11-01,ParcelOne,Chennai,Delivered,3,78.81,nan,-1,No
4117,4117,2024-10-08,2024-10-12,2024-10-11,BlueRoute Express,Mumbai,Delivered,2,56.57,nan,0,No
4118,4118,2024-10-08,2024-10-11,,QuickShip India,Hyderabad,Failed,2,141.72,Customer Unavailable,3,Yes
4119,4119,2024-11-20,2024-11-22,,MetroDeliver,Mumbai,RTO,3,150.62,Customer Refused,1,No
4120,4120,2025-12-19,2025-12-24,,QuickShip India,Mumbai,RTO,2,165.45,Logistics Capacity,1,No
4121,4121,2026-01-10,2026-01-15,2026-01-14,ParcelOne,Hyderabad,Delivered,2,106.09,nan,0,No
4122,4122,2025-05-07,2025-05-12,,QuickShip India,Hyderabad,RTO,3,60.62,Courier Delay,7,Yes
4123,4123,2025-06-24,2025-06-26,,SwiftKart Logistics,Hyderabad,RTO,1,112.29,Damaged Package,-1,No
4124,4124,2025-03-28,2025-04-02,,RapidX Logistics,Bengaluru,Failed,2,133.09,Damaged Package,1,No
4125,4125,2025-04-12,2025-04-17,,MetroDeliver,Mumbai,Failed,3,66.53,Customer Refused,-1,No
4126,4126,2026-07-13,2026-07-18,2026-07-16,RapidX Logistics,Kolkata,Delivered,2,47.15,nan,6,Yes
4127,4127,2026-01-26,2026-01-30,,QuickShip India,Chennai,Failed,2,173.74,Incorrect Address,2,No
4128,4128,2025-03-19,2025-03-24,,BlueRoute Express,Kolkata,RTO,1,133.26,Damaged Package,6,Yes
4129,4129,2025-04-21,2025-04-23,,QuickShip India,Delhi,Failed,2,73.48,Courier Delay,5,Yes
4130,4130,2024-12-28,2025-01-01,2024-12-30,RapidX Logistics,Chennai,Delivered,1,54.49,nan,4,Yes
4131,4131,2025-01-23,2025-01-25,2025-01-30,SwiftKart Logistics,Chennai,Delayed,2,115.01,Courier Delay,7,Yes
4132,4132,2024-11-04,2024-11-07,2024-11-05,RapidX Logistics,Hyderabad,Delivered,3,101.72,nan,4,Yes
4133,4133,2025-08-24,2025-08-26,,SwiftKart Logistics,Mumbai,RTO,3,62.09,Courier Delay,2,No
4134,4134,2026-07-27,2026-07-30,,QuickShip India,Bengaluru,Failed,3,179.09,Courier Delay,4,Yes
4135,4135,2024-10-04,2024-10-07,2024-10-06,SwiftKart Logistics,Mumbai,Delivered,2,124.49,nan,2,No
4136,4136,2025-08-16,2025-08-21,2025-08-25,QuickShip India,Chennai,Delayed,3,60.64,Courier Delay,-1,No
4137,4137,2026-07-23,2026-07-25,2026-07-23,QuickShip India,Delhi,Delivered,2,72.5,nan,-1,No
4138,4138,2024-11-08,2024-11-12,2024-11-11,ParcelOne,Bengaluru,Delivered,1,112.46,nan,6,Yes
4139,4139,2024-12-18,2024-12-21,2024-12-23,MetroDeliver,Mumbai,Delayed,2,121.77,Courier Delay,6,Yes
4140,4140,2025-04-20,2025-04-25,2025-04-25,MetroDeliver,Kolkata,Delivered,3,87.53,nan,2,No
4141,4141,2025-05-16,2025-05-18,,RapidX Logistics,Mumbai,RTO,1,62.82,Logistics Capacity,6,Yes
4142,4142,2025-11-05,2025-11-08,,SwiftKart Logistics,Mumbai,In Transit,2,111.4,nan,4,Yes
4143,4143,2024-08-20,2024-08-23,2024-08-23,RapidX Logistics,Delhi,Delivered,2,54.37,nan,7,Yes
4144,4144,2024-09-07,2024-09-09,,RapidX Logistics,Mumbai,Failed,2,153.57,Customer Refused,7,Yes
4145,4145,2025-08-15,2025-08-20,,MetroDeliver,Delhi,RTO,2,75.47,Damaged Package,2,No
4146,4146,2025-08-30,2025-09-03,,BlueRoute Express,Chennai,Failed,3,91.35,Logistics Capacity,6,Yes
4147,4147,2026-05-19,2026-05-21,2026-05-20,RapidX Logistics,Mumbai,Delivered,3,45.4,nan,7,Yes
4148,4148,2025-01-16,2025-01-18,,QuickShip India,Hyderabad,Failed,1,153.89,Damaged Package,7,Yes
4149,4149,2026-05-15,2026-05-20,2026-05-19,SwiftKart Logistics,Bengaluru,Delivered,2,42.32,nan,4,Yes
4150,4150,2024-10-30,2024-11-01,,ParcelOne,Hyderabad,Failed,3,63.83,Logistics Capacity,2,No
4151,4151,2025-03-05,2025-03-09,,QuickShip India,Hyderabad,Failed,2,129.24,Logistics Capacity,2,No
4152,4152,2025-04-14,2025-04-19,,SwiftKart Logistics,Bengaluru,RTO,3,84.76,Customer Unavailable,-1,No
4153,4153,2026-05-14,2026-05-19,2026-05-19,SwiftKart Logistics,Mumbai,Delivered,3,50.24,nan,7,Yes
4154,4154,2026-05-31,2026-06-02,,MetroDeliver,Delhi,RTO,2,142.99,Damaged Package,4,Yes
4155,4155,2025-08-15,2025-08-20,2025-08-18,ParcelOne,Chennai,Delivered,2,76.17,nan,2,No
4156,4156,2025-09-10,2025-09-12,,MetroDeliver,Mumbai,RTO,2,87.42,Incorrect Address,1,No
4157,4157,2026-07-06,2026-07-10,,MetroDeliver,Mumbai,RTO,2,135.18,Customer Refused,3,Yes
4158,4158,2026-07-26,2026-07-31,,QuickShip India,Mumbai,Failed,2,129.54,Damaged Package,2,No
4159,4159,2024-11-11,2024-11-15,2024-11-14,BlueRoute Express,Delhi,Delivered,3,62.48,nan,-1,No
4160,4160,2024-10-13,2024-10-16,,ParcelOne,Delhi,Failed,2,164.06,Logistics Capacity,2,No
4161,4161,2024-11-14,2024-11-16,,BlueRoute Express,Chennai,RTO,1,67.97,Damaged Package,3,Yes
4162,4162,2026-02-05,2026-02-10,,MetroDeliver,Kolkata,Failed,1,157.6,Customer Unavailable,7,Yes
4163,4163,2025-04-12,2025-04-15,,SwiftKart Logistics,Bengaluru,RTO,2,46.67,Customer Unavailable,-1,No
4164,4164,2026-06-23,2026-06-27,2026-06-25,MetroDeliver,Delhi,Delivered,3,123.44,nan,7,Yes
4165,4165,2026-07-10,2026-07-13,2026-07-12,MetroDeliver,Hyderabad,Delivered,2,152.3,nan,3,Yes
4166,4166,2025-08-13,2025-08-17,,ParcelOne,Hyderabad,Failed,3,160.44,Customer Refused,6,Yes
4167,4167,2025-08-28,2025-09-01,,SwiftKart Logistics,Mumbai,Failed,2,40.9,Customer Unavailable,6,Yes
4168,4168,2025-07-29,2025-08-01,,MetroDeliver,Hyderabad,In Transit,1,69.51,nan,1,No
4169,4169,2025-09-10,2025-09-15,2025-09-14,BlueRoute Express,Delhi,Delivered,3,77.15,nan,7,Yes
4170,4170,2024-12-16,2024-12-21,2024-12-21,MetroDeliver,Kolkata,Delivered,3,63.13,nan,6,Yes
4171,4171,2026-04-26,2026-04-28,,MetroDeliver,Bengaluru,In Transit,3,148.79,nan,6,Yes
4172,4172,2024-11-08,2024-11-10,2024-11-09,BlueRoute Express,Delhi,Delivered,3,153.67,nan,4,Yes
4173,4173,2024-12-19,2024-12-22,,MetroDeliver,Chennai,Failed,2,119.4,Courier Delay,3,Yes
4174,4174,2026-01-09,2026-01-13,,RapidX Logistics,Chennai,RTO,2,156.93,Incorrect Address,2,No
4175,4175,2026-02-02,2026-02-05,2026-02-04,ParcelOne,Delhi,Delivered,2,60.62,nan,0,No
4176,4176,2025-12-08,2025-12-12,2025-12-12,QuickShip India,Hyderabad,Delivered,2,122.5,nan,5,Yes
4177,4177,2025-02-02,2025-02-06,2025-02-05,QuickShip India,Delhi,Delivered,2,120.89,nan,1,No
4178,4178,2025-03-19,2025-03-23,2025-03-23,ParcelOne,Chennai,Delivered,1,100.27,nan,2,No
4179,4179,2026-07-27,2026-07-31,2026-08-05,QuickShip India,Hyderabad,Delayed,2,166.38,Courier Delay,1,No
4180,4180,2024-11-30,2024-12-05,2024-12-05,MetroDeliver,Delhi,Delivered,2,115.81,nan,1,No
4181,4181,2024-08-09,2024-08-14,2024-08-12,BlueRoute Express,Bengaluru,Delivered,1,116.4,nan,6,Yes
4182,4182,2024-09-06,2024-09-10,2024-09-08,QuickShip India,Hyderabad,Delivered,3,83.37,nan,1,No
4183,4183,2025-12-25,2025-12-27,,RapidX Logistics,Mumbai,RTO,1,173.9,Damaged Package,-1,No
4184,4184,2025-09-13,2025-09-16,2025-09-16,SwiftKart Logistics,Mumbai,Delivered,2,139.2,nan,6,Yes
4185,4185,2025-10-07,2025-10-11,,BlueRoute Express,Mumbai,RTO,2,170.67,Courier Delay,-1,No
4186,4186,2024-10-16,2024-10-21,2024-10-21,MetroDeliver,Hyderabad,Delivered,3,52.55,nan,-1,No
4187,4187,2024-11-14,2024-11-17,2024-11-16,RapidX Logistics,Bengaluru,Delivered,1,61.79,nan,2,No
4188,4188,2025-06-15,2025-06-17,2025-06-16,SwiftKart Logistics,Bengaluru,Delivered,3,64.79,nan,1,No
4189,4189,2025-07-23,2025-07-28,2025-07-27,BlueRoute Express,Kolkata,Delivered,3,151.88,nan,5,Yes
4190,4190,2025-02-05,2025-02-08,,MetroDeliver,Chennai,RTO,2,85.76,Damaged Package,0,No
4191,4191,2025-10-24,2025-10-28,,BlueRoute Express,Chennai,RTO,1,63.65,Damaged Package,0,No
4192,4192,2026-05-13,2026-05-16,,BlueRoute Express,Mumbai,Failed,2,136.99,Incorrect Address,7,Yes
4193,4193,2025-12-09,2025-12-11,,RapidX Logistics,Chennai,Failed,2,78.9,Damaged Package,0,No
4194,4194,2026-01-04,2026-01-09,,QuickShip India,Kolkata,Failed,1,140.4,Logistics Capacity,4,Yes
4195,4195,2025-11-06,2025-11-08,2025-11-07,SwiftKart Logistics,Kolkata,Delivered,2,47.25,nan,0,No
4196,4196,2026-07-18,2026-07-20,,RapidX Logistics,Delhi,RTO,3,110.55,Customer Unavailable,-1,No
4197,4197,2026-07-15,2026-07-18,,SwiftKart Logistics,Hyderabad,RTO,3,62.98,Incorrect Address,7,Yes
4198,4198,2025-11-11,2025-11-14,,QuickShip India,Delhi,In Transit,3,73.43,nan,1,No
4199,4199,2025-12-23,2025-12-28,2025-12-27,RapidX Logistics,Kolkata,Delivered,1,130.95,nan,0,No
4200,4200,2026-03-04,2026-03-06,,QuickShip India,Chennai,RTO,3,55.31,Customer Unavailable,1,No
4201,4201,2026-08-01,2026-08-04,,ParcelOne,Chennai,In Transit,2,74.5,nan,7,Yes
4202,4202,2026-01-21,2026-01-23,,BlueRoute Express,Hyderabad,RTO,1,106.83,Customer Unavailable,4,Yes
4203,4203,2025-08-29,2025-08-31,,ParcelOne,Hyderabad,In Transit,3,167.86,nan,3,Yes
4204,4204,2025-11-15,2025-11-17,,QuickShip India,Bengaluru,Failed,1,109.47,Logistics Capacity,4,Yes
4205,4205,2026-02-01,2026-02-03,,MetroDeliver,Bengaluru,In Transit,2,64.72,nan,1,No
4206,4206,2026-03-07,2026-03-12,2026-03-12,SwiftKart Logistics,Hyderabad,Delivered,3,109.21,nan,1,No
4207,4207,2024-08-03,2024-08-06,2024-08-09,RapidX Logistics,Bengaluru,Delayed,2,112.23,Courier Delay,4,Yes
4208,4208,2025-02-14,2025-02-16,,RapidX Logistics,Mumbai,RTO,1,91.69,Damaged Package,1,No
4209,4209,2024-12-15,2024-12-20,2024-12-20,QuickShip India,Hyderabad,Delivered,3,71.2,nan,-1,No
4210,4210,2025-01-29,2025-02-02,2025-02-06,RapidX Logistics,Bengaluru,Delayed,1,111.44,Courier Delay,-1,No
4211,4211,2024-12-09,2024-12-12,,QuickShip India,Kolkata,RTO,1,153.4,Courier Delay,3,Yes
4212,4212,2025-01-01,2025-01-06,2025-01-05,ParcelOne,Chennai,Delivered,3,107.85,nan,4,Yes
4213,4213,2026-07-10,2026-07-12,2026-07-12,ParcelOne,Mumbai,Delivered,2,148.44,nan,7,Yes
4214,4214,2025-04-28,2025-05-03,2025-05-02,MetroDeliver,Kolkata,Delivered,2,135.72,nan,6,Yes
4215,4215,2025-05-16,2025-05-20,,RapidX Logistics,Kolkata,Failed,3,179.85,Customer Unavailable,4,Yes
4216,4216,2024-09-23,2024-09-26,,BlueRoute Express,Bengaluru,Failed,3,162.13,Damaged Package,0,No
4217,4217,2024-10-09,2024-10-14,,RapidX Logistics,Delhi,Failed,1,63.93,Damaged Package,4,Yes
4218,4218,2025-05-08,2025-05-11,2025-05-10,QuickShip India,Bengaluru,Delivered,3,164.3,nan,5,Yes
4219,4219,2025-04-09,2025-04-12,,QuickShip India,Chennai,RTO,1,146.43,Logistics Capacity,1,No
4220,4220,2024-09-15,2024-09-20,,RapidX Logistics,Mumbai,Failed,3,80.93,Damaged Package,3,Yes
4221,4221,2026-07-10,2026-07-14,,BlueRoute Express,Chennai,RTO,2,154.22,Customer Unavailable,1,No
4222,4222,2026-07-26,2026-07-29,2026-07-28,MetroDeliver,Hyderabad,Delivered,3,94.83,nan,1,No
4223,4223,2025-08-16,2025-08-21,2025-08-26,MetroDeliver,Delhi,Delayed,2,110.5,Courier Delay,1,No
4224,4224,2025-09-18,2025-09-21,2025-09-20,QuickShip India,Mumbai,Delivered,2,114.94,nan,2,No
4225,4225,2025-09-15,2025-09-17,,QuickShip India,Chennai,RTO,3,91.16,Customer Refused,7,Yes
4226,4226,2025-12-23,2025-12-27,2025-12-26,MetroDeliver,Hyderabad,Delivered,3,149.08,nan,2,No
4227,4227,2026-01-17,2026-01-20,,RapidX Logistics,Kolkata,In Transit,1,69.01,nan,6,Yes
4228,4228,2026-02-16,2026-02-20,,QuickShip India,Hyderabad,RTO,2,114.03,Courier Delay,-1,No
4229,4229,2026-03-24,2026-03-29,2026-03-28,ParcelOne,Delhi,Delivered,1,162.35,nan,6,Yes
4230,4230,2026-05-30,2026-06-01,2026-06-06,QuickShip India,Delhi,Delayed,3,91.05,Courier Delay,0,No
4231,4231,2026-05-21,2026-05-25,,MetroDeliver,Delhi,Failed,2,42.97,Damaged Package,4,Yes
4232,4232,2025-04-30,2025-05-04,,QuickShip India,Kolkata,RTO,2,167.02,Courier Delay,-1,No
4233,4233,2025-12-30,2026-01-01,2025-12-30,RapidX Logistics,Hyderabad,Delivered,1,149.3,nan,3,Yes
4234,4234,2026-02-07,2026-02-11,,QuickShip India,Delhi,In Transit,1,124.19,nan,3,Yes
4235,4235,2025-05-22,2025-05-25,2025-05-25,RapidX Logistics,Hyderabad,Delivered,2,43.97,nan,7,Yes
4236,4236,2026-03-23,2026-03-25,,RapidX Logistics,Chennai,RTO,2,51.45,Incorrect Address,0,No
4237,4237,2026-05-04,2026-05-07,,MetroDeliver,Chennai,Failed,2,143.54,Incorrect Address,6,Yes
4238,4238,2025-02-12,2025-02-14,,BlueRoute Express,Kolkata,Failed,3,154.87,Logistics Capacity,5,Yes
4239,4239,2025-03-14,2025-03-17,2025-03-16,RapidX Logistics,Mumbai,Delivered,3,59.22,nan,4,Yes
4240,4240,2026-02-15,2026-02-19,2026-02-18,ParcelOne,Chennai,Delivered,2,133.24,nan,2,No
4241,4241,2026-03-16,2026-03-20,2026-03-20,ParcelOne,Kolkata,Delivered,1,126.59,nan,2,No
4242,4242,2025-10-28,2025-10-30,2025-10-29,MetroDeliver,Kolkata,Delivered,2,42.96,nan,4,Yes
4243,4243,2026-02-27,2026-03-04,2026-03-03,SwiftKart Logistics,Hyderabad,Delivered,3,98.32,nan,5,Yes
4244,4244,2024-12-13,2024-12-15,2024-12-14,MetroDeliver,Delhi,Delivered,1,141.24,nan,3,Yes
4245,4245,2026-01-29,2026-01-31,2026-01-29,RapidX Logistics,Kolkata,Delivered,2,155.25,nan,2,No
4246,4246,2026-03-06,2026-03-11,,MetroDeliver,Bengaluru,RTO,3,40.38,Logistics Capacity,3,Yes
4247,4247,2025-04-02,2025-04-04,2025-04-03,MetroDeliver,Kolkata,Delivered,1,165.57,nan,6,Yes
4248,4248,2025-04-15,2025-04-19,,QuickShip India,Hyderabad,Failed,2,137.49,Incorrect Address,-1,No
4249,4249,2025-05-17,2025-05-20,,MetroDeliver,Kolkata,Failed,2,125.09,Customer Unavailable,2,No
4250,4250,2024-11-07,2024-11-12,2024-11-11,BlueRoute Express,Chennai,Delivered,1,46.55,nan,5,Yes
4251,4251,2024-11-23,2024-11-28,2024-11-28,RapidX Logistics,Hyderabad,Delivered,3,141.14,nan,0,No
4252,4252,2025-10-23,2025-10-26,2025-10-26,QuickShip India,Chennai,Delivered,3,130.62,nan,5,Yes
4253,4253,2025-11-25,2025-11-28,2025-12-01,SwiftKart Logistics,Kolkata,Delayed,3,66.95,Courier Delay,5,Yes
4254,4254,2026-06-10,2026-06-14,,MetroDeliver,Mumbai,Failed,2,99.27,Customer Unavailable,1,No
4255,4255,2026-07-18,2026-07-20,2026-07-26,ParcelOne,Hyderabad,Delayed,2,43.61,Courier Delay,4,Yes
4256,4256,2025-11-28,2025-12-02,,BlueRoute Express,Chennai,Failed,1,45.9,Damaged Package,4,Yes
4257,4257,2026-01-05,2026-01-07,,BlueRoute Express,Bengaluru,RTO,1,150.43,Incorrect Address,2,No
4258,4258,2024-08-06,2024-08-09,,MetroDeliver,Hyderabad,In Transit,2,93.48,nan,7,Yes
4259,4259,2024-09-18,2024-09-22,,QuickShip India,Mumbai,Failed,1,118.14,Customer Unavailable,6,Yes
4260,4260,2024-10-08,2024-10-10,,ParcelOne,Kolkata,RTO,1,161.85,Damaged Package,6,Yes
4261,4261,2026-01-28,2026-02-01,,BlueRoute Express,Mumbai,RTO,3,118.47,Damaged Package,-1,No
4262,4262,2025-08-27,2025-09-01,,SwiftKart Logistics,Bengaluru,RTO,1,100.29,Customer Unavailable,7,Yes
4263,4263,2025-09-27,2025-09-30,,QuickShip India,Mumbai,Failed,1,110.6,Logistics Capacity,4,Yes
4264,4264,2025-10-24,2025-10-27,,SwiftKart Logistics,Kolkata,RTO,2,125.63,Logistics Capacity,3,Yes
4265,4265,2024-12-01,2024-12-05,,QuickShip India,Hyderabad,Failed,2,104.87,Incorrect Address,7,Yes
4266,4266,2025-02-15,2025-02-17,2025-02-17,RapidX Logistics,Chennai,Delivered,3,73.9,nan,4,Yes
4267,4267,2026-03-09,2026-03-11,,MetroDeliver,Bengaluru,Failed,3,121.62,Damaged Package,1,No
4268,4268,2025-02-21,2025-02-26,2025-02-26,MetroDeliver,Kolkata,Delivered,1,51.04,nan,7,Yes
4269,4269,2025-03-25,2025-03-28,2025-03-27,BlueRoute Express,Delhi,Delivered,3,168.34,nan,6,Yes
4270,4270,2026-06-23,2026-06-28,,BlueRoute Express,Chennai,Failed,1,108.52,Customer Unavailable,5,Yes
4271,4271,2025-02-22,2025-02-25,2025-02-25,QuickShip India,Mumbai,Delivered,3,179.18,nan,2,No
4272,4272,2025-08-18,2025-08-20,,SwiftKart Logistics,Hyderabad,RTO,1,132.56,Courier Delay,5,Yes
4273,4273,2026-06-23,2026-06-28,2026-06-27,MetroDeliver,Mumbai,Delivered,2,137.46,nan,-1,No
4274,4274,2026-07-10,2026-07-13,,BlueRoute Express,Hyderabad,RTO,3,171.8,Damaged Package,7,Yes
4275,4275,2024-09-26,2024-09-30,2024-09-28,ParcelOne,Bengaluru,Delivered,1,55.91,nan,4,Yes
4276,4276,2025-09-22,2025-09-26,,QuickShip India,Kolkata,Failed,2,132.06,Courier Delay,7,Yes
4277,4277,2025-10-26,2025-10-28,,BlueRoute Express,Delhi,Failed,1,125.29,Customer Refused,3,Yes
4278,4278,2025-07-28,2025-07-30,2025-07-29,SwiftKart Logistics,Bengaluru,Delivered,1,123.13,nan,5,Yes
4279,4279,2025-08-15,2025-08-20,2025-08-19,BlueRoute Express,Hyderabad,Delivered,2,44.45,nan,0,No
4280,4280,2026-04-05,2026-04-09,,RapidX Logistics,Hyderabad,RTO,2,115.61,Courier Delay,-1,No
4281,4281,2024-12-16,2024-12-21,2024-12-20,BlueRoute Express,Mumbai,Delivered,1,94.96,nan,6,Yes
4282,4282,2025-01-10,2025-01-12,2025-01-11,ParcelOne,Delhi,Delivered,2,141.79,nan,0,No
4283,4283,2024-12-09,2024-12-11,,QuickShip India,Mumbai,Failed,1,47.5,Logistics Capacity,5,Yes
4284,4284,2025-01-20,2025-01-22,,ParcelOne,Hyderabad,RTO,2,170.23,Courier Delay,3,Yes
4285,4285,2025-12-20,2025-12-22,2025-12-21,BlueRoute Express,Bengaluru,Delivered,3,96.93,nan,5,Yes
4286,4286,2025-09-15,2025-09-17,,BlueRoute Express,Hyderabad,Failed,1,49.39,Customer Unavailable,3,Yes
4287,4287,2026-01-30,2026-02-04,2026-02-03,MetroDeliver,Delhi,Delivered,1,71.96,nan,4,Yes
4288,4288,2026-01-28,2026-02-01,,BlueRoute Express,Delhi,RTO,1,56.45,Damaged Package,2,No
4289,4289,2026-02-16,2026-02-19,,BlueRoute Express,Mumbai,Failed,3,101.8,Customer Refused,5,Yes
4290,4290,2025-05-09,2025-05-14,,ParcelOne,Delhi,Failed,3,141.98,Customer Refused,4,Yes
4291,4291,2025-06-15,2025-06-20,2025-06-20,RapidX Logistics,Kolkata,Delivered,2,89.87,nan,1,No
4292,4292,2026-05-29,2026-06-02,,SwiftKart Logistics,Kolkata,Failed,1,152.23,Damaged Package,4,Yes
4293,4293,2025-08-29,2025-09-01,,RapidX Logistics,Kolkata,RTO,1,76.23,Damaged Package,4,Yes
4294,4294,2026-01-03,2026-01-05,,QuickShip India,Bengaluru,Failed,1,65.85,Customer Refused,7,Yes
4295,4295,2025-10-18,2025-10-23,2025-10-22,QuickShip India,Delhi,Delivered,3,133.33,nan,-1,No
4296,4296,2025-11-10,2025-11-13,,RapidX Logistics,Chennai,Failed,2,170.36,Customer Refused,7,Yes
4297,4297,2024-10-07,2024-10-12,2024-10-10,ParcelOne,Bengaluru,Delivered,1,166.9,nan,-1,No
4298,4298,2024-11-11,2024-11-15,,MetroDeliver,Kolkata,RTO,3,150.18,Incorrect Address,0,No
4299,4299,2026-05-09,2026-05-13,2026-05-13,BlueRoute Express,Hyderabad,Delivered,3,127.09,nan,1,No
4300,4300,2026-06-13,2026-06-16,2026-06-15,BlueRoute Express,Kolkata,Delivered,1,53.91,nan,-1,No
4301,4301,2024-08-08,2024-08-10,2024-08-10,SwiftKart Logistics,Delhi,Delivered,2,70.71,nan,6,Yes
4302,4302,2026-07-10,2026-07-15,2026-07-15,QuickShip India,Mumbai,Delivered,2,178.49,nan,0,No
4303,4303,2025-05-10,2025-05-15,,MetroDeliver,Kolkata,RTO,3,99.23,Customer Refused,6,Yes
4304,4304,2025-06-10,2025-06-15,,SwiftKart Logistics,Chennai,Failed,3,172.49,Incorrect Address,7,Yes
4305,4305,2025-10-06,2025-10-10,2025-10-10,QuickShip India,Delhi,Delivered,3,70.53,nan,7,Yes
4306,4306,2026-03-04,2026-03-06,2026-03-12,ParcelOne,Bengaluru,Delayed,2,130.42,Courier Delay,7,Yes
4307,4307,2026-04-02,2026-04-05,,SwiftKart Logistics,Mumbai,Failed,2,153.55,Incorrect Address,7,Yes
4308,4308,2025-01-10,2025-01-15,,ParcelOne,Chennai,In Transit,2,153.59,nan,1,No
4309,4309,2025-02-02,2025-02-06,2025-02-05,QuickShip India,Bengaluru,Delivered,2,171.73,nan,3,Yes
4310,4310,2025-02-15,2025-02-19,2025-02-18,BlueRoute Express,Chennai,Delivered,1,42.72,nan,5,Yes
4311,4311,2026-06-21,2026-06-24,,ParcelOne,Chennai,In Transit,3,120.36,nan,2,No
4312,4312,2026-07-24,2026-07-26,,RapidX Logistics,Delhi,Failed,2,149.43,Courier Delay,7,Yes
4313,4313,2025-08-26,2025-08-28,2025-08-28,ParcelOne,Delhi,Delivered,3,92.33,nan,1,No
4314,4314,2024-08-13,2024-08-17,,MetroDeliver,Kolkata,RTO,2,118.46,Customer Unavailable,3,Yes
4315,4315,2024-09-17,2024-09-21,2024-09-26,SwiftKart Logistics,Kolkata,Delayed,3,155.87,Courier Delay,5,Yes
4316,4316,2025-10-11,2025-10-13,,RapidX Logistics,Kolkata,Failed,2,131.43,Customer Unavailable,5,Yes
4317,4317,2025-11-15,2025-11-19,,BlueRoute Express,Bengaluru,RTO,1,112.89,Customer Unavailable,-1,No
4318,4318,2024-12-28,2025-01-02,,MetroDeliver,Kolkata,Failed,2,149.41,Damaged Package,6,Yes
4319,4319,2025-04-11,2025-04-14,,BlueRoute Express,Hyderabad,RTO,1,163.88,Courier Delay,3,Yes
4320,4320,2024-12-27,2025-01-01,2024-12-31,SwiftKart Logistics,Kolkata,Delivered,2,111.57,nan,-1,No
4321,4321,2026-05-28,2026-06-01,,QuickShip India,Delhi,RTO,2,134.19,Customer Refused,6,Yes
4322,4322,2026-06-11,2026-06-16,,QuickShip India,Hyderabad,Failed,2,113.84,Incorrect Address,4,Yes
4323,4323,2024-09-15,2024-09-20,,SwiftKart Logistics,Hyderabad,In Transit,2,124.11,nan,3,Yes
4324,4324,2024-10-25,2024-10-29,2024-10-29,RapidX Logistics,Hyderabad,Delivered,3,95.61,nan,4,Yes
4325,4325,2024-10-12,2024-10-15,,SwiftKart Logistics,Hyderabad,Failed,3,54.09,Damaged Package,2,No
4326,4326,2024-11-23,2024-11-26,,BlueRoute Express,Mumbai,Failed,1,41.95,Courier Delay,2,No
4327,4327,2024-10-28,2024-10-31,2024-11-06,RapidX Logistics,Kolkata,Delayed,3,133.8,Courier Delay,6,Yes
4328,4328,2026-01-03,2026-01-08,2026-01-12,MetroDeliver,Hyderabad,Delayed,2,114.39,Courier Delay,1,No
4329,4329,2026-02-06,2026-02-09,2026-02-11,MetroDeliver,Delhi,Delayed,3,110.38,Courier Delay,3,Yes
4330,4330,2026-06-28,2026-06-30,,ParcelOne,Hyderabad,RTO,3,146.25,Logistics Capacity,-1,No
4331,4331,2026-08-03,2026-08-08,,MetroDeliver,Hyderabad,Failed,3,111.42,Incorrect Address,6,Yes
4332,4332,2025-08-21,2025-08-26,2025-08-28,QuickShip India,Chennai,Delayed,1,51.94,Courier Delay,5,Yes
4333,4333,2025-11-05,2025-11-10,,SwiftKart Logistics,Bengaluru,RTO,2,165.9,Courier Delay,-1,No
4334,4334,2025-12-16,2025-12-19,2025-12-18,ParcelOne,Bengaluru,Delivered,2,158.11,nan,3,Yes
4335,4335,2025-04-24,2025-04-29,2025-04-28,RapidX Logistics,Hyderabad,Delivered,2,126.26,nan,7,Yes
4336,4336,2025-09-26,2025-09-30,,BlueRoute Express,Chennai,RTO,1,142.44,Damaged Package,3,Yes
4337,4337,2024-12-25,2024-12-27,,BlueRoute Express,Bengaluru,In Transit,2,71.62,nan,5,Yes
4338,4338,2024-10-07,2024-10-12,,QuickShip India,Hyderabad,In Transit,2,124.02,nan,1,No
4339,4339,2024-11-08,2024-11-13,2024-11-12,MetroDeliver,Hyderabad,Delivered,3,98.22,nan,-1,No
4340,4340,2025-08-24,2025-08-28,2025-08-26,ParcelOne,Bengaluru,Delivered,1,121.44,nan,7,Yes
4341,4341,2025-09-23,2025-09-25,,QuickShip India,Chennai,RTO,3,149.39,Incorrect Address,1,No
4342,4342,2024-09-10,2024-09-13,2024-09-13,SwiftKart Logistics,Mumbai,Delivered,2,165.44,nan,4,Yes
4343,4343,2025-06-03,2025-06-08,2025-06-08,SwiftKart Logistics,Kolkata,Delivered,3,171.59,nan,2,No
4344,4344,2025-12-01,2025-12-03,2025-12-09,MetroDeliver,Hyderabad,Delayed,2,50.01,Courier Delay,5,Yes
4345,4345,2025-08-12,2025-08-15,2025-08-18,SwiftKart Logistics,Delhi,Delayed,1,121.4,Courier Delay,0,No
4346,4346,2025-03-14,2025-03-17,,ParcelOne,Kolkata,RTO,2,104.68,Damaged Package,0,No
4347,4347,2025-04-08,2025-04-11,2025-04-10,BlueRoute Express,Mumbai,Delivered,3,55.73,nan,6,Yes
4348,4348,2026-03-06,2026-03-08,,QuickShip India,Delhi,Failed,2,108.03,Damaged Package,2,No
4349,4349,2026-04-18,2026-04-21,,QuickShip India,Mumbai,Failed,3,90.87,Damaged Package,3,Yes
4350,4350,2024-12-21,2024-12-24,,QuickShip India,Bengaluru,RTO,2,166.23,Incorrect Address,4,Yes
4351,4351,2025-01-26,2025-01-29,2025-01-28,QuickShip India,Hyderabad,Delivered,2,53.39,nan,3,Yes
4352,4352,2025-02-21,2025-02-23,,BlueRoute Express,Mumbai,RTO,2,112.46,Damaged Package,1,No
4353,4353,2025-03-15,2025-03-17,2025-03-16,ParcelOne,Mumbai,Delivered,3,140.96,nan,1,No
4354,4354,2026-05-13,2026-05-18,2026-05-16,SwiftKart Logistics,Hyderabad,Delivered,2,124.64,nan,3,Yes
4355,4355,2025-05-22,2025-05-26,,MetroDeliver,Hyderabad,RTO,1,129.09,Customer Unavailable,6,Yes
4356,4356,2026-04-20,2026-04-22,2026-04-20,SwiftKart Logistics,Delhi,Delivered,2,123.96,nan,4,Yes
4357,4357,2026-05-14,2026-05-18,2026-05-16,SwiftKart Logistics,Kolkata,Delivered,1,82.72,nan,6,Yes
4358,4358,2026-07-20,2026-07-25,2026-07-24,SwiftKart Logistics,Kolkata,Delivered,3,121.17,nan,-1,No
4359,4359,2025-04-18,2025-04-21,2025-04-20,BlueRoute Express,Hyderabad,Delivered,1,87.96,nan,-1,No
4360,4360,2025-05-13,2025-05-15,,BlueRoute Express,Mumbai,Failed,1,168.78,Logistics Capacity,5,Yes
4361,4361,2025-10-12,2025-10-16,2025-10-15,BlueRoute Express,Mumbai,Delivered,2,153.75,nan,3,Yes
4362,4362,2024-10-16,2024-10-18,,BlueRoute Express,Chennai,In Transit,3,138.44,nan,0,No
4363,4363,2024-10-18,2024-10-21,2024-10-20,ParcelOne,Delhi,Delivered,3,167.85,nan,-1,No
4364,4364,2024-11-21,2024-11-23,2024-11-26,QuickShip India,Mumbai,Delayed,3,151.74,Courier Delay,1,No
4365,4365,2025-12-06,2025-12-11,,ParcelOne,Mumbai,RTO,1,169.06,Customer Unavailable,2,No
4366,4366,2025-04-08,2025-04-12,,RapidX Logistics,Delhi,RTO,2,82.41,Damaged Package,7,Yes
4367,4367,2025-09-25,2025-09-30,,SwiftKart Logistics,Hyderabad,RTO,1,63.68,Logistics Capacity,-1,No
4368,4368,2025-08-07,2025-08-12,,SwiftKart Logistics,Kolkata,RTO,1,120.08,Customer Unavailable,5,Yes
4369,4369,2024-08-21,2024-08-26,,QuickShip India,Kolkata,In Transit,1,104.15,nan,0,No
4370,4370,2024-08-22,2024-08-27,,BlueRoute Express,Bengaluru,RTO,2,149.93,Damaged Package,5,Yes
4371,4371,2024-12-16,2024-12-20,2024-12-19,QuickShip India,Delhi,Delivered,2,96.41,nan,1,No
4372,4372,2025-01-25,2025-01-30,,BlueRoute Express,Hyderabad,RTO,2,96.93,Logistics Capacity,1,No
4373,4373,2025-05-09,2025-05-11,2025-05-13,BlueRoute Express,Chennai,Delayed,1,144.91,Courier Delay,0,No
4374,4374,2026-05-30,2026-06-02,,SwiftKart Logistics,Chennai,Failed,1,77.32,Customer Unavailable,0,No
4375,4375,2026-07-10,2026-07-15,2026-07-14,MetroDeliver,Chennai,Delivered,2,42.68,nan,6,Yes
4376,4376,2024-12-27,2025-01-01,,ParcelOne,Mumbai,Failed,3,151.74,Logistics Capacity,3,Yes
4377,4377,2025-01-20,2025-01-23,2025-01-23,SwiftKart Logistics,Kolkata,Delivered,1,173.66,nan,1,No
4378,4378,2024-12-24,2024-12-27,,QuickShip India,Mumbai,Failed,1,71.39,Courier Delay,4,Yes
4379,4379,2025-01-15,2025-01-19,2025-01-17,MetroDeliver,Bengaluru,Delivered,1,55.22,nan,7,Yes
4380,4380,2026-02-18,2026-02-20,,QuickShip India,Bengaluru,Failed,3,90.33,Courier Delay,2,No
4381,4381,2025-05-10,2025-05-12,2025-05-12,MetroDeliver,Delhi,Delivered,3,116.92,nan,6,Yes
4382,4382,2025-05-27,2025-05-31,,ParcelOne,Bengaluru,Failed,2,49.08,Customer Unavailable,5,Yes
4383,4383,2026-02-08,2026-02-12,,SwiftKart Logistics,Hyderabad,Failed,2,86.94,Damaged Package,5,Yes
4384,4384,2026-03-07,2026-03-10,,BlueRoute Express,Delhi,RTO,1,141.08,Logistics Capacity,6,Yes
4385,4385,2025-11-04,2025-11-08,2025-11-07,QuickShip India,Mumbai,Delivered,2,164.5,nan,7,Yes
4386,4386,2026-01-22,2026-01-26,2026-01-30,RapidX Logistics,Delhi,Delayed,3,137.5,Courier Delay,7,Yes
4387,4387,2025-09-06,2025-09-10,,RapidX Logistics,Mumbai,RTO,3,61.42,Customer Unavailable,3,Yes
4388,4388,2025-09-10,2025-09-14,,MetroDeliver,Hyderabad,Failed,1,52.06,Customer Refused,0,No
4389,4389,2025-07-27,2025-07-30,2025-07-29,MetroDeliver,Hyderabad,Delivered,3,86.24,nan,0,No
4390,4390,2025-11-09,2025-11-14,2025-11-13,MetroDeliver,Mumbai,Delivered,2,57.74,nan,4,Yes
4391,4391,2025-08-10,2025-08-12,,ParcelOne,Mumbai,In Transit,3,77.15,nan,-1,No
4392,4392,2025-09-11,2025-09-16,2025-09-16,RapidX Logistics,Mumbai,Delivered,3,158.54,nan,0,No
4393,4393,2025-03-15,2025-03-19,2025-03-18,SwiftKart Logistics,Bengaluru,Delivered,3,96.86,nan,6,Yes
4394,4394,2025-04-26,2025-04-30,,SwiftKart Logistics,Mumbai,RTO,1,85.14,Logistics Capacity,-1,No
4395,4395,2025-01-13,2025-01-15,,BlueRoute Express,Bengaluru,Failed,2,122.14,Courier Delay,2,No
4396,4396,2025-01-28,2025-02-02,,RapidX Logistics,Chennai,In Transit,3,134.1,nan,6,Yes
4397,4397,2025-02-04,2025-02-06,2025-02-05,RapidX Logistics,Kolkata,Delivered,2,124.23,nan,-1,No
4398,4398,2025-04-27,2025-04-29,,ParcelOne,Chennai,RTO,2,155.36,Courier Delay,1,No
4399,4399,2025-06-04,2025-06-08,2025-06-07,ParcelOne,Bengaluru,Delivered,1,94.71,nan,6,Yes
4400,4400,2025-03-01,2025-03-04,,RapidX Logistics,Hyderabad,RTO,3,156.56,Customer Unavailable,1,No
4401,4401,2025-08-13,2025-08-16,2025-08-15,RapidX Logistics,Chennai,Delivered,1,94.98,nan,2,No
4402,4402,2024-08-13,2024-08-18,,RapidX Logistics,Hyderabad,Failed,3,65.33,Logistics Capacity,6,Yes
4403,4403,2026-04-12,2026-04-15,,SwiftKart Logistics,Hyderabad,RTO,1,72.17,Customer Unavailable,-1,No
4404,4404,2026-05-25,2026-05-27,2026-05-26,BlueRoute Express,Hyderabad,Delivered,1,161.24,nan,7,Yes
4405,4405,2026-07-26,2026-07-30,,SwiftKart Logistics,Chennai,RTO,3,40.65,Courier Delay,-1,No
4406,4406,2025-12-12,2025-12-17,,QuickShip India,Chennai,Failed,3,160.93,Courier Delay,1,No
4407,4407,2025-10-25,2025-10-27,2025-10-25,QuickShip India,Chennai,Delivered,2,51.16,nan,5,Yes
4408,4408,2025-11-13,2025-11-16,2025-11-16,MetroDeliver,Hyderabad,Delivered,2,174.52,nan,3,Yes
4409,4409,2025-09-16,2025-09-20,2025-09-19,QuickShip India,Mumbai,Delivered,3,126.34,nan,1,No
4410,4410,2025-10-16,2025-10-18,2025-10-17,RapidX Logistics,Bengaluru,Delivered,1,117.05,nan,0,No
4411,4411,2026-01-26,2026-01-30,2026-01-29,QuickShip India,Hyderabad,Delivered,3,98.36,nan,4,Yes
4412,4412,2026-03-06,2026-03-11,,BlueRoute Express,Hyderabad,RTO,1,47.97,Customer Unavailable,4,Yes
4413,4413,2026-03-06,2026-03-10,,SwiftKart Logistics,Mumbai,Failed,2,166.79,Courier Delay,-1,No
4414,4414,2026-04-18,2026-04-21,,SwiftKart Logistics,Kolkata,RTO,3,90.17,Damaged Package,1,No
4415,4415,2026-06-26,2026-06-30,,RapidX Logistics,Kolkata,Failed,3,148.33,Customer Refused,4,Yes
4416,4416,2026-07-29,2026-08-03,2026-08-02,BlueRoute Express,Mumbai,Delivered,3,113.42,nan,0,No
4417,4417,2024-10-24,2024-10-29,2024-10-28,SwiftKart Logistics,Hyderabad,Delivered,3,49.01,nan,6,Yes
4418,4418,2025-11-19,2025-11-23,2025-11-23,SwiftKart Logistics,Mumbai,Delivered,2,89.24,nan,7,Yes
4419,4419,2025-12-19,2025-12-21,,ParcelOne,Kolkata,Failed,1,114.35,Logistics Capacity,4,Yes
4420,4420,2025-12-22,2025-12-26,,SwiftKart Logistics,Bengaluru,RTO,1,101.41,Incorrect Address,2,No
4421,4421,2026-05-20,2026-05-24,2026-05-29,ParcelOne,Mumbai,Delayed,3,153.05,Courier Delay,5,Yes
4422,4422,2026-06-25,2026-06-30,,MetroDeliver,Bengaluru,RTO,3,55.21,Customer Refused,6,Yes
4423,4423,2025-04-11,2025-04-16,2025-04-15,MetroDeliver,Mumbai,Delivered,1,148.54,nan,4,Yes
4424,4424,2025-03-31,2025-04-04,,RapidX Logistics,Kolkata,Failed,1,73.24,Courier Delay,2,No
4425,4425,2025-11-30,2025-12-05,,RapidX Logistics,Hyderabad,RTO,1,140.5,Incorrect Address,7,Yes
4426,4426,2025-12-24,2025-12-29,,ParcelOne,Bengaluru,In Transit,1,140.24,nan,3,Yes
4427,4427,2026-03-25,2026-03-30,,QuickShip India,Kolkata,In Transit,3,161.42,nan,0,No
4428,4428,2025-01-02,2025-01-05,2025-01-04,QuickShip India,Kolkata,Delivered,1,119.58,nan,4,Yes
4429,4429,2025-01-23,2025-01-26,2025-01-24,RapidX Logistics,Chennai,Delivered,3,177.67,nan,3,Yes
4430,4430,2024-10-08,2024-10-13,2024-10-17,SwiftKart Logistics,Bengaluru,Delayed,3,95.66,Courier Delay,5,Yes
4431,4431,2025-12-09,2025-12-13,2025-12-13,MetroDeliver,Mumbai,Delivered,1,171.04,nan,-1,No
4432,4432,2026-01-20,2026-01-24,2026-01-24,SwiftKart Logistics,Chennai,Delivered,1,148.85,nan,7,Yes
4433,4433,2025-10-06,2025-10-08,2025-10-08,MetroDeliver,Bengaluru,Delivered,1,117.81,nan,0,No
4434,4434,2025-10-17,2025-10-19,2025-10-19,RapidX Logistics,Hyderabad,Delivered,3,149.67,nan,7,Yes
4435,4435,2025-11-04,2025-11-08,,RapidX Logistics,Mumbai,Failed,1,169.68,Damaged Package,6,Yes
4436,4436,2025-04-13,2025-04-15,,BlueRoute Express,Mumbai,Failed,3,82.85,Damaged Package,5,Yes
4437,4437,2025-11-27,2025-11-29,,RapidX Logistics,Chennai,RTO,2,82.25,Customer Unavailable,0,No
4438,4438,2026-01-03,2026-01-08,2026-01-08,BlueRoute Express,Chennai,Delivered,3,98.68,nan,3,Yes
4439,4439,2024-10-19,2024-10-23,2024-10-22,SwiftKart Logistics,Kolkata,Delivered,2,125.83,nan,3,Yes
4440,4440,2024-11-19,2024-11-24,2024-11-22,QuickShip India,Mumbai,Delivered,2,50.8,nan,7,Yes
4441,4441,2024-12-20,2024-12-25,2024-12-23,MetroDeliver,Kolkata,Delivered,3,167.1,nan,3,Yes
4442,4442,2025-11-05,2025-11-08,2025-11-08,RapidX Logistics,Kolkata,Delivered,2,76.22,nan,-1,No
4443,4443,2025-12-09,2025-12-13,2025-12-12,ParcelOne,Chennai,Delivered,2,76.73,nan,6,Yes
4444,4444,2025-04-09,2025-04-12,,BlueRoute Express,Bengaluru,In Transit,3,114.54,nan,2,No
4445,4445,2025-11-15,2025-11-20,2025-11-20,ParcelOne,Bengaluru,Delivered,3,93.3,nan,5,Yes
4446,4446,2025-02-01,2025-02-04,,MetroDeliver,Bengaluru,RTO,2,81.45,Incorrect Address,-1,No
4447,4447,2025-09-06,2025-09-11,2025-09-17,BlueRoute Express,Mumbai,Delayed,3,116.77,Courier Delay,3,Yes
4448,4448,2025-09-21,2025-09-25,,MetroDeliver,Delhi,In Transit,1,142.25,nan,5,Yes
4449,4449,2026-04-04,2026-04-08,,SwiftKart Logistics,Kolkata,Failed,3,91.34,Customer Unavailable,4,Yes
4450,4450,2026-04-23,2026-04-25,2026-04-24,SwiftKart Logistics,Chennai,Delivered,3,46.81,nan,2,No
4451,4451,2024-10-18,2024-10-21,,SwiftKart Logistics,Mumbai,RTO,1,68.34,Logistics Capacity,2,No
4452,4452,2025-11-17,2025-11-20,2025-11-19,BlueRoute Express,Delhi,Delivered,2,92.54,nan,1,No
4453,4453,2025-12-07,2025-12-12,2025-12-11,MetroDeliver,Chennai,Delivered,2,142.22,nan,5,Yes
4454,4454,2025-08-03,2025-08-07,,MetroDeliver,Delhi,Failed,1,137.33,Customer Unavailable,3,Yes
4455,4455,2025-09-14,2025-09-19,2025-09-23,SwiftKart Logistics,Delhi,Delayed,2,171.46,Courier Delay,2,No
4456,4456,2025-04-22,2025-04-26,,RapidX Logistics,Mumbai,Failed,1,173.83,Damaged Package,6,Yes
4457,4457,2025-07-30,2025-08-04,2025-08-03,MetroDeliver,Mumbai,Delivered,2,122.68,nan,0,No
4458,4458,2025-05-27,2025-05-31,2025-06-06,ParcelOne,Mumbai,Delayed,1,127.38,Courier Delay,0,No
4459,4459,2025-05-12,2025-05-16,,QuickShip India,Bengaluru,Failed,3,114.47,Logistics Capacity,-1,No
4460,4460,2025-06-06,2025-06-09,,QuickShip India,Delhi,RTO,2,133.49,Damaged Package,2,No
4461,4461,2025-11-10,2025-11-13,,QuickShip India,Bengaluru,RTO,2,46.45,Logistics Capacity,3,Yes
4462,4462,2025-12-05,2025-12-08,2025-12-13,SwiftKart Logistics,Bengaluru,Delayed,3,67.06,Courier Delay,1,No
4463,4463,2024-09-12,2024-09-15,,MetroDeliver,Bengaluru,RTO,2,76.41,Courier Delay,6,Yes
4464,4464,2024-10-15,2024-10-18,2024-10-18,MetroDeliver,Kolkata,Delivered,3,81.96,nan,3,Yes
4465,4465,2024-08-28,2024-09-02,,MetroDeliver,Mumbai,Failed,3,172.71,Customer Refused,4,Yes
4466,4466,2025-05-19,2025-05-23,2025-05-23,RapidX Logistics,Chennai,Delivered,2,154.46,nan,6,Yes
4467,4467,2025-11-15,2025-11-20,2025-11-18,SwiftKart Logistics,Mumbai,Delivered,1,125.54,nan,1,No
4468,4468,2025-10-15,2025-10-19,2025-10-17,MetroDeliver,Mumbai,Delivered,2,157.96,nan,-1,No
4469,4469,2025-11-03,2025-11-05,2025-11-04,QuickShip India,Chennai,Delivered,2,115.77,nan,7,Yes
4470,4470,2026-06-11,2026-06-15,2026-06-15,SwiftKart Logistics,Bengaluru,Delivered,2,65.04,nan,7,Yes
4471,4471,2026-07-04,2026-07-07,2026-07-06,ParcelOne,Kolkata,Delivered,1,84.46,nan,4,Yes
4472,4472,2025-06-12,2025-06-17,,QuickShip India,Mumbai,RTO,3,75.97,Courier Delay,-1,No
4473,4473,2024-08-15,2024-08-20,2024-08-19,ParcelOne,Hyderabad,Delivered,2,77.33,nan,0,No
4474,4474,2026-05-07,2026-05-09,,ParcelOne,Mumbai,RTO,2,67.75,Customer Refused,5,Yes
4475,4475,2026-06-15,2026-06-20,,MetroDeliver,Hyderabad,Failed,1,48.44,Customer Unavailable,4,Yes
4476,4476,2024-08-18,2024-08-22,,SwiftKart Logistics,Hyderabad,Failed,3,86.08,Courier Delay,1,No
4477,4477,2024-09-06,2024-09-11,2024-09-09,QuickShip India,Hyderabad,Delivered,3,75.69,nan,3,Yes
4478,4478,2024-11-12,2024-11-15,2024-11-15,QuickShip India,Delhi,Delivered,3,58.47,nan,2,No
4479,4479,2024-12-19,2024-12-24,2024-12-23,BlueRoute Express,Mumbai,Delivered,2,100.86,nan,3,Yes
4480,4480,2026-02-20,2026-02-23,2026-02-22,MetroDeliver,Delhi,Delivered,2,121.66,nan,3,Yes
4481,4481,2026-03-27,2026-04-01,2026-04-01,BlueRoute Express,Chennai,Delivered,2,73.76,nan,5,Yes
4482,4482,2025-04-10,2025-04-15,2025-04-14,QuickShip India,Delhi,Delivered,3,168.87,nan,-1,No
4483,4483,2025-05-10,2025-05-13,,MetroDeliver,Mumbai,RTO,1,158.1,Incorrect Address,2,No
4484,4484,2026-05-18,2026-05-23,2026-05-22,QuickShip India,Mumbai,Delivered,1,146.66,nan,3,Yes
4485,4485,2026-06-20,2026-06-22,,BlueRoute Express,Bengaluru,Failed,2,102.97,Damaged Package,3,Yes
4486,4486,2025-01-03,2025-01-07,,SwiftKart Logistics,Chennai,Failed,3,149.17,Logistics Capacity,-1,No
4487,4487,2025-01-23,2025-01-27,2025-01-26,RapidX Logistics,Hyderabad,Delivered,1,97.7,nan,0,No
4488,4488,2025-01-30,2025-02-03,,QuickShip India,Hyderabad,RTO,2,52.34,Incorrect Address,4,Yes
4489,4489,2025-02-20,2025-02-24,2025-02-22,RapidX Logistics,Bengaluru,Delivered,1,107.58,nan,-1,No
4490,4490,2025-02-22,2025-02-25,2025-03-02,SwiftKart Logistics,Mumbai,Delayed,3,121.8,Courier Delay,4,Yes
4491,4491,2026-07-26,2026-07-31,,MetroDeliver,Hyderabad,RTO,1,81.98,Courier Delay,5,Yes
4492,4492,2025-01-04,2025-01-06,,MetroDeliver,Chennai,Failed,2,163.49,Courier Delay,6,Yes
4493,4493,2026-03-06,2026-03-08,2026-03-06,RapidX Logistics,Hyderabad,Delivered,3,63.7,nan,4,Yes
4494,4494,2025-02-02,2025-02-06,,RapidX Logistics,Hyderabad,Failed,3,107.3,Damaged Package,2,No
4495,4495,2025-02-18,2025-02-20,2025-02-22,BlueRoute Express,Chennai,Delayed,1,115.61,Courier Delay,7,Yes
4496,4496,2025-08-26,2025-08-30,2025-08-28,ParcelOne,Chennai,Delivered,2,138.0,nan,2,No
4497,4497,2025-09-17,2025-09-21,2025-09-20,ParcelOne,Hyderabad,Delivered,3,99.5,nan,-1,No
4498,4498,2026-03-09,2026-03-12,2026-03-11,SwiftKart Logistics,Mumbai,Delivered,3,49.92,nan,6,Yes
4499,4499,2026-04-11,2026-04-14,2026-04-20,MetroDeliver,Mumbai,Delayed,2,86.66,Courier Delay,0,No
4500,4500,2024-08-19,2024-08-23,2024-08-22,BlueRoute Express,Bengaluru,Delivered,1,61.41,nan,6,Yes
4501,4501,2025-01-22,2025-01-24,2025-01-23,RapidX Logistics,Kolkata,Delivered,2,110.74,nan,4,Yes
4502,4502,2025-02-09,2025-02-12,2025-02-17,BlueRoute Express,Hyderabad,Delayed,2,75.27,Courier Delay,-1,No
4503,4503,2026-02-22,2026-02-27,,QuickShip India,Chennai,RTO,3,46.69,Customer Unavailable,4,Yes
4504,4504,2026-03-26,2026-03-30,,QuickShip India,Bengaluru,RTO,1,106.1,Customer Unavailable,2,No
4505,4505,2026-04-13,2026-04-18,,SwiftKart Logistics,Delhi,In Transit,1,77.92,nan,-1,No
4506,4506,2026-05-06,2026-05-09,,ParcelOne,Chennai,In Transit,3,179.22,nan,3,Yes
4507,4507,2024-12-26,2024-12-29,2024-12-31,RapidX Logistics,Mumbai,Delayed,2,54.59,Courier Delay,6,Yes
4508,4508,2025-02-03,2025-02-07,,RapidX Logistics,Kolkata,In Transit,3,163.78,nan,5,Yes
4509,4509,2026-07-12,2026-07-17,2026-07-16,RapidX Logistics,Chennai,Delivered,2,51.94,nan,-1,No
4510,4510,2026-08-02,2026-08-05,,ParcelOne,Chennai,Failed,3,119.11,Logistics Capacity,2,No
4511,4511,2026-02-22,2026-02-24,,QuickShip India,Mumbai,Failed,1,130.4,Damaged Package,5,Yes
4512,4512,2026-03-24,2026-03-27,2026-03-26,MetroDeliver,Kolkata,Delivered,3,41.52,nan,-1,No
4513,4513,2026-04-25,2026-04-27,,QuickShip India,Kolkata,RTO,3,42.4,Customer Unavailable,5,Yes
4514,4514,2026-05-31,2026-06-05,,QuickShip India,Kolkata,RTO,3,58.93,Logistics Capacity,4,Yes
4515,4515,2024-08-29,2024-09-01,,MetroDeliver,Kolkata,RTO,1,99.89,Customer Unavailable,2,No
4516,4516,2024-11-11,2024-11-13,2024-11-12,RapidX Logistics,Bengaluru,Delivered,2,130.68,nan,3,Yes
4517,4517,2024-12-20,2024-12-22,,BlueRoute Express,Chennai,Failed,2,52.8,Customer Refused,1,No
4518,4518,2025-12-02,2025-12-04,,RapidX Logistics,Kolkata,In Transit,2,139.64,nan,1,No
4519,4519,2025-12-21,2025-12-25,,BlueRoute Express,Hyderabad,RTO,2,127.87,Logistics Capacity,6,Yes
4520,4520,2025-02-02,2025-02-05,,BlueRoute Express,Bengaluru,Failed,1,145.82,Damaged Package,-1,No
4521,4521,2024-11-19,2024-11-24,2024-11-23,RapidX Logistics,Chennai,Delivered,1,160.07,nan,-1,No
4522,4522,2025-07-05,2025-07-10,,MetroDeliver,Kolkata,RTO,3,63.31,Customer Unavailable,1,No
4523,4523,2025-08-16,2025-08-21,,RapidX Logistics,Kolkata,In Transit,2,134.9,nan,3,Yes
4524,4524,2024-08-24,2024-08-28,,MetroDeliver,Bengaluru,RTO,2,173.13,Customer Unavailable,5,Yes
4525,4525,2026-03-14,2026-03-18,,SwiftKart Logistics,Chennai,RTO,3,116.25,Customer Refused,2,No
4526,4526,2026-07-20,2026-07-25,,MetroDeliver,Delhi,RTO,1,54.35,Customer Refused,5,Yes
4527,4527,2026-06-14,2026-06-18,,ParcelOne,Kolkata,RTO,3,148.2,Customer Refused,3,Yes
4528,4528,2024-11-13,2024-11-17,2024-11-16,QuickShip India,Chennai,Delivered,3,178.8,nan,1,No
4529,4529,2026-07-27,2026-07-29,2026-07-28,MetroDeliver,Chennai,Delivered,3,145.8,nan,7,Yes
4530,4530,2024-12-10,2024-12-15,,RapidX Logistics,Mumbai,Failed,1,168.34,Damaged Package,1,No
4531,4531,2025-09-17,2025-09-22,,BlueRoute Express,Bengaluru,RTO,3,103.16,Logistics Capacity,2,No
4532,4532,2025-01-08,2025-01-13,,SwiftKart Logistics,Bengaluru,Failed,3,90.06,Logistics Capacity,7,Yes
4533,4533,2025-02-15,2025-02-17,,QuickShip India,Bengaluru,RTO,3,113.66,Courier Delay,6,Yes
4534,4534,2025-03-03,2025-03-05,,SwiftKart Logistics,Bengaluru,Failed,1,163.94,Damaged Package,7,Yes
4535,4535,2026-04-29,2026-05-02,,QuickShip India,Delhi,RTO,3,52.46,Customer Refused,0,No
4536,4536,2026-06-06,2026-06-11,2026-06-10,QuickShip India,Bengaluru,Delivered,1,137.13,nan,-1,No
4537,4537,2024-10-14,2024-10-19,,BlueRoute Express,Bengaluru,Failed,2,81.86,Damaged Package,2,No
4538,4538,2024-11-27,2024-12-01,2024-12-01,SwiftKart Logistics,Bengaluru,Delivered,2,41.53,nan,3,Yes
4539,4539,2025-03-29,2025-04-01,,QuickShip India,Mumbai,Failed,3,87.81,Logistics Capacity,5,Yes
4540,4540,2025-08-01,2025-08-05,,RapidX Logistics,Bengaluru,RTO,2,62.43,Courier Delay,3,Yes
4541,4541,2025-06-01,2025-06-03,,BlueRoute Express,Mumbai,Failed,3,92.09,Logistics Capacity,7,Yes
4542,4542,2026-06-28,2026-07-03,2026-07-08,ParcelOne,Bengaluru,Delayed,3,80.8,Courier Delay,4,Yes
4543,4543,2025-12-13,2025-12-17,2025-12-17,BlueRoute Express,Chennai,Delivered,2,45.52,nan,3,Yes
4544,4544,2024-10-14,2024-10-19,2024-10-18,MetroDeliver,Kolkata,Delivered,2,165.99,nan,3,Yes
4545,4545,2024-11-08,2024-11-13,2024-11-13,BlueRoute Express,Kolkata,Delivered,3,158.97,nan,2,No
4546,4546,2024-09-16,2024-09-21,2024-09-20,RapidX Logistics,Chennai,Delivered,1,174.61,nan,3,Yes
4547,4547,2024-10-15,2024-10-20,,MetroDeliver,Delhi,Failed,1,55.77,Courier Delay,7,Yes
4548,4548,2024-09-29,2024-10-03,,ParcelOne,Chennai,In Transit,2,80.48,nan,7,Yes
4549,4549,2024-11-02,2024-11-04,,SwiftKart Logistics,Mumbai,Failed,2,101.11,Courier Delay,4,Yes
4550,4550,2025-04-05,2025-04-07,2025-04-07,RapidX Logistics,Hyderabad,Delivered,2,71.45,nan,2,No
4551,4551,2026-06-06,2026-06-10,,BlueRoute Express,Bengaluru,RTO,3,98.07,Customer Refused,7,Yes
4552,4552,2026-05-25,2026-05-28,2026-05-27,SwiftKart Logistics,Bengaluru,Delivered,1,86.8,nan,0,No
4553,4553,2026-06-05,2026-06-09,2026-06-09,MetroDeliver,Bengaluru,Delivered,1,112.68,nan,7,Yes
4554,4554,2024-11-30,2024-12-04,2024-12-04,SwiftKart Logistics,Mumbai,Delivered,3,73.86,nan,4,Yes
4555,4555,2024-12-21,2024-12-24,,RapidX Logistics,Delhi,In Transit,1,68.9,nan,7,Yes
4556,4556,2025-03-28,2025-03-31,,BlueRoute Express,Delhi,RTO,1,178.93,Incorrect Address,5,Yes
4557,4557,2026-06-12,2026-06-16,2026-06-15,RapidX Logistics,Delhi,Delivered,2,143.17,nan,3,Yes
4558,4558,2026-07-11,2026-07-14,,ParcelOne,Mumbai,RTO,3,73.9,Customer Refused,6,Yes
4559,4559,2025-12-26,2025-12-29,2025-12-29,SwiftKart Logistics,Delhi,Delivered,1,139.04,nan,1,No
4560,4560,2026-07-19,2026-07-22,2026-07-21,MetroDeliver,Hyderabad,Delivered,3,146.38,nan,7,Yes
4561,4561,2026-08-05,2026-08-08,,SwiftKart Logistics,Kolkata,RTO,2,97.15,Logistics Capacity,1,No
4562,4562,2026-01-23,2026-01-25,2026-01-24,QuickShip India,Chennai,Delivered,3,142.08,nan,3,Yes
4563,4563,2026-03-06,2026-03-10,2026-03-09,MetroDeliver,Mumbai,Delivered,2,97.31,nan,6,Yes
4564,4564,2025-09-30,2025-10-02,,MetroDeliver,Bengaluru,RTO,3,58.99,Customer Refused,4,Yes
4565,4565,2025-11-05,2025-11-09,,ParcelOne,Chennai,Failed,3,109.74,Courier Delay,3,Yes
4566,4566,2024-10-09,2024-10-11,2024-10-14,RapidX Logistics,Hyderabad,Delayed,2,150.02,Courier Delay,3,Yes
4567,4567,2024-11-07,2024-11-12,2024-11-11,BlueRoute Express,Kolkata,Delivered,3,59.3,nan,1,No
4568,4568,2024-11-19,2024-11-22,,ParcelOne,Hyderabad,Failed,1,88.93,Courier Delay,4,Yes
4569,4569,2024-12-12,2024-12-16,2024-12-18,SwiftKart Logistics,Delhi,Delayed,2,107.67,Courier Delay,5,Yes
4570,4570,2025-09-13,2025-09-17,2025-09-16,ParcelOne,Delhi,Delivered,3,46.56,nan,3,Yes
4571,4571,2025-10-14,2025-10-17,,BlueRoute Express,Mumbai,RTO,3,51.57,Incorrect Address,-1,No
4572,4572,2025-10-21,2025-10-23,,RapidX Logistics,Mumbai,RTO,2,123.7,Customer Refused,0,No
4573,4573,2025-11-22,2025-11-26,,QuickShip India,Hyderabad,In Transit,3,177.71,nan,-1,No
4574,4574,2024-11-30,2024-12-05,,ParcelOne,Hyderabad,RTO,1,172.74,Customer Unavailable,5,Yes
4575,4575,2024-12-30,2025-01-01,,QuickShip India,Mumbai,RTO,3,70.47,Customer Unavailable,4,Yes
4576,4576,2024-09-10,2024-09-15,,ParcelOne,Chennai,Failed,3,114.13,Courier Delay,6,Yes
4577,4577,2025-06-24,2025-06-28,,MetroDeliver,Bengaluru,Failed,2,175.76,Incorrect Address,7,Yes
4578,4578,2025-07-17,2025-07-21,2025-07-27,ParcelOne,Hyderabad,Delayed,1,168.57,Courier Delay,-1,No
4579,4579,2026-07-31,2026-08-05,2026-08-04,MetroDeliver,Kolkata,Delivered,1,144.18,nan,5,Yes
4580,4580,2025-12-27,2025-12-30,2026-01-02,ParcelOne,Bengaluru,Delayed,1,103.92,Courier Delay,0,No
4581,4581,2026-01-15,2026-01-18,,RapidX Logistics,Kolkata,RTO,3,152.47,Courier Delay,-1,No
4582,4582,2025-12-06,2025-12-11,2025-12-10,QuickShip India,Mumbai,Delivered,3,75.25,nan,7,Yes
4583,4583,2026-02-21,2026-02-25,,BlueRoute Express,Delhi,Failed,3,171.62,Logistics Capacity,1,No
4584,4584,2026-03-11,2026-03-14,2026-03-14,QuickShip India,Chennai,Delivered,3,139.26,nan,3,Yes
4585,4585,2026-03-13,2026-03-16,2026-03-16,RapidX Logistics,Bengaluru,Delivered,3,62.28,nan,7,Yes
4586,4586,2026-03-17,2026-03-19,,QuickShip India,Mumbai,RTO,1,98.28,Customer Refused,0,No
4587,4587,2026-04-22,2026-04-27,2026-05-01,RapidX Logistics,Hyderabad,Delayed,2,47.31,Courier Delay,3,Yes
4588,4588,2026-06-01,2026-06-03,2026-06-03,RapidX Logistics,Bengaluru,Delivered,1,171.12,nan,1,No
4589,4589,2024-10-29,2024-10-31,2024-10-30,BlueRoute Express,Mumbai,Delivered,3,159.81,nan,4,Yes
4590,4590,2024-11-21,2024-11-23,,SwiftKart Logistics,Bengaluru,Failed,3,146.33,Customer Unavailable,3,Yes
4591,4591,2025-12-06,2025-12-10,,RapidX Logistics,Chennai,Failed,2,45.15,Courier Delay,4,Yes
4592,4592,2025-07-15,2025-07-20,,SwiftKart Logistics,Chennai,RTO,2,48.8,Customer Refused,-1,No
4593,4593,2025-01-23,2025-01-28,2025-01-27,QuickShip India,Chennai,Delivered,1,57.81,nan,0,No
4594,4594,2025-02-21,2025-02-24,2025-02-22,ParcelOne,Delhi,Delivered,2,66.79,nan,0,No
4595,4595,2025-07-23,2025-07-26,2025-07-25,BlueRoute Express,Chennai,Delivered,2,91.24,nan,0,No
4596,4596,2025-08-23,2025-08-28,2025-08-27,SwiftKart Logistics,Mumbai,Delivered,1,58.0,nan,5,Yes
4597,4597,2026-07-16,2026-07-21,,ParcelOne,Hyderabad,In Transit,3,161.61,nan,1,No
4598,4598,2025-08-21,2025-08-26,,SwiftKart Logistics,Chennai,RTO,3,155.24,Customer Unavailable,4,Yes
4599,4599,2025-09-08,2025-09-11,2025-09-10,SwiftKart Logistics,Delhi,Delivered,3,106.11,nan,7,Yes
4600,4600,2025-07-12,2025-07-17,,QuickShip India,Kolkata,Failed,2,96.38,Customer Unavailable,4,Yes
4601,4601,2025-08-11,2025-08-15,2025-08-14,BlueRoute Express,Delhi,Delivered,2,116.35,nan,5,Yes
4602,4602,2025-05-22,2025-05-26,2025-05-25,RapidX Logistics,Hyderabad,Delivered,1,102.09,nan,5,Yes
4603,4603,2024-09-27,2024-09-30,2024-09-28,ParcelOne,Mumbai,Delivered,1,168.63,nan,7,Yes
4604,4604,2026-07-01,2026-07-03,,QuickShip India,Delhi,Failed,2,74.47,Customer Refused,5,Yes
4605,4605,2026-07-24,2026-07-29,,MetroDeliver,Delhi,Failed,1,118.95,Customer Unavailable,3,Yes
4606,4606,2025-12-14,2025-12-17,,RapidX Logistics,Mumbai,RTO,1,132.71,Customer Unavailable,3,Yes
4607,4607,2024-10-26,2024-10-31,,ParcelOne,Delhi,RTO,1,45.04,Damaged Package,-1,No
4608,4608,2024-12-03,2024-12-07,,SwiftKart Logistics,Bengaluru,RTO,3,126.94,Courier Delay,6,Yes
4609,4609,2024-12-17,2024-12-22,,ParcelOne,Kolkata,RTO,3,146.78,Courier Delay,5,Yes
4610,4610,2026-05-24,2026-05-26,2026-05-25,ParcelOne,Chennai,Delivered,1,164.6,nan,3,Yes
4611,4611,2026-02-19,2026-02-24,,SwiftKart Logistics,Chennai,RTO,3,103.45,Damaged Package,0,No
4612,4612,2025-04-17,2025-04-19,,RapidX Logistics,Bengaluru,Failed,3,88.94,Customer Refused,0,No
4613,4613,2025-05-09,2025-05-14,,RapidX Logistics,Chennai,RTO,2,102.82,Logistics Capacity,7,Yes
4614,4614,2026-04-04,2026-04-07,,QuickShip India,Chennai,In Transit,1,115.18,nan,7,Yes
4615,4615,2025-01-13,2025-01-18,2025-01-22,SwiftKart Logistics,Bengaluru,Delayed,2,124.06,Courier Delay,4,Yes
4616,4616,2025-02-14,2025-02-17,2025-02-16,ParcelOne,Hyderabad,Delivered,2,94.87,nan,7,Yes
4617,4617,2026-04-17,2026-04-19,,ParcelOne,Bengaluru,Failed,3,91.04,Customer Unavailable,7,Yes
4618,4618,2025-01-05,2025-01-09,2025-01-09,ParcelOne,Delhi,Delivered,3,155.05,nan,0,No
4619,4619,2026-02-07,2026-02-11,,SwiftKart Logistics,Hyderabad,Failed,2,66.67,Incorrect Address,5,Yes
4620,4620,2026-03-19,2026-03-23,2026-03-22,RapidX Logistics,Delhi,Delivered,3,61.74,nan,5,Yes
4621,4621,2025-02-22,2025-02-25,,ParcelOne,Delhi,Failed,3,114.22,Incorrect Address,4,Yes
4622,4622,2025-02-22,2025-02-25,,QuickShip India,Chennai,RTO,1,87.02,Logistics Capacity,6,Yes
4623,4623,2025-07-25,2025-07-28,,RapidX Logistics,Bengaluru,In Transit,2,55.14,nan,4,Yes
4624,4624,2025-08-26,2025-08-31,2025-08-30,SwiftKart Logistics,Bengaluru,Delivered,1,72.69,nan,7,Yes
4625,4625,2025-10-11,2025-10-14,,RapidX Logistics,Bengaluru,Failed,2,116.75,Customer Refused,2,No
4626,4626,2025-05-29,2025-05-31,2025-05-30,MetroDeliver,Kolkata,Delivered,2,67.12,nan,3,Yes
4627,4627,2025-07-09,2025-07-12,2025-07-11,RapidX Logistics,Kolkata,Delivered,3,125.86,nan,0,No
4628,4628,2025-06-10,2025-06-14,2025-06-12,RapidX Logistics,Delhi,Delivered,1,66.05,nan,1,No
4629,4629,2025-10-12,2025-10-17,,MetroDeliver,Kolkata,RTO,2,152.16,Logistics Capacity,5,Yes
4630,4630,2025-11-12,2025-11-15,2025-11-15,RapidX Logistics,Hyderabad,Delivered,3,160.97,nan,7,Yes
4631,4631,2024-10-09,2024-10-14,,MetroDeliver,Hyderabad,RTO,2,155.62,Damaged Package,4,Yes
4632,4632,2025-06-24,2025-06-27,,ParcelOne,Hyderabad,Failed,3,144.76,Logistics Capacity,3,Yes
4633,4633,2025-07-19,2025-07-22,,BlueRoute Express,Bengaluru,RTO,3,167.13,Courier Delay,0,No
4634,4634,2025-10-23,2025-10-28,2025-10-27,BlueRoute Express,Hyderabad,Delivered,3,110.85,nan,3,Yes
4635,4635,2025-11-20,2025-11-22,2025-11-22,BlueRoute Express,Mumbai,Delivered,2,134.96,nan,2,No
4636,4636,2025-08-12,2025-08-14,2025-08-19,SwiftKart Logistics,Delhi,Delayed,1,126.48,Courier Delay,4,Yes
4637,4637,2024-10-23,2024-10-26,,RapidX Logistics,Kolkata,Failed,1,74.88,Customer Refused,0,No
4638,4638,2026-06-01,2026-06-03,2026-06-01,RapidX Logistics,Chennai,Delivered,1,135.23,nan,-1,No
4639,4639,2026-06-21,2026-06-23,2026-06-26,ParcelOne,Delhi,Delayed,3,87.93,Courier Delay,7,Yes
4640,4640,2024-10-08,2024-10-10,,QuickShip India,Bengaluru,RTO,1,56.57,Logistics Capacity,4,Yes
4641,4641,2024-10-23,2024-10-27,,SwiftKart Logistics,Chennai,RTO,3,124.64,Customer Refused,3,Yes
4642,4642,2024-12-08,2024-12-12,2024-12-12,BlueRoute Express,Mumbai,Delivered,2,150.43,nan,5,Yes
4643,4643,2025-01-04,2025-01-09,,BlueRoute Express,Bengaluru,RTO,1,92.54,Courier Delay,5,Yes
4644,4644,2025-01-28,2025-01-30,,ParcelOne,Kolkata,Failed,3,66.03,Courier Delay,4,Yes
4645,4645,2025-03-25,2025-03-28,2025-03-27,ParcelOne,Chennai,Delivered,2,69.61,nan,1,No
4646,4646,2025-04-21,2025-04-24,,BlueRoute Express,Bengaluru,RTO,1,123.46,Customer Refused,2,No
4647,4647,2024-10-11,2024-10-14,2024-10-14,RapidX Logistics,Delhi,Delivered,1,137.59,nan,6,Yes
4648,4648,2026-05-15,2026-05-20,,QuickShip India,Hyderabad,Failed,3,82.73,Logistics Capacity,6,Yes
4649,4649,2025-07-06,2025-07-10,,QuickShip India,Bengaluru,RTO,1,114.13,Logistics Capacity,7,Yes
4650,4650,2025-03-26,2025-03-31,2025-03-30,BlueRoute Express,Kolkata,Delivered,2,92.32,nan,5,Yes
4651,4651,2025-04-14,2025-04-16,2025-04-15,MetroDeliver,Bengaluru,Delivered,1,106.94,nan,3,Yes
4652,4652,2025-06-22,2025-06-27,,RapidX Logistics,Kolkata,RTO,2,110.06,Courier Delay,3,Yes
4653,4653,2024-08-16,2024-08-19,,RapidX Logistics,Mumbai,Failed,3,50.15,Damaged Package,3,Yes
4654,4654,2024-09-20,2024-09-25,2024-09-24,BlueRoute Express,Kolkata,Delivered,3,60.49,nan,7,Yes
4655,4655,2025-12-06,2025-12-10,2025-12-09,BlueRoute Express,Mumbai,Delivered,1,122.46,nan,2,No
4656,4656,2025-12-22,2025-12-27,2025-12-30,ParcelOne,Delhi,Delayed,2,167.43,Courier Delay,5,Yes
4657,4657,2024-12-08,2024-12-13,,BlueRoute Express,Delhi,Failed,3,172.47,Customer Unavailable,4,Yes
4658,4658,2025-01-12,2025-01-17,,SwiftKart Logistics,Kolkata,Failed,3,80.01,Customer Unavailable,3,Yes
4659,4659,2025-04-01,2025-04-06,,RapidX Logistics,Chennai,RTO,1,155.65,Damaged Package,2,No
4660,4660,2025-04-21,2025-04-24,2025-04-24,QuickShip India,Mumbai,Delivered,3,160.51,nan,6,Yes
4661,4661,2025-12-17,2025-12-21,2025-12-20,RapidX Logistics,Hyderabad,Delivered,1,106.0,nan,3,Yes
4662,4662,2026-03-30,2026-04-03,2026-04-02,BlueRoute Express,Delhi,Delivered,3,57.37,nan,6,Yes
4663,4663,2026-05-09,2026-05-11,,MetroDeliver,Hyderabad,Failed,1,89.36,Customer Refused,0,No
4664,4664,2024-12-15,2024-12-18,,MetroDeliver,Mumbai,Failed,1,126.49,Customer Refused,2,No
4665,4665,2026-04-26,2026-05-01,2026-05-03,QuickShip India,Bengaluru,Delayed,3,44.88,Courier Delay,-1,No
4666,4666,2026-06-02,2026-06-05,,QuickShip India,Bengaluru,RTO,3,149.8,Damaged Package,2,No
4667,4667,2026-07-02,2026-07-05,2026-07-04,RapidX Logistics,Mumbai,Delivered,2,120.11,nan,3,Yes
4668,4668,2026-02-16,2026-02-18,,SwiftKart Logistics,Hyderabad,RTO,3,176.27,Incorrect Address,0,No
4669,4669,2025-01-19,2025-01-23,2025-01-22,SwiftKart Logistics,Chennai,Delivered,3,125.47,nan,6,Yes
4670,4670,2025-02-08,2025-02-11,2025-02-10,ParcelOne,Bengaluru,Delivered,3,130.21,nan,0,No
4671,4671,2025-02-15,2025-02-18,,QuickShip India,Delhi,RTO,3,111.16,Courier Delay,-1,No
4672,4672,2025-03-07,2025-03-09,2025-03-08,ParcelOne,Hyderabad,Delivered,3,109.94,nan,7,Yes
4673,4673,2025-02-09,2025-02-11,2025-02-10,QuickShip India,Delhi,Delivered,2,178.09,nan,6,Yes
4674,4674,2025-02-24,2025-02-26,2025-02-25,ParcelOne,Mumbai,Delivered,1,50.91,nan,0,No
4675,4675,2025-05-08,2025-05-13,2025-05-12,RapidX Logistics,Hyderabad,Delivered,1,142.61,nan,6,Yes
4676,4676,2025-05-09,2025-05-14,2025-05-14,BlueRoute Express,Kolkata,Delivered,3,40.86,nan,4,Yes
4677,4677,2025-06-11,2025-06-15,2025-06-15,RapidX Logistics,Kolkata,Delivered,1,47.56,nan,4,Yes
4678,4678,2025-11-01,2025-11-04,,QuickShip India,Kolkata,RTO,3,85.88,Logistics Capacity,5,Yes
4679,4679,2025-11-24,2025-11-29,2025-11-28,RapidX Logistics,Delhi,Delivered,3,73.61,nan,-1,No
4680,4680,2026-02-27,2026-03-01,,BlueRoute Express,Kolkata,Failed,3,93.65,Incorrect Address,-1,No
4681,4681,2026-04-08,2026-04-11,,BlueRoute Express,Hyderabad,In Transit,1,41.17,nan,5,Yes
4682,4682,2025-07-23,2025-07-26,,SwiftKart Logistics,Hyderabad,RTO,3,79.49,Incorrect Address,6,Yes
4683,4683,2025-08-09,2025-08-12,,ParcelOne,Hyderabad,RTO,3,146.14,Logistics Capacity,3,Yes
4684,4684,2025-11-07,2025-11-09,2025-11-08,ParcelOne,Bengaluru,Delivered,1,63.63,nan,-1,No
4685,4685,2025-06-27,2025-06-29,2025-06-28,RapidX Logistics,Chennai,Delivered,3,80.11,nan,4,Yes
4686,4686,2025-07-31,2025-08-02,2025-08-01,ParcelOne,Hyderabad,Delivered,3,178.89,nan,2,No
4687,4687,2026-04-18,2026-04-21,2026-04-21,ParcelOne,Hyderabad,Delivered,2,89.72,nan,4,Yes
4688,4688,2026-05-06,2026-05-11,,ParcelOne,Kolkata,RTO,1,177.53,Logistics Capacity,2,No
4689,4689,2025-06-24,2025-06-26,2025-07-02,MetroDeliver,Bengaluru,Delayed,1,173.64,Courier Delay,1,No
4690,4690,2025-07-23,2025-07-25,2025-07-23,MetroDeliver,Kolkata,Delivered,1,53.99,nan,7,Yes
4691,4691,2025-04-01,2025-04-05,2025-04-05,MetroDeliver,Delhi,Delivered,2,146.16,nan,6,Yes
4692,4692,2025-05-07,2025-05-11,,RapidX Logistics,Mumbai,Failed,2,99.95,Customer Refused,-1,No
4693,4693,2024-09-14,2024-09-19,2024-09-18,QuickShip India,Chennai,Delivered,3,122.05,nan,0,No
4694,4694,2026-08-03,2026-08-08,,MetroDeliver,Bengaluru,RTO,2,156.45,Customer Unavailable,1,No
4695,4695,2025-04-05,2025-04-07,2025-04-07,SwiftKart Logistics,Mumbai,Delivered,1,177.88,nan,-1,No
4696,4696,2024-10-08,2024-10-10,2024-10-14,BlueRoute Express,Chennai,Delayed,2,63.11,Courier Delay,-1,No
4697,4697,2026-05-30,2026-06-02,2026-06-01,ParcelOne,Hyderabad,Delivered,3,48.34,nan,5,Yes
4698,4698,2026-06-24,2026-06-26,2026-06-30,BlueRoute Express,Hyderabad,Delayed,2,65.18,Courier Delay,-1,No
4699,4699,2024-08-19,2024-08-24,2024-08-23,ParcelOne,Bengaluru,Delivered,2,73.65,nan,-1,No
4700,4700,2024-09-13,2024-09-16,2024-09-16,QuickShip India,Mumbai,Delivered,1,87.1,nan,6,Yes
4701,4701,2024-09-27,2024-10-01,,QuickShip India,Bengaluru,RTO,2,56.01,Courier Delay,3,Yes
4702,4702,2024-10-21,2024-10-25,2024-10-28,BlueRoute Express,Delhi,Delayed,3,140.41,Courier Delay,1,No
4703,4703,2024-09-03,2024-09-05,2024-09-03,RapidX Logistics,Delhi,Delivered,2,109.5,nan,7,Yes
4704,4704,2024-09-21,2024-09-25,,SwiftKart Logistics,Bengaluru,Failed,2,100.1,Incorrect Address,3,Yes
4705,4705,2026-01-16,2026-01-21,2026-01-27,QuickShip India,Hyderabad,Delayed,2,69.92,Courier Delay,5,Yes
4706,4706,2026-02-28,2026-03-02,2026-03-02,BlueRoute Express,Hyderabad,Delivered,1,122.6,nan,2,No
4707,4707,2026-03-15,2026-03-19,2026-03-18,QuickShip India,Kolkata,Delivered,3,155.42,nan,0,No
4708,4708,2026-04-18,2026-04-20,2026-04-19,SwiftKart Logistics,Delhi,Delivered,2,84.39,nan,3,Yes
4709,4709,2026-05-21,2026-05-23,,BlueRoute Express,Hyderabad,RTO,1,88.18,Customer Refused,3,Yes
4710,4710,2026-05-09,2026-05-14,2026-05-20,RapidX Logistics,Chennai,Delayed,1,118.74,Courier Delay,4,Yes
4711,4711,2025-03-02,2025-03-07,,RapidX Logistics,Chennai,RTO,3,172.56,Logistics Capacity,6,Yes
4712,4712,2025-05-16,2025-05-20,2025-05-19,QuickShip India,Mumbai,Delivered,3,98.32,nan,7,Yes
4713,4713,2025-05-26,2025-05-29,,QuickShip India,Hyderabad,Failed,3,106.39,Damaged Package,0,No
4714,4714,2024-10-31,2024-11-05,,SwiftKart Logistics,Delhi,Failed,3,94.81,Damaged Package,6,Yes
4715,4715,2026-07-07,2026-07-11,,QuickShip India,Kolkata,RTO,1,154.84,Customer Unavailable,-1,No
4716,4716,2024-12-17,2024-12-22,,RapidX Logistics,Delhi,RTO,3,104.11,Damaged Package,5,Yes
4717,4717,2024-10-13,2024-10-15,,RapidX Logistics,Delhi,RTO,3,122.67,Logistics Capacity,-1,No
4718,4718,2024-11-01,2024-11-06,2024-11-05,SwiftKart Logistics,Kolkata,Delivered,3,141.51,nan,6,Yes
4719,4719,2026-04-06,2026-04-09,,RapidX Logistics,Hyderabad,Failed,3,109.82,Logistics Capacity,2,No
4720,4720,2025-08-11,2025-08-16,,ParcelOne,Chennai,RTO,1,94.19,Incorrect Address,2,No
4721,4721,2025-04-13,2025-04-15,,QuickShip India,Delhi,RTO,3,133.47,Customer Unavailable,3,Yes
4722,4722,2025-05-25,2025-05-28,2025-06-01,ParcelOne,Chennai,Delayed,1,173.88,Courier Delay,-1,No
4723,4723,2024-11-08,2024-11-11,2024-11-11,SwiftKart Logistics,Hyderabad,Delivered,2,108.79,nan,-1,No
4724,4724,2024-12-15,2024-12-19,2024-12-25,ParcelOne,Kolkata,Delayed,1,174.73,Courier Delay,-1,No
4725,4725,2024-12-16,2024-12-18,2024-12-16,BlueRoute Express,Delhi,Delivered,3,91.26,nan,5,Yes
4726,4726,2025-01-05,2025-01-07,,ParcelOne,Chennai,Failed,2,133.04,Logistics Capacity,3,Yes
4727,4727,2025-06-07,2025-06-12,2025-06-11,SwiftKart Logistics,Bengaluru,Delivered,3,126.17,nan,1,No
4728,4728,2025-05-09,2025-05-12,2025-05-12,ParcelOne,Delhi,Delivered,2,86.24,nan,1,No
4729,4729,2025-07-21,2025-07-24,2025-07-23,BlueRoute Express,Kolkata,Delivered,1,66.25,nan,3,Yes
4730,4730,2024-11-19,2024-11-24,,QuickShip India,Chennai,Failed,1,81.58,Damaged Package,1,No
4731,4731,2025-04-09,2025-04-11,2025-04-11,SwiftKart Logistics,Mumbai,Delivered,3,52.77,nan,3,Yes
4732,4732,2025-04-30,2025-05-05,2025-05-04,RapidX Logistics,Chennai,Delivered,3,49.13,nan,7,Yes
4733,4733,2026-03-07,2026-03-12,2026-03-11,RapidX Logistics,Mumbai,Delivered,3,155.17,nan,4,Yes
4734,4734,2026-05-26,2026-05-29,2026-05-28,SwiftKart Logistics,Chennai,Delivered,2,47.8,nan,6,Yes
4735,4735,2026-06-25,2026-06-28,,QuickShip India,Bengaluru,Failed,3,108.28,Customer Unavailable,0,No
4736,4736,2025-12-19,2025-12-22,,QuickShip India,Hyderabad,RTO,3,70.24,Incorrect Address,4,Yes
4737,4737,2026-01-22,2026-01-25,2026-01-25,ParcelOne,Hyderabad,Delivered,2,134.18,nan,0,No
4738,4738,2025-05-24,2025-05-28,2025-05-28,QuickShip India,Bengaluru,Delivered,3,107.11,nan,7,Yes
4739,4739,2026-02-14,2026-02-18,,ParcelOne,Mumbai,Failed,2,138.0,Damaged Package,0,No
4740,4740,2026-03-18,2026-03-23,2026-03-22,QuickShip India,Mumbai,Delivered,2,127.14,nan,7,Yes
4741,4741,2026-07-19,2026-07-23,,BlueRoute Express,Mumbai,RTO,1,81.79,Logistics Capacity,1,No
4742,4742,2025-03-26,2025-03-28,2025-03-27,MetroDeliver,Bengaluru,Delivered,2,124.18,nan,5,Yes
4743,4743,2026-05-29,2026-06-03,,RapidX Logistics,Hyderabad,RTO,1,106.8,Incorrect Address,7,Yes
4744,4744,2024-08-27,2024-08-30,2024-08-30,MetroDeliver,Bengaluru,Delivered,2,63.27,nan,5,Yes
4745,4745,2025-09-25,2025-09-28,2025-09-27,MetroDeliver,Mumbai,Delivered,2,133.92,nan,4,Yes
4746,4746,2025-11-05,2025-11-09,2025-11-08,SwiftKart Logistics,Kolkata,Delivered,1,179.21,nan,0,No
4747,4747,2025-04-19,2025-04-23,,ParcelOne,Bengaluru,RTO,3,177.35,Courier Delay,3,Yes
4748,4748,2026-02-16,2026-02-19,,ParcelOne,Delhi,Failed,2,138.83,Customer Refused,3,Yes
4749,4749,2025-02-12,2025-02-16,2025-02-22,BlueRoute Express,Bengaluru,Delayed,2,85.31,Courier Delay,7,Yes
4750,4750,2026-03-23,2026-03-28,,ParcelOne,Chennai,Failed,2,92.04,Damaged Package,3,Yes
4751,4751,2026-04-20,2026-04-22,,RapidX Logistics,Bengaluru,RTO,1,112.8,Logistics Capacity,6,Yes
4752,4752,2025-03-27,2025-03-30,,ParcelOne,Delhi,RTO,3,130.71,Customer Refused,0,No
4753,4753,2025-05-10,2025-05-15,2025-05-15,SwiftKart Logistics,Kolkata,Delivered,2,110.01,nan,0,No
4754,4754,2025-12-11,2025-12-14,2025-12-14,ParcelOne,Bengaluru,Delivered,3,173.86,nan,4,Yes
4755,4755,2026-01-07,2026-01-09,2026-01-08,QuickShip India,Chennai,Delivered,1,163.62,nan,2,No
4756,4756,2025-08-12,2025-08-17,,MetroDeliver,Delhi,Failed,2,104.53,Courier Delay,1,No
4757,4757,2025-09-23,2025-09-27,2025-09-25,RapidX Logistics,Mumbai,Delivered,3,98.15,nan,4,Yes
4758,4758,2025-11-30,2025-12-04,2025-12-03,BlueRoute Express,Mumbai,Delivered,2,146.0,nan,4,Yes
4759,4759,2026-01-28,2026-02-01,,MetroDeliver,Delhi,RTO,3,143.82,Customer Unavailable,3,Yes
4760,4760,2026-02-19,2026-02-23,2026-02-28,RapidX Logistics,Bengaluru,Delayed,3,166.82,Courier Delay,5,Yes
4761,4761,2024-08-10,2024-08-14,2024-08-13,SwiftKart Logistics,Kolkata,Delivered,2,51.14,nan,2,No
4762,4762,2025-12-26,2025-12-28,2025-12-27,RapidX Logistics,Bengaluru,Delivered,3,126.13,nan,3,Yes
4763,4763,2026-01-18,2026-01-21,2026-01-24,BlueRoute Express,Kolkata,Delayed,1,147.39,Courier Delay,0,No
4764,4764,2025-01-13,2025-01-18,,RapidX Logistics,Chennai,Failed,1,137.62,Incorrect Address,4,Yes
4765,4765,2025-02-26,2025-03-03,,BlueRoute Express,Kolkata,Failed,1,70.5,Damaged Package,3,Yes
4766,4766,2024-08-03,2024-08-07,2024-08-06,QuickShip India,Mumbai,Delivered,3,75.98,nan,7,Yes
4767,4767,2024-08-20,2024-08-25,2024-08-30,MetroDeliver,Chennai,Delayed,3,65.88,Courier Delay,7,Yes
4768,4768,2025-08-17,2025-08-19,,RapidX Logistics,Hyderabad,Failed,2,105.84,Customer Unavailable,2,No
4769,4769,2025-06-06,2025-06-09,2025-06-08,SwiftKart Logistics,Delhi,Delivered,3,56.13,nan,7,Yes
4770,4770,2025-06-23,2025-06-28,2025-06-27,MetroDeliver,Hyderabad,Delivered,3,176.06,nan,-1,No
4771,4771,2025-03-08,2025-03-11,2025-03-11,SwiftKart Logistics,Mumbai,Delivered,1,43.41,nan,3,Yes
4772,4772,2024-08-08,2024-08-10,2024-08-12,RapidX Logistics,Chennai,Delayed,3,169.23,Courier Delay,0,No
4773,4773,2024-09-11,2024-09-15,,SwiftKart Logistics,Mumbai,RTO,3,70.09,Customer Unavailable,1,No
4774,4774,2026-03-06,2026-03-08,2026-03-07,BlueRoute Express,Mumbai,Delivered,3,92.25,nan,5,Yes
4775,4775,2026-04-16,2026-04-20,2026-04-19,RapidX Logistics,Hyderabad,Delivered,3,155.5,nan,5,Yes
4776,4776,2024-08-30,2024-09-02,2024-08-31,BlueRoute Express,Mumbai,Delivered,1,108.19,nan,5,Yes
4777,4777,2024-09-20,2024-09-24,,RapidX Logistics,Bengaluru,Failed,1,116.16,Damaged Package,7,Yes
4778,4778,2025-06-20,2025-06-22,,BlueRoute Express,Delhi,RTO,3,150.57,Incorrect Address,7,Yes
4779,4779,2025-07-16,2025-07-20,,MetroDeliver,Kolkata,Failed,2,65.64,Damaged Package,3,Yes
4780,4780,2026-01-14,2026-01-16,,RapidX Logistics,Bengaluru,RTO,2,61.84,Courier Delay,7,Yes
4781,4781,2026-01-31,2026-02-05,,BlueRoute Express,Kolkata,Failed,1,79.6,Courier Delay,6,Yes
4782,4782,2025-01-29,2025-02-02,,BlueRoute Express,Kolkata,RTO,2,136.4,Customer Refused,2,No
4783,4783,2025-02-27,2025-03-01,2025-02-28,QuickShip India,Kolkata,Delivered,3,42.91,nan,1,No
4784,4784,2025-12-02,2025-12-04,2025-12-03,MetroDeliver,Delhi,Delivered,1,41.07,nan,7,Yes
4785,4785,2024-11-11,2024-11-16,2024-11-21,SwiftKart Logistics,Bengaluru,Delayed,1,92.73,Courier Delay,7,Yes
4786,4786,2024-12-09,2024-12-13,2024-12-17,RapidX Logistics,Mumbai,Delayed,3,175.78,Courier Delay,2,No
4787,4787,2026-01-20,2026-01-24,2026-01-28,SwiftKart Logistics,Chennai,Delayed,2,150.62,Courier Delay,-1,No
4788,4788,2025-01-17,2025-01-20,,MetroDeliver,Kolkata,Failed,3,57.46,Customer Refused,2,No
4789,4789,2025-10-01,2025-10-04,2025-10-07,RapidX Logistics,Kolkata,Delayed,2,155.62,Courier Delay,5,Yes
4790,4790,2025-11-10,2025-11-14,2025-11-14,ParcelOne,Delhi,Delivered,1,149.06,nan,2,No
4791,4791,2025-02-22,2025-02-25,2025-02-25,BlueRoute Express,Hyderabad,Delivered,2,116.4,nan,6,Yes
4792,4792,2025-03-13,2025-03-17,2025-03-23,RapidX Logistics,Bengaluru,Delayed,2,84.76,Courier Delay,3,Yes
4793,4793,2025-07-16,2025-07-19,,RapidX Logistics,Mumbai,RTO,3,87.34,Courier Delay,4,Yes
4794,4794,2025-08-22,2025-08-25,,ParcelOne,Bengaluru,Failed,2,70.54,Damaged Package,2,No
4795,4795,2025-05-24,2025-05-29,,MetroDeliver,Mumbai,Failed,3,128.39,Courier Delay,1,No
4796,4796,2026-05-02,2026-05-07,,QuickShip India,Bengaluru,RTO,1,68.98,Damaged Package,1,No
4797,4797,2026-05-18,2026-05-21,2026-05-20,SwiftKart Logistics,Chennai,Delivered,1,58.98,nan,3,Yes
4798,4798,2026-07-19,2026-07-22,,RapidX Logistics,Bengaluru,Failed,1,102.35,Incorrect Address,5,Yes
4799,4799,2025-06-01,2025-06-03,2025-06-07,QuickShip India,Kolkata,Delayed,1,144.82,Courier Delay,4,Yes
4800,4800,2024-08-07,2024-08-11,2024-08-10,SwiftKart Logistics,Hyderabad,Delivered,1,86.66,nan,-1,No
4801,4801,2024-08-28,2024-08-30,2024-08-29,ParcelOne,Hyderabad,Delivered,1,102.67,nan,1,No
4802,4802,2025-06-17,2025-06-19,,RapidX Logistics,Hyderabad,Failed,3,147.75,Damaged Package,1,No
4803,4803,2026-05-19,2026-05-22,2026-05-21,SwiftKart Logistics,Mumbai,Delivered,3,85.89,nan,-1,No
4804,4804,2026-06-18,2026-06-23,,ParcelOne,Mumbai,RTO,3,175.86,Damaged Package,5,Yes
4805,4805,2025-01-23,2025-01-26,,ParcelOne,Mumbai,RTO,3,120.34,Courier Delay,-1,No
4806,4806,2025-02-19,2025-02-22,2025-02-21,SwiftKart Logistics,Kolkata,Delivered,1,63.97,nan,7,Yes
4807,4807,2025-03-15,2025-03-19,2025-03-19,RapidX Logistics,Bengaluru,Delivered,1,79.81,nan,7,Yes
4808,4808,2025-03-29,2025-04-01,,MetroDeliver,Chennai,RTO,1,66.1,Logistics Capacity,2,No
4809,4809,2025-05-29,2025-06-02,2025-05-31,QuickShip India,Delhi,Delivered,3,108.93,nan,2,No
4810,4810,2025-07-25,2025-07-28,,MetroDeliver,Kolkata,Failed,3,164.17,Logistics Capacity,7,Yes
4811,4811,2025-12-16,2025-12-18,2025-12-23,MetroDeliver,Delhi,Delayed,3,58.89,Courier Delay,2,No
4812,4812,2024-09-08,2024-09-11,2024-09-15,QuickShip India,Chennai,Delayed,2,153.18,Courier Delay,3,Yes
4813,4813,2024-10-08,2024-10-13,2024-10-18,RapidX Logistics,Bengaluru,Delayed,3,83.24,Courier Delay,2,No
4814,4814,2024-10-16,2024-10-18,2024-10-17,MetroDeliver,Bengaluru,Delivered,2,136.49,nan,3,Yes
4815,4815,2024-08-12,2024-08-14,,BlueRoute Express,Delhi,RTO,1,49.82,Logistics Capacity,1,No
4816,4816,2024-09-18,2024-09-21,2024-09-21,MetroDeliver,Chennai,Delivered,2,153.72,nan,0,No
4817,4817,2026-05-22,2026-05-27,,ParcelOne,Bengaluru,RTO,1,141.64,Customer Refused,7,Yes
4818,4818,2026-06-24,2026-06-27,2026-06-27,RapidX Logistics,Mumbai,Delivered,2,81.03,nan,1,No
4819,4819,2026-06-27,2026-06-29,,QuickShip India,Hyderabad,RTO,1,93.29,Courier Delay,5,Yes
4820,4820,2026-07-16,2026-07-19,,BlueRoute Express,Mumbai,Failed,3,53.25,Customer Unavailable,6,Yes
4821,4821,2025-07-08,2025-07-10,,BlueRoute Express,Chennai,Failed,1,164.98,Courier Delay,0,No
4822,4822,2026-03-27,2026-04-01,,RapidX Logistics,Mumbai,RTO,3,78.71,Courier Delay,7,Yes
4823,4823,2026-04-20,2026-04-22,,ParcelOne,Kolkata,RTO,1,148.53,Customer Refused,0,No
4824,4824,2025-12-11,2025-12-15,2025-12-14,RapidX Logistics,Chennai,Delivered,1,142.54,nan,-1,No
4825,4825,2026-04-05,2026-04-09,2026-04-08,QuickShip India,Chennai,Delivered,2,103.8,nan,1,No
4826,4826,2026-04-20,2026-04-25,,SwiftKart Logistics,Bengaluru,RTO,1,114.5,Courier Delay,2,No
4827,4827,2025-03-30,2025-04-03,,ParcelOne,Hyderabad,Failed,3,150.71,Incorrect Address,-1,No
4828,4828,2025-03-21,2025-03-24,2025-03-23,BlueRoute Express,Hyderabad,Delivered,2,170.32,nan,6,Yes
4829,4829,2024-08-04,2024-08-07,,RapidX Logistics,Bengaluru,RTO,1,110.0,Damaged Package,1,No
4830,4830,2025-08-26,2025-08-29,2025-08-27,BlueRoute Express,Bengaluru,Delivered,1,40.81,nan,4,Yes
4831,4831,2026-03-11,2026-03-14,2026-03-14,BlueRoute Express,Bengaluru,Delivered,2,87.85,nan,-1,No
4832,4832,2025-09-24,2025-09-29,,ParcelOne,Bengaluru,RTO,3,42.81,Logistics Capacity,4,Yes
4833,4833,2025-10-16,2025-10-18,2025-10-17,RapidX Logistics,Hyderabad,Delivered,3,162.89,nan,5,Yes
4834,4834,2025-06-11,2025-06-15,2025-06-15,RapidX Logistics,Delhi,Delivered,1,60.33,nan,0,No
4835,4835,2025-07-07,2025-07-09,2025-07-08,RapidX Logistics,Delhi,Delivered,1,165.57,nan,4,Yes
4836,4836,2025-03-19,2025-03-24,2025-03-24,ParcelOne,Hyderabad,Delivered,2,53.22,nan,4,Yes
4837,4837,2025-05-10,2025-05-13,,BlueRoute Express,Hyderabad,RTO,1,83.44,Courier Delay,6,Yes
4838,4838,2025-08-22,2025-08-26,,MetroDeliver,Delhi,In Transit,1,160.43,nan,5,Yes
4839,4839,2025-09-12,2025-09-14,,MetroDeliver,Mumbai,RTO,2,109.11,Logistics Capacity,6,Yes
4840,4840,2025-05-29,2025-06-02,,BlueRoute Express,Delhi,RTO,1,113.8,Logistics Capacity,1,No
4841,4841,2024-12-21,2024-12-24,,MetroDeliver,Kolkata,Failed,3,174.23,Customer Refused,0,No
4842,4842,2025-01-19,2025-01-22,2025-01-21,BlueRoute Express,Hyderabad,Delivered,1,104.35,nan,-1,No
4843,4843,2024-10-04,2024-10-08,2024-10-08,QuickShip India,Hyderabad,Delivered,3,41.5,nan,4,Yes
4844,4844,2025-06-11,2025-06-14,,BlueRoute Express,Kolkata,Failed,2,54.43,Customer Refused,5,Yes
4845,4845,2025-06-27,2025-07-01,2025-06-29,ParcelOne,Chennai,Delivered,2,56.16,nan,-1,No
4846,4846,2026-03-29,2026-04-02,,SwiftKart Logistics,Kolkata,RTO,3,119.24,Damaged Package,3,Yes
4847,4847,2026-04-21,2026-04-26,2026-04-24,MetroDeliver,Chennai,Delivered,3,136.68,nan,4,Yes
4848,4848,2026-07-20,2026-07-24,2026-07-23,MetroDeliver,Hyderabad,Delivered,3,173.17,nan,0,No
4849,4849,2025-08-18,2025-08-22,2025-08-21,ParcelOne,Kolkata,Delivered,2,128.41,nan,3,Yes
4850,4850,2024-10-10,2024-10-12,,ParcelOne,Mumbai,RTO,3,159.77,Damaged Package,7,Yes
4851,4851,2025-04-06,2025-04-08,,MetroDeliver,Delhi,Failed,2,79.31,Logistics Capacity,7,Yes
4852,4852,2025-04-24,2025-04-26,,MetroDeliver,Bengaluru,RTO,2,142.37,Customer Unavailable,3,Yes
4853,4853,2025-02-08,2025-02-11,2025-02-10,QuickShip India,Mumbai,Delivered,2,151.4,nan,5,Yes
4854,4854,2025-07-21,2025-07-25,,ParcelOne,Mumbai,In Transit,2,151.44,nan,1,No
4855,4855,2025-08-12,2025-08-15,2025-08-14,RapidX Logistics,Bengaluru,Delivered,1,50.58,nan,2,No
4856,4856,2025-01-07,2025-01-12,2025-01-11,BlueRoute Express,Kolkata,Delivered,2,116.57,nan,2,No
4857,4857,2025-05-22,2025-05-25,2025-05-25,SwiftKart Logistics,Bengaluru,Delivered,3,129.05,nan,4,Yes
4858,4858,2025-04-24,2025-04-28,2025-04-27,BlueRoute Express,Chennai,Delivered,1,130.03,nan,5,Yes
4859,4859,2025-05-09,2025-05-13,2025-05-12,QuickShip India,Bengaluru,Delivered,3,69.11,nan,4,Yes
4860,4860,2025-10-04,2025-10-07,2025-10-06,MetroDeliver,Bengaluru,Delivered,1,57.51,nan,1,No
4861,4861,2025-11-13,2025-11-18,,SwiftKart Logistics,Mumbai,RTO,2,166.18,Customer Unavailable,4,Yes
4862,4862,2025-09-27,2025-10-01,2025-09-30,MetroDeliver,Mumbai,Delivered,2,47.14,nan,7,Yes
4863,4863,2025-09-27,2025-10-02,2025-10-01,QuickShip India,Kolkata,Delivered,3,140.75,nan,-1,No
4864,4864,2025-10-29,2025-10-31,,BlueRoute Express,Mumbai,RTO,1,48.8,Damaged Package,7,Yes
4865,4865,2025-05-02,2025-05-04,2025-05-04,ParcelOne,Chennai,Delivered,1,114.59,nan,4,Yes
4866,4866,2025-06-04,2025-06-07,,MetroDeliver,Bengaluru,RTO,2,119.11,Logistics Capacity,3,Yes
4867,4867,2025-01-11,2025-01-14,2025-01-14,BlueRoute Express,Delhi,Delivered,3,56.14,nan,2,No
4868,4868,2024-09-08,2024-09-12,,MetroDeliver,Kolkata,RTO,1,67.64,Damaged Package,0,No
4869,4869,2024-10-17,2024-10-19,2024-10-19,BlueRoute Express,Delhi,Delivered,2,175.22,nan,6,Yes
4870,4870,2025-07-03,2025-07-06,,SwiftKart Logistics,Hyderabad,In Transit,1,113.89,nan,-1,No
4871,4871,2025-08-09,2025-08-11,,RapidX Logistics,Hyderabad,RTO,3,63.74,Courier Delay,7,Yes
4872,4872,2025-12-09,2025-12-14,2025-12-17,MetroDeliver,Chennai,Delayed,3,179.35,Courier Delay,3,Yes
4873,4873,2026-01-21,2026-01-25,,SwiftKart Logistics,Chennai,In Transit,3,116.09,nan,7,Yes
4874,4874,2026-07-31,2026-08-03,2026-08-07,RapidX Logistics,Hyderabad,Delayed,2,170.55,Courier Delay,2,No
4875,4875,2024-12-18,2024-12-21,,BlueRoute Express,Mumbai,RTO,1,176.06,Damaged Package,0,No
4876,4876,2025-09-16,2025-09-20,2025-09-23,ParcelOne,Bengaluru,Delayed,1,176.33,Courier Delay,0,No
4877,4877,2025-10-20,2025-10-24,,ParcelOne,Hyderabad,In Transit,1,164.2,nan,0,No
4878,4878,2026-02-21,2026-02-26,,MetroDeliver,Chennai,Failed,3,75.47,Incorrect Address,4,Yes
4879,4879,2026-04-02,2026-04-06,,RapidX Logistics,Delhi,RTO,3,125.25,Logistics Capacity,3,Yes
4880,4880,2025-09-22,2025-09-24,2025-09-24,MetroDeliver,Kolkata,Delivered,3,151.15,nan,3,Yes
4881,4881,2026-05-17,2026-05-20,2026-05-19,MetroDeliver,Kolkata,Delivered,2,111.11,nan,7,Yes
4882,4882,2026-01-31,2026-02-02,,MetroDeliver,Hyderabad,Failed,1,61.32,Damaged Package,2,No
4883,4883,2025-12-22,2025-12-24,,ParcelOne,Mumbai,Failed,3,136.28,Customer Refused,7,Yes
4884,4884,2026-01-28,2026-01-31,,RapidX Logistics,Delhi,Failed,3,111.31,Customer Unavailable,-1,No
4885,4885,2026-01-04,2026-01-06,2026-01-12,BlueRoute Express,Mumbai,Delayed,2,133.25,Courier Delay,2,No
4886,4886,2024-10-09,2024-10-12,2024-10-12,ParcelOne,Mumbai,Delivered,2,74.19,nan,4,Yes
4887,4887,2025-10-07,2025-10-09,,QuickShip India,Bengaluru,In Transit,3,140.77,nan,-1,No
4888,4888,2025-01-31,2025-02-02,2025-01-31,MetroDeliver,Bengaluru,Delivered,2,155.34,nan,-1,No
4889,4889,2025-09-09,2025-09-11,2025-09-10,RapidX Logistics,Mumbai,Delivered,3,147.08,nan,1,No
4890,4890,2025-04-09,2025-04-11,2025-04-10,ParcelOne,Mumbai,Delivered,2,59.74,nan,6,Yes
4891,4891,2025-03-03,2025-03-07,2025-03-07,QuickShip India,Bengaluru,Delivered,1,116.02,nan,3,Yes
4892,4892,2025-04-18,2025-04-21,2025-04-20,SwiftKart Logistics,Mumbai,Delivered,3,50.02,nan,2,No
4893,4893,2025-07-22,2025-07-24,,RapidX Logistics,Delhi,RTO,2,144.32,Logistics Capacity,0,No
4894,4894,2024-08-16,2024-08-21,,BlueRoute Express,Delhi,RTO,2,131.95,Incorrect Address,7,Yes
4895,4895,2026-05-08,2026-05-13,,QuickShip India,Delhi,RTO,3,124.75,Incorrect Address,3,Yes
4896,4896,2025-03-03,2025-03-05,2025-03-11,QuickShip India,Chennai,Delayed,3,75.98,Courier Delay,7,Yes
4897,4897,2024-08-10,2024-08-13,2024-08-12,MetroDeliver,Mumbai,Delivered,3,91.55,nan,-1,No
4898,4898,2024-09-19,2024-09-21,2024-09-23,MetroDeliver,Kolkata,Delayed,2,120.72,Courier Delay,-1,No
4899,4899,2024-09-05,2024-09-09,,MetroDeliver,Bengaluru,Failed,3,73.06,Damaged Package,6,Yes
4900,4900,2025-04-01,2025-04-03,2025-04-03,SwiftKart Logistics,Delhi,Delivered,3,79.6,nan,0,No
4901,4901,2025-04-27,2025-05-02,,MetroDeliver,Bengaluru,RTO,3,89.81,Courier Delay,3,Yes
4902,4902,2024-08-19,2024-08-23,,QuickShip India,Mumbai,Failed,3,52.77,Incorrect Address,-1,No
4903,4903,2024-12-11,2024-12-15,,SwiftKart Logistics,Bengaluru,In Transit,2,111.0,nan,3,Yes
4904,4904,2024-12-05,2024-12-10,2024-12-08,SwiftKart Logistics,Delhi,Delivered,2,137.94,nan,3,Yes
4905,4905,2024-08-02,2024-08-06,2024-08-05,ParcelOne,Chennai,Delivered,3,115.87,nan,4,Yes
4906,4906,2025-04-25,2025-04-28,2025-04-26,QuickShip India,Hyderabad,Delivered,3,127.82,nan,1,No
4907,4907,2025-06-07,2025-06-11,2025-06-11,MetroDeliver,Kolkata,Delivered,1,158.96,nan,1,No
4908,4908,2026-03-04,2026-03-08,,BlueRoute Express,Bengaluru,Failed,3,43.51,Customer Refused,6,Yes
4909,4909,2026-04-13,2026-04-18,,MetroDeliver,Chennai,Failed,2,88.89,Courier Delay,3,Yes
4910,4910,2024-08-28,2024-08-31,2024-08-30,SwiftKart Logistics,Bengaluru,Delivered,3,146.9,nan,6,Yes
4911,4911,2025-10-07,2025-10-11,2025-10-14,BlueRoute Express,Bengaluru,Delayed,3,100.93,Courier Delay,3,Yes
4912,4912,2025-11-16,2025-11-18,2025-11-18,MetroDeliver,Delhi,Delivered,2,75.32,nan,6,Yes
4913,4913,2026-06-23,2026-06-25,2026-07-01,RapidX Logistics,Chennai,Delayed,2,86.93,Courier Delay,1,No
4914,4914,2025-04-23,2025-04-27,,MetroDeliver,Chennai,Failed,2,135.31,Courier Delay,5,Yes
4915,4915,2025-04-19,2025-04-22,2025-04-25,MetroDeliver,Hyderabad,Delayed,3,150.18,Courier Delay,5,Yes
4916,4916,2025-05-17,2025-05-21,,QuickShip India,Chennai,Failed,3,77.06,Damaged Package,2,No
4917,4917,2025-10-06,2025-10-11,,ParcelOne,Chennai,RTO,1,62.89,Customer Refused,5,Yes
4918,4918,2025-03-31,2025-04-04,2025-04-09,BlueRoute Express,Chennai,Delayed,1,173.28,Courier Delay,4,Yes
4919,4919,2025-05-10,2025-05-13,2025-05-12,MetroDeliver,Chennai,Delivered,3,93.06,nan,2,No
4920,4920,2025-06-12,2025-06-15,2025-06-14,MetroDeliver,Chennai,Delivered,3,93.83,nan,4,Yes
4921,4921,2024-12-30,2025-01-03,2025-01-03,MetroDeliver,Delhi,Delivered,1,117.86,nan,1,No
4922,4922,2025-02-02,2025-02-05,,RapidX Logistics,Hyderabad,Failed,2,174.05,Incorrect Address,0,No
4923,4923,2025-04-05,2025-04-10,2025-04-09,BlueRoute Express,Chennai,Delivered,2,175.08,nan,6,Yes
4924,4924,2025-01-09,2025-01-12,2025-01-11,ParcelOne,Bengaluru,Delivered,3,142.36,nan,3,Yes
4925,4925,2025-02-04,2025-02-07,,ParcelOne,Kolkata,RTO,3,97.35,Customer Refused,5,Yes
4926,4926,2024-12-05,2024-12-10,2024-12-14,MetroDeliver,Delhi,Delayed,1,78.1,Courier Delay,7,Yes
4927,4927,2026-03-20,2026-03-23,2026-03-22,BlueRoute Express,Chennai,Delivered,2,58.16,nan,-1,No
4928,4928,2026-04-10,2026-04-14,2026-04-16,ParcelOne,Chennai,Delayed,2,48.53,Courier Delay,7,Yes
4929,4929,2025-03-16,2025-03-18,,RapidX Logistics,Delhi,RTO,3,136.15,Customer Unavailable,3,Yes
4930,4930,2025-04-02,2025-04-06,2025-04-06,QuickShip India,Hyderabad,Delivered,2,53.14,nan,4,Yes
4931,4931,2024-10-11,2024-10-15,,MetroDeliver,Mumbai,RTO,1,55.89,Customer Unavailable,4,Yes
4932,4932,2025-08-19,2025-08-22,2025-08-21,RapidX Logistics,Delhi,Delivered,1,169.47,nan,7,Yes
4933,4933,2025-08-25,2025-08-30,,BlueRoute Express,Mumbai,Failed,1,129.09,Customer Unavailable,1,No
4934,4934,2025-09-30,2025-10-02,2025-10-01,SwiftKart Logistics,Delhi,Delivered,1,47.31,nan,0,No
4935,4935,2026-05-23,2026-05-25,,QuickShip India,Bengaluru,RTO,1,90.07,Logistics Capacity,5,Yes
4936,4936,2025-01-09,2025-01-11,,SwiftKart Logistics,Delhi,RTO,1,109.19,Customer Unavailable,2,No
4937,4937,2025-08-01,2025-08-05,2025-08-05,ParcelOne,Hyderabad,Delivered,2,109.88,nan,4,Yes
4938,4938,2025-09-09,2025-09-11,2025-09-09,BlueRoute Express,Mumbai,Delivered,2,169.81,nan,1,No
4939,4939,2025-05-11,2025-05-16,2025-05-15,SwiftKart Logistics,Chennai,Delivered,1,99.29,nan,5,Yes
4940,4940,2025-06-06,2025-06-09,2025-06-11,RapidX Logistics,Delhi,Delayed,3,133.15,Courier Delay,2,No
4941,4941,2025-07-02,2025-07-05,2025-07-05,MetroDeliver,Kolkata,Delivered,1,176.08,nan,0,No
4942,4942,2025-06-01,2025-06-03,,BlueRoute Express,Kolkata,RTO,2,131.14,Damaged Package,5,Yes
4943,4943,2026-07-27,2026-07-31,2026-07-30,QuickShip India,Mumbai,Delivered,1,87.57,nan,5,Yes
4944,4944,2025-04-20,2025-04-23,,QuickShip India,Mumbai,RTO,2,90.89,Damaged Package,0,No
4945,4945,2025-09-05,2025-09-07,2025-09-11,RapidX Logistics,Kolkata,Delayed,2,169.67,Courier Delay,5,Yes
4946,4946,2026-07-07,2026-07-12,,RapidX Logistics,Hyderabad,Failed,3,174.44,Incorrect Address,2,No
4947,4947,2026-08-02,2026-08-06,2026-08-06,ParcelOne,Hyderabad,Delivered,1,178.37,nan,5,Yes
4948,4948,2025-11-16,2025-11-20,2025-11-19,QuickShip India,Bengaluru,Delivered,2,43.71,nan,-1,No
4949,4949,2025-12-27,2025-12-31,2026-01-03,QuickShip India,Bengaluru,Delayed,3,63.3,Courier Delay,2,No
4950,4950,2025-11-12,2025-11-17,,BlueRoute Express,Bengaluru,RTO,3,154.24,Customer Refused,2,No
4951,4951,2024-12-21,2024-12-25,2024-12-24,RapidX Logistics,Kolkata,Delivered,1,60.37,nan,4,Yes
4952,4952,2025-09-22,2025-09-25,,QuickShip India,Kolkata,Failed,3,55.81,Damaged Package,0,No
4953,4953,2024-09-19,2024-09-22,2024-09-21,QuickShip India,Mumbai,Delivered,3,82.52,nan,6,Yes
4954,4954,2024-10-28,2024-10-30,,BlueRoute Express,Mumbai,RTO,3,127.34,Customer Refused,1,No
4955,4955,2026-05-13,2026-05-17,2026-05-19,QuickShip India,Delhi,Delayed,1,151.09,Courier Delay,1,No
4956,4956,2026-06-19,2026-06-24,2026-06-30,SwiftKart Logistics,Chennai,Delayed,3,179.56,Courier Delay,5,Yes
4957,4957,2026-05-23,2026-05-25,,BlueRoute Express,Mumbai,Failed,2,104.68,Customer Refused,3,Yes
4958,4958,2026-05-10,2026-05-14,,ParcelOne,Kolkata,RTO,1,62.93,Damaged Package,5,Yes
4959,4959,2026-05-29,2026-06-03,2026-06-02,RapidX Logistics,Mumbai,Delivered,1,61.12,nan,1,No
4960,4960,2025-06-12,2025-06-14,,BlueRoute Express,Hyderabad,Failed,2,162.28,Courier Delay,3,Yes
4961,4961,2025-06-27,2025-06-29,,QuickShip India,Kolkata,RTO,2,114.7,Incorrect Address,1,No
4962,4962,2025-03-25,2025-03-27,2025-03-27,ParcelOne,Delhi,Delivered,2,136.84,nan,0,No
4963,4963,2025-11-02,2025-11-05,2025-11-04,BlueRoute Express,Delhi,Delivered,1,90.33,nan,5,Yes
4964,4964,2025-05-14,2025-05-17,2025-05-23,SwiftKart Logistics,Hyderabad,Delayed,2,104.67,Courier Delay,3,Yes
4965,4965,2025-06-05,2025-06-10,,ParcelOne,Hyderabad,Failed,3,121.93,Logistics Capacity,7,Yes
4966,4966,2025-11-11,2025-11-14,2025-11-12,QuickShip India,Mumbai,Delivered,3,79.54,nan,4,Yes
4967,4967,2025-01-11,2025-01-16,2025-01-15,SwiftKart Logistics,Chennai,Delivered,2,133.65,nan,5,Yes
4968,4968,2025-02-08,2025-02-11,,SwiftKart Logistics,Delhi,RTO,1,52.19,Courier Delay,-1,No
4969,4969,2025-09-04,2025-09-09,,QuickShip India,Hyderabad,RTO,1,80.3,Customer Refused,4,Yes
4970,4970,2025-06-20,2025-06-24,2025-06-22,MetroDeliver,Delhi,Delivered,2,131.31,nan,3,Yes
4971,4971,2025-07-08,2025-07-12,,BlueRoute Express,Kolkata,Failed,2,123.48,Courier Delay,1,No
4972,4972,2026-06-06,2026-06-11,,RapidX Logistics,Kolkata,RTO,3,133.23,Customer Refused,-1,No
4973,4973,2025-09-29,2025-10-03,2025-10-07,QuickShip India,Bengaluru,Delayed,2,172.48,Courier Delay,1,No
4974,4974,2025-11-07,2025-11-11,,QuickShip India,Chennai,Failed,2,53.07,Incorrect Address,7,Yes
4975,4975,2026-07-15,2026-07-19,,BlueRoute Express,Mumbai,RTO,2,135.82,Logistics Capacity,3,Yes
4976,4976,2026-03-12,2026-03-16,2026-03-15,ParcelOne,Bengaluru,Delivered,1,165.14,nan,7,Yes
4977,4977,2026-02-17,2026-02-22,,SwiftKart Logistics,Chennai,RTO,1,175.83,Incorrect Address,1,No
4978,4978,2025-02-19,2025-02-23,,QuickShip India,Chennai,Failed,1,139.61,Courier Delay,1,No
4979,4979,2025-03-25,2025-03-30,2025-03-29,ParcelOne,Chennai,Delivered,2,127.5,nan,2,No
4980,4980,2026-05-08,2026-05-10,,ParcelOne,Kolkata,Failed,2,130.43,Logistics Capacity,3,Yes
4981,4981,2025-05-05,2025-05-09,2025-05-07,QuickShip India,Bengaluru,Delivered,3,76.86,nan,0,No
4982,4982,2025-04-21,2025-04-26,,BlueRoute Express,Kolkata,RTO,2,71.09,Courier Delay,7,Yes
4983,4983,2026-03-14,2026-03-18,2026-03-17,RapidX Logistics,Kolkata,Delivered,3,100.75,nan,5,Yes
4984,4984,2026-04-11,2026-04-16,2026-04-14,BlueRoute Express,Hyderabad,Delivered,3,116.71,nan,7,Yes
4985,4985,2026-02-24,2026-02-27,2026-02-27,ParcelOne,Delhi,Delivered,2,71.49,nan,7,Yes
4986,4986,2026-04-06,2026-04-09,,RapidX Logistics,Bengaluru,RTO,1,82.93,Incorrect Address,7,Yes
4987,4987,2026-04-26,2026-04-29,,RapidX Logistics,Bengaluru,Failed,2,98.79,Customer Refused,3,Yes
4988,4988,2025-12-18,2025-12-21,2025-12-20,SwiftKart Logistics,Bengaluru,Delivered,3,40.21,nan,0,No
4989,4989,2024-10-17,2024-10-20,,ParcelOne,Bengaluru,RTO,2,61.25,Logistics Capacity,3,Yes
4990,4990,2024-11-06,2024-11-09,,BlueRoute Express,Delhi,RTO,1,62.19,Logistics Capacity,2,No
4991,4991,2026-03-13,2026-03-16,,ParcelOne,Delhi,RTO,2,158.84,Courier Delay,1,No
4992,4992,2026-04-07,2026-04-12,,ParcelOne,Mumbai,In Transit,2,170.41,nan,3,Yes
4993,4993,2025-04-15,2025-04-18,2025-04-17,BlueRoute Express,Bengaluru,Delivered,1,136.62,nan,4,Yes
4994,4994,2024-08-12,2024-08-15,,RapidX Logistics,Hyderabad,Failed,2,121.97,Logistics Capacity,7,Yes
4995,4995,2024-09-21,2024-09-24,,SwiftKart Logistics,Mumbai,In Transit,3,111.59,nan,1,No
4996,4996,2026-03-26,2026-03-30,2026-03-29,MetroDeliver,Kolkata,Delivered,1,149.0,nan,1,No
4997,4997,2026-04-21,2026-04-24,2026-04-24,MetroDeliver,Bengaluru,Delivered,3,108.0,nan,4,Yes
4998,4998,2025-02-20,2025-02-24,,SwiftKart Logistics,Mumbai,In Transit,1,76.72,nan,1,No
4999,4999,2026-03-06,2026-03-10,,MetroDeliver,Mumbai,Failed,2,58.76,Customer Refused,6,Yes
5000,5000,2026-04-09,2026-04-12,,ParcelOne,Mumbai,Failed,3,95.12,Customer Refused,1,No
5001,5001,2025-09-29,2025-10-03,2025-10-02,QuickShip India,Chennai,Delivered,2,163.94,nan,-1,No
5002,5002,2025-11-07,2025-11-11,2025-11-11,RapidX Logistics,Chennai,Delivered,1,41.14,nan,2,No
5003,5003,2024-11-13,2024-11-17,,SwiftKart Logistics,Mumbai,Failed,1,43.3,Customer Unavailable,0,No
5004,5004,2026-07-23,2026-07-25,2026-07-24,RapidX Logistics,Mumbai,Delivered,1,125.72,nan,2,No
5005,5005,2025-04-05,2025-04-10,2025-04-09,QuickShip India,Hyderabad,Delivered,3,123.5,nan,2,No
5006,5006,2025-05-02,2025-05-05,2025-05-04,ParcelOne,Hyderabad,Delivered,3,116.54,nan,2,No
5007,5007,2025-04-18,2025-04-23,2025-04-23,QuickShip India,Bengaluru,Delivered,3,123.28,nan,-1,No
5008,5008,2025-05-06,2025-05-08,,BlueRoute Express,Delhi,In Transit,1,61.33,nan,3,Yes
5009,5009,2025-06-15,2025-06-17,2025-06-16,SwiftKart Logistics,Chennai,Delivered,1,157.84,nan,-1,No
5010,5010,2025-07-11,2025-07-13,,BlueRoute Express,Hyderabad,Failed,2,130.81,Courier Delay,3,Yes
5011,5011,2026-04-02,2026-04-05,,BlueRoute Express,Hyderabad,Failed,3,146.0,Incorrect Address,7,Yes
5012,5012,2026-02-16,2026-02-20,2026-02-18,BlueRoute Express,Hyderabad,Delivered,1,84.15,nan,-1,No
5013,5013,2026-03-06,2026-03-11,2026-03-10,BlueRoute Express,Delhi,Delivered,3,168.22,nan,4,Yes
5014,5014,2025-04-11,2025-04-15,2025-04-15,BlueRoute Express,Bengaluru,Delivered,1,46.78,nan,-1,No
5015,5015,2025-05-20,2025-05-24,,BlueRoute Express,Chennai,RTO,2,113.74,Incorrect Address,1,No
5016,5016,2025-03-16,2025-03-19,,ParcelOne,Chennai,RTO,2,48.46,Damaged Package,-1,No
5017,5017,2025-04-30,2025-05-02,2025-05-02,QuickShip India,Delhi,Delivered,3,50.13,nan,2,No
5018,5018,2025-02-11,2025-02-13,,SwiftKart Logistics,Kolkata,RTO,2,145.82,Customer Refused,-1,No
5019,5019,2025-03-09,2025-03-12,2025-03-12,QuickShip India,Bengaluru,Delivered,3,81.1,nan,5,Yes
5020,5020,2025-11-10,2025-11-14,,ParcelOne,Chennai,Failed,2,81.69,Damaged Package,7,Yes
5021,5021,2026-01-31,2026-02-05,2026-02-04,QuickShip India,Hyderabad,Delivered,1,107.75,nan,2,No
5022,5022,2025-03-15,2025-03-20,,QuickShip India,Delhi,RTO,2,145.7,Customer Unavailable,5,Yes
5023,5023,2025-04-24,2025-04-27,2025-04-26,MetroDeliver,Hyderabad,Delivered,3,153.03,nan,4,Yes
5024,5024,2025-07-26,2025-07-28,,BlueRoute Express,Hyderabad,RTO,3,137.73,Damaged Package,1,No
5025,5025,2026-07-12,2026-07-17,,QuickShip India,Hyderabad,RTO,1,54.65,Customer Refused,2,No
5026,5026,2026-08-04,2026-08-06,,RapidX Logistics,Delhi,Failed,1,93.89,Incorrect Address,4,Yes
5027,5027,2024-10-14,2024-10-18,2024-10-18,QuickShip India,Delhi,Delivered,3,114.18,nan,6,Yes
5028,5028,2024-11-21,2024-11-23,2024-11-22,BlueRoute Express,Delhi,Delivered,3,41.66,nan,-1,No
5029,5029,2026-04-01,2026-04-03,,MetroDeliver,Mumbai,Failed,3,49.88,Damaged Package,2,No
5030,5030,2026-03-10,2026-03-13,2026-03-12,RapidX Logistics,Bengaluru,Delivered,1,44.17,nan,3,Yes
5031,5031,2026-04-06,2026-04-11,,BlueRoute Express,Hyderabad,RTO,3,77.35,Incorrect Address,7,Yes
5032,5032,2025-04-22,2025-04-26,,QuickShip India,Mumbai,Failed,3,108.27,Customer Refused,4,Yes
5033,5033,2025-06-28,2025-06-30,,SwiftKart Logistics,Delhi,In Transit,2,47.4,nan,2,No
5034,5034,2025-08-11,2025-08-14,,SwiftKart Logistics,Delhi,RTO,1,127.41,Customer Unavailable,1,No
5035,5035,2026-01-03,2026-01-07,2026-01-06,ParcelOne,Mumbai,Delivered,2,40.54,nan,4,Yes
5036,5036,2026-01-22,2026-01-25,,BlueRoute Express,Hyderabad,Failed,1,163.72,Logistics Capacity,5,Yes
5037,5037,2025-12-21,2025-12-25,2025-12-24,RapidX Logistics,Chennai,Delivered,3,177.07,nan,1,No
5038,5038,2025-01-30,2025-02-02,,RapidX Logistics,Kolkata,In Transit,2,53.54,nan,4,Yes
5039,5039,2025-02-18,2025-02-21,2025-02-20,SwiftKart Logistics,Mumbai,Delivered,1,82.41,nan,6,Yes
5040,5040,2026-07-05,2026-07-10,,SwiftKart Logistics,Mumbai,Failed,2,173.38,Damaged Package,0,No
5041,5041,2024-10-24,2024-10-29,2024-10-28,RapidX Logistics,Chennai,Delivered,3,109.29,nan,0,No
5042,5042,2024-11-24,2024-11-26,2024-11-25,BlueRoute Express,Kolkata,Delivered,1,82.78,nan,2,No
5043,5043,2024-11-28,2024-12-01,2024-11-30,BlueRoute Express,Delhi,Delivered,2,82.57,nan,2,No
5044,5044,2026-02-23,2026-02-27,,SwiftKart Logistics,Bengaluru,RTO,2,139.5,Incorrect Address,2,No
5045,5045,2024-08-11,2024-08-15,2024-08-14,QuickShip India,Kolkata,Delivered,1,164.85,nan,5,Yes
5046,5046,2026-06-28,2026-07-02,,RapidX Logistics,Kolkata,RTO,1,144.38,Courier Delay,1,No
5047,5047,2026-08-10,2026-08-15,2026-08-15,MetroDeliver,Kolkata,Delivered,2,127.33,nan,3,Yes
5048,5048,2026-03-23,2026-03-27,2026-03-25,SwiftKart Logistics,Delhi,Delivered,1,137.66,nan,2,No
5049,5049,2025-04-10,2025-04-15,2025-04-14,RapidX Logistics,Mumbai,Delivered,3,136.39,nan,6,Yes
5050,5050,2025-05-13,2025-05-16,,BlueRoute Express,Chennai,Failed,2,102.56,Customer Refused,1,No
5051,5051,2025-10-11,2025-10-15,2025-10-14,RapidX Logistics,Hyderabad,Delivered,3,149.04,nan,3,Yes
5052,5052,2025-08-14,2025-08-17,2025-08-19,SwiftKart Logistics,Mumbai,Delayed,3,65.07,Courier Delay,1,No
5053,5053,2025-08-31,2025-09-04,,RapidX Logistics,Kolkata,Failed,2,55.74,Courier Delay,2,No
5054,5054,2026-07-04,2026-07-06,,QuickShip India,Hyderabad,Failed,2,95.92,Damaged Package,0,No
5055,5055,2026-07-18,2026-07-23,2026-07-22,SwiftKart Logistics,Bengaluru,Delivered,2,82.69,nan,4,Yes
5056,5056,2025-04-26,2025-04-30,2025-04-29,ParcelOne,Mumbai,Delivered,3,125.9,nan,6,Yes
5057,5057,2025-05-27,2025-06-01,2025-06-01,BlueRoute Express,Hyderabad,Delivered,3,153.73,nan,-1,No
5058,5058,2026-03-22,2026-03-24,,RapidX Logistics,Hyderabad,Failed,1,76.41,Damaged Package,3,Yes
5059,5059,2026-04-07,2026-04-12,,RapidX Logistics,Delhi,Failed,3,99.03,Courier Delay,0,No
5060,5060,2024-09-24,2024-09-26,,RapidX Logistics,Kolkata,RTO,1,50.92,Logistics Capacity,5,Yes
5061,5061,2024-10-20,2024-10-22,2024-10-22,MetroDeliver,Kolkata,Delivered,2,123.02,nan,-1,No
5062,5062,2024-10-26,2024-10-30,2024-10-29,QuickShip India,Kolkata,Delivered,1,72.92,nan,6,Yes
5063,5063,2025-09-08,2025-09-11,2025-09-10,QuickShip India,Mumbai,Delivered,1,161.5,nan,3,Yes
5064,5064,2025-12-17,2025-12-19,,BlueRoute Express,Bengaluru,RTO,1,175.03,Logistics Capacity,7,Yes
5065,5065,2025-04-26,2025-04-28,2025-05-03,SwiftKart Logistics,Chennai,Delayed,3,50.08,Courier Delay,6,Yes
5066,5066,2024-12-27,2024-12-30,,ParcelOne,Mumbai,In Transit,3,49.36,nan,4,Yes
5067,5067,2025-05-30,2025-06-02,2025-06-01,SwiftKart Logistics,Bengaluru,Delivered,3,110.74,nan,1,No
5068,5068,2026-02-16,2026-02-18,,RapidX Logistics,Bengaluru,RTO,2,160.39,Customer Refused,2,No
5069,5069,2024-12-14,2024-12-19,,SwiftKart Logistics,Delhi,RTO,2,89.43,Damaged Package,0,No
5070,5070,2025-02-05,2025-02-10,,RapidX Logistics,Kolkata,In Transit,2,79.53,nan,4,Yes
5071,5071,2025-03-08,2025-03-10,,ParcelOne,Delhi,Failed,3,69.94,Courier Delay,1,No
5072,5072,2024-08-21,2024-08-23,,RapidX Logistics,Hyderabad,Failed,2,86.37,Customer Unavailable,1,No
5073,5073,2024-09-08,2024-09-12,,MetroDeliver,Chennai,In Transit,2,112.11,nan,5,Yes
5074,5074,2025-06-04,2025-06-07,,MetroDeliver,Hyderabad,Failed,2,127.76,Customer Refused,0,No
5075,5075,2024-09-06,2024-09-11,2024-09-11,QuickShip India,Kolkata,Delivered,1,126.7,nan,4,Yes
5076,5076,2025-06-04,2025-06-08,,RapidX Logistics,Chennai,RTO,2,111.26,Incorrect Address,2,No
5077,5077,2025-12-15,2025-12-19,,RapidX Logistics,Hyderabad,RTO,3,121.57,Damaged Package,6,Yes
5078,5078,2026-05-10,2026-05-12,2026-05-15,BlueRoute Express,Kolkata,Delayed,1,115.67,Courier Delay,5,Yes
5079,5079,2026-06-15,2026-06-17,2026-06-19,MetroDeliver,Hyderabad,Delayed,3,121.52,Courier Delay,-1,No
5080,5080,2026-07-27,2026-08-01,,MetroDeliver,Chennai,RTO,3,120.67,Damaged Package,5,Yes
5081,5081,2025-11-29,2025-12-03,,BlueRoute Express,Mumbai,RTO,2,102.8,Incorrect Address,7,Yes
5082,5082,2026-01-06,2026-01-10,,BlueRoute Express,Hyderabad,In Transit,3,125.93,nan,1,No
5083,5083,2024-10-28,2024-11-02,2024-11-01,QuickShip India,Mumbai,Delivered,2,82.04,nan,6,Yes
5084,5084,2025-10-13,2025-10-16,,MetroDeliver,Delhi,RTO,3,127.62,Customer Unavailable,4,Yes
5085,5085,2025-11-10,2025-11-15,2025-11-17,MetroDeliver,Chennai,Delayed,3,104.89,Courier Delay,-1,No
5086,5086,2025-09-08,2025-09-11,2025-09-11,RapidX Logistics,Hyderabad,Delivered,2,80.23,nan,4,Yes
5087,5087,2025-12-15,2025-12-19,,MetroDeliver,Hyderabad,In Transit,2,149.66,nan,1,No
5088,5088,2026-01-24,2026-01-29,2026-02-02,BlueRoute Express,Chennai,Delayed,2,123.52,Courier Delay,0,No
5089,5089,2025-08-24,2025-08-27,2025-08-25,MetroDeliver,Bengaluru,Delivered,3,153.57,nan,4,Yes
5090,5090,2025-12-27,2025-12-29,2025-12-29,QuickShip India,Bengaluru,Delivered,3,140.47,nan,0,No
5091,5091,2024-08-25,2024-08-27,2024-08-27,MetroDeliver,Mumbai,Delivered,2,48.73,nan,1,No
5092,5092,2024-09-21,2024-09-23,,ParcelOne,Bengaluru,RTO,3,111.08,Customer Unavailable,-1,No
5093,5093,2026-04-06,2026-04-11,,SwiftKart Logistics,Delhi,Failed,3,126.27,Logistics Capacity,5,Yes
5094,5094,2024-08-17,2024-08-19,2024-08-19,SwiftKart Logistics,Mumbai,Delivered,3,69.41,nan,7,Yes
5095,5095,2024-09-09,2024-09-13,,QuickShip India,Kolkata,Failed,2,85.36,Damaged Package,6,Yes
5096,5096,2025-06-29,2025-07-01,2025-06-30,SwiftKart Logistics,Hyderabad,Delivered,1,84.66,nan,-1,No
5097,5097,2025-08-08,2025-08-10,2025-08-10,RapidX Logistics,Bengaluru,Delivered,3,155.05,nan,0,No
5098,5098,2024-09-04,2024-09-08,2024-09-08,ParcelOne,Mumbai,Delivered,3,81.25,nan,0,No
5099,5099,2024-11-24,2024-11-27,,MetroDeliver,Delhi,Failed,3,87.07,Logistics Capacity,5,Yes
5100,5100,2024-08-21,2024-08-23,2024-08-22,SwiftKart Logistics,Mumbai,Delivered,2,152.64,nan,-1,No
5101,5101,2025-03-11,2025-03-14,2025-03-13,QuickShip India,Hyderabad,Delivered,2,87.1,nan,0,No
5102,5102,2024-09-18,2024-09-21,,ParcelOne,Chennai,RTO,1,56.72,Damaged Package,0,No
5103,5103,2024-10-24,2024-10-29,,MetroDeliver,Delhi,In Transit,3,47.83,nan,-1,No
5104,5104,2026-02-02,2026-02-07,,ParcelOne,Mumbai,In Transit,1,135.45,nan,4,Yes
5105,5105,2026-03-15,2026-03-20,,SwiftKart Logistics,Chennai,Failed,2,52.71,Logistics Capacity,7,Yes
5106,5106,2026-02-21,2026-02-24,2026-02-23,QuickShip India,Hyderabad,Delivered,2,162.41,nan,6,Yes
5107,5107,2026-05-23,2026-05-26,,RapidX Logistics,Bengaluru,Failed,3,44.79,Customer Refused,7,Yes
5108,5108,2026-06-18,2026-06-22,2026-06-21,SwiftKart Logistics,Hyderabad,Delivered,1,42.58,nan,6,Yes
5109,5109,2025-06-11,2025-06-13,2025-06-16,MetroDeliver,Bengaluru,Delayed,3,113.63,Courier Delay,1,No
5110,5110,2025-06-05,2025-06-08,2025-06-07,MetroDeliver,Kolkata,Delivered,2,119.43,nan,7,Yes
5111,5111,2025-05-07,2025-05-12,2025-05-11,QuickShip India,Chennai,Delivered,2,153.7,nan,1,No
5112,5112,2026-08-01,2026-08-05,2026-08-03,QuickShip India,Mumbai,Delivered,1,107.19,nan,4,Yes
5113,5113,2025-11-28,2025-11-30,2025-11-29,SwiftKart Logistics,Bengaluru,Delivered,2,83.31,nan,7,Yes
5114,5114,2025-12-13,2025-12-17,2025-12-15,SwiftKart Logistics,Bengaluru,Delivered,2,114.36,nan,4,Yes
5115,5115,2026-01-29,2026-01-31,2026-01-31,BlueRoute Express,Chennai,Delivered,1,173.77,nan,7,Yes
5116,5116,2026-03-12,2026-03-16,,RapidX Logistics,Delhi,Failed,1,145.51,Courier Delay,2,No
5117,5117,2024-11-17,2024-11-21,2024-11-20,QuickShip India,Mumbai,Delivered,3,167.06,nan,5,Yes
5118,5118,2025-07-18,2025-07-22,,ParcelOne,Delhi,Failed,1,174.37,Customer Unavailable,7,Yes
5119,5119,2025-09-02,2025-09-04,,SwiftKart Logistics,Bengaluru,RTO,1,48.74,Logistics Capacity,1,No
5120,5120,2024-12-13,2024-12-17,2024-12-17,SwiftKart Logistics,Hyderabad,Delivered,2,107.38,nan,2,No
5121,5121,2025-01-07,2025-01-11,,ParcelOne,Hyderabad,RTO,3,174.37,Incorrect Address,5,Yes
5122,5122,2024-08-14,2024-08-19,,SwiftKart Logistics,Kolkata,RTO,2,92.85,Damaged Package,7,Yes
5123,5123,2025-07-12,2025-07-17,,QuickShip India,Bengaluru,Failed,2,99.61,Damaged Package,2,No
5124,5124,2025-08-26,2025-08-29,,MetroDeliver,Hyderabad,RTO,1,168.43,Incorrect Address,6,Yes
5125,5125,2025-07-15,2025-07-18,,ParcelOne,Delhi,In Transit,2,147.88,nan,3,Yes
5126,5126,2024-10-12,2024-10-17,2024-10-16,SwiftKart Logistics,Chennai,Delivered,1,156.83,nan,0,No
5127,5127,2024-08-26,2024-08-29,2024-08-29,BlueRoute Express,Chennai,Delivered,3,145.3,nan,3,Yes
5128,5128,2024-09-18,2024-09-22,,MetroDeliver,Chennai,Failed,1,117.75,Courier Delay,0,No
5129,5129,2025-11-03,2025-11-07,2025-11-07,ParcelOne,Delhi,Delivered,3,141.28,nan,0,No
5130,5130,2025-11-26,2025-11-28,,MetroDeliver,Kolkata,RTO,3,46.47,Incorrect Address,-1,No
5131,5131,2025-02-01,2025-02-05,2025-02-05,ParcelOne,Delhi,Delivered,2,169.83,nan,6,Yes
5132,5132,2024-11-14,2024-11-17,2024-11-23,QuickShip India,Delhi,Delayed,2,129.66,Courier Delay,-1,No
5133,5133,2025-09-11,2025-09-14,2025-09-13,SwiftKart Logistics,Hyderabad,Delivered,1,143.96,nan,5,Yes
5134,5134,2025-10-02,2025-10-04,2025-10-04,BlueRoute Express,Mumbai,Delivered,1,45.98,nan,3,Yes
5135,5135,2026-03-04,2026-03-08,,ParcelOne,Kolkata,RTO,2,149.59,Customer Refused,5,Yes
5136,5136,2025-08-07,2025-08-09,2025-08-08,SwiftKart Logistics,Delhi,Delivered,3,119.53,nan,7,Yes
5137,5137,2026-04-13,2026-04-15,,RapidX Logistics,Kolkata,Failed,1,71.13,Incorrect Address,4,Yes
5138,5138,2025-10-06,2025-10-11,,RapidX Logistics,Chennai,Failed,1,77.71,Courier Delay,2,No
5139,5139,2025-04-02,2025-04-06,,MetroDeliver,Bengaluru,Failed,1,93.98,Customer Refused,2,No
5140,5140,2025-05-17,2025-05-20,,QuickShip India,Kolkata,Failed,2,147.22,Customer Refused,1,No
5141,5141,2024-09-30,2024-10-05,2024-10-05,MetroDeliver,Bengaluru,Delivered,2,128.23,nan,6,Yes
5142,5142,2024-10-24,2024-10-29,,QuickShip India,Chennai,Failed,3,40.23,Damaged Package,3,Yes
5143,5143,2024-09-21,2024-09-24,2024-09-27,RapidX Logistics,Hyderabad,Delayed,1,100.24,Courier Delay,-1,No
5144,5144,2025-12-24,2025-12-27,,QuickShip India,Kolkata,In Transit,2,93.58,nan,6,Yes
5145,5145,2026-04-04,2026-04-08,,RapidX Logistics,Bengaluru,Failed,3,146.25,Damaged Package,2,No
5146,5146,2026-04-29,2026-05-02,,SwiftKart Logistics,Delhi,RTO,1,60.94,Customer Unavailable,7,Yes
5147,5147,2026-06-10,2026-06-15,,SwiftKart Logistics,Delhi,Failed,1,44.02,Courier Delay,0,No
5148,5148,2025-07-17,2025-07-19,,SwiftKart Logistics,Hyderabad,In Transit,2,51.97,nan,2,No
5149,5149,2025-08-12,2025-08-17,,ParcelOne,Hyderabad,Failed,1,172.17,Customer Refused,3,Yes
5150,5150,2026-03-29,2026-04-03,2026-04-02,ParcelOne,Bengaluru,Delivered,2,104.4,nan,3,Yes
5151,5151,2025-08-26,2025-08-29,2025-09-03,ParcelOne,Mumbai,Delayed,2,108.59,Courier Delay,0,No
5152,5152,2026-01-08,2026-01-10,2026-01-09,RapidX Logistics,Chennai,Delivered,3,86.3,nan,3,Yes
5153,5153,2024-11-14,2024-11-16,2024-11-14,SwiftKart Logistics,Mumbai,Delivered,1,107.7,nan,1,No
5154,5154,2024-12-26,2024-12-29,2024-12-29,BlueRoute Express,Hyderabad,Delivered,3,121.36,nan,2,No
5155,5155,2025-02-16,2025-02-19,2025-02-19,ParcelOne,Kolkata,Delivered,3,132.89,nan,2,No
5156,5156,2026-06-02,2026-06-05,,RapidX Logistics,Bengaluru,RTO,3,154.21,Customer Refused,4,Yes
5157,5157,2026-07-15,2026-07-19,,ParcelOne,Chennai,RTO,1,79.48,Customer Refused,2,No
5158,5158,2024-08-07,2024-08-11,2024-08-17,RapidX Logistics,Bengaluru,Delayed,1,98.28,Courier Delay,7,Yes
5159,5159,2024-09-17,2024-09-21,2024-09-27,MetroDeliver,Hyderabad,Delayed,2,122.11,Courier Delay,6,Yes
5160,5160,2025-01-11,2025-01-14,,QuickShip India,Kolkata,RTO,1,71.98,Damaged Package,2,No
5161,5161,2024-09-09,2024-09-13,,SwiftKart Logistics,Chennai,RTO,3,42.94,Customer Refused,3,Yes
5162,5162,2024-10-20,2024-10-24,2024-10-23,RapidX Logistics,Mumbai,Delivered,3,87.7,nan,0,No
5163,5163,2025-06-27,2025-07-02,,SwiftKart Logistics,Bengaluru,In Transit,3,57.95,nan,7,Yes
5164,5164,2026-01-08,2026-01-12,,RapidX Logistics,Hyderabad,Failed,1,147.56,Courier Delay,3,Yes
5165,5165,2025-06-04,2025-06-08,2025-06-07,QuickShip India,Bengaluru,Delivered,1,95.35,nan,-1,No
5166,5166,2025-07-05,2025-07-08,,BlueRoute Express,Delhi,RTO,2,71.18,Damaged Package,3,Yes
5167,5167,2025-06-23,2025-06-26,,MetroDeliver,Delhi,Failed,2,153.03,Courier Delay,7,Yes
5168,5168,2025-08-04,2025-08-09,2025-08-09,RapidX Logistics,Mumbai,Delivered,2,169.0,nan,5,Yes
5169,5169,2026-02-06,2026-02-08,2026-02-08,QuickShip India,Kolkata,Delivered,3,42.35,nan,3,Yes
5170,5170,2026-03-08,2026-03-12,,ParcelOne,Chennai,Failed,3,46.36,Courier Delay,4,Yes
5171,5171,2025-10-05,2025-10-09,2025-10-09,QuickShip India,Hyderabad,Delivered,3,57.32,nan,7,Yes
5172,5172,2025-11-06,2025-11-10,2025-11-09,QuickShip India,Hyderabad,Delivered,3,62.01,nan,5,Yes
5173,5173,2025-07-18,2025-07-20,,QuickShip India,Delhi,In Transit,2,63.21,nan,6,Yes
5174,5174,2025-08-21,2025-08-25,,QuickShip India,Mumbai,Failed,3,111.11,Customer Unavailable,-1,No
5175,5175,2025-10-15,2025-10-18,2025-10-20,MetroDeliver,Kolkata,Delayed,3,120.49,Courier Delay,5,Yes
5176,5176,2025-11-30,2025-12-02,,BlueRoute Express,Hyderabad,RTO,3,179.15,Damaged Package,-1,No
5177,5177,2026-03-17,2026-03-19,2026-03-18,QuickShip India,Chennai,Delivered,3,169.21,nan,-1,No
5178,5178,2025-01-26,2025-01-30,,MetroDeliver,Chennai,Failed,3,136.59,Logistics Capacity,3,Yes
5179,5179,2026-05-04,2026-05-06,,SwiftKart Logistics,Kolkata,RTO,1,139.11,Customer Unavailable,1,No
5180,5180,2026-05-27,2026-05-29,,SwiftKart Logistics,Hyderabad,RTO,3,124.16,Customer Refused,2,No
5181,5181,2025-12-21,2025-12-26,2025-12-25,QuickShip India,Mumbai,Delivered,1,137.82,nan,7,Yes
5182,5182,2026-01-13,2026-01-16,2026-01-15,RapidX Logistics,Mumbai,Delivered,1,174.72,nan,2,No
5183,5183,2026-01-27,2026-02-01,2026-02-01,RapidX Logistics,Chennai,Delivered,1,143.33,nan,-1,No
5184,5184,2025-11-29,2025-12-04,,QuickShip India,Hyderabad,RTO,1,44.74,Courier Delay,3,Yes
5185,5185,2026-05-04,2026-05-08,2026-05-08,MetroDeliver,Chennai,Delivered,1,75.25,nan,1,No
5186,5186,2026-03-04,2026-03-09,2026-03-08,BlueRoute Express,Chennai,Delivered,1,44.29,nan,2,No
5187,5187,2025-05-02,2025-05-05,,ParcelOne,Kolkata,Failed,1,45.88,Customer Unavailable,6,Yes
5188,5188,2025-06-09,2025-06-12,2025-06-12,ParcelOne,Chennai,Delivered,3,44.61,nan,6,Yes
5189,5189,2024-10-04,2024-10-08,,SwiftKart Logistics,Hyderabad,RTO,3,141.04,Customer Refused,0,No
5190,5190,2024-09-12,2024-09-16,2024-09-16,BlueRoute Express,Hyderabad,Delivered,2,158.77,nan,4,Yes
5191,5191,2025-09-15,2025-09-17,2025-09-21,QuickShip India,Chennai,Delayed,1,46.13,Courier Delay,0,No
5192,5192,2026-02-05,2026-02-10,2026-02-08,MetroDeliver,Hyderabad,Delivered,2,170.62,nan,7,Yes
5193,5193,2026-02-23,2026-02-25,2026-02-25,ParcelOne,Kolkata,Delivered,1,72.06,nan,7,Yes
5194,5194,2025-02-19,2025-02-21,2025-02-19,BlueRoute Express,Bengaluru,Delivered,1,114.01,nan,5,Yes
5195,5195,2025-09-12,2025-09-17,,SwiftKart Logistics,Delhi,RTO,3,133.65,Courier Delay,6,Yes
5196,5196,2025-01-06,2025-01-08,2025-01-07,BlueRoute Express,Bengaluru,Delivered,2,62.5,nan,4,Yes
5197,5197,2025-02-03,2025-02-07,,SwiftKart Logistics,Mumbai,Failed,2,50.81,Courier Delay,3,Yes
5198,5198,2026-06-17,2026-06-19,2026-06-19,SwiftKart Logistics,Chennai,Delivered,3,113.5,nan,3,Yes
5199,5199,2025-10-12,2025-10-16,2025-10-16,BlueRoute Express,Delhi,Delivered,2,163.14,nan,3,Yes
5200,5200,2025-11-13,2025-11-16,2025-11-15,BlueRoute Express,Delhi,Delivered,1,167.85,nan,0,No
5201,5201,2024-11-27,2024-11-29,,RapidX Logistics,Hyderabad,Failed,3,78.99,Courier Delay,1,No
5202,5202,2025-04-24,2025-04-26,,QuickShip India,Hyderabad,Failed,2,48.88,Customer Refused,7,Yes
5203,5203,2025-08-08,2025-08-10,2025-08-14,SwiftKart Logistics,Bengaluru,Delayed,2,52.9,Courier Delay,6,Yes
5204,5204,2025-03-24,2025-03-27,2025-03-27,SwiftKart Logistics,Chennai,Delivered,2,178.36,nan,7,Yes
5205,5205,2025-04-29,2025-05-01,2025-04-30,SwiftKart Logistics,Delhi,Delivered,3,91.09,nan,-1,No
5206,5206,2025-07-09,2025-07-12,,RapidX Logistics,Bengaluru,In Transit,3,71.26,nan,4,Yes
5207,5207,2025-07-27,2025-07-31,2025-07-30,BlueRoute Express,Hyderabad,Delivered,2,83.64,nan,5,Yes
5208,5208,2025-10-23,2025-10-26,2025-10-29,BlueRoute Express,Hyderabad,Delayed,3,143.6,Courier Delay,0,No
5209,5209,2025-12-04,2025-12-09,,RapidX Logistics,Bengaluru,RTO,2,143.25,Customer Refused,5,Yes
5210,5210,2024-10-15,2024-10-20,2024-10-19,RapidX Logistics,Hyderabad,Delivered,1,152.62,nan,5,Yes
5211,5211,2024-11-30,2024-12-04,,BlueRoute Express,Kolkata,RTO,3,94.74,Incorrect Address,0,No
5212,5212,2026-01-11,2026-01-14,2026-01-13,RapidX Logistics,Kolkata,Delivered,3,124.26,nan,5,Yes
5213,5213,2026-02-13,2026-02-17,,QuickShip India,Bengaluru,Failed,2,135.63,Customer Refused,5,Yes
5214,5214,2025-06-11,2025-06-16,,RapidX Logistics,Kolkata,Failed,1,53.25,Courier Delay,3,Yes
5215,5215,2025-07-05,2025-07-09,,QuickShip India,Delhi,RTO,2,66.36,Customer Unavailable,5,Yes
5216,5216,2026-07-21,2026-07-24,,BlueRoute Express,Delhi,RTO,3,165.81,Incorrect Address,2,No
5217,5217,2026-02-06,2026-02-08,,SwiftKart Logistics,Delhi,RTO,2,125.52,Incorrect Address,3,Yes
5218,5218,2025-10-16,2025-10-18,2025-10-17,RapidX Logistics,Chennai,Delivered,3,70.9,nan,1,No
5219,5219,2025-09-26,2025-09-28,,SwiftKart Logistics,Mumbai,In Transit,1,40.48,nan,5,Yes
5220,5220,2025-11-02,2025-11-04,2025-11-03,ParcelOne,Mumbai,Delivered,1,127.17,nan,5,Yes
5221,5221,2024-08-13,2024-08-16,,QuickShip India,Delhi,RTO,2,175.2,Customer Unavailable,7,Yes
5222,5222,2024-08-28,2024-08-31,2024-08-31,MetroDeliver,Mumbai,Delivered,3,86.52,nan,0,No
5223,5223,2025-02-25,2025-03-02,,ParcelOne,Chennai,Failed,3,80.62,Customer Refused,2,No
5224,5224,2025-03-25,2025-03-30,,BlueRoute Express,Hyderabad,Failed,2,152.12,Incorrect Address,5,Yes
5225,5225,2026-06-26,2026-07-01,,SwiftKart Logistics,Kolkata,In Transit,3,74.82,nan,4,Yes
5226,5226,2026-07-31,2026-08-03,2026-08-02,SwiftKart Logistics,Kolkata,Delivered,2,142.13,nan,6,Yes
5227,5227,2026-04-09,2026-04-11,2026-04-11,ParcelOne,Chennai,Delivered,1,41.35,nan,6,Yes
5228,5228,2025-03-15,2025-03-20,,SwiftKart Logistics,Chennai,Failed,2,102.87,Customer Unavailable,1,No
5229,5229,2024-12-19,2024-12-21,,SwiftKart Logistics,Chennai,RTO,3,66.68,Customer Refused,4,Yes
5230,5230,2025-01-09,2025-01-12,,SwiftKart Logistics,Kolkata,Failed,1,62.4,Logistics Capacity,3,Yes
5231,5231,2025-08-24,2025-08-26,,ParcelOne,Chennai,RTO,2,46.35,Courier Delay,4,Yes
5232,5232,2025-04-24,2025-04-28,2025-04-27,SwiftKart Logistics,Hyderabad,Delivered,1,41.81,nan,7,Yes
5233,5233,2025-10-23,2025-10-27,2025-10-26,BlueRoute Express,Bengaluru,Delivered,3,174.98,nan,2,No
5234,5234,2025-11-27,2025-12-02,,MetroDeliver,Mumbai,RTO,3,81.86,Logistics Capacity,4,Yes
5235,5235,2026-04-25,2026-04-30,,ParcelOne,Delhi,RTO,2,131.24,Customer Refused,3,Yes
5236,5236,2025-01-29,2025-02-02,,MetroDeliver,Mumbai,RTO,2,57.94,Logistics Capacity,4,Yes
5237,5237,2026-05-02,2026-05-07,,ParcelOne,Mumbai,Failed,3,79.09,Damaged Package,5,Yes
5238,5238,2026-06-12,2026-06-17,2026-06-16,ParcelOne,Delhi,Delivered,2,130.77,nan,4,Yes
5239,5239,2024-12-16,2024-12-18,,BlueRoute Express,Delhi,RTO,2,87.69,Customer Refused,6,Yes
5240,5240,2025-01-01,2025-01-03,2025-01-03,SwiftKart Logistics,Hyderabad,Delivered,1,160.17,nan,1,No
5241,5241,2025-04-25,2025-04-27,2025-04-29,BlueRoute Express,Delhi,Delayed,2,152.41,Courier Delay,7,Yes
5242,5242,2026-05-22,2026-05-26,2026-05-31,MetroDeliver,Kolkata,Delayed,3,53.88,Courier Delay,2,No
5243,5243,2026-07-14,2026-07-16,,ParcelOne,Bengaluru,RTO,1,92.85,Incorrect Address,1,No
5244,5244,2026-04-16,2026-04-20,,QuickShip India,Delhi,RTO,3,77.45,Customer Refused,4,Yes
5245,5245,2025-05-01,2025-05-04,2025-05-03,ParcelOne,Hyderabad,Delivered,1,79.88,nan,7,Yes
5246,5246,2025-05-19,2025-05-21,2025-05-20,MetroDeliver,Hyderabad,Delivered,3,106.09,nan,6,Yes
5247,5247,2024-11-12,2024-11-15,2024-11-15,ParcelOne,Delhi,Delivered,3,42.02,nan,3,Yes
5248,5248,2025-03-23,2025-03-27,2025-03-26,BlueRoute Express,Delhi,Delivered,3,97.93,nan,1,No
5249,5249,2025-05-13,2025-05-16,2025-05-15,RapidX Logistics,Delhi,Delivered,1,179.9,nan,1,No
5250,5250,2026-06-03,2026-06-08,2026-06-07,BlueRoute Express,Delhi,Delivered,2,72.34,nan,0,No
5251,5251,2026-07-08,2026-07-10,2026-07-09,ParcelOne,Kolkata,Delivered,3,118.29,nan,6,Yes
5252,5252,2025-03-05,2025-03-08,2025-03-07,BlueRoute Express,Kolkata,Delivered,3,167.14,nan,5,Yes
5253,5253,2025-04-10,2025-04-14,,BlueRoute Express,Delhi,RTO,1,97.15,Customer Unavailable,-1,No
5254,5254,2024-09-10,2024-09-14,2024-09-12,MetroDeliver,Mumbai,Delivered,2,115.27,nan,4,Yes
5255,5255,2024-10-01,2024-10-06,2024-10-12,RapidX Logistics,Mumbai,Delayed,1,164.9,Courier Delay,1,No
5256,5256,2025-03-12,2025-03-17,2025-03-16,SwiftKart Logistics,Kolkata,Delivered,3,47.03,nan,4,Yes
5257,5257,2025-04-05,2025-04-07,2025-04-10,SwiftKart Logistics,Bengaluru,Delayed,3,124.59,Courier Delay,2,No
5258,5258,2025-03-27,2025-04-01,2025-04-03,MetroDeliver,Chennai,Delayed,1,78.41,Courier Delay,1,No
5259,5259,2025-07-31,2025-08-03,2025-08-05,SwiftKart Logistics,Delhi,Delayed,1,46.57,Courier Delay,1,No
5260,5260,2025-09-07,2025-09-12,2025-09-18,SwiftKart Logistics,Hyderabad,Delayed,2,99.22,Courier Delay,5,Yes
5261,5261,2026-01-01,2026-01-03,,RapidX Logistics,Hyderabad,RTO,2,73.83,Logistics Capacity,2,No
5262,5262,2025-05-17,2025-05-19,2025-05-18,QuickShip India,Chennai,Delivered,1,168.91,nan,3,Yes
5263,5263,2025-06-28,2025-06-30,2025-06-30,BlueRoute Express,Chennai,Delivered,3,178.23,nan,-1,No
5264,5264,2026-01-29,2026-02-01,,MetroDeliver,Kolkata,RTO,1,158.54,Courier Delay,3,Yes
5265,5265,2026-03-12,2026-03-17,,MetroDeliver,Hyderabad,RTO,1,103.62,Incorrect Address,6,Yes
5266,5266,2026-03-06,2026-03-11,,QuickShip India,Mumbai,RTO,3,151.96,Customer Unavailable,6,Yes
5267,5267,2026-04-01,2026-04-03,,QuickShip India,Kolkata,In Transit,1,145.67,nan,-1,No
5268,5268,2026-04-25,2026-04-29,2026-04-29,RapidX Logistics,Bengaluru,Delivered,1,97.25,nan,4,Yes
5269,5269,2026-06-05,2026-06-07,,QuickShip India,Hyderabad,RTO,2,109.04,Courier Delay,7,Yes
5270,5270,2026-03-23,2026-03-28,,RapidX Logistics,Bengaluru,Failed,1,173.87,Courier Delay,0,No
5271,5271,2024-12-17,2024-12-22,,RapidX Logistics,Delhi,Failed,2,79.02,Courier Delay,0,No
5272,5272,2025-01-18,2025-01-22,,ParcelOne,Bengaluru,RTO,1,165.88,Customer Unavailable,7,Yes
5273,5273,2025-03-23,2025-03-25,,ParcelOne,Delhi,In Transit,1,93.59,nan,7,Yes
5274,5274,2026-02-17,2026-02-20,2026-02-19,SwiftKart Logistics,Hyderabad,Delivered,3,98.89,nan,-1,No
5275,5275,2026-07-12,2026-07-15,2026-07-17,QuickShip India,Mumbai,Delayed,1,128.56,Courier Delay,6,Yes
5276,5276,2024-12-07,2024-12-09,,ParcelOne,Kolkata,Failed,2,107.34,Customer Refused,0,No
5277,5277,2025-07-12,2025-07-14,2025-07-13,ParcelOne,Delhi,Delivered,1,45.56,nan,4,Yes
5278,5278,2025-08-01,2025-08-04,,BlueRoute Express,Bengaluru,RTO,3,178.71,Incorrect Address,4,Yes
5279,5279,2025-06-15,2025-06-17,2025-06-16,BlueRoute Express,Bengaluru,Delivered,1,44.09,nan,3,Yes
5280,5280,2025-07-29,2025-08-03,,SwiftKart Logistics,Mumbai,RTO,1,45.26,Courier Delay,3,Yes
5281,5281,2025-03-25,2025-03-28,,BlueRoute Express,Chennai,Failed,3,117.52,Incorrect Address,0,No
5282,5282,2025-04-12,2025-04-17,2025-04-16,RapidX Logistics,Delhi,Delivered,3,177.6,nan,-1,No
5283,5283,2024-11-04,2024-11-06,,ParcelOne,Hyderabad,RTO,2,41.2,Incorrect Address,1,No
5284,5284,2024-11-19,2024-11-21,,ParcelOne,Mumbai,Failed,3,50.6,Customer Unavailable,2,No
5285,5285,2025-11-07,2025-11-12,,SwiftKart Logistics,Bengaluru,Failed,3,150.17,Damaged Package,5,Yes
5286,5286,2025-11-29,2025-12-04,2025-12-03,RapidX Logistics,Bengaluru,Delivered,1,91.59,nan,4,Yes
5287,5287,2024-11-17,2024-11-22,2024-11-21,MetroDeliver,Mumbai,Delivered,2,176.06,nan,1,No
5288,5288,2025-11-23,2025-11-26,,ParcelOne,Hyderabad,Failed,1,161.55,Customer Refused,4,Yes
5289,5289,2025-12-24,2025-12-26,,ParcelOne,Mumbai,Failed,3,78.8,Customer Unavailable,-1,No
5290,5290,2024-08-07,2024-08-09,,RapidX Logistics,Delhi,RTO,1,93.02,Customer Unavailable,3,Yes
5291,5291,2025-10-21,2025-10-26,,BlueRoute Express,Hyderabad,Failed,1,133.05,Incorrect Address,5,Yes
5292,5292,2025-11-13,2025-11-18,,ParcelOne,Kolkata,In Transit,1,92.52,nan,1,No
5293,5293,2026-01-12,2026-01-17,2026-01-15,QuickShip India,Bengaluru,Delivered,3,168.22,nan,7,Yes
5294,5294,2026-02-23,2026-02-27,2026-02-27,BlueRoute Express,Delhi,Delivered,1,117.44,nan,1,No
5295,5295,2026-03-30,2026-04-04,2026-04-02,QuickShip India,Delhi,Delivered,1,105.0,nan,5,Yes
5296,5296,2025-08-15,2025-08-18,,QuickShip India,Chennai,Failed,2,92.98,Customer Unavailable,6,Yes
5297,5297,2025-09-29,2025-10-01,2025-09-30,ParcelOne,Bengaluru,Delivered,1,42.18,nan,2,No
5298,5298,2025-06-24,2025-06-26,2025-06-26,ParcelOne,Bengaluru,Delivered,2,150.79,nan,3,Yes
5299,5299,2026-07-04,2026-07-07,2026-07-10,MetroDeliver,Mumbai,Delayed,2,62.32,Courier Delay,-1,No
5300,5300,2026-07-18,2026-07-23,,QuickShip India,Mumbai,Failed,3,146.29,Incorrect Address,6,Yes
5301,5301,2024-11-13,2024-11-18,2024-11-21,SwiftKart Logistics,Delhi,Delayed,1,108.69,Courier Delay,-1,No
5302,5302,2024-12-25,2024-12-28,2024-12-28,RapidX Logistics,Kolkata,Delivered,2,71.48,nan,5,Yes
5303,5303,2025-06-18,2025-06-23,2025-06-21,MetroDeliver,Kolkata,Delivered,1,54.2,nan,3,Yes
5304,5304,2025-08-02,2025-08-06,2025-08-05,RapidX Logistics,Mumbai,Delivered,1,160.71,nan,-1,No
5305,5305,2026-05-17,2026-05-20,,SwiftKart Logistics,Delhi,RTO,2,43.81,Customer Unavailable,-1,No
5306,5306,2026-06-29,2026-07-03,,ParcelOne,Kolkata,Failed,3,175.03,Damaged Package,4,Yes
5307,5307,2025-04-05,2025-04-10,,SwiftKart Logistics,Kolkata,RTO,2,172.93,Logistics Capacity,2,No
5308,5308,2025-05-03,2025-05-05,2025-05-04,BlueRoute Express,Hyderabad,Delivered,3,168.12,nan,-1,No
5309,5309,2025-12-25,2025-12-28,,MetroDeliver,Chennai,Failed,3,41.77,Damaged Package,4,Yes
5310,5310,2025-02-10,2025-02-13,2025-02-13,BlueRoute Express,Mumbai,Delivered,1,50.85,nan,-1,No
5311,5311,2024-09-28,2024-09-30,2024-09-29,ParcelOne,Chennai,Delivered,1,116.5,nan,4,Yes
5312,5312,2026-06-29,2026-07-04,,QuickShip India,Kolkata,RTO,3,93.77,Logistics Capacity,6,Yes
5313,5313,2026-07-20,2026-07-25,,QuickShip India,Delhi,Failed,1,141.38,Incorrect Address,7,Yes
5314,5314,2026-05-07,2026-05-09,2026-05-07,ParcelOne,Chennai,Delivered,1,46.25,nan,-1,No
5315,5315,2026-06-09,2026-06-13,,QuickShip India,Kolkata,RTO,3,112.03,Logistics Capacity,0,No
5316,5316,2025-09-14,2025-09-18,2025-09-17,SwiftKart Logistics,Bengaluru,Delivered,3,133.06,nan,1,No
5317,5317,2025-10-12,2025-10-14,,BlueRoute Express,Chennai,RTO,3,42.8,Logistics Capacity,3,Yes
5318,5318,2025-08-10,2025-08-15,2025-08-14,RapidX Logistics,Hyderabad,Delivered,3,97.97,nan,-1,No
5319,5319,2025-08-27,2025-08-30,2025-08-29,SwiftKart Logistics,Bengaluru,Delivered,3,168.96,nan,6,Yes
5320,5320,2024-11-02,2024-11-04,2024-11-10,MetroDeliver,Kolkata,Delayed,3,101.5,Courier Delay,2,No
5321,5321,2024-12-03,2024-12-07,2024-12-09,ParcelOne,Bengaluru,Delayed,2,113.68,Courier Delay,6,Yes
5322,5322,2026-04-18,2026-04-22,2026-04-21,QuickShip India,Hyderabad,Delivered,3,105.84,nan,4,Yes
5323,5323,2024-08-08,2024-08-10,,RapidX Logistics,Mumbai,RTO,3,74.42,Customer Unavailable,-1,No
5324,5324,2025-12-27,2026-01-01,,MetroDeliver,Delhi,RTO,2,79.17,Logistics Capacity,0,No
5325,5325,2026-01-17,2026-01-22,,SwiftKart Logistics,Chennai,Failed,3,154.1,Courier Delay,5,Yes
5326,5326,2026-01-18,2026-01-21,,SwiftKart Logistics,Delhi,Failed,2,123.46,Customer Refused,-1,No
5327,5327,2026-02-19,2026-02-21,,BlueRoute Express,Kolkata,Failed,3,102.46,Incorrect Address,-1,No
5328,5328,2026-04-02,2026-04-07,2026-04-07,MetroDeliver,Chennai,Delivered,2,57.0,nan,7,Yes
5329,5329,2024-11-15,2024-11-18,,ParcelOne,Mumbai,RTO,1,168.7,Customer Unavailable,3,Yes
5330,5330,2026-05-18,2026-05-21,2026-05-20,RapidX Logistics,Bengaluru,Delivered,2,73.43,nan,2,No
5331,5331,2026-07-02,2026-07-04,,MetroDeliver,Hyderabad,RTO,1,61.02,Incorrect Address,-1,No
5332,5332,2025-09-06,2025-09-08,,SwiftKart Logistics,Chennai,RTO,2,73.39,Incorrect Address,1,No
5333,5333,2025-10-14,2025-10-19,2025-10-19,QuickShip India,Kolkata,Delivered,2,148.53,nan,4,Yes
5334,5334,2026-03-14,2026-03-19,2026-03-18,ParcelOne,Bengaluru,Delivered,1,143.75,nan,0,No
5335,5335,2026-04-24,2026-04-29,2026-04-29,MetroDeliver,Delhi,Delivered,2,114.42,nan,2,No
5336,5336,2025-09-25,2025-09-27,2025-09-27,QuickShip India,Chennai,Delivered,1,124.8,nan,4,Yes
5337,5337,2025-11-08,2025-11-11,2025-11-10,QuickShip India,Hyderabad,Delivered,2,135.21,nan,-1,No
5338,5338,2024-10-31,2024-11-04,2024-11-04,MetroDeliver,Hyderabad,Delivered,1,56.47,nan,1,No
5339,5339,2025-07-20,2025-07-22,2025-07-21,ParcelOne,Kolkata,Delivered,3,44.52,nan,0,No
5340,5340,2025-08-14,2025-08-19,2025-08-18,MetroDeliver,Bengaluru,Delivered,1,98.54,nan,5,Yes
5341,5341,2026-04-20,2026-04-24,,RapidX Logistics,Chennai,Failed,3,138.35,Customer Refused,0,No
5342,5342,2026-05-11,2026-05-16,2026-05-15,RapidX Logistics,Kolkata,Delivered,1,163.7,nan,4,Yes
5343,5343,2025-07-10,2025-07-15,,QuickShip India,Chennai,RTO,1,101.07,Incorrect Address,4,Yes
5344,5344,2025-08-24,2025-08-29,2025-08-28,RapidX Logistics,Hyderabad,Delivered,3,64.52,nan,4,Yes
5345,5345,2025-11-18,2025-11-23,2025-11-23,ParcelOne,Mumbai,Delivered,1,109.37,nan,3,Yes
5346,5346,2026-05-26,2026-05-30,,BlueRoute Express,Mumbai,Failed,2,83.08,Courier Delay,5,Yes
5347,5347,2026-04-30,2026-05-05,,QuickShip India,Hyderabad,Failed,1,88.39,Courier Delay,1,No
5348,5348,2026-05-17,2026-05-21,,BlueRoute Express,Chennai,In Transit,1,53.05,nan,5,Yes
5349,5349,2026-07-01,2026-07-04,2026-07-03,ParcelOne,Bengaluru,Delivered,1,73.61,nan,7,Yes
5350,5350,2026-07-30,2026-08-03,,MetroDeliver,Kolkata,In Transit,2,131.5,nan,6,Yes
5351,5351,2026-04-17,2026-04-21,2026-04-21,SwiftKart Logistics,Bengaluru,Delivered,3,128.97,nan,7,Yes
5352,5352,2026-05-28,2026-06-02,2026-06-01,RapidX Logistics,Delhi,Delivered,3,67.52,nan,5,Yes
5353,5353,2026-06-13,2026-06-17,,SwiftKart Logistics,Bengaluru,RTO,3,174.14,Logistics Capacity,2,No
5354,5354,2025-10-04,2025-10-07,2025-10-06,MetroDeliver,Kolkata,Delivered,1,61.14,nan,6,Yes
5355,5355,2025-11-12,2025-11-17,2025-11-15,RapidX Logistics,Hyderabad,Delivered,1,148.36,nan,4,Yes
5356,5356,2025-08-05,2025-08-09,2025-08-14,QuickShip India,Bengaluru,Delayed,1,86.6,Courier Delay,0,No
5357,5357,2026-06-21,2026-06-23,,BlueRoute Express,Bengaluru,Failed,1,55.15,Courier Delay,2,No
5358,5358,2025-07-15,2025-07-17,2025-07-22,ParcelOne,Mumbai,Delayed,3,76.01,Courier Delay,4,Yes
5359,5359,2025-08-12,2025-08-14,,RapidX Logistics,Bengaluru,RTO,2,168.52,Courier Delay,3,Yes
5360,5360,2025-05-05,2025-05-09,2025-05-08,QuickShip India,Hyderabad,Delivered,2,150.53,nan,6,Yes
5361,5361,2025-01-29,2025-02-02,2025-02-01,BlueRoute Express,Bengaluru,Delivered,2,94.08,nan,0,No
5362,5362,2025-02-16,2025-02-20,2025-02-20,BlueRoute Express,Hyderabad,Delivered,1,56.31,nan,6,Yes
5363,5363,2025-07-30,2025-08-04,2025-08-07,RapidX Logistics,Hyderabad,Delayed,1,151.71,Courier Delay,6,Yes
5364,5364,2025-08-24,2025-08-26,2025-08-30,MetroDeliver,Mumbai,Delayed,1,62.95,Courier Delay,3,Yes
5365,5365,2025-12-01,2025-12-04,2025-12-03,MetroDeliver,Bengaluru,Delivered,3,80.43,nan,-1,No
5366,5366,2025-12-29,2026-01-03,2026-01-03,BlueRoute Express,Mumbai,Delivered,3,165.58,nan,1,No
5367,5367,2025-01-15,2025-01-20,,RapidX Logistics,Chennai,RTO,1,158.5,Customer Unavailable,0,No
5368,5368,2025-01-31,2025-02-02,2025-02-08,SwiftKart Logistics,Hyderabad,Delayed,2,173.38,Courier Delay,2,No
5369,5369,2025-08-18,2025-08-20,2025-08-24,RapidX Logistics,Mumbai,Delayed,2,152.04,Courier Delay,2,No
5370,5370,2025-09-06,2025-09-11,2025-09-11,MetroDeliver,Chennai,Delivered,3,54.47,nan,-1,No
5371,5371,2026-06-19,2026-06-23,,BlueRoute Express,Kolkata,Failed,2,78.05,Courier Delay,2,No
5372,5372,2026-07-16,2026-07-21,,SwiftKart Logistics,Kolkata,RTO,1,73.54,Incorrect Address,-1,No
5373,5373,2026-05-11,2026-05-14,2026-05-14,QuickShip India,Bengaluru,Delivered,3,112.26,nan,6,Yes
5374,5374,2025-07-06,2025-07-11,2025-07-11,RapidX Logistics,Bengaluru,Delivered,1,141.45,nan,2,No
5375,5375,2025-07-26,2025-07-28,,MetroDeliver,Hyderabad,Failed,2,44.69,Customer Unavailable,2,No
5376,5376,2025-10-24,2025-10-26,,MetroDeliver,Delhi,Failed,3,79.0,Courier Delay,0,No
5377,5377,2025-11-16,2025-11-20,2025-11-19,RapidX Logistics,Mumbai,Delivered,2,58.31,nan,1,No
5378,5378,2025-06-01,2025-06-05,2025-06-07,ParcelOne,Bengaluru,Delayed,3,118.03,Courier Delay,2,No
5379,5379,2024-12-28,2024-12-30,2024-12-30,SwiftKart Logistics,Delhi,Delivered,2,164.75,nan,6,Yes
5380,5380,2025-01-25,2025-01-28,,RapidX Logistics,Delhi,In Transit,3,89.15,nan,-1,No
5381,5381,2024-09-13,2024-09-17,,BlueRoute Express,Mumbai,RTO,2,100.35,Customer Unavailable,1,No
5382,5382,2025-08-27,2025-08-29,2025-08-28,QuickShip India,Mumbai,Delivered,2,131.72,nan,5,Yes
5383,5383,2025-10-05,2025-10-09,,QuickShip India,Delhi,RTO,2,179.18,Customer Unavailable,7,Yes
5384,5384,2025-09-07,2025-09-10,2025-09-08,BlueRoute Express,Chennai,Delivered,3,50.88,nan,-1,No
5385,5385,2026-01-17,2026-01-21,2026-01-20,QuickShip India,Chennai,Delivered,3,108.55,nan,7,Yes
5386,5386,2025-12-01,2025-12-05,,SwiftKart Logistics,Mumbai,In Transit,3,78.92,nan,-1,No
5387,5387,2026-05-26,2026-05-30,2026-05-29,QuickShip India,Chennai,Delivered,2,153.57,nan,1,No
5388,5388,2025-04-17,2025-04-21,2025-04-20,ParcelOne,Bengaluru,Delivered,2,87.41,nan,2,No
5389,5389,2025-11-05,2025-11-08,,RapidX Logistics,Kolkata,RTO,2,170.87,Customer Unavailable,1,No
5390,5390,2025-12-01,2025-12-04,2025-12-04,ParcelOne,Delhi,Delivered,3,143.01,nan,4,Yes
5391,5391,2026-04-02,2026-04-06,2026-04-05,RapidX Logistics,Hyderabad,Delivered,1,123.2,nan,1,No
5392,5392,2026-05-11,2026-05-13,,ParcelOne,Delhi,RTO,1,160.35,Incorrect Address,4,Yes
5393,5393,2025-09-03,2025-09-08,,SwiftKart Logistics,Mumbai,Failed,2,168.84,Damaged Package,3,Yes
5394,5394,2025-10-14,2025-10-17,,ParcelOne,Mumbai,Failed,3,162.65,Courier Delay,0,No
5395,5395,2024-11-07,2024-11-10,,RapidX Logistics,Kolkata,Failed,2,120.32,Courier Delay,-1,No
5396,5396,2026-06-01,2026-06-04,2026-06-02,QuickShip India,Kolkata,Delivered,3,49.56,nan,7,Yes
5397,5397,2026-06-22,2026-06-26,,QuickShip India,Hyderabad,RTO,1,131.48,Customer Refused,0,No
5398,5398,2024-09-12,2024-09-17,2024-09-17,QuickShip India,Mumbai,Delivered,2,145.47,nan,0,No
5399,5399,2025-12-11,2025-12-15,,SwiftKart Logistics,Chennai,In Transit,2,154.88,nan,7,Yes
5400,5400,2024-10-08,2024-10-11,,ParcelOne,Chennai,In Transit,3,169.91,nan,1,No
5401,5401,2026-01-14,2026-01-18,2026-01-18,MetroDeliver,Hyderabad,Delivered,3,132.21,nan,5,Yes
5402,5402,2026-02-10,2026-02-14,2026-02-20,SwiftKart Logistics,Hyderabad,Delayed,1,131.28,Courier Delay,2,No
5403,5403,2026-06-15,2026-06-17,,BlueRoute Express,Mumbai,RTO,1,73.68,Logistics Capacity,2,No
5404,5404,2026-07-23,2026-07-25,2026-07-24,QuickShip India,Kolkata,Delivered,1,64.26,nan,1,No
5405,5405,2024-08-05,2024-08-10,2024-08-09,MetroDeliver,Mumbai,Delivered,2,45.06,nan,4,Yes
5406,5406,2024-09-02,2024-09-07,,SwiftKart Logistics,Chennai,RTO,2,136.35,Damaged Package,-1,No
5407,5407,2025-03-16,2025-03-19,,SwiftKart Logistics,Kolkata,RTO,2,40.77,Customer Unavailable,3,Yes
5408,5408,2025-05-24,2025-05-28,2025-05-27,RapidX Logistics,Kolkata,Delivered,2,152.85,nan,1,No
5409,5409,2026-01-04,2026-01-06,,SwiftKart Logistics,Bengaluru,In Transit,3,114.2,nan,4,Yes
5410,5410,2024-11-01,2024-11-04,2024-11-07,BlueRoute Express,Hyderabad,Delayed,2,80.89,Courier Delay,-1,No
5411,5411,2024-12-28,2025-01-02,2024-12-31,ParcelOne,Bengaluru,Delivered,2,168.72,nan,4,Yes
5412,5412,2024-08-26,2024-08-31,2024-08-30,MetroDeliver,Bengaluru,Delivered,1,93.84,nan,7,Yes
5413,5413,2026-03-22,2026-03-26,,ParcelOne,Hyderabad,RTO,3,140.3,Customer Unavailable,1,No
5414,5414,2025-07-21,2025-07-24,2025-07-30,RapidX Logistics,Kolkata,Delayed,3,46.89,Courier Delay,2,No
5415,5415,2025-08-19,2025-08-23,2025-08-22,SwiftKart Logistics,Mumbai,Delivered,2,166.48,nan,1,No
5416,5416,2025-10-18,2025-10-21,2025-10-20,BlueRoute Express,Delhi,Delivered,3,150.32,nan,3,Yes
5417,5417,2025-11-29,2025-12-02,,RapidX Logistics,Delhi,Failed,1,41.5,Logistics Capacity,7,Yes
5418,5418,2026-07-15,2026-07-18,2026-07-20,SwiftKart Logistics,Delhi,Delayed,1,83.32,Courier Delay,7,Yes
5419,5419,2026-03-15,2026-03-20,,BlueRoute Express,Chennai,Failed,1,144.47,Logistics Capacity,0,No
5420,5420,2026-04-24,2026-04-26,2026-04-26,SwiftKart Logistics,Hyderabad,Delivered,2,40.19,nan,5,Yes
5421,5421,2025-11-28,2025-12-03,2025-12-03,ParcelOne,Kolkata,Delivered,1,83.98,nan,-1,No
5422,5422,2026-01-06,2026-01-08,,ParcelOne,Mumbai,Failed,2,105.16,Customer Unavailable,0,No
5423,5423,2025-03-28,2025-03-31,2025-04-05,BlueRoute Express,Bengaluru,Delayed,3,85.79,Courier Delay,2,No
5424,5424,2025-02-03,2025-02-08,,SwiftKart Logistics,Kolkata,Failed,2,158.61,Customer Refused,7,Yes
5425,5425,2025-03-01,2025-03-06,,ParcelOne,Delhi,RTO,1,146.26,Courier Delay,1,No
5426,5426,2026-02-06,2026-02-08,2026-02-07,BlueRoute Express,Bengaluru,Delivered,2,122.14,nan,2,No
5427,5427,2025-05-26,2025-05-31,2025-05-29,SwiftKart Logistics,Delhi,Delivered,3,109.42,nan,2,No
5428,5428,2025-07-17,2025-07-20,,RapidX Logistics,Mumbai,In Transit,3,138.39,nan,2,No
5429,5429,2025-06-11,2025-06-16,2025-06-15,QuickShip India,Delhi,Delivered,3,159.7,nan,3,Yes
5430,5430,2025-07-12,2025-07-15,2025-07-14,ParcelOne,Bengaluru,Delivered,3,84.19,nan,-1,No
5431,5431,2026-03-03,2026-03-08,2026-03-07,RapidX Logistics,Hyderabad,Delivered,2,146.1,nan,2,No
5432,5432,2024-11-08,2024-11-13,2024-11-12,QuickShip India,Chennai,Delivered,3,121.52,nan,0,No
5433,5433,2024-11-24,2024-11-27,,RapidX Logistics,Mumbai,RTO,2,82.32,Customer Refused,5,Yes
5434,5434,2024-12-17,2024-12-22,2024-12-25,MetroDeliver,Kolkata,Delayed,2,112.24,Courier Delay,0,No
5435,5435,2025-09-03,2025-09-07,2025-09-06,MetroDeliver,Mumbai,Delivered,1,129.96,nan,2,No
5436,5436,2025-10-08,2025-10-11,2025-10-15,RapidX Logistics,Mumbai,Delayed,1,110.32,Courier Delay,2,No
5437,5437,2025-11-20,2025-11-23,2025-11-23,MetroDeliver,Mumbai,Delivered,2,126.01,nan,7,Yes
5438,5438,2025-03-20,2025-03-25,,MetroDeliver,Bengaluru,Failed,3,60.05,Damaged Package,5,Yes
5439,5439,2026-02-18,2026-02-20,,ParcelOne,Delhi,RTO,2,104.52,Damaged Package,4,Yes
5440,5440,2026-04-27,2026-05-02,,QuickShip India,Kolkata,RTO,3,135.66,Damaged Package,2,No
5441,5441,2025-07-25,2025-07-29,2025-07-28,RapidX Logistics,Hyderabad,Delivered,3,84.41,nan,0,No
5442,5442,2024-12-16,2024-12-21,2024-12-21,BlueRoute Express,Bengaluru,Delivered,3,100.84,nan,1,No
5443,5443,2026-02-11,2026-02-15,,QuickShip India,Mumbai,Failed,3,130.64,Logistics Capacity,7,Yes
5444,5444,2024-10-03,2024-10-08,,BlueRoute Express,Delhi,Failed,1,74.4,Incorrect Address,5,Yes
5445,5445,2025-05-30,2025-06-04,2025-06-03,RapidX Logistics,Chennai,Delivered,3,110.02,nan,6,Yes
5446,5446,2025-01-28,2025-02-02,,QuickShip India,Bengaluru,RTO,3,136.57,Damaged Package,1,No
5447,5447,2024-08-14,2024-08-19,2024-08-19,MetroDeliver,Delhi,Delivered,3,111.88,nan,3,Yes
5448,5448,2024-09-25,2024-09-29,2024-09-29,RapidX Logistics,Kolkata,Delivered,3,160.2,nan,4,Yes
5449,5449,2026-01-27,2026-01-30,,SwiftKart Logistics,Chennai,In Transit,1,95.47,nan,2,No
5450,5450,2025-02-20,2025-02-22,2025-02-26,MetroDeliver,Bengaluru,Delayed,2,152.8,Courier Delay,7,Yes
5451,5451,2026-07-12,2026-07-17,,QuickShip India,Mumbai,RTO,1,125.5,Customer Refused,1,No
5452,5452,2026-08-14,2026-08-17,2026-08-19,QuickShip India,Chennai,Delayed,2,93.79,Courier Delay,6,Yes
5453,5453,2026-01-26,2026-01-31,2026-01-31,QuickShip India,Hyderabad,Delivered,1,68.41,nan,-1,No
5454,5454,2025-08-12,2025-08-14,,RapidX Logistics,Bengaluru,Failed,2,69.48,Customer Unavailable,6,Yes
5455,5455,2025-09-26,2025-09-30,2025-09-29,MetroDeliver,Chennai,Delivered,3,114.77,nan,2,No
5456,5456,2025-10-31,2025-11-05,2025-11-04,BlueRoute Express,Kolkata,Delivered,1,155.11,nan,2,No
5457,5457,2025-05-11,2025-05-14,,SwiftKart Logistics,Chennai,RTO,1,62.28,Customer Unavailable,5,Yes
5458,5458,2026-07-20,2026-07-22,,SwiftKart Logistics,Delhi,In Transit,3,44.41,nan,4,Yes
5459,5459,2026-05-04,2026-05-09,2026-05-11,QuickShip India,Bengaluru,Delayed,2,146.85,Courier Delay,-1,No
5460,5460,2026-06-05,2026-06-07,2026-06-12,RapidX Logistics,Mumbai,Delayed,3,48.87,Courier Delay,0,No
5461,5461,2025-06-04,2025-06-09,,RapidX Logistics,Chennai,Failed,1,113.02,Customer Unavailable,0,No
5462,5462,2025-07-22,2025-07-24,2025-07-22,BlueRoute Express,Hyderabad,Delivered,2,54.17,nan,5,Yes
5463,5463,2025-12-04,2025-12-09,2025-12-15,BlueRoute Express,Delhi,Delayed,2,81.18,Courier Delay,7,Yes
5464,5464,2026-01-02,2026-01-05,2026-01-08,QuickShip India,Hyderabad,Delayed,3,162.03,Courier Delay,2,No
5465,5465,2026-07-10,2026-07-14,2026-07-13,SwiftKart Logistics,Hyderabad,Delivered,1,42.11,nan,6,Yes
5466,5466,2024-09-09,2024-09-14,2024-09-19,BlueRoute Express,Kolkata,Delayed,3,121.26,Courier Delay,6,Yes
5467,5467,2024-09-27,2024-10-01,2024-10-01,QuickShip India,Hyderabad,Delivered,2,42.26,nan,0,No
5468,5468,2026-05-09,2026-05-12,,RapidX Logistics,Chennai,In Transit,1,104.19,nan,4,Yes
5469,5469,2024-08-20,2024-08-22,,QuickShip India,Delhi,In Transit,1,68.92,nan,3,Yes
5470,5470,2025-09-19,2025-09-22,,RapidX Logistics,Chennai,RTO,3,146.31,Customer Refused,-1,No
5471,5471,2025-12-26,2025-12-30,2025-12-30,SwiftKart Logistics,Mumbai,Delivered,1,93.63,nan,7,Yes
5472,5472,2026-02-05,2026-02-10,,BlueRoute Express,Bengaluru,RTO,2,133.35,Customer Refused,6,Yes
5473,5473,2025-07-23,2025-07-26,,MetroDeliver,Delhi,RTO,3,159.51,Incorrect Address,6,Yes
5474,5474,2025-08-31,2025-09-04,2025-09-02,SwiftKart Logistics,Hyderabad,Delivered,3,114.87,nan,0,No
5475,5475,2026-03-06,2026-03-10,,SwiftKart Logistics,Mumbai,Failed,3,46.41,Incorrect Address,5,Yes
5476,5476,2026-04-12,2026-04-17,,BlueRoute Express,Bengaluru,RTO,1,103.54,Incorrect Address,-1,No
5477,5477,2025-06-23,2025-06-26,,QuickShip India,Kolkata,In Transit,3,122.24,nan,7,Yes
5478,5478,2025-07-29,2025-08-01,2025-07-31,QuickShip India,Bengaluru,Delivered,3,110.79,nan,6,Yes
5479,5479,2025-02-24,2025-02-26,,RapidX Logistics,Bengaluru,Failed,1,129.04,Courier Delay,5,Yes
5480,5480,2025-12-25,2025-12-28,,RapidX Logistics,Hyderabad,RTO,2,122.76,Logistics Capacity,2,No
5481,5481,2024-10-31,2024-11-02,,SwiftKart Logistics,Kolkata,In Transit,2,58.6,nan,7,Yes
5482,5482,2024-11-16,2024-11-20,2024-11-19,MetroDeliver,Delhi,Delivered,2,137.03,nan,6,Yes
5483,5483,2026-03-01,2026-03-03,2026-03-06,MetroDeliver,Mumbai,Delayed,1,131.77,Courier Delay,6,Yes
5484,5484,2026-04-12,2026-04-15,,RapidX Logistics,Bengaluru,In Transit,2,123.98,nan,5,Yes
5485,5485,2025-02-09,2025-02-11,,BlueRoute Express,Mumbai,RTO,2,77.76,Logistics Capacity,1,No
5486,5486,2025-03-21,2025-03-23,,SwiftKart Logistics,Delhi,RTO,2,148.62,Incorrect Address,3,Yes
5487,5487,2025-08-25,2025-08-27,2025-08-26,SwiftKart Logistics,Kolkata,Delivered,2,134.72,nan,2,No
5488,5488,2025-09-26,2025-09-29,2025-09-29,SwiftKart Logistics,Delhi,Delivered,1,144.52,nan,-1,No
5489,5489,2025-10-21,2025-10-25,2025-10-24,QuickShip India,Hyderabad,Delivered,1,54.74,nan,6,Yes
5490,5490,2025-11-18,2025-11-23,,MetroDeliver,Chennai,RTO,2,125.61,Courier Delay,1,No
5491,5491,2026-03-04,2026-03-06,,MetroDeliver,Delhi,Failed,2,73.01,Incorrect Address,4,Yes
5492,5492,2026-03-29,2026-04-02,2026-04-01,MetroDeliver,Chennai,Delivered,1,98.71,nan,2,No
5493,5493,2025-10-24,2025-10-26,2025-10-26,QuickShip India,Hyderabad,Delivered,3,141.9,nan,-1,No
5494,5494,2025-11-10,2025-11-15,2025-11-14,ParcelOne,Hyderabad,Delivered,2,109.44,nan,3,Yes
5495,5495,2025-12-03,2025-12-07,,SwiftKart Logistics,Hyderabad,In Transit,2,141.65,nan,1,No
5496,5496,2026-01-11,2026-01-14,2026-01-14,QuickShip India,Kolkata,Delivered,3,49.14,nan,5,Yes
5497,5497,2026-02-15,2026-02-17,2026-02-16,MetroDeliver,Bengaluru,Delivered,1,117.17,nan,2,No
5498,5498,2026-03-12,2026-03-16,2026-03-15,ParcelOne,Kolkata,Delivered,1,56.45,nan,6,Yes
5499,5499,2025-05-09,2025-05-14,2025-05-14,MetroDeliver,Delhi,Delivered,1,128.66,nan,1,No
5500,5500,2025-05-28,2025-06-01,2025-05-31,BlueRoute Express,Bengaluru,Delivered,3,154.76,nan,4,Yes
5501,5501,2025-07-09,2025-07-14,2025-07-14,BlueRoute Express,Hyderabad,Delivered,3,115.16,nan,-1,No
5502,5502,2025-08-09,2025-08-13,2025-08-12,RapidX Logistics,Kolkata,Delivered,2,132.62,nan,4,Yes
5503,5503,2025-08-25,2025-08-27,2025-08-26,MetroDeliver,Delhi,Delivered,2,60.8,nan,5,Yes
5504,5504,2025-09-26,2025-09-28,2025-09-27,SwiftKart Logistics,Mumbai,Delivered,3,159.65,nan,7,Yes
5505,5505,2025-11-05,2025-11-09,2025-11-08,BlueRoute Express,Hyderabad,Delivered,1,43.8,nan,1,No
5506,5506,2024-09-25,2024-09-30,2024-09-29,MetroDeliver,Delhi,Delivered,2,129.3,nan,6,Yes
5507,5507,2025-11-10,2025-11-14,2025-11-14,SwiftKart Logistics,Hyderabad,Delivered,1,76.61,nan,7,Yes
5508,5508,2025-11-25,2025-11-30,2025-11-30,QuickShip India,Kolkata,Delivered,2,136.0,nan,2,No
5509,5509,2026-01-05,2026-01-07,2026-01-06,BlueRoute Express,Kolkata,Delivered,3,45.09,nan,6,Yes
5510,5510,2025-08-14,2025-08-16,2025-08-15,QuickShip India,Hyderabad,Delivered,2,156.54,nan,0,No
5511,5511,2025-09-22,2025-09-26,2025-09-25,RapidX Logistics,Kolkata,Delivered,1,41.11,nan,6,Yes
5512,5512,2026-07-23,2026-07-28,2026-07-27,SwiftKart Logistics,Hyderabad,Delivered,2,93.15,nan,3,Yes
5513,5513,2025-03-24,2025-03-27,2025-03-27,RapidX Logistics,Kolkata,Delivered,3,159.18,nan,-1,No
5514,5514,2025-05-01,2025-05-04,2025-05-03,MetroDeliver,Bengaluru,Delivered,3,164.58,nan,2,No
5515,5515,2025-06-03,2025-06-06,2025-06-05,BlueRoute Express,Bengaluru,Delivered,2,132.31,nan,0,No
5516,5516,2025-07-08,2025-07-12,2025-07-10,RapidX Logistics,Mumbai,Delivered,2,135.43,nan,-1,No
5517,5517,2025-06-21,2025-06-25,2025-06-24,QuickShip India,Mumbai,Delivered,2,61.82,nan,0,No
5518,5518,2025-07-23,2025-07-28,2025-07-27,MetroDeliver,Delhi,Delivered,1,175.53,nan,4,Yes
5519,5519,2025-08-30,2025-09-01,2025-08-30,RapidX Logistics,Bengaluru,Delivered,3,162.68,nan,4,Yes
5520,5520,2025-05-17,2025-05-19,2025-05-18,RapidX Logistics,Hyderabad,Delivered,3,176.99,nan,-1,No
5521,5521,2025-06-06,2025-06-09,2025-06-09,RapidX Logistics,Delhi,Delivered,1,165.89,nan,0,No
5522,5522,2025-07-14,2025-07-17,2025-07-17,ParcelOne,Mumbai,Delivered,1,45.1,nan,3,Yes
5523,5523,2025-08-16,2025-08-21,2025-08-21,ParcelOne,Hyderabad,Delivered,3,87.9,nan,3,Yes
5524,5524,2025-09-17,2025-09-22,2025-09-22,RapidX Logistics,Bengaluru,Delivered,1,68.22,nan,5,Yes
5525,5525,2025-10-22,2025-10-24,2025-10-23,SwiftKart Logistics,Delhi,Delivered,3,115.5,nan,0,No
5526,5526,2026-06-21,2026-06-26,,ParcelOne,Hyderabad,In Transit,3,138.92,nan,7,Yes
5527,5527,2026-07-12,2026-07-15,2026-07-14,BlueRoute Express,Delhi,Delivered,1,136.11,nan,4,Yes
5528,5528,2025-08-18,2025-08-21,2025-08-20,ParcelOne,Kolkata,Delivered,2,59.61,nan,5,Yes
5529,5529,2025-09-17,2025-09-20,2025-09-20,SwiftKart Logistics,Bengaluru,Delivered,1,108.12,nan,2,No
5530,5530,2025-10-31,2025-11-04,2025-11-03,ParcelOne,Kolkata,Delivered,2,132.66,nan,0,No
5531,5531,2025-12-21,2025-12-23,2025-12-22,MetroDeliver,Kolkata,Delivered,2,149.28,nan,7,Yes
5532,5532,2026-01-15,2026-01-20,,MetroDeliver,Chennai,In Transit,1,124.58,nan,7,Yes
5533,5533,2026-02-22,2026-02-26,2026-02-25,MetroDeliver,Bengaluru,Delivered,2,111.28,nan,1,No
5534,5534,2026-03-31,2026-04-05,2026-04-05,QuickShip India,Kolkata,Delivered,3,74.33,nan,3,Yes
5535,5535,2026-05-12,2026-05-14,2026-05-13,QuickShip India,Chennai,Delivered,1,74.41,nan,1,No
5536,5536,2024-12-28,2024-12-30,2024-12-30,QuickShip India,Kolkata,Delivered,3,143.83,nan,6,Yes
5537,5537,2025-12-13,2025-12-18,2025-12-18,MetroDeliver,Chennai,Delivered,3,86.01,nan,6,Yes
5538,5538,2026-01-06,2026-01-09,2026-01-07,RapidX Logistics,Chennai,Delivered,3,97.96,nan,3,Yes
5539,5539,2026-02-07,2026-02-09,2026-02-08,SwiftKart Logistics,Mumbai,Delivered,3,129.9,nan,4,Yes
5540,5540,2026-03-12,2026-03-17,2026-03-17,ParcelOne,Mumbai,Delivered,1,64.45,nan,3,Yes
5541,5541,2026-03-26,2026-03-30,2026-03-29,SwiftKart Logistics,Mumbai,Delivered,2,98.23,nan,6,Yes
5542,5542,2026-05-13,2026-05-16,2026-05-16,MetroDeliver,Hyderabad,Delivered,2,122.78,nan,0,No
5543,5543,2026-06-18,2026-06-22,2026-06-20,QuickShip India,Hyderabad,Delivered,3,177.18,nan,6,Yes
5544,5544,2026-07-22,2026-07-24,2026-07-23,ParcelOne,Bengaluru,Delivered,2,52.96,nan,6,Yes
5545,5545,2024-08-10,2024-08-14,2024-08-13,RapidX Logistics,Chennai,Delivered,3,60.94,nan,7,Yes
5546,5546,2025-03-12,2025-03-17,2025-03-16,BlueRoute Express,Hyderabad,Delivered,1,147.92,nan,-1,No
5547,5547,2025-11-14,2025-11-17,2025-11-17,RapidX Logistics,Mumbai,Delivered,2,129.39,nan,1,No
5548,5548,2025-12-08,2025-12-13,2025-12-13,SwiftKart Logistics,Mumbai,Delivered,1,91.82,nan,7,Yes
5549,5549,2025-12-25,2025-12-27,2025-12-26,BlueRoute Express,Chennai,Delivered,2,161.81,nan,1,No
5550,5550,2026-01-30,2026-02-01,2026-01-31,BlueRoute Express,Bengaluru,Delivered,2,84.81,nan,7,Yes
5551,5551,2026-03-07,2026-03-11,2026-03-10,BlueRoute Express,Chennai,Delivered,2,47.43,nan,7,Yes
5552,5552,2026-03-30,2026-04-01,2026-03-31,MetroDeliver,Bengaluru,Delivered,2,52.37,nan,-1,No
5553,5553,2026-04-17,2026-04-19,,SwiftKart Logistics,Hyderabad,In Transit,2,171.33,nan,4,Yes
5554,5554,2026-05-28,2026-06-01,,RapidX Logistics,Bengaluru,In Transit,3,96.94,nan,-1,No
5555,5555,2026-07-12,2026-07-16,2026-07-16,MetroDeliver,Kolkata,Delivered,2,119.59,nan,3,Yes
5556,5556,2025-11-05,2025-11-08,2025-11-07,RapidX Logistics,Mumbai,Delivered,1,90.76,nan,2,No
5557,5557,2025-12-03,2025-12-06,2025-12-05,ParcelOne,Hyderabad,Delivered,1,142.84,nan,1,No
5558,5558,2026-01-15,2026-01-20,2026-01-20,ParcelOne,Hyderabad,Delivered,3,64.94,nan,-1,No
5559,5559,2026-02-08,2026-02-12,2026-02-11,RapidX Logistics,Kolkata,Delivered,3,177.8,nan,5,Yes
5560,5560,2026-03-21,2026-03-24,2026-03-24,QuickShip India,Hyderabad,Delivered,2,44.51,nan,-1,No
5561,5561,2026-04-14,2026-04-19,2026-04-18,SwiftKart Logistics,Chennai,Delivered,3,43.36,nan,0,No
5562,5562,2024-11-26,2024-11-30,,MetroDeliver,Hyderabad,In Transit,1,123.28,nan,4,Yes
5563,5563,2024-09-01,2024-09-04,2024-09-03,SwiftKart Logistics,Hyderabad,Delivered,3,114.51,nan,0,No
5564,5564,2024-09-16,2024-09-18,,QuickShip India,Kolkata,In Transit,2,63.93,nan,6,Yes
5565,5565,2026-03-31,2026-04-04,2026-04-03,MetroDeliver,Hyderabad,Delivered,2,56.65,nan,6,Yes
5566,5566,2026-04-29,2026-05-02,2026-05-02,MetroDeliver,Hyderabad,Delivered,3,100.94,nan,5,Yes
5567,5567,2026-05-23,2026-05-26,2026-05-25,ParcelOne,Delhi,Delivered,1,102.02,nan,1,No
5568,5568,2025-01-19,2025-01-21,2025-01-20,MetroDeliver,Mumbai,Delivered,3,118.43,nan,-1,No
5569,5569,2025-02-06,2025-02-08,2025-02-07,ParcelOne,Hyderabad,Delivered,3,171.61,nan,6,Yes
5570,5570,2025-03-10,2025-03-12,2025-03-11,QuickShip India,Hyderabad,Delivered,3,107.8,nan,7,Yes
5571,5571,2025-04-09,2025-04-14,2025-04-12,SwiftKart Logistics,Chennai,Delivered,1,86.21,nan,-1,No
5572,5572,2025-05-02,2025-05-04,2025-05-03,BlueRoute Express,Chennai,Delivered,2,66.97,nan,6,Yes
5573,5573,2025-05-21,2025-05-25,2025-05-24,RapidX Logistics,Delhi,Delivered,2,126.09,nan,4,Yes
5574,5574,2025-06-21,2025-06-26,2025-06-25,MetroDeliver,Delhi,Delivered,1,153.63,nan,-1,No
5575,5575,2025-03-21,2025-03-25,2025-03-24,ParcelOne,Chennai,Delivered,1,158.24,nan,-1,No
5576,5576,2025-04-06,2025-04-10,,QuickShip India,Bengaluru,In Transit,1,92.75,nan,4,Yes
5577,5577,2025-05-13,2025-05-17,2025-05-17,ParcelOne,Delhi,Delivered,1,58.97,nan,5,Yes
5578,5578,2025-01-12,2025-01-15,2025-01-13,SwiftKart Logistics,Hyderabad,Delivered,2,68.98,nan,4,Yes
5579,5579,2025-02-23,2025-02-26,2025-02-25,MetroDeliver,Kolkata,Delivered,1,135.46,nan,4,Yes
5580,5580,2025-03-21,2025-03-26,,SwiftKart Logistics,Mumbai,In Transit,3,112.94,nan,0,No
5581,5581,2025-04-07,2025-04-10,2025-04-09,QuickShip India,Bengaluru,Delivered,2,73.36,nan,-1,No
5582,5582,2025-07-13,2025-07-18,2025-07-17,SwiftKart Logistics,Chennai,Delivered,2,63.96,nan,3,Yes
5583,5583,2025-08-17,2025-08-20,2025-08-19,ParcelOne,Hyderabad,Delivered,3,117.66,nan,3,Yes
5584,5584,2025-09-19,2025-09-23,,BlueRoute Express,Bengaluru,In Transit,1,78.72,nan,4,Yes
5585,5585,2025-03-09,2025-03-12,2025-03-10,MetroDeliver,Mumbai,Delivered,3,123.46,nan,2,No
5586,5586,2025-03-24,2025-03-29,2025-03-29,ParcelOne,Hyderabad,Delivered,3,163.18,nan,2,No
5587,5587,2026-02-12,2026-02-15,2026-02-14,MetroDeliver,Mumbai,Delivered,2,84.97,nan,2,No
5588,5588,2026-06-05,2026-06-10,2026-06-10,RapidX Logistics,Delhi,Delivered,3,74.36,nan,1,No
5589,5589,2026-07-04,2026-07-08,,MetroDeliver,Bengaluru,In Transit,3,46.77,nan,2,No
5590,5590,2026-07-20,2026-07-23,,SwiftKart Logistics,Kolkata,In Transit,2,91.55,nan,7,Yes
5591,5591,2026-08-12,2026-08-17,2026-08-16,ParcelOne,Kolkata,Delivered,3,99.96,nan,3,Yes
5592,5592,2025-03-08,2025-03-11,2025-03-10,RapidX Logistics,Chennai,Delivered,2,125.79,nan,4,Yes
5593,5593,2025-04-05,2025-04-10,2025-04-09,QuickShip India,Mumbai,Delivered,3,90.04,nan,5,Yes
5594,5594,2025-05-07,2025-05-09,2025-05-08,QuickShip India,Kolkata,Delivered,3,113.91,nan,0,No
5595,5595,2025-06-05,2025-06-09,2025-06-08,SwiftKart Logistics,Chennai,Delivered,1,96.24,nan,1,No
5596,5596,2025-07-11,2025-07-14,2025-07-14,MetroDeliver,Chennai,Delivered,3,156.42,nan,6,Yes
5597,5597,2025-08-20,2025-08-23,2025-08-23,BlueRoute Express,Chennai,Delivered,2,68.9,nan,2,No
5598,5598,2025-10-03,2025-10-06,2025-10-06,SwiftKart Logistics,Mumbai,Delivered,2,84.51,nan,3,Yes
5599,5599,2025-12-04,2025-12-08,2025-12-07,MetroDeliver,Bengaluru,Delivered,2,61.23,nan,5,Yes
5600,5600,2026-01-08,2026-01-12,2026-01-11,MetroDeliver,Delhi,Delivered,3,142.65,nan,5,Yes
5601,5601,2026-02-17,2026-02-20,2026-02-19,BlueRoute Express,Kolkata,Delivered,1,112.72,nan,4,Yes
5602,5602,2026-03-01,2026-03-06,2026-03-04,QuickShip India,Hyderabad,Delivered,2,93.78,nan,5,Yes
5603,5603,2025-07-03,2025-07-08,2025-07-08,RapidX Logistics,Chennai,Delivered,3,88.85,nan,3,Yes
5604,5604,2025-08-11,2025-08-15,2025-08-13,SwiftKart Logistics,Delhi,Delivered,1,172.66,nan,4,Yes
5605,5605,2025-09-08,2025-09-12,2025-09-12,ParcelOne,Delhi,Delivered,3,160.02,nan,6,Yes
5606,5606,2025-10-19,2025-10-22,2025-10-22,SwiftKart Logistics,Mumbai,Delivered,1,105.27,nan,6,Yes
5607,5607,2025-11-24,2025-11-29,2025-11-29,BlueRoute Express,Hyderabad,Delivered,3,84.76,nan,4,Yes
5608,5608,2025-12-28,2025-12-31,2025-12-31,QuickShip India,Delhi,Delivered,1,133.53,nan,0,No
5609,5609,2026-01-31,2026-02-05,,SwiftKart Logistics,Hyderabad,In Transit,2,161.73,nan,0,No
5610,5610,2025-04-20,2025-04-25,2025-04-24,RapidX Logistics,Delhi,Delivered,2,145.0,nan,1,No
5611,5611,2025-05-24,2025-05-28,2025-05-27,SwiftKart Logistics,Kolkata,Delivered,2,90.23,nan,6,Yes
5612,5612,2025-07-03,2025-07-08,2025-07-07,SwiftKart Logistics,Mumbai,Delivered,2,141.01,nan,5,Yes
5613,5613,2025-07-24,2025-07-26,2025-07-25,RapidX Logistics,Kolkata,Delivered,3,47.03,nan,6,Yes
5614,5614,2024-08-07,2024-08-11,2024-08-11,RapidX Logistics,Mumbai,Delivered,1,102.17,nan,5,Yes
5615,5615,2024-09-03,2024-09-07,2024-09-06,BlueRoute Express,Bengaluru,Delivered,2,147.88,nan,2,No
5616,5616,2024-09-28,2024-10-03,2024-10-02,BlueRoute Express,Mumbai,Delivered,1,152.07,nan,3,Yes
5617,5617,2024-11-03,2024-11-05,2024-11-04,RapidX Logistics,Delhi,Delivered,3,141.9,nan,6,Yes
5618,5618,2024-12-14,2024-12-16,2024-12-15,BlueRoute Express,Delhi,Delivered,3,53.02,nan,5,Yes
5619,5619,2025-01-08,2025-01-13,2025-01-11,RapidX Logistics,Chennai,Delivered,1,100.02,nan,3,Yes
5620,5620,2025-11-19,2025-11-22,2025-11-21,QuickShip India,Bengaluru,Delivered,1,128.04,nan,3,Yes
5621,5621,2025-12-31,2026-01-02,2026-01-01,MetroDeliver,Mumbai,Delivered,3,142.51,nan,3,Yes
5622,5622,2026-01-23,2026-01-26,,RapidX Logistics,Chennai,In Transit,1,41.49,nan,3,Yes
5623,5623,2026-02-13,2026-02-17,2026-02-16,ParcelOne,Delhi,Delivered,1,82.98,nan,6,Yes
5624,5624,2026-03-07,2026-03-12,2026-03-12,BlueRoute Express,Bengaluru,Delivered,3,128.28,nan,7,Yes
5625,5625,2025-04-05,2025-04-08,2025-04-08,MetroDeliver,Mumbai,Delivered,1,138.76,nan,5,Yes
5626,5626,2025-04-26,2025-04-30,2025-04-29,RapidX Logistics,Delhi,Delivered,1,70.35,nan,3,Yes
5627,5627,2025-05-16,2025-05-20,2025-05-20,ParcelOne,Kolkata,Delivered,1,89.94,nan,2,No
5628,5628,2025-06-28,2025-07-01,,QuickShip India,Kolkata,In Transit,3,103.2,nan,1,No
5629,5629,2025-08-02,2025-08-07,,BlueRoute Express,Kolkata,In Transit,2,50.43,nan,0,No
5630,5630,2025-09-04,2025-09-09,2025-09-09,QuickShip India,Bengaluru,Delivered,3,64.82,nan,0,No
5631,5631,2025-10-05,2025-10-09,2025-10-08,ParcelOne,Mumbai,Delivered,2,91.31,nan,1,No
5632,5632,2025-07-05,2025-07-07,2025-07-05,SwiftKart Logistics,Bengaluru,Delivered,2,47.57,nan,2,No
5633,5633,2025-08-09,2025-08-12,2025-08-12,SwiftKart Logistics,Hyderabad,Delivered,1,146.72,nan,5,Yes
5634,5634,2025-08-25,2025-08-30,2025-08-29,MetroDeliver,Delhi,Delivered,1,177.12,nan,1,No
5635,5635,2025-08-18,2025-08-22,2025-08-20,MetroDeliver,Delhi,Delivered,3,75.45,nan,2,No
5636,5636,2025-09-19,2025-09-21,2025-09-20,ParcelOne,Hyderabad,Delivered,2,70.8,nan,6,Yes
5637,5637,2025-10-18,2025-10-20,,ParcelOne,Bengaluru,In Transit,1,88.7,nan,6,Yes
5638,5638,2026-03-14,2026-03-16,2026-03-14,RapidX Logistics,Bengaluru,Delivered,3,152.44,nan,3,Yes
5639,5639,2026-04-21,2026-04-23,,ParcelOne,Hyderabad,In Transit,3,59.99,nan,0,No
5640,5640,2026-05-24,2026-05-29,2026-05-27,BlueRoute Express,Mumbai,Delivered,1,145.51,nan,-1,No
5641,5641,2026-06-20,2026-06-24,2026-06-23,BlueRoute Express,Delhi,Delivered,2,76.8,nan,1,No
5642,5642,2026-02-25,2026-03-01,2026-02-28,SwiftKart Logistics,Chennai,Delivered,3,85.06,nan,0,No
5643,5643,2026-04-01,2026-04-04,2026-04-04,SwiftKart Logistics,Kolkata,Delivered,2,150.41,nan,2,No
5644,5644,2026-04-24,2026-04-26,2026-04-24,SwiftKart Logistics,Bengaluru,Delivered,2,68.88,nan,5,Yes
5645,5645,2026-05-27,2026-05-29,2026-05-28,RapidX Logistics,Hyderabad,Delivered,1,109.16,nan,2,No
5646,5646,2026-06-28,2026-06-30,2026-06-30,QuickShip India,Mumbai,Delivered,1,47.55,nan,1,No
5647,5647,2024-08-03,2024-08-08,2024-08-07,MetroDeliver,Delhi,Delivered,3,85.5,nan,4,Yes
5648,5648,2024-09-07,2024-09-11,2024-09-10,MetroDeliver,Chennai,Delivered,1,104.93,nan,4,Yes
5649,5649,2024-10-04,2024-10-09,2024-10-08,ParcelOne,Kolkata,Delivered,1,140.28,nan,1,No
5650,5650,2024-11-06,2024-11-11,2024-11-10,MetroDeliver,Hyderabad,Delivered,2,109.52,nan,4,Yes
5651,5651,2024-12-08,2024-12-11,2024-12-10,ParcelOne,Kolkata,Delivered,2,160.81,nan,7,Yes
5652,5652,2025-01-20,2025-01-22,2025-01-20,BlueRoute Express,Mumbai,Delivered,1,88.89,nan,2,No
5653,5653,2025-03-05,2025-03-07,2025-03-06,ParcelOne,Bengaluru,Delivered,2,51.2,nan,4,Yes
5654,5654,2025-01-21,2025-01-24,2025-01-24,QuickShip India,Mumbai,Delivered,2,125.47,nan,5,Yes
5655,5655,2025-02-24,2025-02-28,2025-02-28,BlueRoute Express,Hyderabad,Delivered,3,57.23,nan,-1,No
5656,5656,2025-03-23,2025-03-25,2025-03-23,MetroDeliver,Delhi,Delivered,3,124.05,nan,4,Yes
5657,5657,2025-05-03,2025-05-08,2025-05-08,MetroDeliver,Chennai,Delivered,2,88.56,nan,4,Yes
5658,5658,2025-06-01,2025-06-03,,ParcelOne,Kolkata,In Transit,1,167.49,nan,0,No
5659,5659,2025-07-06,2025-07-10,2025-07-09,QuickShip India,Delhi,Delivered,2,49.93,nan,1,No
5660,5660,2025-08-18,2025-08-20,,SwiftKart Logistics,Delhi,In Transit,2,157.52,nan,4,Yes
5661,5661,2026-05-14,2026-05-17,2026-05-15,QuickShip India,Kolkata,Delivered,2,106.88,nan,7,Yes
5662,5662,2026-06-22,2026-06-26,2026-06-26,SwiftKart Logistics,Kolkata,Delivered,3,58.22,nan,3,Yes
5663,5663,2026-07-07,2026-07-11,2026-07-10,BlueRoute Express,Chennai,Delivered,1,172.42,nan,5,Yes
5664,5664,2026-08-08,2026-08-11,2026-08-11,QuickShip India,Mumbai,Delivered,2,163.01,nan,2,No
5665,5665,2026-05-03,2026-05-08,2026-05-07,RapidX Logistics,Chennai,Delivered,2,96.17,nan,7,Yes
5666,5666,2026-05-31,2026-06-05,2026-06-04,BlueRoute Express,Mumbai,Delivered,3,88.96,nan,1,No
5667,5667,2026-07-14,2026-07-18,2026-07-18,SwiftKart Logistics,Mumbai,Delivered,3,106.14,nan,5,Yes
5668,5668,2025-01-06,2025-01-11,2025-01-10,RapidX Logistics,Hyderabad,Delivered,2,149.72,nan,3,Yes
5669,5669,2025-02-03,2025-02-05,2025-02-04,ParcelOne,Hyderabad,Delivered,2,158.01,nan,3,Yes
5670,5670,2025-03-12,2025-03-14,2025-03-13,ParcelOne,Bengaluru,Delivered,1,160.13,nan,1,No
5671,5671,2024-10-29,2024-11-03,2024-11-02,MetroDeliver,Delhi,Delivered,3,137.4,nan,5,Yes
5672,5672,2024-12-07,2024-12-09,2024-12-08,MetroDeliver,Kolkata,Delivered,2,53.1,nan,6,Yes
5673,5673,2025-01-22,2025-01-25,,SwiftKart Logistics,Hyderabad,In Transit,3,100.84,nan,2,No
5674,5674,2025-02-28,2025-03-04,2025-03-02,QuickShip India,Delhi,Delivered,3,70.08,nan,-1,No
5675,5675,2025-04-01,2025-04-04,2025-04-04,SwiftKart Logistics,Delhi,Delivered,2,107.96,nan,7,Yes
5676,5676,2025-05-07,2025-05-11,2025-05-11,MetroDeliver,Hyderabad,Delivered,2,169.65,nan,1,No
5677,5677,2024-10-21,2024-10-25,,ParcelOne,Chennai,In Transit,1,66.2,nan,1,No
5678,5678,2024-11-05,2024-11-07,2024-11-06,QuickShip India,Kolkata,Delivered,3,162.88,nan,4,Yes
5679,5679,2024-12-17,2024-12-19,2024-12-19,BlueRoute Express,Bengaluru,Delivered,3,79.48,nan,-1,No
5680,5680,2025-01-19,2025-01-21,2025-01-21,QuickShip India,Bengaluru,Delivered,2,137.17,nan,0,No
5681,5681,2025-09-11,2025-09-14,2025-09-12,BlueRoute Express,Delhi,Delivered,3,126.68,nan,-1,No
5682,5682,2025-10-12,2025-10-17,2025-10-17,ParcelOne,Mumbai,Delivered,1,138.17,nan,5,Yes
5683,5683,2025-11-23,2025-11-26,2025-11-25,ParcelOne,Mumbai,Delivered,2,103.29,nan,6,Yes
5684,5684,2025-12-08,2025-12-11,2025-12-10,QuickShip India,Chennai,Delivered,2,55.66,nan,6,Yes
5685,5685,2026-01-08,2026-01-11,2026-01-10,QuickShip India,Bengaluru,Delivered,1,132.76,nan,5,Yes
5686,5686,2026-03-12,2026-03-15,2026-03-14,ParcelOne,Bengaluru,Delivered,2,177.02,nan,1,No
5687,5687,2025-06-28,2025-06-30,2025-06-29,BlueRoute Express,Kolkata,Delivered,1,140.69,nan,4,Yes
5688,5688,2025-07-22,2025-07-24,2025-07-24,MetroDeliver,Chennai,Delivered,3,163.53,nan,5,Yes
5689,5689,2025-08-18,2025-08-22,2025-08-22,ParcelOne,Mumbai,Delivered,1,117.16,nan,0,No
5690,5690,2025-09-17,2025-09-19,2025-09-18,ParcelOne,Delhi,Delivered,1,165.18,nan,0,No
5691,5691,2025-10-19,2025-10-23,2025-10-22,QuickShip India,Mumbai,Delivered,3,162.48,nan,2,No
5692,5692,2026-01-11,2026-01-16,2026-01-15,BlueRoute Express,Bengaluru,Delivered,2,109.87,nan,6,Yes
5693,5693,2026-02-25,2026-02-27,2026-02-26,BlueRoute Express,Chennai,Delivered,3,88.66,nan,3,Yes
5694,5694,2026-03-28,2026-04-01,2026-03-31,SwiftKart Logistics,Bengaluru,Delivered,2,88.49,nan,6,Yes
5695,5695,2025-01-07,2025-01-10,2025-01-09,MetroDeliver,Kolkata,Delivered,3,51.14,nan,4,Yes
5696,5696,2025-02-07,2025-02-12,2025-02-11,QuickShip India,Mumbai,Delivered,3,104.57,nan,2,No
5697,5697,2025-07-31,2025-08-03,2025-08-02,BlueRoute Express,Hyderabad,Delivered,1,167.14,nan,3,Yes
5698,5698,2025-08-23,2025-08-25,,MetroDeliver,Delhi,In Transit,3,79.35,nan,6,Yes
5699,5699,2025-10-05,2025-10-09,2025-10-07,MetroDeliver,Bengaluru,Delivered,1,94.13,nan,7,Yes
5700,5700,2025-10-28,2025-11-01,2025-10-31,QuickShip India,Hyderabad,Delivered,2,157.79,nan,4,Yes
5701,5701,2025-12-10,2025-12-15,2025-12-14,MetroDeliver,Mumbai,Delivered,1,55.35,nan,3,Yes
5702,5702,2025-08-16,2025-08-20,2025-08-19,RapidX Logistics,Kolkata,Delivered,1,102.04,nan,6,Yes
5703,5703,2025-09-16,2025-09-21,2025-09-20,QuickShip India,Chennai,Delivered,1,152.13,nan,7,Yes
5704,5704,2025-10-14,2025-10-17,,SwiftKart Logistics,Bengaluru,In Transit,2,51.46,nan,4,Yes
5705,5705,2025-10-31,2025-11-04,2025-11-04,MetroDeliver,Mumbai,Delivered,3,125.49,nan,0,No
5706,5706,2025-12-01,2025-12-06,2025-12-05,RapidX Logistics,Chennai,Delivered,2,48.36,nan,0,No
5707,5707,2025-12-24,2025-12-27,2025-12-26,MetroDeliver,Chennai,Delivered,1,169.41,nan,7,Yes
5708,5708,2026-05-18,2026-05-22,,RapidX Logistics,Chennai,In Transit,2,164.64,nan,-1,No
5709,5709,2026-06-16,2026-06-19,2026-06-18,RapidX Logistics,Delhi,Delivered,1,78.67,nan,5,Yes
5710,5710,2026-07-30,2026-08-02,2026-08-01,MetroDeliver,Delhi,Delivered,3,101.69,nan,6,Yes
5711,5711,2025-04-02,2025-04-05,2025-04-04,QuickShip India,Bengaluru,Delivered,1,57.82,nan,-1,No
5712,5712,2025-04-30,2025-05-03,2025-05-02,MetroDeliver,Kolkata,Delivered,3,94.14,nan,2,No
5713,5713,2025-05-24,2025-05-27,2025-05-26,BlueRoute Express,Kolkata,Delivered,1,122.27,nan,4,Yes
5714,5714,2025-06-19,2025-06-24,2025-06-22,SwiftKart Logistics,Bengaluru,Delivered,3,68.37,nan,1,No
5715,5715,2025-07-31,2025-08-03,2025-08-02,SwiftKart Logistics,Delhi,Delivered,2,133.78,nan,6,Yes
5716,5716,2025-07-04,2025-07-08,2025-07-08,RapidX Logistics,Bengaluru,Delivered,3,158.74,nan,1,No
5717,5717,2025-07-20,2025-07-23,2025-07-22,RapidX Logistics,Chennai,Delivered,2,158.11,nan,4,Yes
5718,5718,2025-08-10,2025-08-12,2025-08-11,QuickShip India,Delhi,Delivered,3,100.97,nan,3,Yes
5719,5719,2025-09-04,2025-09-06,2025-09-06,MetroDeliver,Chennai,Delivered,3,102.7,nan,5,Yes
5720,5720,2025-09-22,2025-09-24,2025-09-23,SwiftKart Logistics,Chennai,Delivered,2,150.85,nan,-1,No
5721,5721,2025-10-06,2025-10-09,2025-10-08,SwiftKart Logistics,Chennai,Delivered,2,156.66,nan,0,No
5722,5722,2025-11-16,2025-11-20,2025-11-19,SwiftKart Logistics,Hyderabad,Delivered,1,93.35,nan,7,Yes
5723,5723,2025-12-26,2025-12-30,2025-12-29,MetroDeliver,Bengaluru,Delivered,3,75.84,nan,1,No
5724,5724,2026-02-04,2026-02-07,2026-02-06,MetroDeliver,Bengaluru,Delivered,3,109.99,nan,5,Yes
5725,5725,2026-03-05,2026-03-10,,RapidX Logistics,Hyderabad,In Transit,3,172.87,nan,2,No
5726,5726,2026-01-15,2026-01-18,2026-01-17,QuickShip India,Hyderabad,Delivered,3,57.05,nan,-1,No
5727,5727,2024-09-05,2024-09-07,2024-09-07,RapidX Logistics,Delhi,Delivered,1,92.59,nan,-1,No
5728,5728,2024-11-08,2024-11-13,2024-11-13,MetroDeliver,Mumbai,Delivered,1,137.79,nan,6,Yes
5729,5729,2025-04-07,2025-04-10,2025-04-09,RapidX Logistics,Hyderabad,Delivered,3,87.63,nan,3,Yes
5730,5730,2025-05-16,2025-05-20,,RapidX Logistics,Kolkata,In Transit,1,166.44,nan,1,No
5731,5731,2025-08-15,2025-08-20,2025-08-19,MetroDeliver,Delhi,Delivered,2,58.78,nan,7,Yes
5732,5732,2025-08-31,2025-09-03,2025-09-02,QuickShip India,Delhi,Delivered,3,72.9,nan,1,No
5733,5733,2025-05-28,2025-06-01,2025-05-31,ParcelOne,Hyderabad,Delivered,3,60.48,nan,7,Yes
5734,5734,2025-06-15,2025-06-17,,SwiftKart Logistics,Bengaluru,In Transit,2,137.94,nan,1,No
5735,5735,2025-06-30,2025-07-04,2025-07-03,BlueRoute Express,Mumbai,Delivered,2,171.65,nan,4,Yes
5736,5736,2026-01-11,2026-01-16,2026-01-16,BlueRoute Express,Hyderabad,Delivered,1,169.43,nan,7,Yes
5737,5737,2026-02-10,2026-02-12,2026-02-12,SwiftKart Logistics,Chennai,Delivered,1,67.3,nan,1,No
5738,5738,2024-10-28,2024-10-30,,QuickShip India,Chennai,In Transit,1,158.61,nan,5,Yes
5739,5739,2024-11-15,2024-11-17,2024-11-17,SwiftKart Logistics,Bengaluru,Delivered,3,172.45,nan,4,Yes
5740,5740,2024-12-12,2024-12-14,2024-12-14,RapidX Logistics,Chennai,Delivered,3,83.83,nan,0,No
5741,5741,2025-01-19,2025-01-24,2025-01-23,QuickShip India,Delhi,Delivered,1,71.19,nan,0,No
5742,5742,2025-02-02,2025-02-06,2025-02-06,SwiftKart Logistics,Mumbai,Delivered,3,45.12,nan,-1,No
5743,5743,2025-10-07,2025-10-09,2025-10-08,SwiftKart Logistics,Chennai,Delivered,2,83.42,nan,7,Yes
5744,5744,2025-11-18,2025-11-22,2025-11-22,BlueRoute Express,Chennai,Delivered,1,100.74,nan,4,Yes
5745,5745,2025-12-13,2025-12-17,2025-12-16,QuickShip India,Chennai,Delivered,1,99.96,nan,1,No
5746,5746,2026-01-26,2026-01-28,2026-01-27,MetroDeliver,Hyderabad,Delivered,3,127.17,nan,0,No
5747,5747,2026-02-17,2026-02-19,2026-02-19,MetroDeliver,Kolkata,Delivered,1,58.13,nan,0,No
5748,5748,2026-03-13,2026-03-18,2026-03-18,BlueRoute Express,Hyderabad,Delivered,1,61.88,nan,-1,No
5749,5749,2025-10-25,2025-10-28,2025-10-28,QuickShip India,Kolkata,Delivered,2,144.59,nan,2,No
5750,5750,2025-12-09,2025-12-11,2025-12-11,QuickShip India,Bengaluru,Delivered,3,94.14,nan,7,Yes
5751,5751,2025-12-28,2025-12-31,2025-12-31,ParcelOne,Mumbai,Delivered,1,144.21,nan,2,No
5752,5752,2026-01-11,2026-01-16,2026-01-16,ParcelOne,Bengaluru,Delivered,3,100.17,nan,-1,No
5753,5753,2025-03-27,2025-03-30,2025-03-30,ParcelOne,Mumbai,Delivered,3,129.94,nan,0,No
5754,5754,2025-04-29,2025-05-03,2025-05-03,ParcelOne,Kolkata,Delivered,3,115.23,nan,0,No
5755,5755,2025-06-03,2025-06-05,2025-06-04,BlueRoute Express,Hyderabad,Delivered,3,45.79,nan,1,No
5756,5756,2025-07-06,2025-07-11,2025-07-11,SwiftKart Logistics,Delhi,Delivered,3,173.19,nan,1,No
5757,5757,2025-01-07,2025-01-09,,MetroDeliver,Hyderabad,In Transit,3,109.43,nan,0,No
5758,5758,2025-02-04,2025-02-06,2025-02-05,SwiftKart Logistics,Chennai,Delivered,1,54.9,nan,2,No
5759,5759,2025-03-11,2025-03-15,2025-03-13,QuickShip India,Hyderabad,Delivered,1,59.98,nan,2,No
5760,5760,2025-04-06,2025-04-11,2025-04-10,QuickShip India,Hyderabad,Delivered,1,125.01,nan,1,No
5761,5761,2025-04-24,2025-04-29,2025-04-28,RapidX Logistics,Mumbai,Delivered,3,115.41,nan,6,Yes
5762,5762,2025-10-11,2025-10-16,2025-10-15,MetroDeliver,Delhi,Delivered,2,178.9,nan,7,Yes
5763,5763,2025-11-23,2025-11-27,,RapidX Logistics,Kolkata,In Transit,1,53.84,nan,4,Yes
5764,5764,2025-12-18,2025-12-21,2025-12-20,RapidX Logistics,Kolkata,Delivered,1,126.38,nan,3,Yes
5765,5765,2024-09-14,2024-09-17,2024-09-16,ParcelOne,Chennai,Delivered,2,133.77,nan,0,No
5766,5766,2024-10-22,2024-10-24,2024-10-23,RapidX Logistics,Delhi,Delivered,2,156.13,nan,-1,No
5767,5767,2024-11-24,2024-11-26,,QuickShip India,Hyderabad,In Transit,2,126.98,nan,3,Yes
5768,5768,2024-12-17,2024-12-20,2024-12-19,MetroDeliver,Mumbai,Delivered,1,97.34,nan,4,Yes
5769,5769,2025-03-27,2025-03-31,2025-03-30,RapidX Logistics,Hyderabad,Delivered,2,121.2,nan,7,Yes
5770,5770,2025-05-07,2025-05-11,2025-05-11,MetroDeliver,Delhi,Delivered,3,68.61,nan,1,No
5771,5771,2025-06-06,2025-06-11,2025-06-11,QuickShip India,Bengaluru,Delivered,1,73.13,nan,4,Yes
5772,5772,2025-07-08,2025-07-13,2025-07-12,ParcelOne,Bengaluru,Delivered,3,146.14,nan,0,No
5773,5773,2025-07-24,2025-07-26,2025-07-24,QuickShip India,Kolkata,Delivered,1,48.89,nan,5,Yes
5774,5774,2025-08-20,2025-08-23,2025-08-22,BlueRoute Express,Delhi,Delivered,2,102.54,nan,2,No
5775,5775,2024-11-19,2024-11-22,2024-11-22,SwiftKart Logistics,Hyderabad,Delivered,1,76.72,nan,6,Yes
5776,5776,2026-07-12,2026-07-17,2026-07-17,MetroDeliver,Hyderabad,Delivered,1,156.98,nan,7,Yes
5777,5777,2026-08-11,2026-08-15,2026-08-15,SwiftKart Logistics,Delhi,Delivered,2,121.08,nan,1,No
5778,5778,2025-05-07,2025-05-10,2025-05-08,QuickShip India,Mumbai,Delivered,2,55.04,nan,4,Yes
5779,5779,2025-05-25,2025-05-29,2025-05-27,BlueRoute Express,Mumbai,Delivered,3,167.11,nan,7,Yes
5780,5780,2025-11-07,2025-11-10,2025-11-09,SwiftKart Logistics,Bengaluru,Delivered,2,133.78,nan,7,Yes
5781,5781,2025-04-04,2025-04-07,,SwiftKart Logistics,Kolkata,In Transit,3,120.78,nan,-1,No
5782,5782,2025-04-25,2025-04-28,2025-04-27,QuickShip India,Hyderabad,Delivered,2,104.32,nan,6,Yes
5783,5783,2025-06-06,2025-06-08,2025-06-07,MetroDeliver,Delhi,Delivered,3,79.15,nan,7,Yes
5784,5784,2025-07-03,2025-07-07,2025-07-06,SwiftKart Logistics,Bengaluru,Delivered,3,68.01,nan,2,No
5785,5785,2025-08-01,2025-08-06,2025-08-06,BlueRoute Express,Kolkata,Delivered,1,75.9,nan,3,Yes
5786,5786,2025-12-15,2025-12-18,2025-12-17,MetroDeliver,Delhi,Delivered,2,94.81,nan,4,Yes
5787,5787,2026-05-04,2026-05-08,,ParcelOne,Bengaluru,In Transit,3,43.61,nan,0,No
5788,5788,2026-05-24,2026-05-26,2026-05-25,QuickShip India,Hyderabad,Delivered,2,150.28,nan,5,Yes
5789,5789,2026-07-06,2026-07-11,2026-07-11,MetroDeliver,Delhi,Delivered,1,77.12,nan,2,No
5790,5790,2026-07-28,2026-08-02,2026-08-02,ParcelOne,Bengaluru,Delivered,3,118.75,nan,1,No
5791,5791,2026-01-22,2026-01-26,2026-01-25,QuickShip India,Kolkata,Delivered,2,178.53,nan,6,Yes
5792,5792,2026-02-20,2026-02-23,2026-02-22,SwiftKart Logistics,Hyderabad,Delivered,1,174.76,nan,2,No
5793,5793,2026-07-06,2026-07-08,,BlueRoute Express,Delhi,In Transit,3,103.4,nan,3,Yes
5794,5794,2026-08-01,2026-08-05,2026-08-04,MetroDeliver,Hyderabad,Delivered,3,93.46,nan,3,Yes
5795,5795,2025-08-26,2025-08-31,2025-08-30,SwiftKart Logistics,Kolkata,Delivered,2,42.75,nan,3,Yes
5796,5796,2025-09-30,2025-10-03,2025-10-02,QuickShip India,Bengaluru,Delivered,2,171.87,nan,4,Yes
5797,5797,2025-11-05,2025-11-10,,RapidX Logistics,Bengaluru,In Transit,2,97.84,nan,1,No
5798,5798,2025-12-05,2025-12-09,2025-12-08,RapidX Logistics,Chennai,Delivered,1,118.63,nan,5,Yes
5799,5799,2026-01-15,2026-01-20,2026-01-19,MetroDeliver,Chennai,Delivered,1,110.82,nan,7,Yes
5800,5800,2025-08-06,2025-08-10,2025-08-09,QuickShip India,Delhi,Delivered,2,116.83,nan,2,No
5801,5801,2025-09-20,2025-09-24,2025-09-23,BlueRoute Express,Mumbai,Delivered,1,121.75,nan,6,Yes
5802,5802,2025-05-12,2025-05-14,2025-05-13,SwiftKart Logistics,Kolkata,Delivered,1,147.9,nan,2,No
5803,5803,2025-06-08,2025-06-12,2025-06-11,QuickShip India,Kolkata,Delivered,3,143.86,nan,4,Yes
5804,5804,2024-11-19,2024-11-21,2024-11-21,MetroDeliver,Kolkata,Delivered,1,43.16,nan,2,No
5805,5805,2025-01-02,2025-01-05,2025-01-04,MetroDeliver,Delhi,Delivered,3,88.46,nan,7,Yes
5806,5806,2025-02-09,2025-02-11,2025-02-10,RapidX Logistics,Bengaluru,Delivered,2,113.73,nan,3,Yes
5807,5807,2025-03-23,2025-03-27,2025-03-27,ParcelOne,Kolkata,Delivered,2,87.88,nan,0,No
5808,5808,2025-04-23,2025-04-27,2025-04-26,SwiftKart Logistics,Chennai,Delivered,2,163.85,nan,6,Yes
5809,5809,2024-10-24,2024-10-26,2024-10-25,MetroDeliver,Kolkata,Delivered,2,50.49,nan,7,Yes
5810,5810,2024-11-07,2024-11-11,2024-11-09,RapidX Logistics,Kolkata,Delivered,2,110.99,nan,5,Yes
5811,5811,2024-12-18,2024-12-23,2024-12-22,MetroDeliver,Delhi,Delivered,3,154.92,nan,1,No
5812,5812,2025-02-01,2025-02-03,2025-02-03,QuickShip India,Mumbai,Delivered,3,135.09,nan,6,Yes
5813,5813,2024-10-15,2024-10-19,2024-10-18,ParcelOne,Bengaluru,Delivered,1,120.82,nan,-1,No
5814,5814,2024-11-05,2024-11-10,2024-11-10,SwiftKart Logistics,Hyderabad,Delivered,1,176.33,nan,4,Yes
5815,5815,2025-09-11,2025-09-13,,RapidX Logistics,Hyderabad,In Transit,3,93.49,nan,1,No
5816,5816,2025-10-03,2025-10-08,2025-10-08,SwiftKart Logistics,Mumbai,Delivered,1,132.35,nan,7,Yes
5817,5817,2025-10-17,2025-10-19,2025-10-18,BlueRoute Express,Delhi,Delivered,3,143.99,nan,-1,No
5818,5818,2025-11-03,2025-11-06,,SwiftKart Logistics,Mumbai,In Transit,3,138.86,nan,1,No
5819,5819,2025-12-02,2025-12-07,2025-12-07,RapidX Logistics,Delhi,Delivered,2,79.75,nan,5,Yes
5820,5820,2025-08-27,2025-08-30,2025-08-28,SwiftKart Logistics,Bengaluru,Delivered,3,80.58,nan,3,Yes
5821,5821,2025-10-04,2025-10-08,2025-10-08,MetroDeliver,Bengaluru,Delivered,2,143.48,nan,7,Yes
5822,5822,2025-10-24,2025-10-26,2025-10-25,ParcelOne,Hyderabad,Delivered,3,97.72,nan,-1,No
5823,5823,2025-11-13,2025-11-17,2025-11-16,MetroDeliver,Chennai,Delivered,2,108.49,nan,-1,No
5824,5824,2025-12-07,2025-12-11,2025-12-11,ParcelOne,Chennai,Delivered,2,41.7,nan,5,Yes
5825,5825,2025-11-05,2025-11-09,2025-11-08,RapidX Logistics,Hyderabad,Delivered,2,151.86,nan,5,Yes
5826,5826,2025-12-16,2025-12-19,2025-12-19,SwiftKart Logistics,Mumbai,Delivered,3,110.54,nan,6,Yes
5827,5827,2026-01-16,2026-01-18,2026-01-18,MetroDeliver,Hyderabad,Delivered,1,76.24,nan,-1,No
5828,5828,2026-02-05,2026-02-09,2026-02-09,QuickShip India,Mumbai,Delivered,2,127.43,nan,1,No
5829,5829,2026-03-18,2026-03-23,2026-03-22,BlueRoute Express,Delhi,Delivered,1,103.94,nan,5,Yes
5830,5830,2026-04-02,2026-04-07,2026-04-06,SwiftKart Logistics,Kolkata,Delivered,1,124.51,nan,5,Yes
5831,5831,2026-05-07,2026-05-12,2026-05-11,QuickShip India,Delhi,Delivered,3,68.62,nan,6,Yes
5832,5832,2024-12-23,2024-12-28,2024-12-27,RapidX Logistics,Hyderabad,Delivered,3,46.33,nan,0,No
5833,5833,2025-01-07,2025-01-12,2025-01-11,QuickShip India,Bengaluru,Delivered,1,161.19,nan,4,Yes
5834,5834,2025-01-28,2025-02-01,2025-01-31,BlueRoute Express,Chennai,Delivered,1,156.42,nan,0,No
5835,5835,2025-03-11,2025-03-15,2025-03-15,RapidX Logistics,Mumbai,Delivered,3,143.45,nan,0,No
5836,5836,2025-11-18,2025-11-20,2025-11-20,RapidX Logistics,Delhi,Delivered,2,83.8,nan,0,No
5837,5837,2025-12-12,2025-12-17,2025-12-17,QuickShip India,Hyderabad,Delivered,2,77.98,nan,-1,No
5838,5838,2024-10-20,2024-10-25,2024-10-24,QuickShip India,Delhi,Delivered,1,139.32,nan,-1,No
5839,5839,2024-11-27,2024-12-02,2024-12-01,SwiftKart Logistics,Delhi,Delivered,3,71.04,nan,2,No
5840,5840,2025-01-07,2025-01-11,2025-01-11,MetroDeliver,Chennai,Delivered,3,112.69,nan,2,No
5841,5841,2025-06-26,2025-07-01,2025-07-01,MetroDeliver,Bengaluru,Delivered,1,46.31,nan,3,Yes
5842,5842,2025-07-25,2025-07-27,2025-07-27,QuickShip India,Mumbai,Delivered,3,104.28,nan,-1,No
5843,5843,2025-09-04,2025-09-07,2025-09-06,BlueRoute Express,Kolkata,Delivered,1,116.46,nan,6,Yes
5844,5844,2025-10-15,2025-10-20,2025-10-19,MetroDeliver,Hyderabad,Delivered,3,140.47,nan,6,Yes
5845,5845,2025-11-10,2025-11-14,2025-11-14,MetroDeliver,Mumbai,Delivered,2,144.87,nan,1,No
5846,5846,2025-12-01,2025-12-04,2025-12-04,ParcelOne,Mumbai,Delivered,3,136.31,nan,-1,No
5847,5847,2024-08-18,2024-08-20,2024-08-20,QuickShip India,Chennai,Delivered,1,62.37,nan,2,No
5848,5848,2024-09-22,2024-09-25,2024-09-24,QuickShip India,Hyderabad,Delivered,3,101.57,nan,1,No
5849,5849,2024-10-31,2024-11-03,2024-11-02,MetroDeliver,Hyderabad,Delivered,1,144.82,nan,5,Yes
5850,5850,2024-12-07,2024-12-09,2024-12-08,BlueRoute Express,Mumbai,Delivered,3,114.89,nan,3,Yes
5851,5851,2025-01-22,2025-01-24,2025-01-23,BlueRoute Express,Kolkata,Delivered,1,95.98,nan,4,Yes
5852,5852,2025-02-26,2025-03-01,2025-02-28,ParcelOne,Hyderabad,Delivered,1,147.12,nan,4,Yes
5853,5853,2025-08-08,2025-08-10,2025-08-10,QuickShip India,Bengaluru,Delivered,1,154.62,nan,7,Yes
5854,5854,2025-08-29,2025-09-03,2025-09-02,BlueRoute Express,Delhi,Delivered,3,60.09,nan,6,Yes
5855,5855,2025-09-23,2025-09-28,2025-09-27,MetroDeliver,Chennai,Delivered,1,69.24,nan,4,Yes
5856,5856,2026-02-25,2026-02-28,,MetroDeliver,Kolkata,In Transit,1,42.17,nan,-1,No
5857,5857,2024-09-27,2024-09-30,2024-09-29,ParcelOne,Kolkata,Delivered,3,68.79,nan,2,No
5858,5858,2025-04-14,2025-04-16,2025-04-14,ParcelOne,Kolkata,Delivered,2,113.77,nan,2,No
5859,5859,2025-05-09,2025-05-14,,ParcelOne,Kolkata,In Transit,1,93.75,nan,2,No
5860,5860,2025-05-24,2025-05-26,2025-05-25,SwiftKart Logistics,Kolkata,Delivered,1,125.62,nan,1,No
5861,5861,2025-06-28,2025-07-03,2025-07-02,MetroDeliver,Bengaluru,Delivered,1,56.6,nan,1,No
5862,5862,2025-07-19,2025-07-22,,ParcelOne,Mumbai,In Transit,3,67.52,nan,7,Yes
5863,5863,2025-08-19,2025-08-23,,BlueRoute Express,Mumbai,In Transit,2,58.71,nan,7,Yes
5864,5864,2025-09-07,2025-09-11,,SwiftKart Logistics,Delhi,In Transit,1,69.03,nan,2,No
5865,5865,2024-10-09,2024-10-14,2024-10-13,RapidX Logistics,Mumbai,Delivered,2,85.24,nan,5,Yes
5866,5866,2024-10-27,2024-11-01,2024-10-31,QuickShip India,Bengaluru,Delivered,3,177.49,nan,3,Yes
5867,5867,2024-12-03,2024-12-06,2024-12-06,QuickShip India,Chennai,Delivered,3,174.64,nan,2,No
5868,5868,2025-05-27,2025-06-01,,ParcelOne,Mumbai,In Transit,2,69.09,nan,0,No
5869,5869,2025-07-03,2025-07-07,2025-07-07,QuickShip India,Bengaluru,Delivered,3,122.03,nan,6,Yes
5870,5870,2025-07-26,2025-07-30,2025-07-30,RapidX Logistics,Mumbai,Delivered,3,145.65,nan,-1,No
5871,5871,2025-08-23,2025-08-28,2025-08-28,RapidX Logistics,Bengaluru,Delivered,1,160.68,nan,7,Yes
5872,5872,2024-08-21,2024-08-23,2024-08-22,ParcelOne,Delhi,Delivered,1,123.59,nan,7,Yes
5873,5873,2024-09-18,2024-09-23,2024-09-23,ParcelOne,Mumbai,Delivered,2,80.66,nan,4,Yes
5874,5874,2026-06-11,2026-06-15,2026-06-15,SwiftKart Logistics,Delhi,Delivered,1,112.56,nan,0,No
5875,5875,2025-05-24,2025-05-28,2025-05-27,SwiftKart Logistics,Mumbai,Delivered,1,163.83,nan,4,Yes
5876,5876,2025-06-09,2025-06-13,2025-06-13,MetroDeliver,Hyderabad,Delivered,2,51.78,nan,7,Yes
5877,5877,2025-06-26,2025-07-01,2025-07-01,ParcelOne,Chennai,Delivered,2,117.19,nan,7,Yes
5878,5878,2025-07-15,2025-07-18,2025-07-17,QuickShip India,Kolkata,Delivered,2,95.31,nan,6,Yes
5879,5879,2025-08-25,2025-08-29,2025-08-29,MetroDeliver,Delhi,Delivered,2,66.39,nan,4,Yes
5880,5880,2025-09-11,2025-09-13,2025-09-13,SwiftKart Logistics,Kolkata,Delivered,1,109.57,nan,0,No
5881,5881,2025-10-03,2025-10-05,2025-10-03,MetroDeliver,Hyderabad,Delivered,2,158.54,nan,0,No
5882,5882,2025-06-06,2025-06-10,2025-06-09,QuickShip India,Hyderabad,Delivered,1,79.67,nan,1,No
5883,5883,2025-07-03,2025-07-07,2025-07-06,RapidX Logistics,Mumbai,Delivered,3,40.59,nan,-1,No
5884,5884,2025-08-05,2025-08-10,2025-08-10,ParcelOne,Mumbai,Delivered,1,155.59,nan,4,Yes
5885,5885,2025-08-21,2025-08-24,2025-08-23,MetroDeliver,Mumbai,Delivered,3,144.53,nan,6,Yes
5886,5886,2025-09-30,2025-10-03,2025-10-01,ParcelOne,Kolkata,Delivered,1,153.46,nan,5,Yes
5887,5887,2026-07-26,2026-07-30,2026-07-29,MetroDeliver,Hyderabad,Delivered,3,85.23,nan,3,Yes
5888,5888,2026-08-14,2026-08-16,,SwiftKart Logistics,Delhi,In Transit,2,146.54,nan,3,Yes
5889,5889,2026-06-24,2026-06-29,2026-06-28,ParcelOne,Hyderabad,Delivered,3,47.6,nan,3,Yes
5890,5890,2026-07-30,2026-08-03,2026-08-02,MetroDeliver,Bengaluru,Delivered,2,146.43,nan,7,Yes
5891,5891,2025-05-04,2025-05-09,2025-05-08,SwiftKart Logistics,Kolkata,Delivered,2,133.92,nan,1,No
5892,5892,2025-06-08,2025-06-12,2025-06-11,BlueRoute Express,Hyderabad,Delivered,2,77.3,nan,3,Yes
5893,5893,2025-07-14,2025-07-18,2025-07-17,MetroDeliver,Bengaluru,Delivered,2,84.04,nan,-1,No
5894,5894,2025-08-19,2025-08-23,2025-08-23,RapidX Logistics,Delhi,Delivered,3,152.6,nan,1,No
5895,5895,2025-02-03,2025-02-05,2025-02-04,ParcelOne,Delhi,Delivered,2,87.45,nan,4,Yes
5896,5896,2025-03-11,2025-03-13,2025-03-13,QuickShip India,Hyderabad,Delivered,1,87.69,nan,-1,No
5897,5897,2025-04-25,2025-04-30,,MetroDeliver,Bengaluru,In Transit,3,82.45,nan,-1,No
5898,5898,2025-01-08,2025-01-12,,QuickShip India,Delhi,In Transit,2,100.32,nan,6,Yes
5899,5899,2025-02-14,2025-02-18,2025-02-18,SwiftKart Logistics,Hyderabad,Delivered,2,151.53,nan,-1,No
5900,5900,2025-03-17,2025-03-22,2025-03-21,QuickShip India,Chennai,Delivered,2,156.96,nan,2,No
5901,5901,2025-04-16,2025-04-18,2025-04-17,SwiftKart Logistics,Mumbai,Delivered,2,166.0,nan,4,Yes
5902,5902,2024-11-05,2024-11-07,,BlueRoute Express,Bengaluru,In Transit,1,122.3,nan,2,No
5903,5903,2024-12-06,2024-12-08,2024-12-07,ParcelOne,Mumbai,Delivered,1,104.2,nan,3,Yes
5904,5904,2024-12-31,2025-01-05,2025-01-05,RapidX Logistics,Hyderabad,Delivered,3,159.46,nan,6,Yes
5905,5905,2025-02-08,2025-02-11,2025-02-09,ParcelOne,Bengaluru,Delivered,3,47.06,nan,0,No
5906,5906,2025-03-17,2025-03-20,2025-03-20,RapidX Logistics,Bengaluru,Delivered,1,42.44,nan,6,Yes
5907,5907,2026-05-24,2026-05-26,2026-05-25,SwiftKart Logistics,Chennai,Delivered,1,161.38,nan,2,No
5908,5908,2026-06-27,2026-06-30,2026-06-29,BlueRoute Express,Hyderabad,Delivered,2,117.63,nan,4,Yes
5909,5909,2026-07-14,2026-07-18,2026-07-17,QuickShip India,Hyderabad,Delivered,3,86.21,nan,0,No
5910,5910,2026-08-07,2026-08-11,2026-08-09,SwiftKart Logistics,Hyderabad,Delivered,1,86.51,nan,1,No
5911,5911,2025-02-08,2025-02-13,2025-02-12,RapidX Logistics,Delhi,Delivered,3,162.17,nan,5,Yes
5912,5912,2025-03-04,2025-03-06,2025-03-05,QuickShip India,Delhi,Delivered,2,121.63,nan,4,Yes
5913,5913,2025-04-11,2025-04-15,,MetroDeliver,Kolkata,In Transit,3,170.5,nan,0,No
5914,5914,2026-05-08,2026-05-12,2026-05-10,SwiftKart Logistics,Mumbai,Delivered,3,135.74,nan,3,Yes
5915,5915,2026-06-13,2026-06-15,2026-06-14,ParcelOne,Kolkata,Delivered,1,138.01,nan,7,Yes
5916,5916,2026-07-27,2026-07-29,2026-07-28,RapidX Logistics,Chennai,Delivered,1,162.09,nan,7,Yes
5917,5917,2024-08-15,2024-08-18,2024-08-18,MetroDeliver,Delhi,Delivered,1,158.3,nan,4,Yes
5918,5918,2024-09-13,2024-09-18,2024-09-17,QuickShip India,Hyderabad,Delivered,2,139.53,nan,5,Yes
5919,5919,2025-01-19,2025-01-21,2025-01-20,ParcelOne,Delhi,Delivered,2,161.66,nan,6,Yes
5920,5920,2024-09-08,2024-09-12,,MetroDeliver,Kolkata,In Transit,1,126.1,nan,6,Yes
5921,5921,2024-10-08,2024-10-10,2024-10-09,QuickShip India,Chennai,Delivered,1,146.97,nan,-1,No
5922,5922,2024-11-13,2024-11-17,,BlueRoute Express,Kolkata,In Transit,2,65.21,nan,3,Yes
5923,5923,2024-12-11,2024-12-13,2024-12-12,MetroDeliver,Delhi,Delivered,3,144.25,nan,6,Yes
5924,5924,2026-04-13,2026-04-16,2026-04-14,SwiftKart Logistics,Bengaluru,Delivered,3,135.31,nan,2,No
5925,5925,2026-04-27,2026-04-29,2026-04-28,RapidX Logistics,Hyderabad,Delivered,1,166.28,nan,7,Yes
5926,5926,2026-05-21,2026-05-26,,BlueRoute Express,Mumbai,In Transit,1,56.3,nan,6,Yes
5927,5927,2024-10-24,2024-10-28,2024-10-27,QuickShip India,Delhi,Delivered,1,48.7,nan,2,No
5928,5928,2024-12-06,2024-12-08,2024-12-08,RapidX Logistics,Kolkata,Delivered,1,56.11,nan,2,No
5929,5929,2025-01-14,2025-01-16,2025-01-15,RapidX Logistics,Mumbai,Delivered,2,168.86,nan,-1,No
5930,5930,2025-06-19,2025-06-21,2025-06-20,ParcelOne,Mumbai,Delivered,2,124.08,nan,-1,No
5931,5931,2025-07-30,2025-08-03,2025-08-02,BlueRoute Express,Bengaluru,Delivered,2,147.48,nan,0,No
5932,5932,2025-09-24,2025-09-28,2025-09-27,SwiftKart Logistics,Kolkata,Delivered,1,56.81,nan,-1,No
5933,5933,2025-11-01,2025-11-03,2025-11-02,ParcelOne,Kolkata,Delivered,1,162.6,nan,4,Yes
5934,5934,2025-11-16,2025-11-18,,ParcelOne,Delhi,In Transit,1,52.45,nan,5,Yes
5935,5935,2025-12-10,2025-12-13,2025-12-12,RapidX Logistics,Delhi,Delivered,3,163.88,nan,1,No
5936,5936,2026-01-24,2026-01-26,2026-01-25,SwiftKart Logistics,Mumbai,Delivered,1,158.24,nan,6,Yes
5937,5937,2026-03-02,2026-03-07,2026-03-07,BlueRoute Express,Chennai,Delivered,2,98.5,nan,3,Yes
5938,5938,2026-04-06,2026-04-08,2026-04-07,ParcelOne,Hyderabad,Delivered,3,44.42,nan,1,No
5939,5939,2025-09-16,2025-09-21,2025-09-20,BlueRoute Express,Delhi,Delivered,3,70.07,nan,6,Yes
5940,5940,2025-10-06,2025-10-09,2025-10-08,RapidX Logistics,Delhi,Delivered,2,49.88,nan,7,Yes
5941,5941,2025-11-12,2025-11-17,2025-11-15,SwiftKart Logistics,Kolkata,Delivered,2,148.5,nan,2,No
5942,5942,2025-12-14,2025-12-17,2025-12-16,SwiftKart Logistics,Mumbai,Delivered,2,156.19,nan,6,Yes
5943,5943,2025-12-30,2026-01-03,2026-01-02,RapidX Logistics,Chennai,Delivered,3,165.08,nan,3,Yes
5944,5944,2025-12-08,2025-12-11,2025-12-10,SwiftKart Logistics,Delhi,Delivered,2,54.79,nan,3,Yes
5945,5945,2026-01-17,2026-01-22,2026-01-20,SwiftKart Logistics,Hyderabad,Delivered,2,107.86,nan,1,No
5946,5946,2026-02-02,2026-02-06,2026-02-05,BlueRoute Express,Hyderabad,Delivered,3,139.64,nan,-1,No
5947,5947,2026-03-16,2026-03-19,2026-03-18,BlueRoute Express,Bengaluru,Delivered,3,149.78,nan,1,No
5948,5948,2026-04-19,2026-04-23,2026-04-23,ParcelOne,Hyderabad,Delivered,1,65.68,nan,4,Yes
5949,5949,2026-05-08,2026-05-12,2026-05-12,QuickShip India,Kolkata,Delivered,2,176.81,nan,-1,No
5950,5950,2026-06-22,2026-06-27,2026-06-26,RapidX Logistics,Delhi,Delivered,3,162.0,nan,4,Yes
5951,5951,2026-07-21,2026-07-26,2026-07-26,SwiftKart Logistics,Delhi,Delivered,1,82.87,nan,5,Yes
5952,5952,2024-09-16,2024-09-21,2024-09-20,QuickShip India,Bengaluru,Delivered,1,131.49,nan,-1,No
5953,5953,2024-10-21,2024-10-23,2024-10-22,RapidX Logistics,Chennai,Delivered,3,45.15,nan,6,Yes
5954,5954,2024-11-16,2024-11-21,2024-11-21,QuickShip India,Hyderabad,Delivered,2,169.76,nan,2,No
5955,5955,2025-09-20,2025-09-23,,ParcelOne,Kolkata,In Transit,2,59.84,nan,3,Yes
5956,5956,2025-04-05,2025-04-08,2025-04-07,SwiftKart Logistics,Hyderabad,Delivered,2,48.25,nan,1,No
5957,5957,2025-05-15,2025-05-20,2025-05-19,ParcelOne,Kolkata,Delivered,3,46.6,nan,6,Yes
5958,5958,2025-02-28,2025-03-04,2025-03-04,RapidX Logistics,Delhi,Delivered,3,148.93,nan,-1,No
5959,5959,2025-03-22,2025-03-24,2025-03-23,MetroDeliver,Bengaluru,Delivered,3,135.93,nan,1,No
5960,5960,2024-09-30,2024-10-02,2024-10-01,ParcelOne,Bengaluru,Delivered,2,154.43,nan,2,No
5961,5961,2025-02-09,2025-02-14,2025-02-13,BlueRoute Express,Delhi,Delivered,1,160.23,nan,1,No
5962,5962,2025-03-08,2025-03-13,,RapidX Logistics,Mumbai,In Transit,2,68.54,nan,2,No
5963,5963,2025-04-21,2025-04-26,2025-04-25,ParcelOne,Chennai,Delivered,2,138.55,nan,-1,No
5964,5964,2025-05-12,2025-05-14,2025-05-14,MetroDeliver,Bengaluru,Delivered,3,132.06,nan,-1,No
5965,5965,2025-06-18,2025-06-23,2025-06-23,SwiftKart Logistics,Chennai,Delivered,1,81.76,nan,7,Yes
5966,5966,2025-07-08,2025-07-12,2025-07-12,QuickShip India,Hyderabad,Delivered,1,108.95,nan,-1,No
5967,5967,2026-01-08,2026-01-10,,QuickShip India,Delhi,In Transit,2,170.81,nan,4,Yes
5968,5968,2026-02-08,2026-02-11,2026-02-10,QuickShip India,Chennai,Delivered,3,81.78,nan,5,Yes
5969,5969,2026-03-13,2026-03-15,2026-03-13,RapidX Logistics,Hyderabad,Delivered,3,82.68,nan,4,Yes
5970,5970,2025-08-05,2025-08-09,2025-08-08,QuickShip India,Mumbai,Delivered,1,146.31,nan,-1,No
5971,5971,2025-08-23,2025-08-25,2025-08-24,ParcelOne,Chennai,Delivered,1,118.84,nan,3,Yes
5972,5972,2025-10-02,2025-10-07,2025-10-06,RapidX Logistics,Hyderabad,Delivered,1,87.38,nan,6,Yes
5973,5973,2025-03-16,2025-03-20,2025-03-20,QuickShip India,Delhi,Delivered,1,138.62,nan,5,Yes
5974,5974,2025-04-18,2025-04-23,,QuickShip India,Delhi,In Transit,1,105.33,nan,2,No
5975,5975,2025-05-12,2025-05-16,,RapidX Logistics,Bengaluru,In Transit,3,101.29,nan,-1,No
5976,5976,2025-06-04,2025-06-07,2025-06-06,QuickShip India,Chennai,Delivered,3,106.53,nan,7,Yes
5977,5977,2026-05-28,2026-06-01,2026-05-31,SwiftKart Logistics,Hyderabad,Delivered,3,174.41,nan,5,Yes
5978,5978,2026-07-06,2026-07-11,2026-07-11,SwiftKart Logistics,Chennai,Delivered,3,79.67,nan,3,Yes
5979,5979,2026-08-05,2026-08-09,2026-08-09,RapidX Logistics,Hyderabad,Delivered,2,77.07,nan,6,Yes
5980,5980,2024-12-26,2024-12-30,2024-12-29,RapidX Logistics,Delhi,Delivered,3,74.4,nan,-1,No
5981,5981,2025-01-19,2025-01-23,2025-01-23,SwiftKart Logistics,Chennai,Delivered,2,95.61,nan,2,No
5982,5982,2025-02-18,2025-02-20,2025-02-19,ParcelOne,Bengaluru,Delivered,3,119.03,nan,3,Yes
5983,5983,2025-03-30,2025-04-04,2025-04-04,SwiftKart Logistics,Delhi,Delivered,3,65.5,nan,2,No
5984,5984,2025-11-21,2025-11-26,2025-11-26,BlueRoute Express,Kolkata,Delivered,1,155.23,nan,-1,No
5985,5985,2025-12-06,2025-12-08,2025-12-08,QuickShip India,Kolkata,Delivered,3,76.79,nan,5,Yes
5986,5986,2026-01-12,2026-01-15,2026-01-14,BlueRoute Express,Bengaluru,Delivered,2,137.15,nan,3,Yes
5987,5987,2024-09-01,2024-09-04,2024-09-03,MetroDeliver,Mumbai,Delivered,3,135.95,nan,3,Yes
5988,5988,2024-10-11,2024-10-14,2024-10-13,RapidX Logistics,Hyderabad,Delivered,2,68.67,nan,6,Yes
5989,5989,2024-11-15,2024-11-20,2024-11-20,RapidX Logistics,Kolkata,Delivered,2,70.28,nan,-1,No
5990,5990,2024-12-02,2024-12-05,2024-12-03,MetroDeliver,Bengaluru,Delivered,2,88.79,nan,2,No
5991,5991,2025-09-27,2025-09-29,,MetroDeliver,Hyderabad,In Transit,2,85.81,nan,-1,No
5992,5992,2025-10-29,2025-11-03,2025-11-03,ParcelOne,Kolkata,Delivered,3,134.52,nan,2,No
5993,5993,2025-11-26,2025-11-29,2025-11-29,BlueRoute Express,Delhi,Delivered,2,162.76,nan,6,Yes
5994,5994,2025-12-30,2026-01-02,2026-01-01,ParcelOne,Delhi,Delivered,2,76.51,nan,4,Yes
5995,5995,2025-10-28,2025-11-02,2025-10-31,ParcelOne,Kolkata,Delivered,3,115.93,nan,2,No
5996,5996,2025-11-16,2025-11-20,2025-11-18,SwiftKart Logistics,Mumbai,Delivered,3,93.77,nan,1,No
5997,5997,2025-12-05,2025-12-07,2025-12-06,MetroDeliver,Delhi,Delivered,2,100.79,nan,4,Yes
5998,5998,2025-12-25,2025-12-30,2025-12-30,ParcelOne,Mumbai,Delivered,2,137.28,nan,6,Yes
5999,5999,2025-04-24,2025-04-28,2025-04-27,BlueRoute Express,Chennai,Delivered,1,109.92,nan,6,Yes
6000,6000,2025-05-18,2025-05-23,2025-05-22,QuickShip India,Bengaluru,Delivered,1,136.94,nan,0,No
6001,6001,2025-06-11,2025-06-13,,SwiftKart Logistics,Delhi,In Transit,2,158.7,nan,-1,No
6002,6002,2024-11-16,2024-11-20,2024-11-19,MetroDeliver,Chennai,Delivered,1,170.67,nan,7,Yes
6003,6003,2024-12-06,2024-12-08,2024-12-07,QuickShip India,Hyderabad,Delivered,2,40.64,nan,5,Yes
6004,6004,2024-12-26,2024-12-30,2024-12-30,MetroDeliver,Chennai,Delivered,1,134.48,nan,3,Yes
6005,6005,2025-02-04,2025-02-06,2025-02-06,QuickShip India,Kolkata,Delivered,3,118.66,nan,5,Yes
6006,6006,2025-03-07,2025-03-12,2025-03-11,QuickShip India,Delhi,Delivered,3,80.59,nan,3,Yes
6007,6007,2025-04-17,2025-04-21,2025-04-20,MetroDeliver,Mumbai,Delivered,1,168.99,nan,5,Yes
6008,6008,2024-10-28,2024-11-01,2024-10-31,QuickShip India,Bengaluru,Delivered,3,68.26,nan,6,Yes
6009,6009,2024-11-16,2024-11-20,2024-11-19,BlueRoute Express,Kolkata,Delivered,3,151.4,nan,-1,No
6010,6010,2024-12-06,2024-12-10,2024-12-10,ParcelOne,Kolkata,Delivered,2,166.5,nan,3,Yes
6011,6011,2025-06-09,2025-06-13,2025-06-13,MetroDeliver,Hyderabad,Delivered,1,123.51,nan,4,Yes
6012,6012,2025-06-24,2025-06-29,2025-06-28,SwiftKart Logistics,Hyderabad,Delivered,3,146.53,nan,1,No
6013,6013,2025-07-24,2025-07-27,2025-07-26,ParcelOne,Chennai,Delivered,2,92.89,nan,5,Yes
6014,6014,2025-08-21,2025-08-23,2025-08-22,RapidX Logistics,Mumbai,Delivered,2,112.67,nan,6,Yes
6015,6015,2025-09-23,2025-09-27,2025-09-25,SwiftKart Logistics,Hyderabad,Delivered,3,42.39,nan,5,Yes
6016,6016,2026-03-12,2026-03-15,2026-03-15,ParcelOne,Bengaluru,Delivered,2,50.17,nan,-1,No
6017,6017,2026-04-04,2026-04-07,2026-04-06,MetroDeliver,Hyderabad,Delivered,2,102.88,nan,2,No
6018,6018,2026-05-11,2026-05-13,2026-05-12,BlueRoute Express,Kolkata,Delivered,1,158.46,nan,5,Yes
6019,6019,2026-06-02,2026-06-06,2026-06-06,SwiftKart Logistics,Bengaluru,Delivered,3,112.66,nan,0,No
6020,6020,2025-04-05,2025-04-07,2025-04-05,MetroDeliver,Bengaluru,Delivered,2,167.31,nan,7,Yes
6021,6021,2025-05-06,2025-05-09,2025-05-09,BlueRoute Express,Delhi,Delivered,2,173.66,nan,-1,No
6022,6022,2025-05-24,2025-05-26,2025-05-25,MetroDeliver,Kolkata,Delivered,3,83.49,nan,-1,No
6023,6023,2025-04-23,2025-04-25,2025-04-24,SwiftKart Logistics,Chennai,Delivered,2,66.57,nan,3,Yes
6024,6024,2025-05-31,2025-06-02,2025-06-01,ParcelOne,Chennai,Delivered,3,171.24,nan,-1,No
6025,6025,2025-07-06,2025-07-10,2025-07-09,QuickShip India,Mumbai,Delivered,1,88.3,nan,3,Yes
6026,6026,2025-09-15,2025-09-18,2025-09-16,BlueRoute Express,Mumbai,Delivered,1,140.39,nan,4,Yes
6027,6027,2025-09-29,2025-10-01,2025-10-01,ParcelOne,Hyderabad,Delivered,3,111.15,nan,5,Yes
6028,6028,2025-11-09,2025-11-13,2025-11-12,ParcelOne,Delhi,Delivered,2,111.48,nan,7,Yes
6029,6029,2025-12-19,2025-12-21,,BlueRoute Express,Chennai,In Transit,3,153.92,nan,3,Yes
6030,6030,2026-01-16,2026-01-19,2026-01-19,ParcelOne,Delhi,Delivered,1,42.9,nan,2,No
6031,6031,2026-02-19,2026-02-22,,BlueRoute Express,Chennai,In Transit,1,81.0,nan,1,No
6032,6032,2024-10-07,2024-10-11,2024-10-10,SwiftKart Logistics,Chennai,Delivered,3,63.72,nan,0,No
6033,6033,2024-10-31,2024-11-02,,BlueRoute Express,Chennai,In Transit,1,115.17,nan,4,Yes
6034,6034,2024-11-18,2024-11-22,2024-11-21,MetroDeliver,Bengaluru,Delivered,2,41.46,nan,-1,No
6035,6035,2024-08-30,2024-09-02,2024-09-01,ParcelOne,Bengaluru,Delivered,3,131.63,nan,5,Yes
6036,6036,2024-10-11,2024-10-16,2024-10-16,MetroDeliver,Chennai,Delivered,3,124.22,nan,3,Yes
6037,6037,2024-11-17,2024-11-21,2024-11-20,BlueRoute Express,Kolkata,Delivered,2,116.66,nan,1,No
6038,6038,2024-12-14,2024-12-18,2024-12-16,RapidX Logistics,Chennai,Delivered,1,57.0,nan,3,Yes
6039,6039,2025-01-04,2025-01-08,2025-01-07,QuickShip India,Kolkata,Delivered,2,164.18,nan,1,No
6040,6040,2024-11-25,2024-11-28,2024-11-27,MetroDeliver,Delhi,Delivered,1,97.85,nan,6,Yes
6041,6041,2024-12-20,2024-12-25,2024-12-25,ParcelOne,Delhi,Delivered,2,75.51,nan,6,Yes
6042,6042,2024-08-09,2024-08-14,2024-08-12,QuickShip India,Kolkata,Delivered,2,179.49,nan,1,No
6043,6043,2024-09-10,2024-09-12,2024-09-12,QuickShip India,Chennai,Delivered,2,71.78,nan,3,Yes
6044,6044,2025-11-25,2025-11-28,2025-11-27,SwiftKart Logistics,Chennai,Delivered,3,172.27,nan,6,Yes
6045,6045,2026-01-01,2026-01-06,2026-01-05,QuickShip India,Kolkata,Delivered,1,145.05,nan,-1,No
6046,6046,2026-01-19,2026-01-21,2026-01-20,ParcelOne,Delhi,Delivered,1,76.35,nan,6,Yes
6047,6047,2026-02-16,2026-02-19,2026-02-17,SwiftKart Logistics,Mumbai,Delivered,3,54.08,nan,2,No
6048,6048,2026-03-23,2026-03-28,2026-03-28,ParcelOne,Hyderabad,Delivered,1,93.09,nan,-1,No
6049,6049,2026-04-26,2026-04-28,2026-04-26,ParcelOne,Chennai,Delivered,3,148.45,nan,7,Yes
6050,6050,2025-09-07,2025-09-09,2025-09-09,ParcelOne,Hyderabad,Delivered,1,110.1,nan,6,Yes
6051,6051,2025-10-10,2025-10-14,2025-10-14,RapidX Logistics,Chennai,Delivered,2,157.63,nan,-1,No
6052,6052,2024-12-30,2025-01-04,2025-01-03,ParcelOne,Bengaluru,Delivered,3,44.51,nan,0,No
6053,6053,2025-01-13,2025-01-17,2025-01-17,MetroDeliver,Mumbai,Delivered,3,126.96,nan,1,No
6054,6054,2025-02-15,2025-02-17,2025-02-16,MetroDeliver,Chennai,Delivered,2,149.59,nan,0,No
6055,6055,2025-03-21,2025-03-25,,BlueRoute Express,Kolkata,In Transit,3,78.89,nan,3,Yes
6056,6056,2024-11-30,2024-12-02,2024-12-01,BlueRoute Express,Delhi,Delivered,1,74.62,nan,6,Yes
6057,6057,2025-01-08,2025-01-13,2025-01-12,SwiftKart Logistics,Hyderabad,Delivered,2,76.76,nan,6,Yes
6058,6058,2025-03-20,2025-03-23,2025-03-22,ParcelOne,Kolkata,Delivered,3,118.89,nan,5,Yes
6059,6059,2025-04-04,2025-04-09,2025-04-08,RapidX Logistics,Kolkata,Delivered,3,88.28,nan,-1,No
6060,6060,2024-09-11,2024-09-15,2024-09-14,BlueRoute Express,Mumbai,Delivered,2,131.74,nan,5,Yes
6061,6061,2024-10-13,2024-10-15,2024-10-14,RapidX Logistics,Mumbai,Delivered,3,108.8,nan,7,Yes
6062,6062,2024-10-29,2024-11-02,2024-11-01,ParcelOne,Mumbai,Delivered,1,73.73,nan,5,Yes
6063,6063,2024-11-27,2024-11-29,2024-11-27,RapidX Logistics,Delhi,Delivered,2,104.97,nan,5,Yes
6064,6064,2024-12-17,2024-12-19,2024-12-18,BlueRoute Express,Bengaluru,Delivered,3,138.42,nan,3,Yes
6065,6065,2024-09-25,2024-09-29,2024-09-28,BlueRoute Express,Chennai,Delivered,1,142.69,nan,-1,No
6066,6066,2024-10-27,2024-11-01,2024-10-31,RapidX Logistics,Kolkata,Delivered,3,177.16,nan,5,Yes
6067,6067,2025-11-04,2025-11-06,2025-11-05,MetroDeliver,Hyderabad,Delivered,2,40.66,nan,1,No
6068,6068,2025-11-21,2025-11-25,,BlueRoute Express,Kolkata,In Transit,2,171.05,nan,1,No
6069,6069,2025-12-25,2025-12-28,2025-12-27,SwiftKart Logistics,Chennai,Delivered,1,171.57,nan,3,Yes
6070,6070,2026-02-03,2026-02-05,2026-02-04,MetroDeliver,Bengaluru,Delivered,3,141.0,nan,-1,No
6071,6071,2026-01-26,2026-01-28,2026-01-27,QuickShip India,Kolkata,Delivered,2,70.48,nan,-1,No
6072,6072,2026-02-22,2026-02-24,2026-02-23,RapidX Logistics,Delhi,Delivered,3,59.0,nan,0,No
6073,6073,2026-04-03,2026-04-05,2026-04-05,BlueRoute Express,Bengaluru,Delivered,2,93.11,nan,-1,No
6074,6074,2026-04-26,2026-05-01,2026-05-01,MetroDeliver,Mumbai,Delivered,1,162.83,nan,1,No
6075,6075,2025-06-16,2025-06-19,2025-06-19,QuickShip India,Delhi,Delivered,3,92.93,nan,-1,No
6076,6076,2025-07-27,2025-08-01,2025-07-31,QuickShip India,Hyderabad,Delivered,1,40.72,nan,4,Yes
6077,6077,2025-08-31,2025-09-02,2025-09-02,RapidX Logistics,Hyderabad,Delivered,3,56.01,nan,0,No
6078,6078,2025-10-09,2025-10-14,2025-10-14,QuickShip India,Chennai,Delivered,1,171.24,nan,2,No
6079,6079,2025-11-05,2025-11-08,,QuickShip India,Hyderabad,In Transit,1,112.35,nan,6,Yes
6080,6080,2024-12-15,2024-12-17,,BlueRoute Express,Bengaluru,In Transit,3,84.79,nan,0,No
6081,6081,2025-01-16,2025-01-18,2025-01-17,BlueRoute Express,Kolkata,Delivered,1,79.68,nan,3,Yes
6082,6082,2025-02-02,2025-02-07,2025-02-05,SwiftKart Logistics,Mumbai,Delivered,1,140.43,nan,0,No
6083,6083,2025-03-17,2025-03-22,2025-03-20,BlueRoute Express,Kolkata,Delivered,1,106.0,nan,1,No
6084,6084,2026-07-04,2026-07-07,2026-07-07,BlueRoute Express,Mumbai,Delivered,2,110.37,nan,0,No
6085,6085,2026-07-24,2026-07-28,2026-07-27,QuickShip India,Mumbai,Delivered,1,63.53,nan,5,Yes
6086,6086,2024-10-18,2024-10-22,2024-10-22,ParcelOne,Delhi,Delivered,3,113.17,nan,0,No
6087,6087,2024-11-27,2024-11-30,2024-11-28,RapidX Logistics,Delhi,Delivered,3,97.86,nan,-1,No
6088,6088,2025-01-06,2025-01-10,2025-01-09,SwiftKart Logistics,Mumbai,Delivered,1,168.89,nan,2,No
6089,6089,2025-01-22,2025-01-27,2025-01-26,ParcelOne,Mumbai,Delivered,3,173.63,nan,0,No
6090,6090,2025-02-21,2025-02-23,2025-02-23,SwiftKart Logistics,Hyderabad,Delivered,1,158.93,nan,1,No
6091,6091,2025-03-31,2025-04-03,2025-04-02,SwiftKart Logistics,Delhi,Delivered,2,127.44,nan,1,No
6092,6092,2025-04-17,2025-04-22,2025-04-21,MetroDeliver,Delhi,Delivered,1,134.69,nan,1,No
6093,6093,2025-05-31,2025-06-05,2025-06-04,ParcelOne,Bengaluru,Delivered,3,119.27,nan,5,Yes
6094,6094,2025-07-10,2025-07-14,2025-07-14,MetroDeliver,Kolkata,Delivered,1,65.36,nan,1,No
6095,6095,2026-08-04,2026-08-09,2026-08-07,ParcelOne,Chennai,Delivered,3,139.81,nan,6,Yes
6096,6096,2025-01-01,2025-01-04,2025-01-03,SwiftKart Logistics,Hyderabad,Delivered,1,146.94,nan,3,Yes
6097,6097,2025-01-25,2025-01-27,2025-01-27,BlueRoute Express,Bengaluru,Delivered,1,97.59,nan,6,Yes
6098,6098,2025-02-28,2025-03-03,2025-03-03,SwiftKart Logistics,Chennai,Delivered,1,122.44,nan,2,No
6099,6099,2025-12-13,2025-12-17,2025-12-16,SwiftKart Logistics,Mumbai,Delivered,3,48.47,nan,5,Yes
6100,6100,2026-01-27,2026-01-31,2026-01-30,MetroDeliver,Chennai,Delivered,1,133.01,nan,2,No
6101,6101,2026-02-14,2026-02-16,2026-02-16,MetroDeliver,Hyderabad,Delivered,3,167.42,nan,2,No
6102,6102,2026-03-25,2026-03-27,2026-03-25,RapidX Logistics,Hyderabad,Delivered,3,59.58,nan,6,Yes
6103,6103,2025-05-12,2025-05-17,2025-05-15,MetroDeliver,Mumbai,Delivered,3,102.85,nan,6,Yes
6104,6104,2025-06-25,2025-06-27,2025-06-25,ParcelOne,Chennai,Delivered,3,140.26,nan,7,Yes
6105,6105,2025-07-16,2025-07-19,2025-07-19,SwiftKart Logistics,Chennai,Delivered,3,132.59,nan,4,Yes
6106,6106,2025-08-09,2025-08-12,,SwiftKart Logistics,Kolkata,In Transit,2,102.79,nan,-1,No
6107,6107,2025-09-12,2025-09-15,2025-09-14,ParcelOne,Kolkata,Delivered,2,103.49,nan,7,Yes
6108,6108,2025-10-21,2025-10-26,2025-10-24,BlueRoute Express,Bengaluru,Delivered,2,163.59,nan,6,Yes
6109,6109,2025-11-16,2025-11-21,2025-11-19,ParcelOne,Mumbai,Delivered,3,127.98,nan,5,Yes
6110,6110,2025-12-10,2025-12-15,2025-12-14,QuickShip India,Kolkata,Delivered,1,75.65,nan,3,Yes
6111,6111,2026-01-14,2026-01-18,2026-01-18,ParcelOne,Kolkata,Delivered,2,141.85,nan,5,Yes
6112,6112,2026-02-02,2026-02-05,2026-02-04,RapidX Logistics,Mumbai,Delivered,2,120.33,nan,3,Yes
6113,6113,2026-02-24,2026-03-01,2026-02-28,BlueRoute Express,Kolkata,Delivered,3,81.78,nan,3,Yes
6114,6114,2026-03-23,2026-03-28,2026-03-27,ParcelOne,Delhi,Delivered,1,153.78,nan,0,No
6115,6115,2024-08-18,2024-08-22,2024-08-21,RapidX Logistics,Chennai,Delivered,2,63.1,nan,7,Yes
6116,6116,2024-09-18,2024-09-22,,RapidX Logistics,Hyderabad,In Transit,1,77.85,nan,3,Yes
6117,6117,2024-10-26,2024-10-30,2024-10-30,MetroDeliver,Delhi,Delivered,1,132.3,nan,0,No
6118,6118,2024-11-16,2024-11-20,2024-11-19,MetroDeliver,Hyderabad,Delivered,3,93.81,nan,5,Yes
6119,6119,2026-07-01,2026-07-04,2026-07-02,BlueRoute Express,Mumbai,Delivered,3,129.85,nan,7,Yes
6120,6120,2026-07-24,2026-07-28,2026-07-28,QuickShip India,Kolkata,Delivered,3,133.33,nan,4,Yes
6121,6121,2026-07-27,2026-07-31,2026-07-30,QuickShip India,Bengaluru,Delivered,3,126.88,nan,1,No
6122,6122,2026-07-11,2026-07-14,,RapidX Logistics,Hyderabad,In Transit,3,61.67,nan,6,Yes
6123,6123,2026-08-13,2026-08-18,,QuickShip India,Kolkata,In Transit,1,169.68,nan,4,Yes
6124,6124,2026-02-19,2026-02-23,2026-02-22,ParcelOne,Chennai,Delivered,3,85.86,nan,3,Yes
6125,6125,2026-03-23,2026-03-27,2026-03-26,BlueRoute Express,Kolkata,Delivered,1,131.6,nan,3,Yes
6126,6126,2026-04-20,2026-04-24,2026-04-23,MetroDeliver,Delhi,Delivered,1,78.84,nan,2,No
6127,6127,2026-05-18,2026-05-23,2026-05-22,SwiftKart Logistics,Chennai,Delivered,3,120.43,nan,6,Yes
6128,6128,2024-11-12,2024-11-17,2024-11-16,MetroDeliver,Bengaluru,Delivered,2,157.19,nan,0,No
6129,6129,2024-12-15,2024-12-18,2024-12-17,MetroDeliver,Kolkata,Delivered,3,140.49,nan,5,Yes
6130,6130,2025-01-06,2025-01-09,2025-01-08,SwiftKart Logistics,Hyderabad,Delivered,1,90.92,nan,4,Yes
6131,6131,2025-01-30,2025-02-02,2025-02-02,SwiftKart Logistics,Mumbai,Delivered,2,159.55,nan,4,Yes
6132,6132,2025-03-14,2025-03-19,2025-03-19,ParcelOne,Bengaluru,Delivered,2,138.98,nan,1,No
6133,6133,2025-04-20,2025-04-23,2025-04-21,BlueRoute Express,Hyderabad,Delivered,3,135.88,nan,4,Yes
6134,6134,2026-04-15,2026-04-19,,RapidX Logistics,Delhi,In Transit,3,101.63,nan,3,Yes
6135,6135,2026-05-25,2026-05-30,2026-05-30,MetroDeliver,Kolkata,Delivered,2,58.94,nan,1,No
6136,6136,2026-06-29,2026-07-04,2026-07-03,RapidX Logistics,Kolkata,Delivered,1,134.01,nan,2,No
6137,6137,2026-08-05,2026-08-08,2026-08-07,BlueRoute Express,Kolkata,Delivered,1,80.41,nan,-1,No
6138,6138,2024-11-22,2024-11-25,2024-11-24,RapidX Logistics,Bengaluru,Delivered,1,53.89,nan,0,No
6139,6139,2024-12-22,2024-12-26,2024-12-25,RapidX Logistics,Bengaluru,Delivered,2,88.88,nan,6,Yes
6140,6140,2025-01-11,2025-01-16,2025-01-16,ParcelOne,Hyderabad,Delivered,1,40.39,nan,0,No
6141,6141,2026-01-25,2026-01-28,2026-01-27,QuickShip India,Hyderabad,Delivered,3,124.11,nan,3,Yes
6142,6142,2026-02-28,2026-03-03,2026-03-03,MetroDeliver,Bengaluru,Delivered,2,156.99,nan,2,No
6143,6143,2026-03-23,2026-03-25,2026-03-24,SwiftKart Logistics,Kolkata,Delivered,1,172.93,nan,0,No
6144,6144,2025-03-29,2025-03-31,2025-03-31,QuickShip India,Kolkata,Delivered,1,80.31,nan,7,Yes
6145,6145,2025-05-03,2025-05-06,2025-05-06,BlueRoute Express,Kolkata,Delivered,2,74.31,nan,4,Yes
6146,6146,2025-06-08,2025-06-11,2025-06-11,MetroDeliver,Mumbai,Delivered,3,123.49,nan,6,Yes
6147,6147,2025-07-07,2025-07-10,2025-07-08,SwiftKart Logistics,Hyderabad,Delivered,3,74.86,nan,7,Yes
6148,6148,2025-08-17,2025-08-21,,SwiftKart Logistics,Bengaluru,In Transit,1,98.93,nan,4,Yes
6149,6149,2026-02-22,2026-02-25,2026-02-24,MetroDeliver,Hyderabad,Delivered,1,86.11,nan,2,No
6150,6150,2026-03-15,2026-03-20,2026-03-19,RapidX Logistics,Bengaluru,Delivered,2,132.12,nan,2,No
6151,6151,2025-11-20,2025-11-22,2025-11-21,SwiftKart Logistics,Bengaluru,Delivered,2,80.62,nan,6,Yes
6152,6152,2025-12-19,2025-12-22,,SwiftKart Logistics,Delhi,In Transit,2,101.36,nan,2,No
6153,6153,2026-01-21,2026-01-24,2026-01-23,SwiftKart Logistics,Delhi,Delivered,2,115.74,nan,6,Yes
6154,6154,2024-09-14,2024-09-16,2024-09-16,QuickShip India,Bengaluru,Delivered,2,58.31,nan,4,Yes
6155,6155,2026-01-25,2026-01-29,2026-01-28,MetroDeliver,Chennai,Delivered,2,121.79,nan,4,Yes
6156,6156,2026-02-26,2026-02-28,2026-02-27,QuickShip India,Hyderabad,Delivered,3,64.46,nan,0,No
6157,6157,2026-03-23,2026-03-28,2026-03-28,SwiftKart Logistics,Delhi,Delivered,2,42.88,nan,6,Yes
6158,6158,2026-05-03,2026-05-06,2026-05-06,ParcelOne,Delhi,Delivered,3,108.54,nan,6,Yes
6159,6159,2026-05-27,2026-05-30,2026-05-29,RapidX Logistics,Bengaluru,Delivered,2,178.14,nan,6,Yes
6160,6160,2026-06-29,2026-07-03,2026-07-03,QuickShip India,Chennai,Delivered,2,56.89,nan,2,No
6161,6161,2026-07-18,2026-07-22,2026-07-21,MetroDeliver,Hyderabad,Delivered,3,62.77,nan,2,No
6162,6162,2024-09-22,2024-09-24,2024-09-24,RapidX Logistics,Mumbai,Delivered,2,171.74,nan,2,No
6163,6163,2024-10-23,2024-10-27,2024-10-27,QuickShip India,Chennai,Delivered,1,119.41,nan,1,No
6164,6164,2025-07-25,2025-07-29,2025-07-29,ParcelOne,Bengaluru,Delivered,2,163.79,nan,2,No
6165,6165,2025-08-12,2025-08-17,2025-08-16,RapidX Logistics,Hyderabad,Delivered,2,41.97,nan,2,No
6166,6166,2025-07-01,2025-07-06,2025-07-05,BlueRoute Express,Hyderabad,Delivered,3,93.12,nan,2,No
6167,6167,2025-08-01,2025-08-03,2025-08-01,SwiftKart Logistics,Mumbai,Delivered,2,158.19,nan,6,Yes
6168,6168,2025-08-23,2025-08-25,2025-08-24,RapidX Logistics,Chennai,Delivered,1,98.87,nan,4,Yes
6169,6169,2025-09-20,2025-09-22,2025-09-20,RapidX Logistics,Chennai,Delivered,2,82.36,nan,3,Yes
6170,6170,2025-10-17,2025-10-19,2025-10-18,RapidX Logistics,Delhi,Delivered,2,80.47,nan,6,Yes
6171,6171,2025-11-29,2025-12-02,2025-12-01,ParcelOne,Chennai,Delivered,1,168.54,nan,-1,No
6172,6172,2024-10-15,2024-10-18,2024-10-17,BlueRoute Express,Chennai,Delivered,3,164.12,nan,5,Yes
6173,6173,2024-11-26,2024-11-30,2024-11-29,ParcelOne,Chennai,Delivered,3,70.5,nan,7,Yes
6174,6174,2024-12-22,2024-12-24,2024-12-23,RapidX Logistics,Delhi,Delivered,1,124.14,nan,6,Yes
6175,6175,2025-01-09,2025-01-12,2025-01-10,SwiftKart Logistics,Hyderabad,Delivered,3,125.46,nan,7,Yes
6176,6176,2025-01-26,2025-01-30,2025-01-29,QuickShip India,Mumbai,Delivered,2,42.61,nan,0,No
6177,6177,2025-02-13,2025-02-17,2025-02-16,QuickShip India,Kolkata,Delivered,1,128.27,nan,0,No
6178,6178,2025-03-29,2025-04-01,,RapidX Logistics,Hyderabad,In Transit,1,51.08,nan,3,Yes
6179,6179,2025-01-10,2025-01-15,2025-01-14,SwiftKart Logistics,Bengaluru,Delivered,3,158.17,nan,3,Yes
6180,6180,2025-02-07,2025-02-11,2025-02-11,QuickShip India,Kolkata,Delivered,1,171.53,nan,3,Yes
6181,6181,2025-11-05,2025-11-10,2025-11-10,MetroDeliver,Bengaluru,Delivered,3,90.47,nan,6,Yes
6182,6182,2025-12-08,2025-12-11,2025-12-10,RapidX Logistics,Mumbai,Delivered,1,104.13,nan,7,Yes
6183,6183,2026-01-17,2026-01-19,2026-01-18,ParcelOne,Delhi,Delivered,1,162.41,nan,7,Yes
6184,6184,2024-12-09,2024-12-13,2024-12-12,ParcelOne,Delhi,Delivered,1,71.73,nan,0,No
6185,6185,2024-12-31,2025-01-03,2025-01-02,MetroDeliver,Bengaluru,Delivered,1,59.85,nan,1,No
6186,6186,2025-01-23,2025-01-25,2025-01-24,QuickShip India,Mumbai,Delivered,3,156.1,nan,6,Yes
6187,6187,2025-02-17,2025-02-20,2025-02-20,QuickShip India,Kolkata,Delivered,3,155.58,nan,6,Yes
6188,6188,2025-03-18,2025-03-20,2025-03-19,ParcelOne,Mumbai,Delivered,3,49.77,nan,3,Yes
6189,6189,2025-04-17,2025-04-21,,BlueRoute Express,Hyderabad,In Transit,2,74.53,nan,1,No
6190,6190,2025-01-04,2025-01-06,2025-01-05,MetroDeliver,Delhi,Delivered,2,71.52,nan,7,Yes
6191,6191,2025-01-21,2025-01-23,2025-01-22,MetroDeliver,Mumbai,Delivered,2,92.88,nan,7,Yes
6192,6192,2025-03-07,2025-03-11,2025-03-10,RapidX Logistics,Kolkata,Delivered,1,147.56,nan,2,No
6193,6193,2025-03-22,2025-03-24,2025-03-24,ParcelOne,Hyderabad,Delivered,1,172.37,nan,-1,No
6194,6194,2025-04-29,2025-05-01,2025-04-30,QuickShip India,Hyderabad,Delivered,1,142.13,nan,7,Yes
6195,6195,2025-05-29,2025-06-01,,MetroDeliver,Chennai,In Transit,1,145.44,nan,1,No
6196,6196,2025-06-27,2025-07-01,2025-06-30,QuickShip India,Bengaluru,Delivered,1,155.56,nan,0,No
6197,6197,2025-12-21,2025-12-23,2025-12-21,QuickShip India,Mumbai,Delivered,1,165.1,nan,6,Yes
6198,6198,2026-01-27,2026-02-01,2026-01-31,MetroDeliver,Delhi,Delivered,3,104.21,nan,4,Yes
6199,6199,2026-02-27,2026-03-02,2026-03-02,MetroDeliver,Hyderabad,Delivered,2,102.28,nan,3,Yes
6200,6200,2026-05-19,2026-05-23,2026-05-22,MetroDeliver,Kolkata,Delivered,3,103.31,nan,5,Yes
6201,6201,2025-02-20,2025-02-25,2025-02-24,SwiftKart Logistics,Delhi,Delivered,3,126.93,nan,1,No
6202,6202,2025-04-05,2025-04-08,,ParcelOne,Bengaluru,In Transit,3,76.88,nan,3,Yes
6203,6203,2025-05-03,2025-05-06,2025-05-05,RapidX Logistics,Mumbai,Delivered,3,178.68,nan,4,Yes
6204,6204,2024-12-01,2024-12-03,2024-12-03,ParcelOne,Hyderabad,Delivered,1,49.45,nan,4,Yes
6205,6205,2025-01-12,2025-01-17,,QuickShip India,Chennai,In Transit,1,95.71,nan,5,Yes
6206,6206,2025-02-11,2025-02-14,2025-02-13,MetroDeliver,Chennai,Delivered,1,43.91,nan,-1,No
6207,6207,2024-12-31,2025-01-03,2025-01-03,ParcelOne,Chennai,Delivered,1,50.33,nan,3,Yes
6208,6208,2025-02-08,2025-02-12,2025-02-11,RapidX Logistics,Bengaluru,Delivered,1,135.7,nan,4,Yes
6209,6209,2025-03-03,2025-03-05,2025-03-04,RapidX Logistics,Mumbai,Delivered,3,136.83,nan,4,Yes
6210,6210,2025-04-14,2025-04-17,2025-04-16,QuickShip India,Chennai,Delivered,1,55.27,nan,3,Yes
6211,6211,2025-05-13,2025-05-16,2025-05-16,SwiftKart Logistics,Bengaluru,Delivered,1,133.55,nan,4,Yes
6212,6212,2025-06-16,2025-06-18,2025-06-17,SwiftKart Logistics,Chennai,Delivered,3,70.67,nan,-1,No
6213,6213,2025-07-12,2025-07-16,2025-07-16,ParcelOne,Chennai,Delivered,1,163.42,nan,1,No
6214,6214,2025-08-12,2025-08-14,2025-08-13,BlueRoute Express,Hyderabad,Delivered,3,178.31,nan,-1,No
6215,6215,2025-09-05,2025-09-10,2025-09-09,QuickShip India,Bengaluru,Delivered,3,131.7,nan,5,Yes
6216,6216,2025-06-04,2025-06-08,2025-06-08,BlueRoute Express,Bengaluru,Delivered,1,136.4,nan,0,No
6217,6217,2026-05-21,2026-05-26,2026-05-25,MetroDeliver,Chennai,Delivered,2,70.35,nan,-1,No
6218,6218,2026-06-24,2026-06-27,2026-06-27,SwiftKart Logistics,Hyderabad,Delivered,2,50.67,nan,5,Yes
6219,6219,2026-07-28,2026-07-31,2026-07-31,RapidX Logistics,Mumbai,Delivered,2,159.55,nan,1,No
6220,6220,2025-05-12,2025-05-14,2025-05-14,ParcelOne,Chennai,Delivered,3,127.05,nan,3,Yes
6221,6221,2025-06-09,2025-06-14,2025-06-12,ParcelOne,Chennai,Delivered,3,118.04,nan,6,Yes
6222,6222,2025-07-03,2025-07-06,2025-07-05,MetroDeliver,Delhi,Delivered,1,125.16,nan,0,No
6223,6223,2025-10-19,2025-10-21,2025-10-20,SwiftKart Logistics,Hyderabad,Delivered,1,151.1,nan,7,Yes
6224,6224,2025-12-01,2025-12-03,2025-12-03,MetroDeliver,Chennai,Delivered,2,100.86,nan,2,No
6225,6225,2026-01-02,2026-01-05,2026-01-05,BlueRoute Express,Bengaluru,Delivered,2,140.97,nan,6,Yes
6226,6226,2024-09-19,2024-09-21,2024-09-20,QuickShip India,Kolkata,Delivered,2,85.63,nan,7,Yes
6227,6227,2024-10-24,2024-10-26,2024-10-25,BlueRoute Express,Bengaluru,Delivered,3,167.24,nan,1,No
6228,6228,2025-06-26,2025-06-28,2025-06-27,ParcelOne,Mumbai,Delivered,1,68.86,nan,6,Yes
6229,6229,2025-07-13,2025-07-18,2025-07-17,QuickShip India,Bengaluru,Delivered,2,152.14,nan,6,Yes
6230,6230,2025-07-28,2025-08-02,2025-08-01,BlueRoute Express,Bengaluru,Delivered,3,95.47,nan,0,No
6231,6231,2025-08-13,2025-08-15,2025-08-14,MetroDeliver,Hyderabad,Delivered,2,171.0,nan,2,No
6232,6232,2025-02-04,2025-02-09,2025-02-07,BlueRoute Express,Kolkata,Delivered,2,164.36,nan,3,Yes
6233,6233,2025-02-22,2025-02-24,2025-02-24,ParcelOne,Bengaluru,Delivered,2,120.24,nan,5,Yes
6234,6234,2025-03-18,2025-03-21,2025-03-20,BlueRoute Express,Kolkata,Delivered,1,154.21,nan,-1,No
6235,6235,2025-04-25,2025-04-29,,MetroDeliver,Chennai,In Transit,2,80.0,nan,1,No
6236,6236,2025-06-08,2025-06-10,2025-06-10,ParcelOne,Mumbai,Delivered,2,81.65,nan,1,No
6237,6237,2025-08-22,2025-08-25,2025-08-23,ParcelOne,Delhi,Delivered,2,172.5,nan,2,No
6238,6238,2025-09-23,2025-09-28,2025-09-27,BlueRoute Express,Bengaluru,Delivered,3,50.92,nan,0,No
6239,6239,2025-11-01,2025-11-03,2025-11-02,ParcelOne,Hyderabad,Delivered,1,165.48,nan,7,Yes
6240,6240,2025-11-18,2025-11-21,2025-11-20,QuickShip India,Bengaluru,Delivered,2,53.95,nan,5,Yes
6241,6241,2025-12-03,2025-12-06,2025-12-06,SwiftKart Logistics,Kolkata,Delivered,3,131.33,nan,2,No
6242,6242,2026-06-10,2026-06-13,2026-06-12,SwiftKart Logistics,Hyderabad,Delivered,3,137.55,nan,3,Yes
6243,6243,2026-07-11,2026-07-16,2026-07-15,SwiftKart Logistics,Mumbai,Delivered,1,88.45,nan,3,Yes
6244,6244,2026-06-25,2026-06-30,2026-06-30,ParcelOne,Chennai,Delivered,1,79.82,nan,6,Yes
6245,6245,2026-08-06,2026-08-11,2026-08-10,MetroDeliver,Delhi,Delivered,2,135.27,nan,5,Yes
6246,6246,2025-07-21,2025-07-25,2025-07-23,SwiftKart Logistics,Bengaluru,Delivered,3,42.93,nan,0,No
6247,6247,2025-08-18,2025-08-22,2025-08-21,QuickShip India,Bengaluru,Delivered,1,172.22,nan,1,No
6248,6248,2024-08-13,2024-08-16,2024-08-15,ParcelOne,Kolkata,Delivered,3,66.54,nan,7,Yes
6249,6249,2024-09-27,2024-09-29,2024-09-28,ParcelOne,Mumbai,Delivered,1,164.75,nan,0,No
6250,6250,2026-02-18,2026-02-23,,BlueRoute Express,Bengaluru,In Transit,1,129.55,nan,1,No
6251,6251,2026-03-27,2026-03-31,2026-03-30,SwiftKart Logistics,Kolkata,Delivered,1,157.09,nan,-1,No
6252,6252,2026-04-11,2026-04-16,2026-04-15,BlueRoute Express,Bengaluru,Delivered,1,105.33,nan,4,Yes
6253,6253,2025-04-03,2025-04-05,2025-04-04,ParcelOne,Mumbai,Delivered,3,56.92,nan,-1,No
6254,6254,2025-05-02,2025-05-06,2025-05-05,BlueRoute Express,Chennai,Delivered,3,69.52,nan,7,Yes
6255,6255,2025-06-12,2025-06-15,2025-06-14,SwiftKart Logistics,Kolkata,Delivered,1,79.84,nan,0,No
6256,6256,2025-06-28,2025-07-03,2025-07-03,QuickShip India,Delhi,Delivered,2,129.09,nan,4,Yes
6257,6257,2025-10-06,2025-10-09,2025-10-08,ParcelOne,Bengaluru,Delivered,3,51.92,nan,5,Yes
6258,6258,2025-11-02,2025-11-06,2025-11-05,RapidX Logistics,Bengaluru,Delivered,2,40.33,nan,0,No
6259,6259,2024-12-08,2024-12-11,2024-12-10,MetroDeliver,Delhi,Delivered,1,105.03,nan,3,Yes
6260,6260,2025-01-06,2025-01-09,2025-01-07,ParcelOne,Hyderabad,Delivered,1,155.99,nan,-1,No
6261,6261,2024-10-07,2024-10-10,2024-10-10,ParcelOne,Bengaluru,Delivered,2,107.31,nan,1,No
6262,6262,2024-11-14,2024-11-16,2024-11-15,ParcelOne,Kolkata,Delivered,3,110.27,nan,7,Yes
6263,6263,2024-12-28,2025-01-01,2025-01-01,SwiftKart Logistics,Delhi,Delivered,2,89.74,nan,-1,No
6264,6264,2025-01-31,2025-02-03,2025-02-02,MetroDeliver,Delhi,Delivered,1,64.44,nan,4,Yes
6265,6265,2026-01-18,2026-01-22,2026-01-21,MetroDeliver,Kolkata,Delivered,2,66.66,nan,1,No
6266,6266,2026-03-04,2026-03-07,2026-03-06,BlueRoute Express,Bengaluru,Delivered,1,52.71,nan,3,Yes
6267,6267,2026-03-27,2026-03-29,2026-03-28,QuickShip India,Hyderabad,Delivered,1,77.83,nan,3,Yes
6268,6268,2026-04-25,2026-04-28,2026-04-27,QuickShip India,Mumbai,Delivered,1,172.23,nan,-1,No
6269,6269,2025-04-09,2025-04-11,2025-04-10,RapidX Logistics,Mumbai,Delivered,3,105.94,nan,4,Yes
6270,6270,2025-05-11,2025-05-15,2025-05-14,RapidX Logistics,Bengaluru,Delivered,2,128.4,nan,0,No
6271,6271,2025-06-23,2025-06-25,2025-06-25,ParcelOne,Delhi,Delivered,3,145.57,nan,2,No
6272,6272,2025-07-13,2025-07-16,2025-07-16,BlueRoute Express,Mumbai,Delivered,2,128.81,nan,-1,No
6273,6273,2025-08-21,2025-08-23,2025-08-22,SwiftKart Logistics,Bengaluru,Delivered,1,47.82,nan,2,No
6274,6274,2024-10-14,2024-10-16,2024-10-15,ParcelOne,Bengaluru,Delivered,1,142.11,nan,4,Yes
6275,6275,2024-11-19,2024-11-24,2024-11-23,MetroDeliver,Mumbai,Delivered,3,173.66,nan,0,No
6276,6276,2024-08-25,2024-08-28,2024-08-27,MetroDeliver,Bengaluru,Delivered,2,63.6,nan,5,Yes
6277,6277,2025-11-24,2025-11-27,2025-11-26,MetroDeliver,Bengaluru,Delivered,1,146.6,nan,4,Yes
6278,6278,2025-12-15,2025-12-19,2025-12-18,SwiftKart Logistics,Mumbai,Delivered,3,97.67,nan,-1,No
6279,6279,2025-04-18,2025-04-20,2025-04-19,RapidX Logistics,Bengaluru,Delivered,3,121.87,nan,0,No
6280,6280,2025-06-01,2025-06-06,2025-06-05,ParcelOne,Kolkata,Delivered,3,110.06,nan,0,No
6281,6281,2025-06-20,2025-06-24,,ParcelOne,Chennai,In Transit,1,170.29,nan,-1,No
6282,6282,2025-07-11,2025-07-16,,RapidX Logistics,Delhi,In Transit,2,60.54,nan,6,Yes
6283,6283,2025-02-12,2025-02-17,2025-02-16,QuickShip India,Delhi,Delivered,3,60.93,nan,2,No
6284,6284,2025-03-21,2025-03-23,2025-03-22,RapidX Logistics,Delhi,Delivered,3,112.54,nan,-1,No
6285,6285,2025-04-26,2025-05-01,2025-04-30,MetroDeliver,Mumbai,Delivered,3,145.06,nan,6,Yes
6286,6286,2025-05-20,2025-05-23,2025-05-23,ParcelOne,Delhi,Delivered,3,52.41,nan,1,No
6287,6287,2025-06-18,2025-06-21,2025-06-21,RapidX Logistics,Chennai,Delivered,2,46.78,nan,4,Yes
6288,6288,2025-07-26,2025-07-31,,SwiftKart Logistics,Hyderabad,In Transit,3,140.9,nan,5,Yes
6289,6289,2025-09-04,2025-09-08,2025-09-08,BlueRoute Express,Bengaluru,Delivered,3,122.88,nan,1,No
6290,6290,2026-03-07,2026-03-11,2026-03-11,RapidX Logistics,Hyderabad,Delivered,3,77.79,nan,6,Yes
6291,6291,2026-03-23,2026-03-26,2026-03-25,RapidX Logistics,Kolkata,Delivered,1,93.72,nan,-1,No
6292,6292,2026-05-01,2026-05-06,2026-05-05,BlueRoute Express,Chennai,Delivered,3,84.32,nan,5,Yes
6293,6293,2026-05-31,2026-06-02,2026-06-01,QuickShip India,Bengaluru,Delivered,2,90.85,nan,6,Yes
6294,6294,2026-07-12,2026-07-15,,RapidX Logistics,Kolkata,In Transit,3,168.91,nan,7,Yes
6295,6295,2026-03-01,2026-03-05,2026-03-04,ParcelOne,Kolkata,Delivered,3,41.83,nan,0,No
6296,6296,2026-03-24,2026-03-29,2026-03-28,ParcelOne,Delhi,Delivered,1,67.79,nan,2,No
6297,6297,2026-05-13,2026-05-15,2026-05-15,RapidX Logistics,Chennai,Delivered,3,89.99,nan,3,Yes
6298,6298,2026-05-31,2026-06-02,2026-06-01,MetroDeliver,Mumbai,Delivered,1,165.45,nan,4,Yes
6299,6299,2026-07-07,2026-07-10,2026-07-10,RapidX Logistics,Hyderabad,Delivered,1,83.48,nan,-1,No
6300,6300,2025-07-28,2025-07-31,2025-07-30,BlueRoute Express,Mumbai,Delivered,1,43.07,nan,4,Yes
6301,6301,2025-08-17,2025-08-20,2025-08-19,SwiftKart Logistics,Mumbai,Delivered,3,144.98,nan,4,Yes
6302,6302,2025-09-09,2025-09-12,2025-09-11,RapidX Logistics,Bengaluru,Delivered,2,162.35,nan,-1,No
6303,6303,2025-10-22,2025-10-25,2025-10-25,SwiftKart Logistics,Kolkata,Delivered,2,157.78,nan,5,Yes
6304,6304,2025-12-03,2025-12-07,,QuickShip India,Delhi,In Transit,1,41.76,nan,7,Yes
6305,6305,2026-01-09,2026-01-12,2026-01-11,ParcelOne,Kolkata,Delivered,2,40.18,nan,3,Yes
6306,6306,2026-02-20,2026-02-25,2026-02-24,ParcelOne,Hyderabad,Delivered,1,117.39,nan,4,Yes
6307,6307,2026-04-24,2026-04-26,2026-04-26,ParcelOne,Hyderabad,Delivered,3,147.18,nan,3,Yes
6308,6308,2026-06-01,2026-06-03,,RapidX Logistics,Bengaluru,In Transit,1,42.1,nan,0,No
6309,6309,2026-07-02,2026-07-04,2026-07-04,SwiftKart Logistics,Bengaluru,Delivered,2,40.58,nan,5,Yes
6310,6310,2026-08-09,2026-08-13,2026-08-12,RapidX Logistics,Bengaluru,Delivered,2,107.15,nan,7,Yes
6311,6311,2024-11-16,2024-11-18,2024-11-17,ParcelOne,Delhi,Delivered,1,136.1,nan,2,No
6312,6312,2024-12-31,2025-01-02,2025-01-01,RapidX Logistics,Hyderabad,Delivered,3,177.03,nan,2,No
6313,6313,2025-02-04,2025-02-07,2025-02-06,QuickShip India,Kolkata,Delivered,1,129.08,nan,1,No
6314,6314,2025-03-16,2025-03-21,2025-03-20,SwiftKart Logistics,Hyderabad,Delivered,2,156.44,nan,7,Yes
6315,6315,2025-04-27,2025-04-30,2025-04-29,BlueRoute Express,Mumbai,Delivered,1,122.36,nan,-1,No
6316,6316,2025-05-17,2025-05-22,2025-05-22,ParcelOne,Delhi,Delivered,2,54.34,nan,1,No
6317,6317,2025-06-14,2025-06-19,,BlueRoute Express,Kolkata,In Transit,1,155.07,nan,0,No
6318,6318,2024-12-17,2024-12-22,2024-12-21,BlueRoute Express,Chennai,Delivered,3,121.76,nan,0,No
6319,6319,2025-01-24,2025-01-27,2025-01-26,MetroDeliver,Bengaluru,Delivered,1,175.87,nan,-1,No
6320,6320,2025-02-24,2025-02-27,2025-02-26,QuickShip India,Delhi,Delivered,2,53.14,nan,2,No
6321,6321,2025-03-14,2025-03-17,2025-03-17,RapidX Logistics,Kolkata,Delivered,1,143.1,nan,7,Yes
6322,6322,2026-01-08,2026-01-11,2026-01-10,ParcelOne,Delhi,Delivered,2,51.22,nan,5,Yes
6323,6323,2026-02-04,2026-02-06,2026-02-06,RapidX Logistics,Hyderabad,Delivered,2,75.72,nan,0,No
6324,6324,2025-11-08,2025-11-10,2025-11-09,BlueRoute Express,Delhi,Delivered,1,40.89,nan,4,Yes
6325,6325,2025-11-27,2025-12-01,2025-11-30,ParcelOne,Mumbai,Delivered,3,63.23,nan,7,Yes
6326,6326,2026-01-02,2026-01-04,2026-01-03,QuickShip India,Chennai,Delivered,2,86.41,nan,0,No
6327,6327,2026-02-19,2026-02-23,2026-02-22,BlueRoute Express,Hyderabad,Delivered,2,139.07,nan,3,Yes
6328,6328,2026-03-31,2026-04-04,2026-04-03,SwiftKart Logistics,Hyderabad,Delivered,2,109.15,nan,3,Yes
6329,6329,2026-05-04,2026-05-07,,RapidX Logistics,Mumbai,In Transit,3,96.71,nan,5,Yes
6330,6330,2026-06-10,2026-06-14,2026-06-13,MetroDeliver,Hyderabad,Delivered,3,107.72,nan,1,No
6331,6331,2025-05-20,2025-05-24,2025-05-23,ParcelOne,Mumbai,Delivered,1,133.4,nan,3,Yes
6332,6332,2025-06-14,2025-06-17,2025-06-16,BlueRoute Express,Bengaluru,Delivered,1,126.74,nan,7,Yes
6333,6333,2026-01-04,2026-01-09,2026-01-09,ParcelOne,Chennai,Delivered,2,42.93,nan,1,No
6334,6334,2026-02-02,2026-02-04,2026-02-03,ParcelOne,Chennai,Delivered,3,176.81,nan,1,No
6335,6335,2026-03-13,2026-03-17,2026-03-16,RapidX Logistics,Chennai,Delivered,1,72.15,nan,2,No
6336,6336,2026-04-15,2026-04-20,2026-04-19,ParcelOne,Bengaluru,Delivered,3,152.24,nan,1,No
6337,6337,2026-05-23,2026-05-26,,RapidX Logistics,Bengaluru,In Transit,2,74.83,nan,5,Yes
6338,6338,2026-07-02,2026-07-06,2026-07-06,BlueRoute Express,Mumbai,Delivered,1,101.34,nan,5,Yes
6339,6339,2025-12-12,2025-12-16,2025-12-15,BlueRoute Express,Kolkata,Delivered,2,151.99,nan,0,No
6340,6340,2026-01-16,2026-01-21,2026-01-20,SwiftKart Logistics,Delhi,Delivered,2,148.63,nan,6,Yes
6341,6341,2026-02-27,2026-03-04,2026-03-04,BlueRoute Express,Delhi,Delivered,2,160.52,nan,5,Yes
6342,6342,2026-03-15,2026-03-18,,ParcelOne,Mumbai,In Transit,2,161.74,nan,0,No
6343,6343,2026-04-24,2026-04-27,2026-04-26,RapidX Logistics,Hyderabad,Delivered,1,120.33,nan,-1,No
6344,6344,2024-10-30,2024-11-04,,QuickShip India,Chennai,In Transit,1,168.3,nan,5,Yes
6345,6345,2024-12-07,2024-12-11,2024-12-10,RapidX Logistics,Hyderabad,Delivered,3,147.47,nan,4,Yes
6346,6346,2025-01-21,2025-01-24,2025-01-22,ParcelOne,Kolkata,Delivered,2,172.01,nan,3,Yes
6347,6347,2025-07-02,2025-07-05,2025-07-04,MetroDeliver,Bengaluru,Delivered,3,127.23,nan,2,No
6348,6348,2025-08-07,2025-08-11,2025-08-10,QuickShip India,Delhi,Delivered,2,140.99,nan,7,Yes
6349,6349,2026-02-25,2026-03-02,2026-03-02,RapidX Logistics,Bengaluru,Delivered,3,173.7,nan,-1,No
6350,6350,2026-03-18,2026-03-22,2026-03-21,QuickShip India,Kolkata,Delivered,3,122.69,nan,-1,No
6351,6351,2026-05-01,2026-05-06,2026-05-06,RapidX Logistics,Bengaluru,Delivered,3,124.94,nan,2,No
6352,6352,2026-06-09,2026-06-12,2026-06-11,ParcelOne,Bengaluru,Delivered,3,136.39,nan,5,Yes
6353,6353,2026-07-21,2026-07-26,2026-07-25,ParcelOne,Chennai,Delivered,2,47.87,nan,3,Yes
6354,6354,2026-08-12,2026-08-16,2026-08-15,ParcelOne,Kolkata,Delivered,3,47.49,nan,-1,No
6355,6355,2025-05-26,2025-05-31,2025-05-30,QuickShip India,Kolkata,Delivered,3,62.77,nan,0,No
6356,6356,2025-07-08,2025-07-10,,SwiftKart Logistics,Hyderabad,In Transit,3,90.15,nan,5,Yes
6357,6357,2025-07-28,2025-07-30,2025-07-29,BlueRoute Express,Mumbai,Delivered,2,134.32,nan,3,Yes
6358,6358,2025-08-24,2025-08-29,2025-08-27,RapidX Logistics,Mumbai,Delivered,2,49.86,nan,5,Yes
6359,6359,2026-01-11,2026-01-13,,RapidX Logistics,Hyderabad,In Transit,3,146.54,nan,0,No
6360,6360,2026-01-27,2026-02-01,2026-01-31,ParcelOne,Mumbai,Delivered,1,117.99,nan,7,Yes
6361,6361,2026-03-10,2026-03-12,2026-03-11,QuickShip India,Delhi,Delivered,3,85.79,nan,2,No
6362,6362,2026-04-10,2026-04-12,2026-04-12,MetroDeliver,Chennai,Delivered,1,131.58,nan,6,Yes
6363,6363,2024-08-25,2024-08-27,2024-08-26,RapidX Logistics,Delhi,Delivered,2,67.71,nan,0,No
6364,6364,2025-12-28,2026-01-02,2026-01-01,RapidX Logistics,Hyderabad,Delivered,1,55.94,nan,5,Yes
6365,6365,2026-01-24,2026-01-29,2026-01-29,RapidX Logistics,Kolkata,Delivered,1,82.01,nan,3,Yes
6366,6366,2026-02-14,2026-02-16,2026-02-16,SwiftKart Logistics,Chennai,Delivered,1,81.66,nan,2,No
6367,6367,2026-03-25,2026-03-30,,RapidX Logistics,Mumbai,In Transit,2,149.1,nan,6,Yes
6368,6368,2026-05-05,2026-05-09,,MetroDeliver,Delhi,In Transit,1,48.06,nan,7,Yes
6369,6369,2026-06-17,2026-06-21,2026-06-21,ParcelOne,Kolkata,Delivered,3,86.97,nan,-1,No
6370,6370,2026-07-26,2026-07-31,2026-07-30,SwiftKart Logistics,Chennai,Delivered,3,146.42,nan,6,Yes
6371,6371,2024-08-25,2024-08-29,,BlueRoute Express,Delhi,In Transit,3,75.15,nan,0,No
6372,6372,2024-10-06,2024-10-11,2024-10-11,RapidX Logistics,Mumbai,Delivered,1,133.9,nan,2,No
6373,6373,2024-10-31,2024-11-02,2024-11-01,RapidX Logistics,Delhi,Delivered,2,60.6,nan,3,Yes
6374,6374,2024-11-25,2024-11-30,2024-11-29,SwiftKart Logistics,Mumbai,Delivered,2,60.62,nan,2,No
6375,6375,2024-12-19,2024-12-22,2024-12-21,SwiftKart Logistics,Delhi,Delivered,2,142.51,nan,5,Yes
6376,6376,2026-02-27,2026-03-02,2026-03-01,QuickShip India,Chennai,Delivered,1,83.81,nan,7,Yes
6377,6377,2026-04-10,2026-04-14,,MetroDeliver,Kolkata,In Transit,1,91.59,nan,4,Yes
6378,6378,2026-02-04,2026-02-08,2026-02-07,ParcelOne,Chennai,Delivered,2,134.52,nan,2,No
6379,6379,2026-03-05,2026-03-10,,MetroDeliver,Kolkata,In Transit,2,121.72,nan,5,Yes
6380,6380,2024-12-21,2024-12-26,2024-12-24,RapidX Logistics,Mumbai,Delivered,1,168.15,nan,3,Yes
6381,6381,2025-01-31,2025-02-02,2025-02-02,MetroDeliver,Bengaluru,Delivered,1,108.23,nan,5,Yes
6382,6382,2025-02-28,2025-03-05,2025-03-04,RapidX Logistics,Chennai,Delivered,1,68.21,nan,-1,No
6383,6383,2025-11-06,2025-11-08,2025-11-07,QuickShip India,Hyderabad,Delivered,2,92.83,nan,7,Yes
6384,6384,2026-01-18,2026-01-20,2026-01-18,MetroDeliver,Bengaluru,Delivered,1,168.08,nan,7,Yes
6385,6385,2025-01-12,2025-01-16,,SwiftKart Logistics,Mumbai,In Transit,3,73.72,nan,0,No
6386,6386,2025-02-20,2025-02-23,2025-02-23,ParcelOne,Delhi,Delivered,1,78.94,nan,0,No
6387,6387,2026-01-14,2026-01-19,2026-01-19,ParcelOne,Kolkata,Delivered,1,118.12,nan,2,No
6388,6388,2026-02-27,2026-03-01,2026-02-28,BlueRoute Express,Chennai,Delivered,1,139.45,nan,5,Yes
6389,6389,2026-01-03,2026-01-06,2026-01-04,BlueRoute Express,Bengaluru,Delivered,1,94.08,nan,2,No
6390,6390,2026-02-07,2026-02-11,,BlueRoute Express,Delhi,In Transit,2,167.49,nan,3,Yes
6391,6391,2026-02-23,2026-02-28,,QuickShip India,Kolkata,In Transit,3,134.13,nan,-1,No
6392,6392,2026-03-12,2026-03-16,2026-03-15,BlueRoute Express,Bengaluru,Delivered,1,176.78,nan,5,Yes
6393,6393,2026-04-22,2026-04-24,2026-04-23,MetroDeliver,Hyderabad,Delivered,1,111.28,nan,2,No
6394,6394,2026-03-11,2026-03-15,2026-03-14,SwiftKart Logistics,Chennai,Delivered,3,161.26,nan,1,No
6395,6395,2026-03-26,2026-03-29,2026-03-28,MetroDeliver,Delhi,Delivered,3,73.62,nan,0,No
6396,6396,2026-04-16,2026-04-21,2026-04-20,MetroDeliver,Delhi,Delivered,1,71.48,nan,7,Yes
6397,6397,2025-12-12,2025-12-16,2025-12-15,BlueRoute Express,Kolkata,Delivered,2,74.5,nan,7,Yes
6398,6398,2026-01-19,2026-01-24,2026-01-22,QuickShip India,Hyderabad,Delivered,2,65.43,nan,2,No
6399,6399,2026-03-06,2026-03-09,,BlueRoute Express,Hyderabad,In Transit,3,163.3,nan,7,Yes
6400,6400,2026-04-13,2026-04-15,2026-04-14,BlueRoute Express,Bengaluru,Delivered,3,73.02,nan,2,No
6401,6401,2026-05-05,2026-05-09,2026-05-08,QuickShip India,Bengaluru,Delivered,3,59.83,nan,3,Yes
6402,6402,2026-06-10,2026-06-14,2026-06-13,RapidX Logistics,Chennai,Delivered,3,158.32,nan,0,No
6403,6403,2026-07-01,2026-07-05,2026-07-04,MetroDeliver,Mumbai,Delivered,3,154.68,nan,1,No
6404,6404,2024-09-16,2024-09-21,2024-09-20,QuickShip India,Mumbai,Delivered,3,179.29,nan,4,Yes
6405,6405,2024-10-07,2024-10-09,2024-10-09,BlueRoute Express,Delhi,Delivered,3,75.31,nan,2,No
6406,6406,2024-11-18,2024-11-23,2024-11-22,QuickShip India,Chennai,Delivered,1,119.96,nan,1,No
6407,6407,2024-12-14,2024-12-19,2024-12-18,ParcelOne,Mumbai,Delivered,1,147.33,nan,0,No
6408,6408,2024-12-29,2025-01-01,,SwiftKart Logistics,Kolkata,In Transit,2,161.63,nan,2,No
6409,6409,2025-04-14,2025-04-18,2025-04-17,BlueRoute Express,Kolkata,Delivered,3,145.11,nan,7,Yes
6410,6410,2025-08-27,2025-08-30,,QuickShip India,Mumbai,In Transit,2,81.66,nan,3,Yes
6411,6411,2025-09-19,2025-09-24,2025-09-24,ParcelOne,Delhi,Delivered,2,170.82,nan,1,No
6412,6412,2025-10-22,2025-10-25,2025-10-25,SwiftKart Logistics,Hyderabad,Delivered,1,148.56,nan,7,Yes
6413,6413,2025-11-17,2025-11-21,2025-11-21,ParcelOne,Chennai,Delivered,2,122.66,nan,4,Yes
6414,6414,2025-12-10,2025-12-12,2025-12-10,QuickShip India,Bengaluru,Delivered,1,161.85,nan,3,Yes
6415,6415,2026-01-18,2026-01-23,,QuickShip India,Bengaluru,In Transit,2,84.14,nan,4,Yes
6416,6416,2026-02-19,2026-02-23,2026-02-23,ParcelOne,Delhi,Delivered,2,85.92,nan,7,Yes
6417,6417,2025-01-27,2025-01-30,2025-01-29,RapidX Logistics,Delhi,Delivered,1,168.97,nan,0,No
6418,6418,2026-02-28,2026-03-05,2026-03-03,ParcelOne,Bengaluru,Delivered,3,175.56,nan,5,Yes
6419,6419,2026-03-27,2026-04-01,2026-03-31,MetroDeliver,Bengaluru,Delivered,3,53.46,nan,-1,No
6420,6420,2026-05-01,2026-05-05,2026-05-03,ParcelOne,Kolkata,Delivered,1,146.79,nan,7,Yes
6421,6421,2026-05-20,2026-05-22,2026-05-21,SwiftKart Logistics,Kolkata,Delivered,3,51.39,nan,1,No
6422,6422,2026-07-01,2026-07-03,,QuickShip India,Bengaluru,In Transit,3,71.81,nan,5,Yes
6423,6423,2026-08-15,2026-08-20,2026-08-19,SwiftKart Logistics,Delhi,Delivered,2,151.8,nan,2,No
6424,6424,2025-01-03,2025-01-07,2025-01-05,ParcelOne,Bengaluru,Delivered,2,117.61,nan,1,No
6425,6425,2025-01-20,2025-01-24,2025-01-22,ParcelOne,Hyderabad,Delivered,2,139.31,nan,6,Yes
6426,6426,2025-03-06,2025-03-11,2025-03-10,SwiftKart Logistics,Mumbai,Delivered,2,147.64,nan,5,Yes
6427,6427,2025-04-01,2025-04-03,2025-04-03,RapidX Logistics,Mumbai,Delivered,3,53.36,nan,7,Yes
6428,6428,2025-04-17,2025-04-19,2025-04-18,QuickShip India,Kolkata,Delivered,1,136.21,nan,3,Yes
6429,6429,2025-06-16,2025-06-20,2025-06-20,RapidX Logistics,Kolkata,Delivered,2,77.36,nan,2,No
6430,6430,2025-07-20,2025-07-25,2025-07-25,QuickShip India,Kolkata,Delivered,2,138.18,nan,1,No
6431,6431,2025-09-02,2025-09-06,,SwiftKart Logistics,Delhi,In Transit,2,122.62,nan,4,Yes
6432,6432,2025-10-12,2025-10-14,,QuickShip India,Delhi,In Transit,2,125.87,nan,3,Yes
6433,6433,2025-11-03,2025-11-06,2025-11-05,SwiftKart Logistics,Mumbai,Delivered,1,103.74,nan,4,Yes
6434,6434,2026-01-29,2026-02-03,2026-02-03,RapidX Logistics,Bengaluru,Delivered,2,167.97,nan,2,No
6435,6435,2026-02-20,2026-02-22,,QuickShip India,Chennai,In Transit,3,64.74,nan,0,No
6436,6436,2026-01-23,2026-01-28,2026-01-27,SwiftKart Logistics,Chennai,Delivered,2,60.4,nan,5,Yes
6437,6437,2026-03-02,2026-03-06,2026-03-05,SwiftKart Logistics,Hyderabad,Delivered,3,177.86,nan,1,No
6438,6438,2026-04-09,2026-04-11,2026-04-11,SwiftKart Logistics,Kolkata,Delivered,2,172.72,nan,3,Yes
6439,6439,2025-05-24,2025-05-26,2025-05-25,RapidX Logistics,Hyderabad,Delivered,3,55.5,nan,4,Yes
6440,6440,2025-06-24,2025-06-27,2025-06-26,ParcelOne,Kolkata,Delivered,2,57.68,nan,7,Yes
6441,6441,2025-07-22,2025-07-25,2025-07-25,RapidX Logistics,Delhi,Delivered,2,130.15,nan,3,Yes
6442,6442,2025-08-18,2025-08-23,,QuickShip India,Chennai,In Transit,1,168.53,nan,3,Yes
6443,6443,2025-09-21,2025-09-23,2025-09-22,MetroDeliver,Hyderabad,Delivered,2,155.86,nan,2,No
6444,6444,2025-10-13,2025-10-18,2025-10-17,SwiftKart Logistics,Hyderabad,Delivered,2,88.25,nan,0,No
6445,6445,2025-11-07,2025-11-09,,BlueRoute Express,Delhi,In Transit,1,104.75,nan,3,Yes
6446,6446,2025-12-11,2025-12-13,2025-12-13,MetroDeliver,Chennai,Delivered,2,82.6,nan,5,Yes
6447,6447,2026-01-08,2026-01-10,2026-01-09,QuickShip India,Delhi,Delivered,1,59.24,nan,0,No
6448,6448,2026-02-14,2026-02-16,,SwiftKart Logistics,Mumbai,In Transit,3,171.88,nan,-1,No
6449,6449,2026-03-05,2026-03-07,2026-03-06,BlueRoute Express,Hyderabad,Delivered,3,55.67,nan,3,Yes
6450,6450,2026-04-12,2026-04-14,2026-04-12,RapidX Logistics,Mumbai,Delivered,1,59.71,nan,5,Yes
6451,6451,2026-05-07,2026-05-10,2026-05-10,ParcelOne,Chennai,Delivered,2,61.92,nan,2,No
6452,6452,2026-04-27,2026-05-01,,RapidX Logistics,Delhi,In Transit,1,128.36,nan,1,No
6453,6453,2026-06-06,2026-06-11,2026-06-09,QuickShip India,Delhi,Delivered,3,111.68,nan,-1,No
6454,6454,2026-07-17,2026-07-20,2026-07-19,QuickShip India,Bengaluru,Delivered,3,172.29,nan,1,No
6455,6455,2026-08-16,2026-08-18,,SwiftKart Logistics,Mumbai,In Transit,3,130.75,nan,4,Yes
6456,6456,2025-05-19,2025-05-22,2025-05-21,ParcelOne,Mumbai,Delivered,2,174.15,nan,3,Yes
6457,6457,2025-06-24,2025-06-27,,MetroDeliver,Bengaluru,In Transit,1,51.74,nan,3,Yes
6458,6458,2025-08-05,2025-08-07,2025-08-07,QuickShip India,Kolkata,Delivered,3,126.63,nan,1,No
6459,6459,2025-08-22,2025-08-27,2025-08-26,RapidX Logistics,Bengaluru,Delivered,1,158.74,nan,4,Yes
6460,6460,2025-09-24,2025-09-27,2025-09-26,ParcelOne,Mumbai,Delivered,2,113.55,nan,-1,No
6461,6461,2025-10-30,2025-11-01,2025-10-31,BlueRoute Express,Hyderabad,Delivered,2,81.5,nan,-1,No
6462,6462,2025-02-17,2025-02-19,2025-02-18,RapidX Logistics,Hyderabad,Delivered,1,153.2,nan,2,No
6463,6463,2025-03-24,2025-03-28,,QuickShip India,Delhi,In Transit,3,47.25,nan,3,Yes
6464,6464,2025-04-11,2025-04-15,2025-04-14,RapidX Logistics,Hyderabad,Delivered,3,74.38,nan,4,Yes
6465,6465,2026-01-07,2026-01-10,2026-01-09,ParcelOne,Mumbai,Delivered,1,142.43,nan,1,No
6466,6466,2026-02-11,2026-02-15,2026-02-14,QuickShip India,Bengaluru,Delivered,1,116.53,nan,2,No
6467,6467,2026-03-03,2026-03-05,,SwiftKart Logistics,Mumbai,In Transit,1,97.87,nan,2,No
6468,6468,2024-09-05,2024-09-10,2024-09-10,MetroDeliver,Bengaluru,Delivered,1,95.45,nan,0,No
6469,6469,2024-10-14,2024-10-18,2024-10-17,BlueRoute Express,Chennai,Delivered,3,179.83,nan,0,No
6470,6470,2024-11-24,2024-11-26,2024-11-26,ParcelOne,Bengaluru,Delivered,3,43.94,nan,0,No
6471,6471,2024-12-10,2024-12-13,2024-12-12,MetroDeliver,Mumbai,Delivered,3,43.67,nan,3,Yes
6472,6472,2025-01-18,2025-01-21,2025-01-21,SwiftKart Logistics,Hyderabad,Delivered,3,93.56,nan,0,No
6473,6473,2025-12-13,2025-12-17,2025-12-16,QuickShip India,Delhi,Delivered,3,81.09,nan,1,No
6474,6474,2026-01-27,2026-01-31,,QuickShip India,Hyderabad,In Transit,2,90.58,nan,0,No
6475,6475,2024-09-13,2024-09-15,2024-09-14,RapidX Logistics,Chennai,Delivered,3,133.57,nan,6,Yes
6476,6476,2024-10-24,2024-10-26,2024-10-25,SwiftKart Logistics,Mumbai,Delivered,2,120.36,nan,2,No
6477,6477,2024-11-14,2024-11-19,2024-11-18,QuickShip India,Bengaluru,Delivered,3,82.91,nan,5,Yes
6478,6478,2024-12-16,2024-12-20,2024-12-19,MetroDeliver,Bengaluru,Delivered,1,119.97,nan,0,No
6479,6479,2025-01-21,2025-01-23,2025-01-22,QuickShip India,Hyderabad,Delivered,2,68.13,nan,5,Yes
6480,6480,2025-02-13,2025-02-16,2025-02-15,SwiftKart Logistics,Kolkata,Delivered,2,61.27,nan,3,Yes
6481,6481,2025-10-19,2025-10-22,2025-10-22,RapidX Logistics,Chennai,Delivered,2,110.87,nan,7,Yes
6482,6482,2026-05-08,2026-05-10,2026-05-09,RapidX Logistics,Mumbai,Delivered,3,169.03,nan,0,No
6483,6483,2026-06-07,2026-06-12,2026-06-11,QuickShip India,Mumbai,Delivered,2,54.6,nan,3,Yes
6484,6484,2026-07-08,2026-07-12,2026-07-12,MetroDeliver,Hyderabad,Delivered,2,54.2,nan,7,Yes
6485,6485,2025-10-25,2025-10-28,2025-10-27,ParcelOne,Mumbai,Delivered,2,124.68,nan,-1,No
6486,6486,2024-10-30,2024-11-01,,BlueRoute Express,Delhi,In Transit,3,57.38,nan,3,Yes
6487,6487,2024-11-26,2024-11-28,,MetroDeliver,Kolkata,In Transit,3,55.75,nan,1,No
6488,6488,2026-03-19,2026-03-22,,ParcelOne,Chennai,In Transit,2,132.49,nan,1,No
6489,6489,2026-04-05,2026-04-07,2026-04-05,QuickShip India,Hyderabad,Delivered,1,130.97,nan,7,Yes
6490,6490,2026-04-20,2026-04-23,2026-04-22,ParcelOne,Bengaluru,Delivered,3,98.82,nan,-1,No
6491,6491,2025-08-21,2025-08-24,2025-08-23,BlueRoute Express,Bengaluru,Delivered,3,93.48,nan,2,No
6492,6492,2025-10-01,2025-10-04,2025-10-03,RapidX Logistics,Chennai,Delivered,3,94.3,nan,5,Yes
6493,6493,2025-10-25,2025-10-29,2025-10-28,RapidX Logistics,Chennai,Delivered,2,75.39,nan,3,Yes
6494,6494,2025-12-01,2025-12-04,2025-12-03,BlueRoute Express,Chennai,Delivered,3,73.21,nan,7,Yes
6495,6495,2025-12-24,2025-12-29,2025-12-28,MetroDeliver,Delhi,Delivered,2,161.07,nan,0,No
6496,6496,2026-01-16,2026-01-19,2026-01-18,MetroDeliver,Hyderabad,Delivered,3,97.61,nan,1,No
6497,6497,2026-02-21,2026-02-26,,BlueRoute Express,Delhi,In Transit,3,42.24,nan,-1,No
6498,6498,2026-04-05,2026-04-08,2026-04-07,MetroDeliver,Delhi,Delivered,3,176.98,nan,0,No
6499,6499,2024-12-30,2025-01-03,2025-01-01,BlueRoute Express,Delhi,Delivered,3,127.96,nan,7,Yes
6500,6500,2025-02-12,2025-02-17,2025-02-17,QuickShip India,Kolkata,Delivered,1,84.69,nan,1,No
6501,6501,2025-03-15,2025-03-19,2025-03-18,RapidX Logistics,Kolkata,Delivered,2,79.45,nan,2,No
6502,6502,2025-04-01,2025-04-04,2025-04-04,ParcelOne,Kolkata,Delivered,3,160.83,nan,5,Yes
6503,6503,2025-05-04,2025-05-08,2025-05-07,MetroDeliver,Hyderabad,Delivered,2,118.61,nan,2,No
6504,6504,2025-06-02,2025-06-06,2025-06-05,ParcelOne,Delhi,Delivered,2,100.47,nan,5,Yes
6505,6505,2025-06-18,2025-06-21,2025-06-21,ParcelOne,Delhi,Delivered,2,44.55,nan,-1,No
6506,6506,2026-07-07,2026-07-10,2026-07-08,ParcelOne,Bengaluru,Delivered,3,60.55,nan,-1,No
6507,6507,2026-02-01,2026-02-06,2026-02-06,BlueRoute Express,Bengaluru,Delivered,1,99.89,nan,3,Yes
6508,6508,2026-03-01,2026-03-06,2026-03-05,QuickShip India,Bengaluru,Delivered,2,59.82,nan,7,Yes
6509,6509,2026-04-03,2026-04-08,2026-04-08,QuickShip India,Kolkata,Delivered,2,99.24,nan,3,Yes
6510,6510,2026-04-26,2026-04-28,2026-04-28,MetroDeliver,Mumbai,Delivered,1,51.11,nan,-1,No
6511,6511,2026-06-04,2026-06-09,2026-06-08,BlueRoute Express,Bengaluru,Delivered,3,146.0,nan,3,Yes
6512,6512,2025-11-28,2025-12-03,,BlueRoute Express,Bengaluru,In Transit,2,152.09,nan,0,No
6513,6513,2026-01-12,2026-01-17,2026-01-16,QuickShip India,Mumbai,Delivered,1,131.05,nan,3,Yes
6514,6514,2026-02-14,2026-02-19,2026-02-18,SwiftKart Logistics,Delhi,Delivered,3,58.02,nan,3,Yes
6515,6515,2026-05-24,2026-05-26,2026-05-25,SwiftKart Logistics,Bengaluru,Delivered,2,58.93,nan,-1,No
6516,6516,2026-07-03,2026-07-06,2026-07-05,ParcelOne,Hyderabad,Delivered,1,58.89,nan,2,No
6517,6517,2026-07-22,2026-07-27,2026-07-26,RapidX Logistics,Kolkata,Delivered,3,82.46,nan,4,Yes
6518,6518,2026-08-12,2026-08-14,,MetroDeliver,Bengaluru,In Transit,1,155.41,nan,0,No
6519,6519,2024-10-21,2024-10-23,2024-10-23,RapidX Logistics,Bengaluru,Delivered,3,120.02,nan,5,Yes
6520,6520,2024-12-01,2024-12-04,2024-12-04,SwiftKart Logistics,Bengaluru,Delivered,3,132.09,nan,1,No
6521,6521,2025-01-10,2025-01-15,,MetroDeliver,Delhi,In Transit,1,78.0,nan,7,Yes
6522,6522,2025-02-18,2025-02-22,2025-02-21,ParcelOne,Kolkata,Delivered,1,154.67,nan,2,No
6523,6523,2025-02-12,2025-02-16,2025-02-16,MetroDeliver,Kolkata,Delivered,1,102.17,nan,6,Yes
6524,6524,2025-03-16,2025-03-20,2025-03-19,SwiftKart Logistics,Delhi,Delivered,1,179.75,nan,2,No
6525,6525,2025-05-29,2025-06-01,2025-06-01,SwiftKart Logistics,Delhi,Delivered,2,140.4,nan,6,Yes
6526,6526,2025-07-13,2025-07-18,2025-07-18,SwiftKart Logistics,Chennai,Delivered,3,118.71,nan,5,Yes
6527,6527,2025-08-14,2025-08-17,2025-08-16,BlueRoute Express,Mumbai,Delivered,3,93.36,nan,2,No
6528,6528,2025-09-21,2025-09-26,2025-09-25,ParcelOne,Chennai,Delivered,1,172.38,nan,4,Yes
6529,6529,2025-10-17,2025-10-22,2025-10-21,QuickShip India,Mumbai,Delivered,3,177.65,nan,6,Yes
6530,6530,2025-01-09,2025-01-13,2025-01-12,ParcelOne,Kolkata,Delivered,2,121.88,nan,4,Yes
6531,6531,2025-01-29,2025-02-01,2025-01-31,BlueRoute Express,Mumbai,Delivered,1,100.62,nan,5,Yes
6532,6532,2025-03-01,2025-03-04,2025-03-04,MetroDeliver,Mumbai,Delivered,2,97.43,nan,0,No
6533,6533,2025-03-20,2025-03-22,2025-03-21,ParcelOne,Kolkata,Delivered,3,174.43,nan,2,No
6534,6534,2025-04-07,2025-04-11,2025-04-09,MetroDeliver,Mumbai,Delivered,2,160.45,nan,7,Yes
6535,6535,2025-04-25,2025-04-30,2025-04-29,ParcelOne,Hyderabad,Delivered,1,69.33,nan,6,Yes
6536,6536,2025-01-29,2025-02-01,2025-02-01,RapidX Logistics,Mumbai,Delivered,2,43.76,nan,4,Yes
6537,6537,2025-02-27,2025-03-03,2025-03-03,QuickShip India,Delhi,Delivered,1,131.3,nan,-1,No
6538,6538,2025-03-23,2025-03-25,2025-03-23,BlueRoute Express,Kolkata,Delivered,2,74.81,nan,0,No
6539,6539,2025-04-19,2025-04-23,2025-04-22,RapidX Logistics,Bengaluru,Delivered,1,76.59,nan,0,No
6540,6540,2025-05-13,2025-05-15,2025-05-14,SwiftKart Logistics,Bengaluru,Delivered,2,73.67,nan,1,No
6541,6541,2026-07-13,2026-07-18,,RapidX Logistics,Mumbai,In Transit,2,142.92,nan,-1,No
6542,6542,2026-07-30,2026-08-04,2026-08-03,QuickShip India,Hyderabad,Delivered,3,88.22,nan,5,Yes
6543,6543,2024-11-23,2024-11-26,2024-11-26,QuickShip India,Delhi,Delivered,2,140.25,nan,6,Yes
6544,6544,2025-01-01,2025-01-04,2025-01-03,BlueRoute Express,Bengaluru,Delivered,2,139.28,nan,4,Yes
6545,6545,2025-01-16,2025-01-21,2025-01-21,MetroDeliver,Mumbai,Delivered,1,100.83,nan,0,No
6546,6546,2025-02-11,2025-02-16,,ParcelOne,Delhi,In Transit,3,45.08,nan,3,Yes
6547,6547,2025-03-23,2025-03-28,2025-03-26,QuickShip India,Chennai,Delivered,1,147.65,nan,-1,No
6548,6548,2025-04-21,2025-04-24,2025-04-23,ParcelOne,Kolkata,Delivered,2,120.71,nan,6,Yes
6549,6549,2024-10-04,2024-10-07,2024-10-06,QuickShip India,Kolkata,Delivered,3,136.41,nan,0,No
6550,6550,2025-03-05,2025-03-09,2025-03-09,MetroDeliver,Delhi,Delivered,2,105.41,nan,4,Yes
6551,6551,2025-07-24,2025-07-26,2025-07-26,MetroDeliver,Bengaluru,Delivered,2,81.74,nan,2,No
6552,6552,2025-01-03,2025-01-07,2025-01-06,ParcelOne,Mumbai,Delivered,1,140.08,nan,7,Yes
6553,6553,2025-02-03,2025-02-05,2025-02-03,QuickShip India,Chennai,Delivered,2,97.68,nan,6,Yes
6554,6554,2025-03-05,2025-03-07,2025-03-06,RapidX Logistics,Chennai,Delivered,1,152.38,nan,1,No
6555,6555,2025-04-16,2025-04-21,2025-04-20,MetroDeliver,Chennai,Delivered,1,164.82,nan,6,Yes
6556,6556,2025-05-27,2025-05-31,,RapidX Logistics,Bengaluru,In Transit,3,139.72,nan,5,Yes
6557,6557,2025-06-22,2025-06-25,2025-06-23,MetroDeliver,Hyderabad,Delivered,2,145.29,nan,7,Yes
6558,6558,2025-07-20,2025-07-24,2025-07-23,MetroDeliver,Hyderabad,Delivered,1,47.79,nan,2,No
6559,6559,2025-08-29,2025-09-02,2025-09-01,SwiftKart Logistics,Kolkata,Delivered,1,127.78,nan,6,Yes
6560,6560,2024-08-14,2024-08-18,2024-08-18,QuickShip India,Delhi,Delivered,1,127.62,nan,1,No
6561,6561,2024-09-07,2024-09-09,2024-09-08,BlueRoute Express,Mumbai,Delivered,3,53.86,nan,6,Yes
6562,6562,2024-09-24,2024-09-28,2024-09-27,QuickShip India,Delhi,Delivered,3,124.43,nan,4,Yes
6563,6563,2024-10-10,2024-10-12,2024-10-11,BlueRoute Express,Kolkata,Delivered,2,60.94,nan,4,Yes
6564,6564,2026-04-16,2026-04-21,2026-04-21,BlueRoute Express,Kolkata,Delivered,2,48.5,nan,3,Yes
6565,6565,2026-05-03,2026-05-08,2026-05-07,RapidX Logistics,Hyderabad,Delivered,1,156.0,nan,2,No
6566,6566,2026-05-18,2026-05-20,2026-05-19,ParcelOne,Hyderabad,Delivered,2,164.53,nan,5,Yes
6567,6567,2026-06-19,2026-06-21,2026-06-20,QuickShip India,Delhi,Delivered,2,106.76,nan,6,Yes
6568,6568,2026-07-15,2026-07-18,2026-07-16,BlueRoute Express,Kolkata,Delivered,1,99.74,nan,6,Yes
6569,6569,2026-08-11,2026-08-13,2026-08-11,ParcelOne,Delhi,Delivered,3,170.29,nan,5,Yes
6570,6570,2025-01-02,2025-01-05,2025-01-04,ParcelOne,Bengaluru,Delivered,2,64.17,nan,3,Yes
6571,6571,2025-02-12,2025-02-14,2025-02-13,MetroDeliver,Hyderabad,Delivered,2,158.54,nan,7,Yes
6572,6572,2025-03-07,2025-03-11,2025-03-11,SwiftKart Logistics,Delhi,Delivered,3,85.89,nan,2,No
6573,6573,2025-04-04,2025-04-08,2025-04-07,RapidX Logistics,Hyderabad,Delivered,3,130.97,nan,-1,No
6574,6574,2025-04-30,2025-05-02,2025-05-01,ParcelOne,Mumbai,Delivered,1,150.69,nan,5,Yes
6575,6575,2024-12-03,2024-12-07,,RapidX Logistics,Chennai,In Transit,1,142.99,nan,2,No
6576,6576,2025-01-15,2025-01-18,2025-01-17,SwiftKart Logistics,Hyderabad,Delivered,2,172.21,nan,3,Yes
6577,6577,2025-01-31,2025-02-04,2025-02-04,BlueRoute Express,Hyderabad,Delivered,2,134.31,nan,1,No
6578,6578,2026-04-22,2026-04-26,2026-04-25,BlueRoute Express,Bengaluru,Delivered,1,155.99,nan,7,Yes
6579,6579,2026-05-22,2026-05-27,2026-05-26,MetroDeliver,Hyderabad,Delivered,1,80.01,nan,4,Yes
6580,6580,2026-06-24,2026-06-28,,ParcelOne,Chennai,In Transit,3,140.31,nan,-1,No
6581,6581,2026-07-25,2026-07-27,2026-07-26,ParcelOne,Chennai,Delivered,2,107.55,nan,4,Yes
6582,6582,2025-04-21,2025-04-26,2025-04-25,MetroDeliver,Delhi,Delivered,1,86.29,nan,4,Yes
6583,6583,2025-05-27,2025-05-30,2025-05-29,BlueRoute Express,Chennai,Delivered,3,151.72,nan,3,Yes
6584,6584,2026-05-05,2026-05-07,2026-05-06,BlueRoute Express,Chennai,Delivered,1,48.42,nan,6,Yes
6585,6585,2026-05-23,2026-05-28,2026-05-27,SwiftKart Logistics,Delhi,Delivered,3,149.88,nan,6,Yes
6586,6586,2024-11-23,2024-11-27,2024-11-26,ParcelOne,Kolkata,Delivered,1,163.51,nan,7,Yes
6587,6587,2025-01-06,2025-01-10,2025-01-10,BlueRoute Express,Hyderabad,Delivered,1,168.33,nan,3,Yes
6588,6588,2025-02-17,2025-02-22,2025-02-21,RapidX Logistics,Hyderabad,Delivered,2,101.9,nan,2,No
6589,6589,2025-03-05,2025-03-07,,ParcelOne,Delhi,In Transit,2,132.58,nan,1,No
6590,6590,2025-04-10,2025-04-12,,RapidX Logistics,Hyderabad,In Transit,2,148.72,nan,6,Yes
6591,6591,2025-05-16,2025-05-21,,RapidX Logistics,Mumbai,In Transit,3,158.76,nan,-1,No
6592,6592,2025-06-01,2025-06-04,2025-06-03,ParcelOne,Mumbai,Delivered,1,53.03,nan,2,No
6593,6593,2025-04-05,2025-04-08,2025-04-07,BlueRoute Express,Mumbai,Delivered,1,70.26,nan,5,Yes
6594,6594,2025-04-19,2025-04-23,2025-04-23,QuickShip India,Mumbai,Delivered,2,99.22,nan,1,No
6595,6595,2025-05-19,2025-05-22,2025-05-21,SwiftKart Logistics,Delhi,Delivered,3,78.09,nan,7,Yes
6596,6596,2024-11-29,2024-12-02,2024-12-01,ParcelOne,Bengaluru,Delivered,2,69.25,nan,0,No
6597,6597,2025-01-03,2025-01-05,2025-01-04,BlueRoute Express,Hyderabad,Delivered,2,171.04,nan,-1,No
6598,6598,2025-02-12,2025-02-14,2025-02-13,QuickShip India,Mumbai,Delivered,1,90.13,nan,1,No
6599,6599,2025-03-19,2025-03-24,,RapidX Logistics,Delhi,In Transit,3,87.17,nan,6,Yes
6600,6600,2025-04-16,2025-04-21,,MetroDeliver,Kolkata,In Transit,1,84.21,nan,4,Yes
6601,6601,2025-05-10,2025-05-12,,MetroDeliver,Bengaluru,In Transit,1,69.9,nan,5,Yes
6602,6602,2025-06-24,2025-06-26,2025-06-25,RapidX Logistics,Mumbai,Delivered,3,105.63,nan,7,Yes
6603,6603,2025-06-20,2025-06-22,2025-06-22,RapidX Logistics,Delhi,Delivered,1,79.59,nan,1,No
6604,6604,2025-07-12,2025-07-16,2025-07-16,MetroDeliver,Chennai,Delivered,3,81.11,nan,5,Yes
6605,6605,2025-08-01,2025-08-06,2025-08-04,BlueRoute Express,Bengaluru,Delivered,2,105.98,nan,6,Yes
6606,6606,2025-09-01,2025-09-04,2025-09-03,QuickShip India,Mumbai,Delivered,1,117.48,nan,0,No
6607,6607,2024-11-23,2024-11-27,2024-11-27,BlueRoute Express,Hyderabad,Delivered,3,101.53,nan,4,Yes
6608,6608,2024-12-13,2024-12-15,2024-12-14,BlueRoute Express,Hyderabad,Delivered,3,100.63,nan,7,Yes
6609,6609,2025-01-07,2025-01-10,,SwiftKart Logistics,Kolkata,In Transit,3,153.64,nan,-1,No
6610,6610,2025-02-18,2025-02-20,2025-02-20,MetroDeliver,Kolkata,Delivered,2,179.89,nan,2,No
6611,6611,2025-03-18,2025-03-23,2025-03-22,QuickShip India,Chennai,Delivered,1,168.87,nan,7,Yes
6612,6612,2025-11-17,2025-11-20,2025-11-20,RapidX Logistics,Kolkata,Delivered,2,54.52,nan,0,No
6613,6613,2025-12-22,2025-12-26,2025-12-26,SwiftKart Logistics,Mumbai,Delivered,2,53.73,nan,-1,No
6614,6614,2026-01-26,2026-01-29,2026-01-29,QuickShip India,Delhi,Delivered,1,94.23,nan,6,Yes
6615,6615,2026-02-28,2026-03-02,2026-03-02,QuickShip India,Hyderabad,Delivered,2,85.1,nan,4,Yes
6616,6616,2026-03-31,2026-04-05,2026-04-04,SwiftKart Logistics,Bengaluru,Delivered,1,131.88,nan,7,Yes
6617,6617,2026-03-31,2026-04-02,2026-04-01,ParcelOne,Kolkata,Delivered,1,134.04,nan,4,Yes
6618,6618,2026-04-18,2026-04-21,2026-04-21,SwiftKart Logistics,Bengaluru,Delivered,1,105.16,nan,7,Yes
6619,6619,2026-05-19,2026-05-21,2026-05-20,BlueRoute Express,Kolkata,Delivered,3,125.93,nan,3,Yes
6620,6620,2024-11-20,2024-11-25,2024-11-25,BlueRoute Express,Kolkata,Delivered,3,89.26,nan,1,No
6621,6621,2025-02-04,2025-02-06,2025-02-05,MetroDeliver,Chennai,Delivered,1,123.03,nan,6,Yes
6622,6622,2025-03-06,2025-03-08,,QuickShip India,Bengaluru,In Transit,1,132.52,nan,6,Yes
6623,6623,2024-08-15,2024-08-20,2024-08-20,SwiftKart Logistics,Delhi,Delivered,3,149.6,nan,4,Yes
6624,6624,2024-12-10,2024-12-13,2024-12-12,RapidX Logistics,Chennai,Delivered,3,43.76,nan,4,Yes
6625,6625,2025-01-03,2025-01-07,2025-01-05,MetroDeliver,Hyderabad,Delivered,3,140.78,nan,6,Yes
6626,6626,2025-01-25,2025-01-30,2025-01-29,BlueRoute Express,Mumbai,Delivered,2,117.7,nan,6,Yes
6627,6627,2025-03-08,2025-03-13,2025-03-13,QuickShip India,Mumbai,Delivered,1,107.95,nan,6,Yes
6628,6628,2025-12-07,2025-12-10,2025-12-09,ParcelOne,Kolkata,Delivered,3,129.76,nan,7,Yes
6629,6629,2026-01-13,2026-01-17,2026-01-16,RapidX Logistics,Mumbai,Delivered,3,75.04,nan,0,No
6630,6630,2026-02-02,2026-02-06,2026-02-05,BlueRoute Express,Bengaluru,Delivered,3,158.53,nan,0,No
6631,6631,2026-03-04,2026-03-09,2026-03-08,QuickShip India,Kolkata,Delivered,2,161.52,nan,1,No
6632,6632,2025-08-25,2025-08-27,,QuickShip India,Bengaluru,In Transit,1,111.54,nan,1,No
6633,6633,2025-09-22,2025-09-25,2025-09-25,BlueRoute Express,Delhi,Delivered,2,127.3,nan,0,No
6634,6634,2025-11-05,2025-11-10,2025-11-09,ParcelOne,Kolkata,Delivered,3,61.26,nan,2,No
6635,6635,2025-12-10,2025-12-15,,ParcelOne,Bengaluru,In Transit,1,112.14,nan,-1,No
6636,6636,2026-01-15,2026-01-20,2026-01-20,ParcelOne,Delhi,Delivered,3,79.49,nan,1,No
6637,6637,2025-09-28,2025-10-02,2025-10-01,QuickShip India,Chennai,Delivered,3,132.56,nan,-1,No
6638,6638,2025-11-06,2025-11-09,2025-11-08,SwiftKart Logistics,Hyderabad,Delivered,2,175.05,nan,0,No
6639,6639,2025-12-11,2025-12-14,2025-12-13,ParcelOne,Chennai,Delivered,1,93.49,nan,5,Yes
6640,6640,2026-01-16,2026-01-19,2026-01-18,QuickShip India,Delhi,Delivered,2,134.1,nan,6,Yes
6641,6641,2026-02-22,2026-02-26,2026-02-25,MetroDeliver,Bengaluru,Delivered,1,66.78,nan,2,No
6642,6642,2026-04-05,2026-04-07,2026-04-07,RapidX Logistics,Kolkata,Delivered,3,101.43,nan,0,No
6643,6643,2026-05-17,2026-05-21,2026-05-21,RapidX Logistics,Chennai,Delivered,3,138.6,nan,5,Yes
6644,6644,2025-10-02,2025-10-06,2025-10-06,QuickShip India,Kolkata,Delivered,1,95.78,nan,6,Yes
6645,6645,2025-11-10,2025-11-12,2025-11-12,RapidX Logistics,Hyderabad,Delivered,3,48.77,nan,7,Yes
6646,6646,2025-12-05,2025-12-10,,ParcelOne,Hyderabad,In Transit,3,154.98,nan,7,Yes
6647,6647,2026-01-13,2026-01-18,2026-01-17,BlueRoute Express,Kolkata,Delivered,3,48.92,nan,1,No
6648,6648,2026-02-02,2026-02-06,2026-02-04,QuickShip India,Kolkata,Delivered,2,93.24,nan,0,No
6649,6649,2024-12-19,2024-12-23,2024-12-21,RapidX Logistics,Delhi,Delivered,3,93.81,nan,3,Yes
6650,6650,2025-01-11,2025-01-15,2025-01-15,MetroDeliver,Chennai,Delivered,1,48.26,nan,5,Yes
6651,6651,2025-02-09,2025-02-12,2025-02-12,MetroDeliver,Delhi,Delivered,1,57.85,nan,-1,No
6652,6652,2025-03-21,2025-03-23,,MetroDeliver,Kolkata,In Transit,1,159.97,nan,4,Yes
6653,6653,2025-04-22,2025-04-24,2025-04-23,QuickShip India,Kolkata,Delivered,1,141.72,nan,5,Yes
6654,6654,2025-05-20,2025-05-22,2025-05-21,BlueRoute Express,Chennai,Delivered,3,152.65,nan,0,No
6655,6655,2025-06-30,2025-07-05,2025-07-05,RapidX Logistics,Bengaluru,Delivered,1,137.21,nan,0,No
6656,6656,2025-08-06,2025-08-08,2025-08-07,RapidX Logistics,Mumbai,Delivered,1,88.95,nan,5,Yes
6657,6657,2025-09-05,2025-09-07,2025-09-07,MetroDeliver,Chennai,Delivered,3,50.14,nan,7,Yes
6658,6658,2025-09-20,2025-09-23,2025-09-22,MetroDeliver,Bengaluru,Delivered,2,168.55,nan,6,Yes
6659,6659,2025-10-14,2025-10-16,2025-10-16,SwiftKart Logistics,Delhi,Delivered,1,139.52,nan,6,Yes
6660,6660,2026-07-20,2026-07-23,2026-07-22,SwiftKart Logistics,Chennai,Delivered,1,119.4,nan,3,Yes
6661,6661,2026-08-16,2026-08-21,2026-08-20,ParcelOne,Delhi,Delivered,3,81.14,nan,1,No
6662,6662,2024-11-13,2024-11-16,,QuickShip India,Chennai,In Transit,2,111.2,nan,-1,No
6663,6663,2024-12-12,2024-12-16,2024-12-15,SwiftKart Logistics,Kolkata,Delivered,1,154.05,nan,2,No
6664,6664,2025-01-14,2025-01-19,2025-01-18,SwiftKart Logistics,Bengaluru,Delivered,3,57.3,nan,-1,No
6665,6665,2025-02-20,2025-02-24,2025-02-23,SwiftKart Logistics,Delhi,Delivered,2,103.38,nan,4,Yes
6666,6666,2025-03-26,2025-03-31,2025-03-30,SwiftKart Logistics,Kolkata,Delivered,2,155.56,nan,-1,No
6667,6667,2024-10-09,2024-10-13,2024-10-12,RapidX Logistics,Bengaluru,Delivered,1,122.73,nan,4,Yes
6668,6668,2024-11-03,2024-11-08,2024-11-07,BlueRoute Express,Delhi,Delivered,1,140.99,nan,0,No
6669,6669,2024-11-26,2024-11-28,2024-11-27,BlueRoute Express,Hyderabad,Delivered,1,148.15,nan,2,No
6670,6670,2024-12-13,2024-12-16,2024-12-15,BlueRoute Express,Delhi,Delivered,2,93.04,nan,5,Yes
6671,6671,2025-01-14,2025-01-17,2025-01-16,MetroDeliver,Mumbai,Delivered,3,65.01,nan,2,No
6672,6672,2025-02-08,2025-02-12,,MetroDeliver,Bengaluru,In Transit,1,63.49,nan,5,Yes
6673,6673,2025-03-10,2025-03-12,2025-03-12,ParcelOne,Mumbai,Delivered,1,174.11,nan,-1,No
6674,6674,2025-03-31,2025-04-03,2025-04-03,MetroDeliver,Delhi,Delivered,3,162.73,nan,3,Yes
6675,6675,2024-11-20,2024-11-24,2024-11-23,MetroDeliver,Hyderabad,Delivered,3,102.61,nan,4,Yes
6676,6676,2024-12-22,2024-12-27,2024-12-25,SwiftKart Logistics,Mumbai,Delivered,2,44.55,nan,0,No
6677,6677,2026-06-10,2026-06-13,2026-06-12,SwiftKart Logistics,Bengaluru,Delivered,2,129.07,nan,1,No
6678,6678,2026-07-19,2026-07-21,2026-07-21,BlueRoute Express,Chennai,Delivered,3,107.77,nan,2,No
6679,6679,2026-08-12,2026-08-14,2026-08-13,RapidX Logistics,Delhi,Delivered,3,143.64,nan,-1,No
6680,6680,2025-06-04,2025-06-09,2025-06-08,SwiftKart Logistics,Hyderabad,Delivered,1,152.36,nan,6,Yes
6681,6681,2025-07-01,2025-07-04,2025-07-03,RapidX Logistics,Chennai,Delivered,1,94.77,nan,1,No
6682,6682,2025-07-19,2025-07-24,2025-07-23,SwiftKart Logistics,Kolkata,Delivered,1,135.17,nan,6,Yes
6683,6683,2025-08-29,2025-09-02,2025-09-02,RapidX Logistics,Chennai,Delivered,2,109.97,nan,-1,No
6684,6684,2025-09-24,2025-09-29,2025-09-28,ParcelOne,Delhi,Delivered,2,113.78,nan,4,Yes
6685,6685,2025-11-17,2025-11-22,2025-11-22,BlueRoute Express,Kolkata,Delivered,3,48.04,nan,7,Yes
6686,6686,2025-12-30,2026-01-01,2026-01-01,SwiftKart Logistics,Kolkata,Delivered,3,93.03,nan,6,Yes
6687,6687,2024-10-17,2024-10-21,2024-10-21,SwiftKart Logistics,Hyderabad,Delivered,3,130.05,nan,4,Yes
6688,6688,2024-11-23,2024-11-27,2024-11-26,SwiftKart Logistics,Kolkata,Delivered,2,166.57,nan,6,Yes
6689,6689,2025-08-10,2025-08-14,2025-08-14,SwiftKart Logistics,Chennai,Delivered,3,123.29,nan,7,Yes
6690,6690,2026-01-03,2026-01-06,2026-01-04,QuickShip India,Chennai,Delivered,2,108.84,nan,-1,No
6691,6691,2024-09-27,2024-09-29,2024-09-29,SwiftKart Logistics,Chennai,Delivered,1,72.37,nan,5,Yes
6692,6692,2024-10-27,2024-10-30,2024-10-30,RapidX Logistics,Delhi,Delivered,1,100.4,nan,7,Yes
6693,6693,2024-11-20,2024-11-22,2024-11-21,MetroDeliver,Bengaluru,Delivered,1,55.84,nan,1,No
6694,6694,2024-12-08,2024-12-12,2024-12-11,BlueRoute Express,Bengaluru,Delivered,1,93.1,nan,1,No
6695,6695,2025-12-16,2025-12-18,2025-12-16,SwiftKart Logistics,Hyderabad,Delivered,3,117.97,nan,2,No
6696,6696,2026-01-20,2026-01-24,2026-01-23,MetroDeliver,Bengaluru,Delivered,2,115.28,nan,7,Yes
6697,6697,2026-02-10,2026-02-14,,QuickShip India,Kolkata,In Transit,2,123.6,nan,0,No
6698,6698,2026-03-06,2026-03-11,2026-03-11,MetroDeliver,Chennai,Delivered,2,58.69,nan,7,Yes
6699,6699,2025-07-26,2025-07-31,2025-07-31,ParcelOne,Hyderabad,Delivered,2,42.1,nan,-1,No
6700,6700,2025-06-09,2025-06-11,2025-06-10,RapidX Logistics,Hyderabad,Delivered,1,41.46,nan,7,Yes
6701,6701,2025-06-26,2025-06-30,2025-06-30,BlueRoute Express,Delhi,Delivered,3,173.21,nan,2,No
6702,6702,2025-08-07,2025-08-11,2025-08-11,QuickShip India,Kolkata,Delivered,1,47.39,nan,3,Yes
6703,6703,2025-09-11,2025-09-16,2025-09-14,MetroDeliver,Mumbai,Delivered,2,47.04,nan,0,No
6704,6704,2024-08-09,2024-08-11,2024-08-10,QuickShip India,Chennai,Delivered,1,58.03,nan,0,No
6705,6705,2024-08-24,2024-08-27,2024-08-26,QuickShip India,Kolkata,Delivered,3,41.42,nan,3,Yes
6706,6706,2024-09-17,2024-09-19,2024-09-18,BlueRoute Express,Hyderabad,Delivered,2,65.53,nan,2,No
6707,6707,2024-10-17,2024-10-19,2024-10-19,RapidX Logistics,Delhi,Delivered,1,80.97,nan,5,Yes
6708,6708,2024-11-20,2024-11-25,2024-11-25,BlueRoute Express,Mumbai,Delivered,1,167.58,nan,0,No
6709,6709,2025-01-01,2025-01-05,2025-01-04,MetroDeliver,Kolkata,Delivered,1,88.48,nan,0,No
6710,6710,2025-01-18,2025-01-21,2025-01-19,BlueRoute Express,Hyderabad,Delivered,2,174.04,nan,5,Yes
6711,6711,2025-01-03,2025-01-07,2025-01-06,RapidX Logistics,Delhi,Delivered,1,40.88,nan,7,Yes
6712,6712,2025-02-07,2025-02-11,2025-02-11,BlueRoute Express,Mumbai,Delivered,3,122.63,nan,4,Yes
6713,6713,2025-05-29,2025-06-01,2025-06-01,SwiftKart Logistics,Chennai,Delivered,3,98.03,nan,-1,No
6714,6714,2025-06-23,2025-06-26,2025-06-25,RapidX Logistics,Chennai,Delivered,2,106.65,nan,2,No
6715,6715,2025-07-25,2025-07-29,2025-07-28,BlueRoute Express,Mumbai,Delivered,2,40.89,nan,1,No
6716,6716,2025-09-06,2025-09-09,2025-09-08,RapidX Logistics,Kolkata,Delivered,1,134.04,nan,7,Yes
6717,6717,2025-09-25,2025-09-28,,QuickShip India,Delhi,In Transit,3,80.97,nan,2,No
6718,6718,2025-10-21,2025-10-25,2025-10-24,BlueRoute Express,Bengaluru,Delivered,2,88.5,nan,-1,No
6719,6719,2026-04-05,2026-04-07,2026-04-07,RapidX Logistics,Delhi,Delivered,2,125.6,nan,5,Yes
6720,6720,2026-05-19,2026-05-21,2026-05-21,ParcelOne,Mumbai,Delivered,3,51.9,nan,6,Yes
6721,6721,2026-06-16,2026-06-21,2026-06-21,MetroDeliver,Mumbai,Delivered,1,102.3,nan,7,Yes
6722,6722,2026-01-06,2026-01-10,2026-01-09,SwiftKart Logistics,Hyderabad,Delivered,1,174.97,nan,5,Yes
6723,6723,2026-02-16,2026-02-21,2026-02-20,BlueRoute Express,Kolkata,Delivered,1,50.62,nan,6,Yes
6724,6724,2026-03-24,2026-03-27,2026-03-26,SwiftKart Logistics,Chennai,Delivered,3,47.14,nan,-1,No
6725,6725,2026-04-25,2026-04-30,2026-04-30,ParcelOne,Kolkata,Delivered,2,142.07,nan,6,Yes
6726,6726,2026-05-31,2026-06-05,2026-06-04,SwiftKart Logistics,Kolkata,Delivered,1,48.03,nan,0,No
6727,6727,2026-06-15,2026-06-17,2026-06-16,RapidX Logistics,Delhi,Delivered,1,69.8,nan,0,No
6728,6728,2026-07-09,2026-07-13,2026-07-12,ParcelOne,Kolkata,Delivered,3,58.97,nan,3,Yes
6729,6729,2025-08-27,2025-08-31,2025-08-30,RapidX Logistics,Kolkata,Delivered,3,71.03,nan,-1,No
6730,6730,2025-09-25,2025-09-29,2025-09-29,SwiftKart Logistics,Mumbai,Delivered,3,40.73,nan,0,No
6731,6731,2025-10-22,2025-10-24,2025-10-24,RapidX Logistics,Mumbai,Delivered,1,170.3,nan,4,Yes
6732,6732,2025-11-08,2025-11-11,2025-11-11,MetroDeliver,Kolkata,Delivered,3,69.56,nan,4,Yes
6733,6733,2025-04-06,2025-04-11,2025-04-10,SwiftKart Logistics,Delhi,Delivered,1,122.78,nan,2,No
6734,6734,2025-05-10,2025-05-15,2025-05-14,QuickShip India,Hyderabad,Delivered,3,60.43,nan,0,No
6735,6735,2025-11-06,2025-11-08,2025-11-08,MetroDeliver,Hyderabad,Delivered,1,154.59,nan,4,Yes
6736,6736,2024-08-20,2024-08-24,2024-08-23,MetroDeliver,Hyderabad,Delivered,1,173.1,nan,6,Yes
6737,6737,2024-09-14,2024-09-19,2024-09-19,ParcelOne,Kolkata,Delivered,3,162.21,nan,-1,No
6738,6738,2026-04-21,2026-04-26,2026-04-25,MetroDeliver,Chennai,Delivered,2,125.31,nan,0,No
6739,6739,2026-05-27,2026-05-29,2026-05-29,BlueRoute Express,Hyderabad,Delivered,3,126.95,nan,5,Yes
6740,6740,2026-07-09,2026-07-13,2026-07-13,RapidX Logistics,Chennai,Delivered,1,49.44,nan,6,Yes
6741,6741,2026-08-05,2026-08-07,2026-08-06,SwiftKart Logistics,Chennai,Delivered,3,86.02,nan,7,Yes
6742,6742,2026-05-25,2026-05-29,2026-05-28,MetroDeliver,Bengaluru,Delivered,3,63.58,nan,5,Yes
6743,6743,2026-06-21,2026-06-25,2026-06-25,ParcelOne,Mumbai,Delivered,2,88.94,nan,3,Yes
6744,6744,2026-07-30,2026-08-02,2026-08-01,SwiftKart Logistics,Delhi,Delivered,1,73.03,nan,5,Yes
6745,6745,2026-01-01,2026-01-03,2026-01-03,ParcelOne,Bengaluru,Delivered,3,74.93,nan,2,No
6746,6746,2026-01-30,2026-02-04,2026-02-04,BlueRoute Express,Delhi,Delivered,1,43.54,nan,4,Yes
6747,6747,2026-03-10,2026-03-13,2026-03-12,QuickShip India,Delhi,Delivered,1,46.8,nan,1,No
6748,6748,2026-04-01,2026-04-06,2026-04-04,SwiftKart Logistics,Kolkata,Delivered,3,112.94,nan,6,Yes
6749,6749,2026-05-16,2026-05-21,2026-05-20,SwiftKart Logistics,Kolkata,Delivered,2,93.56,nan,5,Yes
6750,6750,2026-06-25,2026-06-27,2026-06-26,MetroDeliver,Hyderabad,Delivered,2,170.83,nan,0,No
6751,6751,2025-12-29,2026-01-03,2026-01-02,RapidX Logistics,Delhi,Delivered,2,84.06,nan,1,No
6752,6752,2026-01-19,2026-01-22,2026-01-21,RapidX Logistics,Delhi,Delivered,1,128.8,nan,2,No
6753,6753,2025-02-05,2025-02-09,2025-02-09,QuickShip India,Hyderabad,Delivered,1,152.25,nan,6,Yes
6754,6754,2025-03-08,2025-03-13,2025-03-12,BlueRoute Express,Kolkata,Delivered,1,123.01,nan,6,Yes
6755,6755,2025-04-14,2025-04-16,,MetroDeliver,Mumbai,In Transit,1,158.24,nan,1,No
6756,6756,2025-05-11,2025-05-16,2025-05-15,SwiftKart Logistics,Kolkata,Delivered,3,84.73,nan,3,Yes
6757,6757,2025-06-19,2025-06-23,,BlueRoute Express,Chennai,In Transit,3,97.8,nan,3,Yes
6758,6758,2025-07-21,2025-07-24,2025-07-23,QuickShip India,Delhi,Delivered,3,109.03,nan,3,Yes
6759,6759,2025-08-16,2025-08-21,2025-08-20,ParcelOne,Bengaluru,Delivered,1,59.82,nan,3,Yes
6760,6760,2026-07-21,2026-07-24,2026-07-24,BlueRoute Express,Chennai,Delivered,3,50.06,nan,5,Yes
6761,6761,2026-04-11,2026-04-15,2026-04-14,ParcelOne,Mumbai,Delivered,2,44.79,nan,4,Yes
6762,6762,2025-07-01,2025-07-03,2025-07-02,SwiftKart Logistics,Chennai,Delivered,2,67.08,nan,-1,No
6763,6763,2025-07-30,2025-08-01,2025-07-31,ParcelOne,Chennai,Delivered,3,147.24,nan,5,Yes
6764,6764,2025-09-10,2025-09-15,2025-09-14,SwiftKart Logistics,Chennai,Delivered,2,140.8,nan,-1,No
6765,6765,2025-09-27,2025-09-30,2025-09-30,ParcelOne,Kolkata,Delivered,2,128.5,nan,0,No
6766,6766,2025-10-18,2025-10-22,2025-10-21,SwiftKart Logistics,Hyderabad,Delivered,3,67.92,nan,6,Yes
6767,6767,2025-12-01,2025-12-05,2025-12-04,MetroDeliver,Bengaluru,Delivered,3,137.02,nan,2,No
6768,6768,2026-01-10,2026-01-12,2026-01-11,QuickShip India,Kolkata,Delivered,3,104.79,nan,4,Yes
6769,6769,2024-09-14,2024-09-19,2024-09-19,BlueRoute Express,Hyderabad,Delivered,1,120.01,nan,-1,No
6770,6770,2026-03-06,2026-03-10,2026-03-10,QuickShip India,Mumbai,Delivered,1,135.41,nan,0,No
6771,6771,2026-03-30,2026-04-01,2026-03-31,SwiftKart Logistics,Chennai,Delivered,2,95.76,nan,1,No
6772,6772,2026-04-17,2026-04-20,2026-04-19,RapidX Logistics,Chennai,Delivered,3,64.24,nan,5,Yes
6773,6773,2026-05-05,2026-05-10,2026-05-09,QuickShip India,Bengaluru,Delivered,3,109.18,nan,4,Yes
6774,6774,2026-06-10,2026-06-13,2026-06-12,BlueRoute Express,Kolkata,Delivered,3,52.92,nan,0,No
6775,6775,2026-06-27,2026-06-30,2026-06-29,QuickShip India,Delhi,Delivered,1,76.8,nan,3,Yes
6776,6776,2025-08-29,2025-09-03,2025-09-02,RapidX Logistics,Hyderabad,Delivered,3,159.99,nan,1,No
6777,6777,2025-10-04,2025-10-09,2025-10-08,RapidX Logistics,Bengaluru,Delivered,2,102.16,nan,7,Yes
6778,6778,2025-10-25,2025-10-29,2025-10-28,QuickShip India,Mumbai,Delivered,2,104.31,nan,4,Yes
6779,6779,2025-11-16,2025-11-19,2025-11-19,SwiftKart Logistics,Delhi,Delivered,1,178.25,nan,4,Yes
6780,6780,2025-12-04,2025-12-07,2025-12-06,ParcelOne,Mumbai,Delivered,2,45.71,nan,-1,No
6781,6781,2026-01-19,2026-01-24,2026-01-23,RapidX Logistics,Bengaluru,Delivered,1,147.22,nan,0,No
6782,6782,2026-03-04,2026-03-09,2026-03-09,SwiftKart Logistics,Kolkata,Delivered,2,82.14,nan,2,No
6783,6783,2026-04-12,2026-04-14,2026-04-12,ParcelOne,Bengaluru,Delivered,3,175.41,nan,7,Yes
6784,6784,2026-05-13,2026-05-18,2026-05-18,MetroDeliver,Bengaluru,Delivered,3,169.26,nan,0,No
6785,6785,2025-08-19,2025-08-24,2025-08-23,MetroDeliver,Mumbai,Delivered,3,77.81,nan,2,No
6786,6786,2024-12-24,2024-12-29,2024-12-29,ParcelOne,Hyderabad,Delivered,2,82.43,nan,3,Yes
6787,6787,2025-01-16,2025-01-18,2025-01-16,MetroDeliver,Mumbai,Delivered,2,168.61,nan,4,Yes
6788,6788,2025-02-26,2025-03-02,2025-03-01,MetroDeliver,Delhi,Delivered,3,47.86,nan,7,Yes
6789,6789,2025-03-27,2025-03-30,2025-03-29,QuickShip India,Hyderabad,Delivered,1,153.63,nan,4,Yes
6790,6790,2025-04-21,2025-04-25,2025-04-24,BlueRoute Express,Hyderabad,Delivered,3,127.94,nan,4,Yes
6791,6791,2026-01-01,2026-01-06,2026-01-05,MetroDeliver,Hyderabad,Delivered,1,176.97,nan,4,Yes
6792,6792,2026-02-06,2026-02-08,2026-02-07,QuickShip India,Mumbai,Delivered,3,45.57,nan,0,No
6793,6793,2026-02-23,2026-02-25,,ParcelOne,Delhi,In Transit,1,86.75,nan,6,Yes
6794,6794,2026-04-05,2026-04-10,2026-04-10,SwiftKart Logistics,Bengaluru,Delivered,2,101.69,nan,6,Yes
6795,6795,2026-05-13,2026-05-18,2026-05-17,MetroDeliver,Chennai,Delivered,2,111.4,nan,2,No
6796,6796,2025-01-21,2025-01-26,2025-01-26,BlueRoute Express,Kolkata,Delivered,2,73.68,nan,-1,No
6797,6797,2025-02-21,2025-02-26,2025-02-25,ParcelOne,Chennai,Delivered,1,157.01,nan,-1,No
6798,6798,2025-03-28,2025-04-02,2025-04-01,QuickShip India,Mumbai,Delivered,2,134.88,nan,0,No
6799,6799,2025-04-29,2025-05-03,2025-05-02,ParcelOne,Delhi,Delivered,1,111.84,nan,1,No
6800,6800,2025-06-07,2025-06-09,2025-06-08,QuickShip India,Mumbai,Delivered,3,131.57,nan,-1,No
6801,6801,2025-04-20,2025-04-24,2025-04-23,QuickShip India,Delhi,Delivered,2,97.08,nan,6,Yes
6802,6802,2025-05-09,2025-05-14,2025-05-13,SwiftKart Logistics,Bengaluru,Delivered,1,164.96,nan,3,Yes
6803,6803,2025-06-06,2025-06-08,2025-06-07,QuickShip India,Mumbai,Delivered,2,80.78,nan,2,No
6804,6804,2025-11-01,2025-11-04,2025-11-03,RapidX Logistics,Hyderabad,Delivered,1,114.15,nan,4,Yes
6805,6805,2025-12-06,2025-12-10,,QuickShip India,Bengaluru,In Transit,3,130.19,nan,2,No
6806,6806,2025-12-25,2025-12-30,2025-12-30,QuickShip India,Delhi,Delivered,1,52.42,nan,2,No
6807,6807,2025-11-09,2025-11-13,2025-11-12,RapidX Logistics,Delhi,Delivered,3,172.82,nan,4,Yes
6808,6808,2025-12-18,2025-12-21,2025-12-21,MetroDeliver,Mumbai,Delivered,1,51.17,nan,3,Yes
6809,6809,2026-01-05,2026-01-10,2026-01-09,BlueRoute Express,Mumbai,Delivered,1,70.09,nan,5,Yes
6810,6810,2026-02-10,2026-02-13,2026-02-12,RapidX Logistics,Chennai,Delivered,1,50.25,nan,3,Yes
6811,6811,2026-03-25,2026-03-27,,ParcelOne,Bengaluru,In Transit,2,140.36,nan,6,Yes
6812,6812,2026-04-24,2026-04-28,2026-04-28,SwiftKart Logistics,Chennai,Delivered,3,159.15,nan,-1,No
6813,6813,2026-05-24,2026-05-27,2026-05-27,QuickShip India,Kolkata,Delivered,1,137.95,nan,6,Yes
6814,6814,2025-04-27,2025-05-02,,QuickShip India,Kolkata,In Transit,1,137.11,nan,7,Yes
6815,6815,2025-07-20,2025-07-25,,SwiftKart Logistics,Delhi,In Transit,1,136.82,nan,-1,No
6816,6816,2025-08-27,2025-08-31,,RapidX Logistics,Kolkata,In Transit,3,62.33,nan,6,Yes
6817,6817,2025-10-03,2025-10-06,2025-10-05,BlueRoute Express,Chennai,Delivered,3,48.49,nan,-1,No
6818,6818,2024-09-21,2024-09-24,2024-09-23,SwiftKart Logistics,Bengaluru,Delivered,3,154.05,nan,0,No
6819,6819,2024-10-06,2024-10-10,2024-10-09,ParcelOne,Chennai,Delivered,1,60.37,nan,7,Yes
6820,6820,2024-11-06,2024-11-10,2024-11-09,ParcelOne,Chennai,Delivered,1,132.54,nan,0,No
6821,6821,2024-10-20,2024-10-23,2024-10-22,MetroDeliver,Chennai,Delivered,1,71.9,nan,7,Yes
6822,6822,2024-11-20,2024-11-23,2024-11-23,MetroDeliver,Kolkata,Delivered,3,120.79,nan,1,No
6823,6823,2024-12-19,2024-12-22,2024-12-21,RapidX Logistics,Mumbai,Delivered,2,52.22,nan,1,No
6824,6824,2025-09-25,2025-09-28,2025-09-27,BlueRoute Express,Hyderabad,Delivered,1,97.56,nan,-1,No
6825,6825,2025-10-23,2025-10-25,2025-10-24,RapidX Logistics,Mumbai,Delivered,2,126.21,nan,-1,No
6826,6826,2025-11-14,2025-11-19,,ParcelOne,Chennai,In Transit,2,97.98,nan,5,Yes
6827,6827,2026-03-03,2026-03-05,2026-03-05,MetroDeliver,Chennai,Delivered,1,136.48,nan,5,Yes
6828,6828,2026-03-28,2026-04-01,2026-04-01,MetroDeliver,Chennai,Delivered,3,44.7,nan,0,No
6829,6829,2026-05-11,2026-05-16,2026-05-15,MetroDeliver,Hyderabad,Delivered,3,126.74,nan,-1,No
6830,6830,2026-06-13,2026-06-16,2026-06-15,QuickShip India,Delhi,Delivered,2,115.66,nan,0,No
6831,6831,2026-07-23,2026-07-25,2026-07-25,MetroDeliver,Hyderabad,Delivered,2,155.47,nan,7,Yes
6832,6832,2026-08-11,2026-08-15,2026-08-15,BlueRoute Express,Kolkata,Delivered,3,169.56,nan,5,Yes
6833,6833,2024-10-20,2024-10-24,2024-10-22,MetroDeliver,Hyderabad,Delivered,1,179.54,nan,4,Yes
6834,6834,2024-11-24,2024-11-28,2024-11-28,RapidX Logistics,Kolkata,Delivered,2,93.67,nan,3,Yes
6835,6835,2025-01-05,2025-01-08,2025-01-07,MetroDeliver,Chennai,Delivered,2,147.58,nan,3,Yes
6836,6836,2024-12-28,2024-12-30,2024-12-29,BlueRoute Express,Chennai,Delivered,3,122.63,nan,0,No
6837,6837,2025-01-14,2025-01-16,2025-01-15,SwiftKart Logistics,Chennai,Delivered,1,137.71,nan,4,Yes
6838,6838,2025-02-27,2025-03-01,2025-02-28,MetroDeliver,Hyderabad,Delivered,1,40.15,nan,1,No
6839,6839,2025-04-12,2025-04-14,2025-04-14,SwiftKart Logistics,Kolkata,Delivered,2,121.69,nan,-1,No
6840,6840,2025-05-08,2025-05-12,,RapidX Logistics,Delhi,In Transit,3,82.14,nan,1,No
6841,6841,2025-06-04,2025-06-06,2025-06-05,ParcelOne,Hyderabad,Delivered,1,105.82,nan,1,No
6842,6842,2025-07-09,2025-07-14,,BlueRoute Express,Chennai,In Transit,2,91.17,nan,-1,No
6843,6843,2026-06-08,2026-06-10,2026-06-10,SwiftKart Logistics,Chennai,Delivered,1,170.96,nan,2,No
6844,6844,2026-07-19,2026-07-21,2026-07-20,SwiftKart Logistics,Hyderabad,Delivered,2,60.84,nan,0,No
6845,6845,2026-07-12,2026-07-14,2026-07-14,SwiftKart Logistics,Chennai,Delivered,3,154.22,nan,3,Yes
6846,6846,2026-07-31,2026-08-04,2026-08-03,ParcelOne,Hyderabad,Delivered,3,147.57,nan,0,No
6847,6847,2026-02-11,2026-02-16,2026-02-16,MetroDeliver,Delhi,Delivered,1,157.67,nan,0,No
6848,6848,2026-03-11,2026-03-13,2026-03-12,MetroDeliver,Mumbai,Delivered,2,50.32,nan,7,Yes
6849,6849,2026-04-03,2026-04-07,2026-04-06,RapidX Logistics,Kolkata,Delivered,1,178.19,nan,2,No
6850,6850,2026-04-25,2026-04-30,2026-04-29,QuickShip India,Chennai,Delivered,3,166.92,nan,2,No
6851,6851,2026-06-04,2026-06-07,2026-06-06,SwiftKart Logistics,Kolkata,Delivered,1,108.25,nan,5,Yes
6852,6852,2026-07-08,2026-07-10,,SwiftKart Logistics,Mumbai,In Transit,2,96.13,nan,5,Yes
6853,6853,2025-03-24,2025-03-27,2025-03-27,ParcelOne,Hyderabad,Delivered,1,72.82,nan,-1,No
6854,6854,2025-04-21,2025-04-26,2025-04-25,RapidX Logistics,Chennai,Delivered,2,162.52,nan,6,Yes
6855,6855,2026-02-26,2026-02-28,2026-02-27,QuickShip India,Mumbai,Delivered,2,98.25,nan,0,No
6856,6856,2026-03-25,2026-03-28,2026-03-27,BlueRoute Express,Kolkata,Delivered,2,87.83,nan,3,Yes
6857,6857,2026-04-26,2026-05-01,2026-05-01,QuickShip India,Chennai,Delivered,1,65.66,nan,4,Yes
6858,6858,2025-08-01,2025-08-04,2025-08-02,RapidX Logistics,Chennai,Delivered,1,127.2,nan,4,Yes
6859,6859,2026-03-18,2026-03-22,,MetroDeliver,Mumbai,In Transit,1,87.77,nan,4,Yes
6860,6860,2026-04-28,2026-05-01,2026-05-01,BlueRoute Express,Delhi,Delivered,1,53.98,nan,7,Yes
6861,6861,2026-06-01,2026-06-03,2026-06-02,BlueRoute Express,Mumbai,Delivered,1,100.17,nan,-1,No
6862,6862,2026-07-09,2026-07-14,2026-07-13,SwiftKart Logistics,Hyderabad,Delivered,3,132.82,nan,1,No
6863,6863,2025-07-06,2025-07-11,,BlueRoute Express,Delhi,In Transit,3,50.62,nan,1,No
6864,6864,2025-08-06,2025-08-08,2025-08-07,MetroDeliver,Kolkata,Delivered,2,60.5,nan,1,No
6865,6865,2025-09-17,2025-09-20,2025-09-19,QuickShip India,Bengaluru,Delivered,1,118.56,nan,2,No
6866,6866,2025-10-06,2025-10-08,2025-10-07,SwiftKart Logistics,Kolkata,Delivered,1,138.64,nan,0,No
6867,6867,2025-11-02,2025-11-06,2025-11-05,SwiftKart Logistics,Hyderabad,Delivered,2,84.26,nan,0,No
6868,6868,2025-12-16,2025-12-20,2025-12-19,MetroDeliver,Hyderabad,Delivered,3,145.83,nan,6,Yes
6869,6869,2025-10-21,2025-10-25,2025-10-24,BlueRoute Express,Chennai,Delivered,2,136.31,nan,4,Yes
6870,6870,2025-11-13,2025-11-17,2025-11-16,SwiftKart Logistics,Kolkata,Delivered,3,146.84,nan,0,No
6871,6871,2025-12-17,2025-12-21,,RapidX Logistics,Delhi,In Transit,1,72.99,nan,5,Yes
6872,6872,2026-01-15,2026-01-18,2026-01-17,RapidX Logistics,Bengaluru,Delivered,2,99.27,nan,3,Yes
6873,6873,2025-04-14,2025-04-18,2025-04-17,SwiftKart Logistics,Chennai,Delivered,3,158.18,nan,2,No
6874,6874,2025-05-28,2025-06-01,2025-05-31,ParcelOne,Delhi,Delivered,3,44.93,nan,2,No
6875,6875,2025-06-22,2025-06-25,2025-06-24,SwiftKart Logistics,Chennai,Delivered,2,88.89,nan,0,No
6876,6876,2025-07-13,2025-07-18,2025-07-16,MetroDeliver,Mumbai,Delivered,3,58.78,nan,-1,No
6877,6877,2025-08-24,2025-08-26,2025-08-26,MetroDeliver,Delhi,Delivered,1,106.8,nan,6,Yes
6878,6878,2025-01-21,2025-01-25,2025-01-24,MetroDeliver,Bengaluru,Delivered,3,66.76,nan,4,Yes
6879,6879,2025-11-07,2025-11-10,2025-11-08,BlueRoute Express,Bengaluru,Delivered,3,127.71,nan,2,No
6880,6880,2025-02-12,2025-02-14,2025-02-13,QuickShip India,Mumbai,Delivered,2,108.18,nan,1,No
6881,6881,2025-03-03,2025-03-06,2025-03-05,QuickShip India,Mumbai,Delivered,3,117.24,nan,3,Yes
6882,6882,2024-10-06,2024-10-10,2024-10-09,RapidX Logistics,Hyderabad,Delivered,3,161.26,nan,2,No
6883,6883,2024-10-21,2024-10-25,2024-10-25,BlueRoute Express,Mumbai,Delivered,2,170.47,nan,5,Yes
6884,6884,2024-11-27,2024-11-29,2024-11-27,QuickShip India,Kolkata,Delivered,1,156.16,nan,7,Yes
6885,6885,2024-12-29,2025-01-02,,BlueRoute Express,Bengaluru,In Transit,1,44.46,nan,1,No
6886,6886,2025-01-19,2025-01-22,2025-01-21,ParcelOne,Hyderabad,Delivered,3,142.99,nan,0,No
6887,6887,2025-07-09,2025-07-12,2025-07-11,BlueRoute Express,Mumbai,Delivered,2,139.61,nan,1,No
6888,6888,2025-08-20,2025-08-25,2025-08-25,QuickShip India,Delhi,Delivered,3,115.86,nan,1,No
6889,6889,2025-11-01,2025-11-03,2025-11-02,MetroDeliver,Kolkata,Delivered,1,111.57,nan,4,Yes
6890,6890,2025-11-25,2025-11-28,2025-11-27,RapidX Logistics,Chennai,Delivered,2,111.02,nan,6,Yes
6891,6891,2025-12-15,2025-12-17,2025-12-17,MetroDeliver,Delhi,Delivered,1,162.33,nan,5,Yes
6892,6892,2026-01-17,2026-01-22,2026-01-22,MetroDeliver,Kolkata,Delivered,1,105.38,nan,2,No
6893,6893,2026-02-03,2026-02-08,2026-02-08,BlueRoute Express,Kolkata,Delivered,1,91.38,nan,6,Yes
6894,6894,2026-03-12,2026-03-14,2026-03-13,QuickShip India,Bengaluru,Delivered,3,179.29,nan,-1,No
6895,6895,2026-04-22,2026-04-24,2026-04-23,ParcelOne,Bengaluru,Delivered,2,145.7,nan,6,Yes
6896,6896,2025-07-31,2025-08-05,2025-08-04,QuickShip India,Bengaluru,Delivered,2,78.2,nan,7,Yes
6897,6897,2025-08-27,2025-08-30,2025-08-29,MetroDeliver,Hyderabad,Delivered,2,87.74,nan,5,Yes
6898,6898,2025-09-16,2025-09-19,2025-09-18,BlueRoute Express,Delhi,Delivered,1,77.12,nan,7,Yes
6899,6899,2025-10-21,2025-10-24,2025-10-24,BlueRoute Express,Bengaluru,Delivered,1,50.82,nan,7,Yes
6900,6900,2025-12-06,2025-12-10,2025-12-09,QuickShip India,Hyderabad,Delivered,3,76.43,nan,0,No
6901,6901,2026-01-01,2026-01-05,2026-01-03,RapidX Logistics,Mumbai,Delivered,1,92.98,nan,3,Yes
6902,6902,2025-10-14,2025-10-17,2025-10-16,QuickShip India,Kolkata,Delivered,3,157.25,nan,4,Yes
6903,6903,2025-11-28,2025-12-01,2025-11-30,ParcelOne,Chennai,Delivered,2,83.65,nan,2,No
6904,6904,2025-12-25,2025-12-27,2025-12-26,ParcelOne,Kolkata,Delivered,3,76.56,nan,-1,No
6905,6905,2026-01-30,2026-02-02,2026-02-01,MetroDeliver,Bengaluru,Delivered,1,44.65,nan,7,Yes
6906,6906,2026-03-08,2026-03-13,,QuickShip India,Hyderabad,In Transit,3,126.2,nan,5,Yes
6907,6907,2026-06-29,2026-07-01,2026-06-30,SwiftKart Logistics,Chennai,Delivered,1,44.08,nan,4,Yes
6908,6908,2026-08-05,2026-08-07,2026-08-06,RapidX Logistics,Mumbai,Delivered,3,162.5,nan,7,Yes
6909,6909,2024-09-01,2024-09-05,2024-09-04,SwiftKart Logistics,Bengaluru,Delivered,2,151.91,nan,3,Yes
6910,6910,2024-09-21,2024-09-26,2024-09-25,ParcelOne,Bengaluru,Delivered,1,175.75,nan,1,No
6911,6911,2024-10-17,2024-10-19,2024-10-17,BlueRoute Express,Bengaluru,Delivered,2,44.99,nan,3,Yes
6912,6912,2025-02-17,2025-02-20,2025-02-20,BlueRoute Express,Delhi,Delivered,1,119.03,nan,0,No
6913,6913,2025-04-02,2025-04-04,2025-04-03,BlueRoute Express,Chennai,Delivered,2,90.71,nan,3,Yes
6914,6914,2025-05-10,2025-05-12,2025-05-11,BlueRoute Express,Chennai,Delivered,2,146.78,nan,5,Yes
6915,6915,2025-06-09,2025-06-11,2025-06-10,RapidX Logistics,Kolkata,Delivered,3,148.83,nan,5,Yes
6916,6916,2025-10-01,2025-10-05,2025-10-04,ParcelOne,Kolkata,Delivered,3,94.19,nan,3,Yes
6917,6917,2025-11-10,2025-11-13,2025-11-13,SwiftKart Logistics,Delhi,Delivered,1,76.17,nan,7,Yes
6918,6918,2025-12-13,2025-12-16,,QuickShip India,Hyderabad,In Transit,3,152.51,nan,3,Yes
6919,6919,2025-04-02,2025-04-05,2025-04-04,SwiftKart Logistics,Kolkata,Delivered,3,77.32,nan,4,Yes
6920,6920,2025-12-15,2025-12-18,,QuickShip India,Bengaluru,In Transit,1,159.1,nan,-1,No
6921,6921,2026-01-14,2026-01-19,2026-01-19,RapidX Logistics,Hyderabad,Delivered,2,117.8,nan,-1,No
6922,6922,2026-02-28,2026-03-02,2026-03-01,QuickShip India,Delhi,Delivered,2,161.99,nan,-1,No
6923,6923,2026-04-11,2026-04-13,2026-04-12,BlueRoute Express,Chennai,Delivered,2,44.1,nan,4,Yes
6924,6924,2026-05-09,2026-05-11,2026-05-11,ParcelOne,Hyderabad,Delivered,3,45.76,nan,4,Yes
6925,6925,2025-04-20,2025-04-25,2025-04-24,MetroDeliver,Delhi,Delivered,1,51.63,nan,-1,No
6926,6926,2025-05-15,2025-05-20,2025-05-19,MetroDeliver,Bengaluru,Delivered,1,114.14,nan,4,Yes
6927,6927,2025-06-23,2025-06-25,2025-06-25,RapidX Logistics,Mumbai,Delivered,1,147.0,nan,4,Yes
6928,6928,2025-07-11,2025-07-15,2025-07-15,MetroDeliver,Bengaluru,Delivered,1,54.07,nan,1,No
6929,6929,2025-03-18,2025-03-21,2025-03-20,BlueRoute Express,Bengaluru,Delivered,3,133.22,nan,0,No
6930,6930,2025-04-04,2025-04-09,2025-04-08,RapidX Logistics,Kolkata,Delivered,3,98.21,nan,0,No
6931,6931,2025-05-06,2025-05-08,2025-05-07,ParcelOne,Chennai,Delivered,3,77.62,nan,4,Yes
6932,6932,2025-06-16,2025-06-18,2025-06-17,SwiftKart Logistics,Chennai,Delivered,2,68.24,nan,7,Yes
6933,6933,2025-02-19,2025-02-23,2025-02-23,MetroDeliver,Bengaluru,Delivered,3,138.28,nan,0,No
6934,6934,2025-03-26,2025-03-28,,BlueRoute Express,Mumbai,In Transit,1,110.2,nan,-1,No
6935,6935,2025-04-13,2025-04-18,2025-04-18,MetroDeliver,Delhi,Delivered,1,152.76,nan,-1,No
6936,6936,2025-05-26,2025-05-29,2025-05-27,ParcelOne,Mumbai,Delivered,3,98.08,nan,0,No
6937,6937,2024-12-22,2024-12-24,2024-12-23,ParcelOne,Kolkata,Delivered,1,136.63,nan,6,Yes
6938,6938,2025-01-29,2025-02-03,2025-02-02,BlueRoute Express,Mumbai,Delivered,2,152.19,nan,4,Yes
6939,6939,2025-03-11,2025-03-14,2025-03-13,SwiftKart Logistics,Hyderabad,Delivered,2,114.15,nan,6,Yes
6940,6940,2025-04-11,2025-04-13,2025-04-11,QuickShip India,Chennai,Delivered,3,52.48,nan,0,No
6941,6941,2025-05-20,2025-05-22,2025-05-21,ParcelOne,Mumbai,Delivered,3,69.63,nan,1,No
6942,6942,2025-06-15,2025-06-20,,RapidX Logistics,Kolkata,In Transit,3,105.27,nan,2,No
6943,6943,2025-07-13,2025-07-15,2025-07-14,RapidX Logistics,Hyderabad,Delivered,1,74.66,nan,3,Yes
6944,6944,2026-04-20,2026-04-23,2026-04-22,RapidX Logistics,Mumbai,Delivered,2,90.13,nan,7,Yes
6945,6945,2026-05-07,2026-05-10,2026-05-09,BlueRoute Express,Bengaluru,Delivered,3,87.43,nan,0,No
6946,6946,2026-06-02,2026-06-05,2026-06-05,MetroDeliver,Mumbai,Delivered,1,76.88,nan,0,No
6947,6947,2026-06-26,2026-06-29,2026-06-28,MetroDeliver,Chennai,Delivered,1,117.19,nan,6,Yes
6948,6948,2026-07-11,2026-07-15,2026-07-14,QuickShip India,Hyderabad,Delivered,1,78.81,nan,4,Yes
6949,6949,2024-08-12,2024-08-14,2024-08-13,MetroDeliver,Kolkata,Delivered,2,164.67,nan,-1,No
6950,6950,2024-09-01,2024-09-06,2024-09-05,RapidX Logistics,Bengaluru,Delivered,1,87.23,nan,7,Yes
6951,6951,2024-09-25,2024-09-28,2024-09-27,SwiftKart Logistics,Kolkata,Delivered,3,139.33,nan,5,Yes
6952,6952,2026-03-30,2026-04-04,2026-04-03,ParcelOne,Kolkata,Delivered,3,170.76,nan,0,No
6953,6953,2026-05-11,2026-05-13,2026-05-12,BlueRoute Express,Delhi,Delivered,1,40.84,nan,7,Yes
6954,6954,2026-05-27,2026-05-29,2026-05-29,SwiftKart Logistics,Kolkata,Delivered,3,99.09,nan,4,Yes
6955,6955,2026-07-07,2026-07-12,2026-07-11,ParcelOne,Kolkata,Delivered,1,130.42,nan,0,No
6956,6956,2026-08-05,2026-08-07,2026-08-06,SwiftKart Logistics,Chennai,Delivered,1,168.43,nan,-1,No
6957,6957,2026-07-22,2026-07-25,2026-07-24,RapidX Logistics,Hyderabad,Delivered,1,101.34,nan,0,No
6958,6958,2025-10-11,2025-10-15,2025-10-15,ParcelOne,Kolkata,Delivered,1,62.09,nan,6,Yes
6959,6959,2025-04-18,2025-04-23,2025-04-22,ParcelOne,Hyderabad,Delivered,3,58.35,nan,6,Yes
6960,6960,2025-05-02,2025-05-06,2025-05-05,SwiftKart Logistics,Chennai,Delivered,1,166.4,nan,-1,No
6961,6961,2025-06-10,2025-06-12,2025-06-11,ParcelOne,Mumbai,Delivered,2,162.61,nan,4,Yes
6962,6962,2025-07-01,2025-07-05,2025-07-03,RapidX Logistics,Hyderabad,Delivered,3,41.67,nan,1,No
6963,6963,2025-07-17,2025-07-20,2025-07-18,QuickShip India,Chennai,Delivered,3,170.46,nan,0,No
6964,6964,2025-08-14,2025-08-16,2025-08-15,MetroDeliver,Hyderabad,Delivered,3,93.81,nan,0,No
6965,6965,2025-09-25,2025-09-28,2025-09-28,SwiftKart Logistics,Delhi,Delivered,1,166.01,nan,5,Yes
6966,6966,2025-02-06,2025-02-11,2025-02-11,RapidX Logistics,Delhi,Delivered,3,155.06,nan,5,Yes
6967,6967,2025-03-23,2025-03-25,2025-03-23,RapidX Logistics,Mumbai,Delivered,2,94.26,nan,0,No
6968,6968,2025-05-06,2025-05-08,2025-05-07,MetroDeliver,Bengaluru,Delivered,1,87.7,nan,4,Yes
6969,6969,2025-05-21,2025-05-25,2025-05-24,RapidX Logistics,Delhi,Delivered,3,171.34,nan,1,No
6970,6970,2025-01-17,2025-01-21,2025-01-20,RapidX Logistics,Hyderabad,Delivered,2,97.8,nan,0,No
6971,6971,2025-02-12,2025-02-15,2025-02-15,SwiftKart Logistics,Chennai,Delivered,1,89.09,nan,6,Yes
6972,6972,2025-03-27,2025-03-30,2025-03-28,RapidX Logistics,Kolkata,Delivered,2,74.32,nan,1,No
6973,6973,2025-05-01,2025-05-05,2025-05-03,RapidX Logistics,Chennai,Delivered,3,131.58,nan,7,Yes
6974,6974,2024-11-08,2024-11-10,,RapidX Logistics,Bengaluru,In Transit,3,174.32,nan,7,Yes
6975,6975,2024-11-30,2024-12-02,2024-12-01,RapidX Logistics,Bengaluru,Delivered,3,55.9,nan,4,Yes
6976,6976,2025-01-08,2025-01-13,2025-01-12,MetroDeliver,Delhi,Delivered,3,143.45,nan,2,No
6977,6977,2025-02-06,2025-02-10,2025-02-08,RapidX Logistics,Delhi,Delivered,3,92.28,nan,1,No
6978,6978,2025-02-28,2025-03-04,,RapidX Logistics,Chennai,In Transit,1,153.92,nan,5,Yes
6979,6979,2025-03-19,2025-03-21,,ParcelOne,Mumbai,In Transit,2,152.1,nan,-1,No
6980,6980,2025-05-02,2025-05-04,2025-05-04,QuickShip India,Kolkata,Delivered,3,139.46,nan,7,Yes
6981,6981,2026-04-11,2026-04-14,,ParcelOne,Kolkata,In Transit,3,72.73,nan,4,Yes
6982,6982,2026-05-10,2026-05-15,,RapidX Logistics,Chennai,In Transit,1,157.39,nan,6,Yes
6983,6983,2026-06-08,2026-06-11,2026-06-11,QuickShip India,Bengaluru,Delivered,2,167.95,nan,1,No
6984,6984,2026-07-11,2026-07-13,2026-07-12,QuickShip India,Delhi,Delivered,3,145.96,nan,6,Yes
6985,6985,2025-07-30,2025-08-01,2025-07-31,ParcelOne,Delhi,Delivered,3,60.58,nan,0,No
6986,6986,2025-08-31,2025-09-05,2025-09-04,QuickShip India,Mumbai,Delivered,1,47.14,nan,2,No
6987,6987,2025-04-30,2025-05-04,,SwiftKart Logistics,Chennai,In Transit,3,173.71,nan,6,Yes
6988,6988,2025-01-25,2025-01-29,2025-01-28,ParcelOne,Mumbai,Delivered,1,178.3,nan,-1,No
6989,6989,2026-06-28,2026-07-02,2026-07-02,ParcelOne,Chennai,Delivered,3,43.93,nan,4,Yes
6990,6990,2026-05-13,2026-05-15,2026-05-14,RapidX Logistics,Bengaluru,Delivered,3,113.31,nan,0,No
6991,6991,2026-06-04,2026-06-09,2026-06-08,ParcelOne,Kolkata,Delivered,2,146.29,nan,0,No
6992,6992,2026-06-23,2026-06-27,2026-06-26,BlueRoute Express,Mumbai,Delivered,3,79.72,nan,6,Yes
6993,6993,2026-07-29,2026-08-01,2026-07-30,QuickShip India,Delhi,Delivered,1,97.3,nan,0,No
6994,6994,2025-01-28,2025-02-01,2025-01-30,BlueRoute Express,Bengaluru,Delivered,2,148.39,nan,6,Yes
6995,6995,2025-02-28,2025-03-02,2025-03-02,QuickShip India,Bengaluru,Delivered,2,116.29,nan,1,No
6996,6996,2025-04-03,2025-04-07,2025-04-07,SwiftKart Logistics,Delhi,Delivered,3,48.18,nan,4,Yes
6997,6997,2025-12-31,2026-01-02,2026-01-02,ParcelOne,Kolkata,Delivered,2,94.22,nan,3,Yes
6998,6998,2026-02-06,2026-02-10,2026-02-09,ParcelOne,Kolkata,Delivered,3,176.97,nan,0,No
6999,6999,2026-03-03,2026-03-06,,ParcelOne,Delhi,In Transit,1,59.87,nan,7,Yes
7000,7000,2026-04-03,2026-04-05,,BlueRoute Express,Chennai,In Transit,2,111.29,nan,0,No
7001,7001,2026-05-17,2026-05-21,,ParcelOne,Chennai,In Transit,1,64.9,nan,0,No
7002,7002,2026-06-03,2026-06-05,2026-06-04,SwiftKart Logistics,Hyderabad,Delivered,1,120.31,nan,4,Yes
7003,7003,2026-07-09,2026-07-13,2026-07-12,MetroDeliver,Kolkata,Delivered,2,55.05,nan,7,Yes
7004,7004,2025-09-26,2025-09-28,2025-09-26,ParcelOne,Bengaluru,Delivered,3,171.2,nan,6,Yes
7005,7005,2025-10-17,2025-10-19,2025-10-18,MetroDeliver,Kolkata,Delivered,3,104.04,nan,1,No
7006,7006,2025-11-08,2025-11-12,,BlueRoute Express,Mumbai,In Transit,3,146.37,nan,3,Yes
7007,7007,2025-02-01,2025-02-06,,RapidX Logistics,Chennai,In Transit,2,169.67,nan,-1,No
7008,7008,2025-03-01,2025-03-03,2025-03-02,RapidX Logistics,Delhi,Delivered,3,115.25,nan,1,No
7009,7009,2025-03-31,2025-04-05,2025-04-04,ParcelOne,Bengaluru,Delivered,1,177.71,nan,7,Yes
7010,7010,2025-04-30,2025-05-03,2025-05-03,RapidX Logistics,Hyderabad,Delivered,2,135.92,nan,0,No
7011,7011,2025-05-17,2025-05-20,2025-05-20,QuickShip India,Bengaluru,Delivered,3,76.09,nan,0,No
7012,7012,2025-07-02,2025-07-07,2025-07-06,SwiftKart Logistics,Mumbai,Delivered,2,174.2,nan,7,Yes
7013,7013,2025-07-29,2025-08-02,2025-08-01,MetroDeliver,Delhi,Delivered,2,146.8,nan,6,Yes
7014,7014,2024-11-06,2024-11-08,2024-11-07,BlueRoute Express,Bengaluru,Delivered,1,77.7,nan,-1,No
7015,7015,2024-12-17,2024-12-21,2024-12-21,MetroDeliver,Chennai,Delivered,2,92.76,nan,3,Yes
7016,7016,2025-01-10,2025-01-14,2025-01-14,MetroDeliver,Chennai,Delivered,2,140.06,nan,-1,No
7017,7017,2025-02-15,2025-02-18,2025-02-17,RapidX Logistics,Chennai,Delivered,2,83.46,nan,2,No
7018,7018,2025-03-04,2025-03-09,2025-03-08,BlueRoute Express,Mumbai,Delivered,2,166.31,nan,7,Yes
7019,7019,2025-03-20,2025-03-24,2025-03-24,RapidX Logistics,Bengaluru,Delivered,1,79.28,nan,0,No
7020,7020,2024-09-07,2024-09-12,2024-09-12,SwiftKart Logistics,Hyderabad,Delivered,2,166.09,nan,-1,No
7021,7021,2024-10-19,2024-10-21,2024-10-20,MetroDeliver,Delhi,Delivered,1,131.43,nan,6,Yes
7022,7022,2024-12-18,2024-12-21,2024-12-20,BlueRoute Express,Hyderabad,Delivered,1,104.01,nan,6,Yes
7023,7023,2025-01-27,2025-01-31,,QuickShip India,Mumbai,In Transit,1,95.7,nan,0,No
7024,7024,2025-02-26,2025-02-28,2025-02-27,ParcelOne,Delhi,Delivered,1,114.45,nan,6,Yes
7025,7025,2025-03-28,2025-03-31,2025-03-30,BlueRoute Express,Hyderabad,Delivered,1,111.49,nan,4,Yes
7026,7026,2025-04-15,2025-04-20,2025-04-19,QuickShip India,Chennai,Delivered,1,162.37,nan,3,Yes
7027,7027,2025-05-14,2025-05-17,2025-05-16,MetroDeliver,Bengaluru,Delivered,1,116.35,nan,6,Yes
7028,7028,2025-01-25,2025-01-30,2025-01-30,SwiftKart Logistics,Delhi,Delivered,1,93.13,nan,6,Yes
7029,7029,2025-02-13,2025-02-15,2025-02-14,MetroDeliver,Mumbai,Delivered,1,88.25,nan,4,Yes
7030,7030,2025-03-02,2025-03-06,2025-03-05,ParcelOne,Chennai,Delivered,3,164.51,nan,2,No
7031,7031,2025-03-24,2025-03-27,2025-03-26,MetroDeliver,Delhi,Delivered,2,99.67,nan,7,Yes
7032,7032,2025-04-12,2025-04-17,2025-04-15,ParcelOne,Delhi,Delivered,3,153.03,nan,-1,No
7033,7033,2025-05-01,2025-05-04,2025-05-03,SwiftKart Logistics,Kolkata,Delivered,3,163.53,nan,7,Yes
7034,7034,2025-06-16,2025-06-18,2025-06-17,SwiftKart Logistics,Chennai,Delivered,2,177.71,nan,2,No
7035,7035,2025-04-09,2025-04-13,2025-04-13,BlueRoute Express,Bengaluru,Delivered,3,56.07,nan,4,Yes
7036,7036,2025-04-29,2025-05-02,2025-05-02,ParcelOne,Bengaluru,Delivered,3,51.05,nan,2,No
7037,7037,2025-05-18,2025-05-21,2025-05-20,RapidX Logistics,Hyderabad,Delivered,2,75.18,nan,-1,No
7038,7038,2025-06-21,2025-06-24,2025-06-23,QuickShip India,Mumbai,Delivered,3,75.36,nan,6,Yes
7039,7039,2025-08-03,2025-08-06,2025-08-06,BlueRoute Express,Bengaluru,Delivered,2,108.22,nan,6,Yes
7040,7040,2025-04-21,2025-04-26,2025-04-26,ParcelOne,Hyderabad,Delivered,2,145.9,nan,4,Yes
7041,7041,2025-05-20,2025-05-24,2025-05-23,SwiftKart Logistics,Kolkata,Delivered,3,48.69,nan,5,Yes
7042,7042,2026-04-10,2026-04-14,2026-04-14,BlueRoute Express,Hyderabad,Delivered,3,45.71,nan,0,No
7043,7043,2026-04-30,2026-05-04,,BlueRoute Express,Mumbai,In Transit,2,79.82,nan,1,No
7044,7044,2026-06-10,2026-06-14,2026-06-14,ParcelOne,Delhi,Delivered,2,71.44,nan,3,Yes
7045,7045,2026-07-11,2026-07-16,2026-07-15,QuickShip India,Chennai,Delivered,1,48.98,nan,-1,No
7046,7046,2025-05-16,2025-05-20,2025-05-20,MetroDeliver,Chennai,Delivered,3,147.31,nan,1,No
7047,7047,2025-06-13,2025-06-15,2025-06-14,QuickShip India,Kolkata,Delivered,3,57.57,nan,2,No
7048,7048,2025-07-15,2025-07-19,,MetroDeliver,Kolkata,In Transit,2,62.46,nan,0,No
7049,7049,2025-08-27,2025-09-01,2025-08-31,SwiftKart Logistics,Chennai,Delivered,3,43.03,nan,5,Yes
7050,7050,2024-11-25,2024-11-28,2024-11-28,BlueRoute Express,Chennai,Delivered,3,55.69,nan,2,No
7051,7051,2025-09-19,2025-09-21,2025-09-21,SwiftKart Logistics,Hyderabad,Delivered,1,43.18,nan,0,No
7052,7052,2025-10-24,2025-10-28,2025-10-26,RapidX Logistics,Hyderabad,Delivered,1,152.7,nan,5,Yes
7053,7053,2025-12-02,2025-12-06,,ParcelOne,Hyderabad,In Transit,2,133.34,nan,0,No
7054,7054,2026-01-01,2026-01-06,2026-01-06,SwiftKart Logistics,Bengaluru,Delivered,1,122.56,nan,3,Yes
7055,7055,2026-02-09,2026-02-12,2026-02-12,BlueRoute Express,Mumbai,Delivered,3,72.09,nan,7,Yes
7056,7056,2026-03-18,2026-03-22,2026-03-21,BlueRoute Express,Chennai,Delivered,3,130.99,nan,6,Yes
7057,7057,2026-04-28,2026-05-03,2026-05-02,ParcelOne,Hyderabad,Delivered,2,128.26,nan,7,Yes
7058,7058,2026-02-09,2026-02-11,2026-02-10,MetroDeliver,Bengaluru,Delivered,1,78.3,nan,4,Yes
7059,7059,2026-03-25,2026-03-28,2026-03-27,QuickShip India,Kolkata,Delivered,3,133.22,nan,-1,No
7060,7060,2026-04-09,2026-04-11,,MetroDeliver,Mumbai,In Transit,2,162.59,nan,5,Yes
7061,7061,2026-04-26,2026-05-01,2026-04-30,SwiftKart Logistics,Hyderabad,Delivered,3,141.79,nan,7,Yes
7062,7062,2026-06-08,2026-06-12,2026-06-12,BlueRoute Express,Delhi,Delivered,2,179.86,nan,2,No
7063,7063,2026-07-08,2026-07-12,2026-07-11,MetroDeliver,Hyderabad,Delivered,1,97.07,nan,5,Yes
7064,7064,2025-09-06,2025-09-11,2025-09-10,SwiftKart Logistics,Chennai,Delivered,3,142.02,nan,6,Yes
7065,7065,2025-09-29,2025-10-02,2025-10-01,BlueRoute Express,Mumbai,Delivered,2,97.86,nan,5,Yes
7066,7066,2025-11-10,2025-11-13,2025-11-12,RapidX Logistics,Bengaluru,Delivered,2,70.73,nan,1,No
7067,7067,2025-12-22,2025-12-27,,SwiftKart Logistics,Delhi,In Transit,1,131.23,nan,0,No
7068,7068,2026-01-30,2026-02-03,2026-02-02,MetroDeliver,Chennai,Delivered,2,138.62,nan,2,No
7069,7069,2026-03-09,2026-03-14,2026-03-13,RapidX Logistics,Chennai,Delivered,1,84.55,nan,0,No
7070,7070,2024-12-09,2024-12-14,2024-12-14,RapidX Logistics,Chennai,Delivered,3,148.0,nan,3,Yes
7071,7071,2024-12-31,2025-01-05,2025-01-03,BlueRoute Express,Bengaluru,Delivered,1,144.05,nan,-1,No
7072,7072,2025-02-06,2025-02-11,2025-02-11,ParcelOne,Mumbai,Delivered,1,111.15,nan,4,Yes
7073,7073,2025-03-21,2025-03-24,2025-03-23,SwiftKart Logistics,Kolkata,Delivered,3,120.99,nan,4,Yes
7074,7074,2025-04-19,2025-04-21,2025-04-20,RapidX Logistics,Bengaluru,Delivered,3,175.73,nan,1,No
7075,7075,2025-06-02,2025-06-06,2025-06-05,QuickShip India,Chennai,Delivered,2,80.3,nan,5,Yes
7076,7076,2025-06-26,2025-06-28,2025-06-28,BlueRoute Express,Hyderabad,Delivered,3,129.74,nan,1,No
7077,7077,2025-07-30,2025-08-02,2025-08-02,BlueRoute Express,Mumbai,Delivered,3,79.46,nan,0,No
7078,7078,2025-09-11,2025-09-15,,ParcelOne,Chennai,In Transit,2,57.07,nan,5,Yes
7079,7079,2025-10-05,2025-10-08,2025-10-08,MetroDeliver,Bengaluru,Delivered,3,51.25,nan,1,No
7080,7080,2026-06-13,2026-06-18,2026-06-17,BlueRoute Express,Hyderabad,Delivered,1,178.38,nan,6,Yes
7081,7081,2026-07-07,2026-07-11,2026-07-10,BlueRoute Express,Hyderabad,Delivered,2,75.82,nan,4,Yes
7082,7082,2026-08-12,2026-08-16,2026-08-16,ParcelOne,Mumbai,Delivered,2,136.34,nan,6,Yes
7083,7083,2025-05-08,2025-05-11,2025-05-10,BlueRoute Express,Chennai,Delivered,2,75.02,nan,3,Yes
7084,7084,2025-06-19,2025-06-23,2025-06-23,MetroDeliver,Chennai,Delivered,3,135.83,nan,7,Yes
7085,7085,2025-10-09,2025-10-12,2025-10-12,SwiftKart Logistics,Bengaluru,Delivered,1,92.0,nan,1,No
7086,7086,2025-11-05,2025-11-10,,RapidX Logistics,Delhi,In Transit,1,116.87,nan,5,Yes
7087,7087,2025-12-05,2025-12-08,2025-12-08,RapidX Logistics,Mumbai,Delivered,2,50.66,nan,3,Yes
7088,7088,2026-01-17,2026-01-22,2026-01-21,MetroDeliver,Mumbai,Delivered,3,156.91,nan,2,No
7089,7089,2026-02-01,2026-02-03,2026-02-03,RapidX Logistics,Bengaluru,Delivered,1,143.38,nan,2,No
7090,7090,2026-02-21,2026-02-25,2026-02-24,MetroDeliver,Mumbai,Delivered,1,80.83,nan,3,Yes
7091,7091,2026-03-15,2026-03-20,2026-03-19,BlueRoute Express,Hyderabad,Delivered,1,117.07,nan,4,Yes
7092,7092,2025-07-05,2025-07-09,2025-07-08,BlueRoute Express,Delhi,Delivered,2,70.24,nan,7,Yes
7093,7093,2025-07-27,2025-07-31,2025-07-30,SwiftKart Logistics,Delhi,Delivered,1,107.52,nan,7,Yes
7094,7094,2025-08-11,2025-08-14,2025-08-13,RapidX Logistics,Kolkata,Delivered,3,130.82,nan,5,Yes
7095,7095,2025-08-29,2025-08-31,,BlueRoute Express,Mumbai,In Transit,3,122.48,nan,1,No
7096,7096,2025-10-03,2025-10-05,2025-10-04,QuickShip India,Delhi,Delivered,3,74.26,nan,3,Yes
7097,7097,2025-11-03,2025-11-08,2025-11-08,ParcelOne,Hyderabad,Delivered,3,152.2,nan,4,Yes
7098,7098,2026-04-19,2026-04-24,2026-04-22,QuickShip India,Delhi,Delivered,1,136.75,nan,1,No
7099,7099,2026-05-31,2026-06-03,2026-06-02,BlueRoute Express,Delhi,Delivered,3,84.98,nan,0,No
7100,7100,2026-06-26,2026-07-01,2026-06-30,ParcelOne,Hyderabad,Delivered,1,46.61,nan,2,No
7101,7101,2026-08-02,2026-08-06,2026-08-05,ParcelOne,Hyderabad,Delivered,3,115.0,nan,4,Yes
7102,7102,2025-04-01,2025-04-04,2025-04-03,QuickShip India,Kolkata,Delivered,2,67.07,nan,-1,No
7103,7103,2025-05-12,2025-05-16,2025-05-15,BlueRoute Express,Delhi,Delivered,3,108.39,nan,5,Yes
7104,7104,2025-06-10,2025-06-13,,QuickShip India,Mumbai,In Transit,2,158.01,nan,-1,No
7105,7105,2025-07-28,2025-08-02,2025-08-01,RapidX Logistics,Kolkata,Delivered,1,169.53,nan,1,No
7106,7106,2025-08-13,2025-08-16,2025-08-16,RapidX Logistics,Delhi,Delivered,2,46.0,nan,3,Yes
7107,7107,2025-09-27,2025-10-02,2025-10-02,MetroDeliver,Kolkata,Delivered,2,50.85,nan,4,Yes
7108,7108,2024-09-21,2024-09-25,2024-09-24,SwiftKart Logistics,Delhi,Delivered,1,94.75,nan,3,Yes
7109,7109,2026-05-22,2026-05-24,,QuickShip India,Delhi,In Transit,2,161.82,nan,7,Yes
7110,7110,2026-06-11,2026-06-14,,RapidX Logistics,Kolkata,In Transit,2,177.35,nan,-1,No
7111,7111,2026-07-21,2026-07-24,2026-07-23,QuickShip India,Hyderabad,Delivered,3,129.8,nan,7,Yes
7112,7112,2026-07-29,2026-08-02,2026-08-01,MetroDeliver,Bengaluru,Delivered,3,41.5,nan,1,No
7113,7113,2025-04-14,2025-04-16,2025-04-15,QuickShip India,Chennai,Delivered,3,52.94,nan,2,No
7114,7114,2025-05-18,2025-05-20,2025-05-19,SwiftKart Logistics,Chennai,Delivered,2,54.65,nan,5,Yes
7115,7115,2025-06-19,2025-06-23,2025-06-22,BlueRoute Express,Delhi,Delivered,2,130.81,nan,1,No
7116,7116,2025-07-17,2025-07-21,2025-07-20,RapidX Logistics,Delhi,Delivered,1,166.92,nan,3,Yes
7117,7117,2025-11-28,2025-11-30,2025-11-29,ParcelOne,Kolkata,Delivered,3,111.97,nan,4,Yes
7118,7118,2025-12-25,2025-12-30,,ParcelOne,Mumbai,In Transit,1,173.09,nan,2,No
7119,7119,2026-01-17,2026-01-20,2026-01-19,MetroDeliver,Bengaluru,Delivered,1,171.91,nan,2,No
7120,7120,2026-02-15,2026-02-17,2026-02-16,ParcelOne,Hyderabad,Delivered,3,74.84,nan,-1,No
7121,7121,2026-03-20,2026-03-24,2026-03-23,BlueRoute Express,Mumbai,Delivered,2,60.12,nan,7,Yes
7122,7122,2026-04-23,2026-04-27,2026-04-26,BlueRoute Express,Chennai,Delivered,1,64.14,nan,7,Yes
7123,7123,2026-05-14,2026-05-19,2026-05-18,MetroDeliver,Kolkata,Delivered,2,46.9,nan,5,Yes
7124,7124,2026-02-09,2026-02-13,2026-02-12,ParcelOne,Chennai,Delivered,2,90.43,nan,6,Yes
7125,7125,2026-03-27,2026-03-31,2026-03-29,BlueRoute Express,Bengaluru,Delivered,3,167.35,nan,7,Yes
7126,7126,2026-04-29,2026-05-02,2026-05-02,QuickShip India,Bengaluru,Delivered,2,170.16,nan,0,No
7127,7127,2026-06-04,2026-06-08,2026-06-07,BlueRoute Express,Kolkata,Delivered,2,142.97,nan,5,Yes
7128,7128,2026-06-22,2026-06-25,2026-06-25,SwiftKart Logistics,Hyderabad,Delivered,3,64.27,nan,6,Yes
7129,7129,2025-06-09,2025-06-13,2025-06-12,RapidX Logistics,Hyderabad,Delivered,1,145.31,nan,1,No
7130,7130,2025-06-26,2025-06-28,2025-06-27,QuickShip India,Hyderabad,Delivered,3,119.12,nan,6,Yes
7131,7131,2025-07-31,2025-08-03,2025-08-03,SwiftKart Logistics,Chennai,Delivered,1,109.85,nan,5,Yes
7132,7132,2025-10-04,2025-10-07,2025-10-07,SwiftKart Logistics,Delhi,Delivered,1,46.25,nan,-1,No
7133,7133,2025-10-23,2025-10-28,2025-10-28,BlueRoute Express,Chennai,Delivered,3,107.13,nan,2,No
7134,7134,2025-12-01,2025-12-05,2025-12-04,BlueRoute Express,Chennai,Delivered,3,111.92,nan,0,No
7135,7135,2025-12-25,2025-12-27,,ParcelOne,Mumbai,In Transit,2,149.09,nan,-1,No
7136,7136,2026-01-23,2026-01-28,2026-01-28,BlueRoute Express,Hyderabad,Delivered,2,174.79,nan,6,Yes
7137,7137,2026-03-08,2026-03-11,,ParcelOne,Chennai,In Transit,2,134.18,nan,0,No
7138,7138,2026-04-21,2026-04-26,2026-04-25,ParcelOne,Mumbai,Delivered,3,96.38,nan,5,Yes
7139,7139,2025-02-10,2025-02-13,2025-02-11,SwiftKart Logistics,Kolkata,Delivered,2,44.04,nan,6,Yes
7140,7140,2025-03-12,2025-03-14,2025-03-13,RapidX Logistics,Kolkata,Delivered,2,136.55,nan,2,No
7141,7141,2025-03-28,2025-04-02,,BlueRoute Express,Delhi,In Transit,3,123.15,nan,-1,No
7142,7142,2025-04-30,2025-05-02,2025-05-01,SwiftKart Logistics,Chennai,Delivered,1,83.95,nan,5,Yes
7143,7143,2026-07-04,2026-07-08,2026-07-07,BlueRoute Express,Chennai,Delivered,3,78.82,nan,0,No
7144,7144,2026-08-15,2026-08-19,2026-08-19,MetroDeliver,Delhi,Delivered,1,150.01,nan,7,Yes
7145,7145,2026-07-23,2026-07-25,2026-07-24,RapidX Logistics,Mumbai,Delivered,1,164.16,nan,6,Yes
7146,7146,2025-10-15,2025-10-17,2025-10-17,MetroDeliver,Kolkata,Delivered,2,98.08,nan,5,Yes
7147,7147,2025-11-09,2025-11-14,2025-11-13,QuickShip India,Delhi,Delivered,2,136.03,nan,1,No
7148,7148,2025-12-02,2025-12-05,,SwiftKart Logistics,Delhi,In Transit,3,116.48,nan,2,No
7149,7149,2025-12-17,2025-12-19,2025-12-18,RapidX Logistics,Mumbai,Delivered,3,87.7,nan,3,Yes
7150,7150,2026-01-23,2026-01-25,2026-01-23,QuickShip India,Mumbai,Delivered,1,49.91,nan,2,No
7151,7151,2026-03-02,2026-03-05,2026-03-05,QuickShip India,Kolkata,Delivered,2,76.92,nan,-1,No
7152,7152,2026-03-18,2026-03-23,2026-03-23,SwiftKart Logistics,Kolkata,Delivered,1,156.0,nan,2,No
7153,7153,2025-10-16,2025-10-21,2025-10-21,RapidX Logistics,Bengaluru,Delivered,1,77.95,nan,0,No
7154,7154,2025-11-29,2025-12-04,2025-12-03,ParcelOne,Bengaluru,Delivered,1,113.11,nan,7,Yes
7155,7155,2025-12-17,2025-12-21,2025-12-21,BlueRoute Express,Bengaluru,Delivered,3,53.95,nan,4,Yes
7156,7156,2026-01-16,2026-01-21,2026-01-21,MetroDeliver,Kolkata,Delivered,3,171.76,nan,5,Yes
7157,7157,2025-08-08,2025-08-11,2025-08-11,ParcelOne,Delhi,Delivered,1,163.35,nan,5,Yes
7158,7158,2025-09-17,2025-09-21,2025-09-20,MetroDeliver,Kolkata,Delivered,2,129.06,nan,5,Yes
7159,7159,2024-08-09,2024-08-12,2024-08-12,SwiftKart Logistics,Kolkata,Delivered,2,45.04,nan,3,Yes
7160,7160,2024-09-14,2024-09-16,2024-09-16,ParcelOne,Kolkata,Delivered,2,109.26,nan,7,Yes
7161,7161,2024-09-29,2024-10-02,2024-10-01,BlueRoute Express,Bengaluru,Delivered,2,144.67,nan,0,No
7162,7162,2024-10-25,2024-10-30,2024-10-30,SwiftKart Logistics,Chennai,Delivered,3,53.15,nan,1,No
7163,7163,2024-11-23,2024-11-25,2024-11-24,ParcelOne,Kolkata,Delivered,1,154.46,nan,5,Yes
7164,7164,2024-12-22,2024-12-26,2024-12-25,ParcelOne,Chennai,Delivered,1,43.37,nan,-1,No
7165,7165,2025-01-24,2025-01-26,2025-01-26,ParcelOne,Kolkata,Delivered,2,64.44,nan,2,No
7166,7166,2024-11-27,2024-11-29,2024-11-27,BlueRoute Express,Mumbai,Delivered,3,58.78,nan,2,No
7167,7167,2024-12-15,2024-12-18,,BlueRoute Express,Chennai,In Transit,1,51.23,nan,0,No
7168,7168,2024-12-31,2025-01-02,2025-01-02,BlueRoute Express,Chennai,Delivered,3,70.03,nan,4,Yes
7169,7169,2025-01-20,2025-01-22,2025-01-20,ParcelOne,Kolkata,Delivered,1,119.35,nan,2,No
7170,7170,2025-02-21,2025-02-26,2025-02-25,RapidX Logistics,Hyderabad,Delivered,3,71.58,nan,7,Yes
7171,7171,2025-03-22,2025-03-25,2025-03-24,ParcelOne,Kolkata,Delivered,3,163.63,nan,5,Yes
7172,7172,2024-08-04,2024-08-08,2024-08-08,BlueRoute Express,Bengaluru,Delivered,3,114.09,nan,4,Yes
7173,7173,2025-02-28,2025-03-05,,RapidX Logistics,Hyderabad,In Transit,2,54.89,nan,6,Yes
7174,7174,2025-03-29,2025-04-02,2025-04-01,BlueRoute Express,Bengaluru,Delivered,2,102.28,nan,4,Yes
7175,7175,2024-08-25,2024-08-27,2024-08-26,MetroDeliver,Chennai,Delivered,3,78.69,nan,7,Yes
7176,7176,2026-01-26,2026-01-31,2026-01-31,MetroDeliver,Delhi,Delivered,2,128.17,nan,3,Yes
7177,7177,2026-03-12,2026-03-15,2026-03-13,RapidX Logistics,Delhi,Delivered,3,109.76,nan,2,No
7178,7178,2026-03-27,2026-03-29,2026-03-29,MetroDeliver,Chennai,Delivered,1,174.06,nan,3,Yes
7179,7179,2025-07-20,2025-07-22,2025-07-21,MetroDeliver,Bengaluru,Delivered,2,94.32,nan,5,Yes
7180,7180,2025-08-26,2025-08-28,2025-08-28,QuickShip India,Hyderabad,Delivered,2,116.65,nan,5,Yes
7181,7181,2025-09-30,2025-10-03,2025-10-02,QuickShip India,Kolkata,Delivered,1,179.32,nan,-1,No
7182,7182,2025-11-06,2025-11-11,2025-11-10,MetroDeliver,Mumbai,Delivered,2,165.36,nan,3,Yes
7183,7183,2025-11-23,2025-11-25,2025-11-25,RapidX Logistics,Bengaluru,Delivered,3,96.46,nan,6,Yes
7184,7184,2026-02-17,2026-02-19,2026-02-18,QuickShip India,Bengaluru,Delivered,2,65.11,nan,5,Yes
7185,7185,2026-03-07,2026-03-09,2026-03-09,QuickShip India,Chennai,Delivered,3,69.9,nan,4,Yes
7186,7186,2026-03-21,2026-03-24,2026-03-23,ParcelOne,Kolkata,Delivered,2,65.66,nan,6,Yes
7187,7187,2026-01-06,2026-01-09,2026-01-09,BlueRoute Express,Hyderabad,Delivered,3,76.29,nan,0,No
7188,7188,2026-02-04,2026-02-08,2026-02-07,QuickShip India,Delhi,Delivered,1,149.17,nan,1,No
7189,7189,2026-03-01,2026-03-06,2026-03-05,BlueRoute Express,Mumbai,Delivered,3,177.95,nan,-1,No
7190,7190,2026-04-06,2026-04-11,2026-04-10,MetroDeliver,Chennai,Delivered,2,101.68,nan,5,Yes
7191,7191,2026-04-22,2026-04-26,2026-04-25,QuickShip India,Kolkata,Delivered,3,66.14,nan,5,Yes
7192,7192,2026-05-16,2026-05-18,,ParcelOne,Mumbai,In Transit,1,167.97,nan,5,Yes
7193,7193,2025-04-17,2025-04-20,2025-04-19,ParcelOne,Chennai,Delivered,1,48.7,nan,5,Yes
7194,7194,2025-05-30,2025-06-02,2025-06-01,SwiftKart Logistics,Delhi,Delivered,2,129.15,nan,3,Yes
7195,7195,2025-06-16,2025-06-21,2025-06-21,RapidX Logistics,Chennai,Delivered,3,44.88,nan,0,No
7196,7196,2026-03-12,2026-03-15,2026-03-14,BlueRoute Express,Chennai,Delivered,3,132.77,nan,5,Yes
7197,7197,2026-04-04,2026-04-07,2026-04-06,MetroDeliver,Hyderabad,Delivered,3,116.88,nan,-1,No
7198,7198,2026-05-17,2026-05-22,,QuickShip India,Delhi,In Transit,2,122.24,nan,5,Yes
7199,7199,2026-06-21,2026-06-24,2026-06-24,QuickShip India,Hyderabad,Delivered,3,162.85,nan,3,Yes
7200,7200,2026-07-29,2026-08-02,2026-08-01,BlueRoute Express,Chennai,Delivered,3,156.0,nan,1,No
7201,7201,2025-07-05,2025-07-07,2025-07-06,QuickShip India,Mumbai,Delivered,2,43.24,nan,-1,No
7202,7202,2025-07-28,2025-07-31,2025-07-30,QuickShip India,Bengaluru,Delivered,2,68.21,nan,0,No
7203,7203,2024-11-21,2024-11-26,2024-11-26,BlueRoute Express,Mumbai,Delivered,2,56.0,nan,0,No
7204,7204,2024-12-12,2024-12-17,2024-12-16,BlueRoute Express,Kolkata,Delivered,3,53.5,nan,4,Yes
7205,7205,2026-01-26,2026-01-30,2026-01-28,ParcelOne,Hyderabad,Delivered,3,47.85,nan,1,No
7206,7206,2026-02-20,2026-02-24,2026-02-22,BlueRoute Express,Kolkata,Delivered,2,77.06,nan,1,No
7207,7207,2026-03-15,2026-03-19,2026-03-18,BlueRoute Express,Mumbai,Delivered,1,78.32,nan,6,Yes
7208,7208,2026-04-28,2026-05-01,2026-05-01,QuickShip India,Hyderabad,Delivered,3,89.09,nan,-1,No
7209,7209,2024-11-11,2024-11-14,2024-11-14,BlueRoute Express,Kolkata,Delivered,1,125.72,nan,2,No
7210,7210,2024-11-26,2024-11-30,2024-11-29,BlueRoute Express,Kolkata,Delivered,1,155.75,nan,2,No
7211,7211,2024-09-30,2024-10-04,2024-10-04,MetroDeliver,Kolkata,Delivered,2,81.92,nan,1,No
7212,7212,2024-10-17,2024-10-19,2024-10-18,BlueRoute Express,Hyderabad,Delivered,3,66.16,nan,2,No
7213,7213,2024-11-23,2024-11-28,2024-11-27,ParcelOne,Kolkata,Delivered,1,154.41,nan,-1,No
7214,7214,2025-09-09,2025-09-12,2025-09-11,RapidX Logistics,Chennai,Delivered,1,162.14,nan,4,Yes
7215,7215,2025-10-10,2025-10-15,2025-10-14,SwiftKart Logistics,Hyderabad,Delivered,1,106.79,nan,1,No
7216,7216,2025-11-24,2025-11-28,2025-11-26,BlueRoute Express,Kolkata,Delivered,1,136.45,nan,4,Yes
7217,7217,2026-01-03,2026-01-08,2026-01-07,BlueRoute Express,Bengaluru,Delivered,1,94.33,nan,-1,No
7218,7218,2026-02-10,2026-02-15,2026-02-14,BlueRoute Express,Kolkata,Delivered,1,158.22,nan,1,No
7219,7219,2026-06-21,2026-06-25,,RapidX Logistics,Mumbai,In Transit,1,152.56,nan,6,Yes
7220,7220,2026-07-26,2026-07-28,2026-07-28,MetroDeliver,Mumbai,Delivered,2,171.12,nan,-1,No
7221,7221,2026-08-13,2026-08-15,2026-08-14,ParcelOne,Kolkata,Delivered,2,59.34,nan,7,Yes
7222,7222,2025-09-01,2025-09-06,2025-09-05,ParcelOne,Delhi,Delivered,3,154.67,nan,2,No
7223,7223,2025-09-21,2025-09-24,2025-09-23,MetroDeliver,Kolkata,Delivered,2,160.99,nan,4,Yes
7224,7224,2025-10-30,2025-11-04,2025-11-04,RapidX Logistics,Delhi,Delivered,2,40.79,nan,5,Yes
7225,7225,2026-05-26,2026-05-30,2026-05-29,SwiftKart Logistics,Bengaluru,Delivered,2,56.23,nan,5,Yes
7226,7226,2026-06-25,2026-06-27,2026-06-26,BlueRoute Express,Hyderabad,Delivered,2,60.52,nan,0,No
7227,7227,2026-08-09,2026-08-14,2026-08-13,QuickShip India,Mumbai,Delivered,1,51.24,nan,3,Yes
7228,7228,2024-10-24,2024-10-26,2024-10-25,ParcelOne,Kolkata,Delivered,2,76.89,nan,1,No
7229,7229,2024-12-05,2024-12-10,2024-12-10,RapidX Logistics,Chennai,Delivered,1,159.76,nan,3,Yes
7230,7230,2025-01-01,2025-01-06,,ParcelOne,Kolkata,In Transit,2,141.71,nan,5,Yes
7231,7231,2025-07-03,2025-07-08,2025-07-07,QuickShip India,Chennai,Delivered,2,112.05,nan,0,No
7232,7232,2025-07-22,2025-07-27,2025-07-26,ParcelOne,Hyderabad,Delivered,1,174.95,nan,0,No
7233,7233,2025-08-26,2025-08-30,2025-08-29,BlueRoute Express,Bengaluru,Delivered,2,153.67,nan,1,No
7234,7234,2025-09-22,2025-09-27,2025-09-27,MetroDeliver,Mumbai,Delivered,1,172.39,nan,6,Yes
7235,7235,2025-11-06,2025-11-09,2025-11-09,QuickShip India,Mumbai,Delivered,2,78.82,nan,4,Yes
7236,7236,2025-12-14,2025-12-16,,RapidX Logistics,Kolkata,In Transit,2,149.96,nan,-1,No
7237,7237,2026-01-30,2026-02-03,2026-02-01,RapidX Logistics,Bengaluru,Delivered,3,44.9,nan,1,No
7238,7238,2025-01-08,2025-01-13,2025-01-13,RapidX Logistics,Mumbai,Delivered,1,82.65,nan,3,Yes
7239,7239,2025-05-06,2025-05-08,,ParcelOne,Hyderabad,In Transit,2,86.91,nan,1,No
7240,7240,2025-05-31,2025-06-04,2025-06-03,MetroDeliver,Mumbai,Delivered,2,149.16,nan,0,No
7241,7241,2025-07-07,2025-07-09,2025-07-07,SwiftKart Logistics,Chennai,Delivered,2,150.2,nan,-1,No
7242,7242,2025-08-10,2025-08-13,2025-08-13,MetroDeliver,Kolkata,Delivered,2,76.22,nan,6,Yes
7243,7243,2025-09-15,2025-09-19,2025-09-19,RapidX Logistics,Hyderabad,Delivered,2,75.62,nan,4,Yes
7244,7244,2025-10-09,2025-10-13,2025-10-13,MetroDeliver,Mumbai,Delivered,1,132.73,nan,4,Yes
7245,7245,2025-07-17,2025-07-21,2025-07-20,SwiftKart Logistics,Bengaluru,Delivered,2,173.75,nan,7,Yes
7246,7246,2025-05-16,2025-05-20,2025-05-18,QuickShip India,Hyderabad,Delivered,3,72.92,nan,5,Yes
7247,7247,2025-06-15,2025-06-19,2025-06-18,MetroDeliver,Delhi,Delivered,3,43.07,nan,4,Yes
7248,7248,2025-07-20,2025-07-24,2025-07-23,MetroDeliver,Hyderabad,Delivered,1,147.15,nan,3,Yes
7249,7249,2026-01-29,2026-02-03,2026-02-02,ParcelOne,Mumbai,Delivered,3,157.58,nan,1,No
7250,7250,2026-02-14,2026-02-17,2026-02-17,BlueRoute Express,Kolkata,Delivered,3,122.31,nan,0,No
7251,7251,2026-03-12,2026-03-14,2026-03-14,MetroDeliver,Mumbai,Delivered,2,160.52,nan,5,Yes
7252,7252,2026-04-04,2026-04-07,2026-04-07,RapidX Logistics,Delhi,Delivered,3,138.09,nan,3,Yes
7253,7253,2026-05-10,2026-05-15,2026-05-14,QuickShip India,Delhi,Delivered,3,45.53,nan,3,Yes
7254,7254,2026-06-19,2026-06-23,2026-06-21,MetroDeliver,Hyderabad,Delivered,3,94.08,nan,6,Yes
7255,7255,2026-07-10,2026-07-13,2026-07-11,ParcelOne,Bengaluru,Delivered,2,51.97,nan,4,Yes
7256,7256,2025-09-08,2025-09-10,2025-09-09,BlueRoute Express,Hyderabad,Delivered,2,157.05,nan,2,No
7257,7257,2025-10-09,2025-10-11,,BlueRoute Express,Delhi,In Transit,2,118.75,nan,6,Yes
7258,7258,2025-11-05,2025-11-08,2025-11-07,RapidX Logistics,Mumbai,Delivered,2,49.07,nan,1,No
7259,7259,2025-12-18,2025-12-23,2025-12-21,BlueRoute Express,Kolkata,Delivered,1,149.46,nan,6,Yes
7260,7260,2026-01-18,2026-01-20,,ParcelOne,Bengaluru,In Transit,2,171.56,nan,0,No
7261,7261,2026-02-16,2026-02-19,2026-02-18,MetroDeliver,Bengaluru,Delivered,1,81.0,nan,4,Yes
7262,7262,2025-07-27,2025-07-31,2025-07-30,QuickShip India,Mumbai,Delivered,3,60.23,nan,5,Yes
7263,7263,2025-08-19,2025-08-21,2025-08-20,SwiftKart Logistics,Chennai,Delivered,3,52.51,nan,6,Yes
7264,7264,2025-09-09,2025-09-13,2025-09-12,QuickShip India,Mumbai,Delivered,3,130.66,nan,2,No
7265,7265,2025-10-11,2025-10-16,2025-10-15,ParcelOne,Mumbai,Delivered,2,89.27,nan,3,Yes
7266,7266,2025-11-04,2025-11-06,2025-11-05,QuickShip India,Kolkata,Delivered,1,99.85,nan,0,No
7267,7267,2025-12-12,2025-12-15,2025-12-14,QuickShip India,Delhi,Delivered,2,174.38,nan,1,No
7268,7268,2024-09-10,2024-09-12,2024-09-12,SwiftKart Logistics,Hyderabad,Delivered,1,82.89,nan,2,No
7269,7269,2026-03-14,2026-03-18,2026-03-17,SwiftKart Logistics,Chennai,Delivered,2,139.29,nan,7,Yes
7270,7270,2026-04-05,2026-04-07,2026-04-05,BlueRoute Express,Hyderabad,Delivered,3,128.06,nan,1,No
7271,7271,2026-05-03,2026-05-06,2026-05-05,RapidX Logistics,Bengaluru,Delivered,2,160.83,nan,-1,No
7272,7272,2026-06-07,2026-06-10,2026-06-09,SwiftKart Logistics,Hyderabad,Delivered,1,141.64,nan,-1,No
7273,7273,2026-06-30,2026-07-03,2026-07-02,BlueRoute Express,Mumbai,Delivered,1,60.79,nan,-1,No
7274,7274,2025-01-20,2025-01-23,,RapidX Logistics,Kolkata,In Transit,3,79.96,nan,7,Yes
7275,7275,2025-02-06,2025-02-09,2025-02-08,ParcelOne,Delhi,Delivered,2,44.82,nan,2,No
7276,7276,2025-02-27,2025-03-03,2025-03-03,SwiftKart Logistics,Chennai,Delivered,1,177.02,nan,7,Yes
7277,7277,2025-03-20,2025-03-23,2025-03-22,RapidX Logistics,Delhi,Delivered,1,141.25,nan,0,No
7278,7278,2025-04-26,2025-04-29,2025-04-28,ParcelOne,Kolkata,Delivered,2,43.13,nan,6,Yes
7279,7279,2025-05-30,2025-06-02,2025-06-02,ParcelOne,Chennai,Delivered,2,150.28,nan,4,Yes
7280,7280,2025-06-19,2025-06-24,2025-06-24,RapidX Logistics,Kolkata,Delivered,2,131.07,nan,2,No
7281,7281,2025-04-23,2025-04-28,2025-04-27,SwiftKart Logistics,Delhi,Delivered,1,150.37,nan,2,No
7282,7282,2025-05-10,2025-05-14,2025-05-13,RapidX Logistics,Hyderabad,Delivered,1,65.92,nan,-1,No
7283,7283,2025-06-03,2025-06-06,2025-06-05,QuickShip India,Mumbai,Delivered,2,105.88,nan,3,Yes
7284,7284,2025-07-08,2025-07-10,2025-07-10,SwiftKart Logistics,Delhi,Delivered,1,172.06,nan,2,No
7285,7285,2025-07-23,2025-07-27,2025-07-26,MetroDeliver,Delhi,Delivered,1,116.98,nan,1,No
7286,7286,2025-09-03,2025-09-08,2025-09-08,QuickShip India,Mumbai,Delivered,2,73.71,nan,3,Yes
7287,7287,2026-02-11,2026-02-16,2026-02-15,BlueRoute Express,Bengaluru,Delivered,2,127.31,nan,6,Yes
7288,7288,2026-03-18,2026-03-20,2026-03-18,QuickShip India,Chennai,Delivered,2,113.7,nan,2,No
7289,7289,2026-04-17,2026-04-21,,RapidX Logistics,Kolkata,In Transit,1,150.14,nan,7,Yes
7290,7290,2026-05-05,2026-05-10,2026-05-10,QuickShip India,Kolkata,Delivered,2,117.88,nan,5,Yes
7291,7291,2025-03-05,2025-03-10,2025-03-10,QuickShip India,Bengaluru,Delivered,2,157.84,nan,0,No
7292,7292,2025-05-16,2025-05-19,2025-05-18,BlueRoute Express,Bengaluru,Delivered,3,119.54,nan,1,No
7293,7293,2025-06-14,2025-06-16,2025-06-15,ParcelOne,Chennai,Delivered,1,111.73,nan,7,Yes
7294,7294,2025-07-17,2025-07-22,2025-07-21,RapidX Logistics,Chennai,Delivered,1,62.39,nan,2,No
7295,7295,2025-06-04,2025-06-09,2025-06-08,MetroDeliver,Hyderabad,Delivered,3,104.89,nan,4,Yes
7296,7296,2025-07-12,2025-07-16,2025-07-15,SwiftKart Logistics,Delhi,Delivered,3,99.2,nan,0,No
7297,7297,2025-07-29,2025-07-31,2025-07-29,RapidX Logistics,Delhi,Delivered,1,150.72,nan,2,No
7298,7298,2025-09-08,2025-09-11,2025-09-11,RapidX Logistics,Bengaluru,Delivered,2,153.72,nan,-1,No
7299,7299,2025-03-18,2025-03-21,2025-03-20,ParcelOne,Mumbai,Delivered,3,161.32,nan,-1,No
7300,7300,2025-04-14,2025-04-17,2025-04-16,BlueRoute Express,Chennai,Delivered,3,69.72,nan,0,No
7301,7301,2025-05-29,2025-06-02,2025-06-02,SwiftKart Logistics,Mumbai,Delivered,1,139.67,nan,5,Yes
7302,7302,2025-07-01,2025-07-06,,QuickShip India,Mumbai,In Transit,1,82.98,nan,0,No
7303,7303,2026-03-23,2026-03-26,2026-03-25,BlueRoute Express,Kolkata,Delivered,2,174.06,nan,0,No
7304,7304,2026-04-29,2026-05-02,2026-05-02,ParcelOne,Delhi,Delivered,2,83.2,nan,6,Yes
7305,7305,2026-05-20,2026-05-23,2026-05-23,BlueRoute Express,Chennai,Delivered,3,60.15,nan,5,Yes
7306,7306,2026-06-08,2026-06-13,2026-06-13,MetroDeliver,Delhi,Delivered,1,177.17,nan,1,No
7307,7307,2024-09-17,2024-09-22,2024-09-21,SwiftKart Logistics,Bengaluru,Delivered,3,114.22,nan,1,No
7308,7308,2024-10-07,2024-10-11,2024-10-10,MetroDeliver,Hyderabad,Delivered,2,68.59,nan,7,Yes
7309,7309,2025-06-04,2025-06-09,2025-06-08,ParcelOne,Hyderabad,Delivered,2,102.07,nan,6,Yes
7310,7310,2025-07-19,2025-07-21,,RapidX Logistics,Mumbai,In Transit,2,168.62,nan,6,Yes
7311,7311,2025-08-27,2025-09-01,2025-09-01,SwiftKart Logistics,Chennai,Delivered,1,48.67,nan,4,Yes
7312,7312,2025-10-12,2025-10-16,2025-10-15,SwiftKart Logistics,Kolkata,Delivered,2,65.37,nan,5,Yes
7313,7313,2025-10-29,2025-11-01,2025-10-31,BlueRoute Express,Hyderabad,Delivered,1,114.88,nan,-1,No
7314,7314,2025-11-25,2025-11-27,2025-11-25,QuickShip India,Mumbai,Delivered,2,69.06,nan,0,No
7315,7315,2025-12-24,2025-12-27,2025-12-26,ParcelOne,Bengaluru,Delivered,3,78.16,nan,5,Yes
7316,7316,2025-06-22,2025-06-26,2025-06-25,SwiftKart Logistics,Delhi,Delivered,2,68.16,nan,0,No
7317,7317,2025-07-14,2025-07-17,2025-07-17,MetroDeliver,Chennai,Delivered,1,158.69,nan,1,No
7318,7318,2025-08-02,2025-08-07,2025-08-06,ParcelOne,Hyderabad,Delivered,1,65.11,nan,3,Yes
7319,7319,2025-08-18,2025-08-23,2025-08-22,MetroDeliver,Hyderabad,Delivered,3,148.49,nan,1,No
7320,7320,2024-09-20,2024-09-22,2024-09-21,QuickShip India,Kolkata,Delivered,1,72.87,nan,1,No
7321,7321,2024-10-08,2024-10-12,2024-10-10,ParcelOne,Chennai,Delivered,3,43.17,nan,0,No
7322,7322,2024-10-28,2024-11-01,2024-10-30,RapidX Logistics,Hyderabad,Delivered,1,57.05,nan,2,No
7323,7323,2024-12-12,2024-12-14,2024-12-13,QuickShip India,Hyderabad,Delivered,3,97.65,nan,2,No
7324,7324,2025-01-21,2025-01-24,2025-01-23,RapidX Logistics,Bengaluru,Delivered,2,44.91,nan,0,No
7325,7325,2026-02-08,2026-02-10,2026-02-10,MetroDeliver,Hyderabad,Delivered,2,153.79,nan,4,Yes
7326,7326,2026-03-06,2026-03-10,2026-03-09,RapidX Logistics,Mumbai,Delivered,1,69.17,nan,4,Yes
7327,7327,2026-04-05,2026-04-09,2026-04-08,RapidX Logistics,Mumbai,Delivered,2,48.11,nan,5,Yes
7328,7328,2026-04-25,2026-04-29,2026-04-29,QuickShip India,Hyderabad,Delivered,1,107.13,nan,1,No
7329,7329,2026-05-20,2026-05-25,2026-05-25,QuickShip India,Bengaluru,Delivered,2,74.34,nan,7,Yes
7330,7330,2026-06-25,2026-06-27,2026-06-26,SwiftKart Logistics,Delhi,Delivered,1,151.42,nan,1,No
7331,7331,2026-08-01,2026-08-03,2026-08-02,SwiftKart Logistics,Mumbai,Delivered,2,113.45,nan,-1,No
7332,7332,2025-12-03,2025-12-05,,RapidX Logistics,Chennai,In Transit,1,122.68,nan,1,No
7333,7333,2026-01-10,2026-01-15,2026-01-14,ParcelOne,Hyderabad,Delivered,3,116.51,nan,-1,No
7334,7334,2026-02-07,2026-02-10,2026-02-10,QuickShip India,Hyderabad,Delivered,3,134.7,nan,7,Yes
7335,7335,2026-03-07,2026-03-09,,BlueRoute Express,Delhi,In Transit,2,70.51,nan,0,No
7336,7336,2025-08-24,2025-08-27,2025-08-26,MetroDeliver,Bengaluru,Delivered,2,61.19,nan,1,No
7337,7337,2025-09-28,2025-10-02,2025-10-02,ParcelOne,Chennai,Delivered,3,53.95,nan,4,Yes
7338,7338,2025-05-13,2025-05-15,2025-05-15,QuickShip India,Mumbai,Delivered,3,97.39,nan,2,No
7339,7339,2025-06-04,2025-06-07,2025-06-07,ParcelOne,Hyderabad,Delivered,2,99.63,nan,2,No
7340,7340,2025-07-13,2025-07-16,2025-07-15,MetroDeliver,Mumbai,Delivered,1,45.44,nan,1,No
7341,7341,2025-08-02,2025-08-07,2025-08-07,QuickShip India,Mumbai,Delivered,1,126.71,nan,5,Yes
7342,7342,2025-09-08,2025-09-13,2025-09-12,ParcelOne,Chennai,Delivered,3,161.07,nan,2,No
7343,7343,2024-10-27,2024-10-31,2024-10-29,RapidX Logistics,Mumbai,Delivered,2,178.81,nan,4,Yes
7344,7344,2026-04-24,2026-04-28,2026-04-28,RapidX Logistics,Chennai,Delivered,3,85.78,nan,6,Yes
7345,7345,2026-05-23,2026-05-26,2026-05-25,QuickShip India,Chennai,Delivered,1,63.75,nan,5,Yes
7346,7346,2026-01-04,2026-01-08,2026-01-07,SwiftKart Logistics,Hyderabad,Delivered,1,130.35,nan,1,No
7347,7347,2026-02-12,2026-02-15,,MetroDeliver,Bengaluru,In Transit,1,98.51,nan,6,Yes
7348,7348,2026-03-07,2026-03-12,,RapidX Logistics,Chennai,In Transit,3,129.53,nan,1,No
7349,7349,2026-04-15,2026-04-17,2026-04-16,BlueRoute Express,Chennai,Delivered,2,114.65,nan,1,No
7350,7350,2025-07-22,2025-07-27,2025-07-27,RapidX Logistics,Delhi,Delivered,1,146.87,nan,3,Yes
7351,7351,2025-08-16,2025-08-20,2025-08-20,MetroDeliver,Kolkata,Delivered,2,101.37,nan,7,Yes
7352,7352,2025-09-18,2025-09-22,2025-09-21,RapidX Logistics,Mumbai,Delivered,1,81.55,nan,3,Yes
7353,7353,2025-10-13,2025-10-18,2025-10-17,MetroDeliver,Delhi,Delivered,3,141.23,nan,3,Yes
7354,7354,2025-11-10,2025-11-15,2025-11-14,RapidX Logistics,Hyderabad,Delivered,1,99.44,nan,6,Yes
7355,7355,2024-10-18,2024-10-21,2024-10-20,SwiftKart Logistics,Hyderabad,Delivered,3,65.31,nan,3,Yes
7356,7356,2024-11-17,2024-11-20,2024-11-19,ParcelOne,Bengaluru,Delivered,2,130.56,nan,2,No
7357,7357,2024-12-10,2024-12-15,,ParcelOne,Hyderabad,In Transit,2,166.79,nan,-1,No
7358,7358,2024-12-31,2025-01-04,2025-01-04,ParcelOne,Bengaluru,Delivered,1,127.2,nan,1,No
7359,7359,2025-01-19,2025-01-22,2025-01-22,ParcelOne,Hyderabad,Delivered,1,72.47,nan,6,Yes
7360,7360,2025-02-22,2025-02-24,2025-02-24,ParcelOne,Kolkata,Delivered,3,177.15,nan,2,No
7361,7361,2025-02-26,2025-03-01,2025-02-27,BlueRoute Express,Chennai,Delivered,2,65.83,nan,4,Yes
7362,7362,2025-03-31,2025-04-03,2025-04-02,SwiftKart Logistics,Kolkata,Delivered,3,105.6,nan,3,Yes
7363,7363,2025-05-15,2025-05-17,2025-05-16,BlueRoute Express,Chennai,Delivered,3,147.06,nan,3,Yes
7364,7364,2025-06-11,2025-06-16,2025-06-16,ParcelOne,Kolkata,Delivered,3,133.52,nan,5,Yes
7365,7365,2025-07-24,2025-07-27,2025-07-26,MetroDeliver,Chennai,Delivered,3,61.45,nan,6,Yes
7366,7366,2026-06-26,2026-07-01,2026-06-30,MetroDeliver,Chennai,Delivered,3,66.46,nan,3,Yes
7367,7367,2026-07-30,2026-08-01,,QuickShip India,Mumbai,In Transit,1,154.06,nan,-1,No
7368,7368,2025-07-29,2025-08-02,2025-08-01,SwiftKart Logistics,Kolkata,Delivered,1,68.85,nan,6,Yes
7369,7369,2025-08-22,2025-08-24,,QuickShip India,Hyderabad,In Transit,3,56.96,nan,3,Yes
7370,7370,2025-09-18,2025-09-23,2025-09-22,SwiftKart Logistics,Delhi,Delivered,1,167.53,nan,4,Yes
7371,7371,2025-10-08,2025-10-11,2025-10-10,ParcelOne,Mumbai,Delivered,1,122.86,nan,0,No
7372,7372,2025-10-26,2025-10-30,2025-10-28,BlueRoute Express,Hyderabad,Delivered,3,45.4,nan,0,No
7373,7373,2025-02-23,2025-02-26,,MetroDeliver,Kolkata,In Transit,2,135.12,nan,6,Yes
7374,7374,2025-03-26,2025-03-30,2025-03-28,RapidX Logistics,Mumbai,Delivered,2,47.95,nan,3,Yes
7375,7375,2025-05-10,2025-05-12,,BlueRoute Express,Mumbai,In Transit,2,70.46,nan,-1,No
7376,7376,2025-05-31,2025-06-02,2025-06-02,BlueRoute Express,Bengaluru,Delivered,2,167.88,nan,0,No
7377,7377,2025-10-15,2025-10-17,2025-10-16,QuickShip India,Mumbai,Delivered,2,160.81,nan,3,Yes
7378,7378,2025-11-25,2025-11-28,2025-11-27,RapidX Logistics,Delhi,Delivered,3,94.31,nan,1,No
7379,7379,2026-01-02,2026-01-07,2026-01-07,BlueRoute Express,Chennai,Delivered,1,135.65,nan,1,No
7380,7380,2026-01-30,2026-02-02,,MetroDeliver,Chennai,In Transit,2,56.51,nan,3,Yes
7381,7381,2026-03-14,2026-03-16,2026-03-15,MetroDeliver,Mumbai,Delivered,3,110.8,nan,7,Yes
7382,7382,2026-04-14,2026-04-16,2026-04-15,QuickShip India,Delhi,Delivered,1,95.71,nan,6,Yes
7383,7383,2026-05-21,2026-05-26,2026-05-25,MetroDeliver,Chennai,Delivered,1,134.6,nan,0,No
7384,7384,2025-11-30,2025-12-04,2025-12-03,SwiftKart Logistics,Hyderabad,Delivered,3,45.76,nan,-1,No
7385,7385,2025-12-25,2025-12-29,,RapidX Logistics,Hyderabad,In Transit,3,164.19,nan,5,Yes
7386,7386,2026-01-30,2026-02-01,2026-01-31,MetroDeliver,Hyderabad,Delivered,2,96.92,nan,7,Yes
7387,7387,2026-03-01,2026-03-06,2026-03-04,MetroDeliver,Chennai,Delivered,1,96.68,nan,3,Yes
7388,7388,2026-04-02,2026-04-04,2026-04-03,MetroDeliver,Kolkata,Delivered,1,83.51,nan,4,Yes
7389,7389,2026-04-20,2026-04-23,2026-04-22,QuickShip India,Chennai,Delivered,2,88.73,nan,1,No
7390,7390,2025-11-21,2025-11-23,2025-11-21,QuickShip India,Kolkata,Delivered,3,137.17,nan,-1,No
7391,7391,2025-12-06,2025-12-08,2025-12-06,BlueRoute Express,Chennai,Delivered,2,98.06,nan,2,No
7392,7392,2025-08-30,2025-09-03,2025-09-03,SwiftKart Logistics,Chennai,Delivered,2,88.21,nan,-1,No
7393,7393,2025-10-01,2025-10-04,2025-10-02,RapidX Logistics,Bengaluru,Delivered,1,165.96,nan,3,Yes
7394,7394,2024-08-05,2024-08-08,,SwiftKart Logistics,Kolkata,In Transit,3,86.88,nan,5,Yes
7395,7395,2024-09-16,2024-09-21,2024-09-20,BlueRoute Express,Mumbai,Delivered,3,61.24,nan,5,Yes
7396,7396,2024-10-14,2024-10-19,2024-10-18,BlueRoute Express,Hyderabad,Delivered,1,98.83,nan,4,Yes
7397,7397,2024-11-08,2024-11-12,2024-11-12,RapidX Logistics,Delhi,Delivered,1,60.02,nan,5,Yes
7398,7398,2024-12-11,2024-12-15,2024-12-14,MetroDeliver,Bengaluru,Delivered,1,145.23,nan,-1,No
7399,7399,2025-12-13,2025-12-15,2025-12-14,SwiftKart Logistics,Chennai,Delivered,2,80.09,nan,7,Yes
7400,7400,2026-01-22,2026-01-24,2026-01-23,MetroDeliver,Mumbai,Delivered,2,87.87,nan,1,No
7401,7401,2026-02-17,2026-02-19,2026-02-18,SwiftKart Logistics,Kolkata,Delivered,2,128.92,nan,2,No
7402,7402,2026-03-15,2026-03-19,,RapidX Logistics,Kolkata,In Transit,3,156.6,nan,3,Yes
7403,7403,2025-12-13,2025-12-18,2025-12-16,MetroDeliver,Kolkata,Delivered,2,71.25,nan,0,No
7404,7404,2026-05-30,2026-06-01,,QuickShip India,Mumbai,In Transit,1,40.08,nan,3,Yes
7405,7405,2026-06-26,2026-06-28,2026-06-27,RapidX Logistics,Bengaluru,Delivered,2,42.45,nan,0,No
7406,7406,2026-07-29,2026-08-02,2026-08-01,BlueRoute Express,Mumbai,Delivered,2,76.33,nan,5,Yes
7407,7407,2026-01-04,2026-01-09,2026-01-08,QuickShip India,Kolkata,Delivered,1,41.43,nan,1,No
7408,7408,2026-01-20,2026-01-22,,ParcelOne,Kolkata,In Transit,1,175.38,nan,2,No
7409,7409,2026-04-03,2026-04-06,2026-04-06,BlueRoute Express,Chennai,Delivered,2,173.98,nan,6,Yes
7410,7410,2026-04-26,2026-04-29,2026-04-28,RapidX Logistics,Kolkata,Delivered,2,45.86,nan,5,Yes
7411,7411,2026-05-17,2026-05-22,2026-05-21,QuickShip India,Kolkata,Delivered,3,71.3,nan,3,Yes
7412,7412,2025-01-01,2025-01-03,2025-01-02,SwiftKart Logistics,Kolkata,Delivered,3,88.04,nan,6,Yes
7413,7413,2025-01-23,2025-01-25,2025-01-24,BlueRoute Express,Hyderabad,Delivered,1,148.12,nan,3,Yes
7414,7414,2025-02-19,2025-02-21,2025-02-20,SwiftKart Logistics,Bengaluru,Delivered,3,81.9,nan,1,No
7415,7415,2025-03-15,2025-03-20,2025-03-18,BlueRoute Express,Kolkata,Delivered,2,41.97,nan,5,Yes
7416,7416,2025-04-04,2025-04-07,2025-04-06,ParcelOne,Delhi,Delivered,3,115.77,nan,2,No
7417,7417,2025-04-29,2025-05-01,2025-04-30,RapidX Logistics,Chennai,Delivered,3,110.23,nan,6,Yes
7418,7418,2026-03-13,2026-03-15,2026-03-15,SwiftKart Logistics,Delhi,Delivered,3,161.13,nan,1,No
7419,7419,2024-12-17,2024-12-19,,ParcelOne,Hyderabad,In Transit,1,127.65,nan,3,Yes
7420,7420,2025-01-08,2025-01-13,,RapidX Logistics,Hyderabad,In Transit,2,99.36,nan,3,Yes
7421,7421,2025-02-17,2025-02-19,2025-02-19,MetroDeliver,Chennai,Delivered,2,122.51,nan,7,Yes
7422,7422,2025-03-25,2025-03-29,2025-03-28,RapidX Logistics,Hyderabad,Delivered,3,56.78,nan,1,No
7423,7423,2024-11-13,2024-11-17,2024-11-17,RapidX Logistics,Hyderabad,Delivered,3,109.5,nan,3,Yes
7424,7424,2024-11-29,2024-12-02,2024-12-01,QuickShip India,Chennai,Delivered,1,158.93,nan,5,Yes
7425,7425,2025-01-01,2025-01-04,2025-01-04,RapidX Logistics,Chennai,Delivered,3,102.35,nan,4,Yes
7426,7426,2025-01-21,2025-01-23,2025-01-22,BlueRoute Express,Hyderabad,Delivered,2,101.91,nan,-1,No
7427,7427,2024-10-28,2024-11-02,2024-11-01,QuickShip India,Delhi,Delivered,1,103.76,nan,5,Yes
7428,7428,2024-11-29,2024-12-03,2024-12-03,RapidX Logistics,Kolkata,Delivered,1,153.8,nan,3,Yes
7429,7429,2024-12-31,2025-01-05,2025-01-04,ParcelOne,Chennai,Delivered,3,76.3,nan,2,No
7430,7430,2025-01-26,2025-01-31,2025-01-31,BlueRoute Express,Delhi,Delivered,3,168.06,nan,7,Yes
7431,7431,2024-12-20,2024-12-22,2024-12-21,QuickShip India,Bengaluru,Delivered,2,152.66,nan,3,Yes
7432,7432,2025-01-14,2025-01-17,,ParcelOne,Hyderabad,In Transit,3,124.86,nan,2,No
7433,7433,2025-02-10,2025-02-14,2025-02-13,ParcelOne,Kolkata,Delivered,3,177.44,nan,5,Yes
7434,7434,2025-03-07,2025-03-11,2025-03-11,RapidX Logistics,Hyderabad,Delivered,2,94.52,nan,1,No
7435,7435,2025-03-28,2025-03-30,2025-03-29,MetroDeliver,Delhi,Delivered,1,88.31,nan,3,Yes
7436,7436,2025-04-20,2025-04-23,2025-04-22,QuickShip India,Mumbai,Delivered,2,56.58,nan,3,Yes
7437,7437,2025-05-12,2025-05-15,,MetroDeliver,Hyderabad,In Transit,3,163.28,nan,2,No
7438,7438,2025-09-01,2025-09-06,2025-09-04,BlueRoute Express,Delhi,Delivered,1,146.34,nan,0,No
7439,7439,2025-10-08,2025-10-12,,QuickShip India,Kolkata,In Transit,2,116.87,nan,3,Yes
7440,7440,2025-10-30,2025-11-02,2025-11-01,RapidX Logistics,Kolkata,Delivered,1,103.25,nan,1,No
7441,7441,2025-11-15,2025-11-18,2025-11-17,ParcelOne,Hyderabad,Delivered,1,52.03,nan,6,Yes
7442,7442,2025-12-01,2025-12-04,2025-12-03,RapidX Logistics,Bengaluru,Delivered,2,128.67,nan,7,Yes
7443,7443,2025-12-31,2026-01-05,2026-01-04,RapidX Logistics,Hyderabad,Delivered,3,138.81,nan,2,No
7444,7444,2025-12-31,2026-01-05,2026-01-04,MetroDeliver,Mumbai,Delivered,1,112.38,nan,7,Yes
7445,7445,2026-01-14,2026-01-16,2026-01-15,ParcelOne,Kolkata,Delivered,1,62.0,nan,4,Yes
7446,7446,2024-09-26,2024-09-29,2024-09-28,MetroDeliver,Kolkata,Delivered,3,99.69,nan,7,Yes
7447,7447,2025-06-02,2025-06-05,2025-06-04,RapidX Logistics,Hyderabad,Delivered,1,150.19,nan,-1,No
7448,7448,2025-07-11,2025-07-14,2025-07-13,RapidX Logistics,Chennai,Delivered,2,109.79,nan,0,No
7449,7449,2025-08-21,2025-08-25,2025-08-24,MetroDeliver,Hyderabad,Delivered,3,177.4,nan,3,Yes
7450,7450,2025-09-29,2025-10-03,2025-10-02,MetroDeliver,Delhi,Delivered,2,179.14,nan,6,Yes
7451,7451,2025-10-14,2025-10-19,2025-10-18,BlueRoute Express,Bengaluru,Delivered,3,155.54,nan,5,Yes
7452,7452,2024-10-17,2024-10-20,2024-10-19,ParcelOne,Hyderabad,Delivered,1,113.49,nan,-1,No
7453,7453,2024-11-14,2024-11-16,2024-11-15,ParcelOne,Delhi,Delivered,2,132.35,nan,-1,No
7454,7454,2024-11-30,2024-12-05,2024-12-04,BlueRoute Express,Bengaluru,Delivered,3,154.49,nan,2,No
7455,7455,2025-01-10,2025-01-15,2025-01-15,RapidX Logistics,Chennai,Delivered,3,135.26,nan,7,Yes
7456,7456,2025-02-11,2025-02-16,2025-02-15,BlueRoute Express,Kolkata,Delivered,1,131.89,nan,1,No
7457,7457,2025-03-13,2025-03-15,2025-03-14,BlueRoute Express,Delhi,Delivered,3,61.01,nan,1,No
7458,7458,2025-04-11,2025-04-16,2025-04-14,ParcelOne,Mumbai,Delivered,2,57.98,nan,1,No
7459,7459,2025-07-23,2025-07-27,2025-07-26,RapidX Logistics,Kolkata,Delivered,1,74.34,nan,5,Yes
7460,7460,2025-09-23,2025-09-28,,RapidX Logistics,Delhi,In Transit,1,43.7,nan,0,No
7461,7461,2025-10-20,2025-10-23,2025-10-22,MetroDeliver,Kolkata,Delivered,1,139.35,nan,2,No
7462,7462,2025-12-04,2025-12-08,,QuickShip India,Hyderabad,In Transit,1,106.06,nan,-1,No
7463,7463,2025-11-03,2025-11-07,,QuickShip India,Chennai,In Transit,2,76.29,nan,6,Yes
7464,7464,2025-12-04,2025-12-08,,QuickShip India,Mumbai,In Transit,3,63.74,nan,2,No
7465,7465,2026-04-02,2026-04-07,2026-04-06,BlueRoute Express,Delhi,Delivered,1,152.44,nan,0,No
7466,7466,2026-05-10,2026-05-15,2026-05-15,BlueRoute Express,Delhi,Delivered,2,120.23,nan,7,Yes
7467,7467,2025-05-18,2025-05-21,,BlueRoute Express,Hyderabad,In Transit,3,116.42,nan,1,No
7468,7468,2026-06-03,2026-06-07,2026-06-06,ParcelOne,Chennai,Delivered,1,74.95,nan,2,No
7469,7469,2026-07-14,2026-07-16,,QuickShip India,Chennai,In Transit,2,60.63,nan,7,Yes
7470,7470,2026-08-09,2026-08-12,,MetroDeliver,Kolkata,In Transit,2,79.43,nan,2,No
7471,7471,2026-01-11,2026-01-13,2026-01-13,BlueRoute Express,Chennai,Delivered,3,139.12,nan,2,No
7472,7472,2025-04-18,2025-04-20,2025-04-19,QuickShip India,Chennai,Delivered,1,82.22,nan,3,Yes
7473,7473,2025-05-08,2025-05-10,2025-05-09,SwiftKart Logistics,Kolkata,Delivered,1,83.83,nan,2,No
7474,7474,2025-05-31,2025-06-04,2025-06-03,MetroDeliver,Delhi,Delivered,3,156.35,nan,7,Yes
7475,7475,2025-06-16,2025-06-19,2025-06-19,SwiftKart Logistics,Delhi,Delivered,1,65.44,nan,6,Yes
7476,7476,2025-11-12,2025-11-17,2025-11-15,ParcelOne,Delhi,Delivered,1,146.28,nan,2,No
7477,7477,2025-12-14,2025-12-19,2025-12-17,ParcelOne,Kolkata,Delivered,3,122.93,nan,4,Yes
7478,7478,2024-12-20,2024-12-25,2024-12-24,QuickShip India,Delhi,Delivered,2,124.94,nan,3,Yes
7479,7479,2025-02-01,2025-02-04,2025-02-02,ParcelOne,Kolkata,Delivered,1,145.41,nan,5,Yes
7480,7480,2025-03-06,2025-03-10,,ParcelOne,Bengaluru,In Transit,1,134.5,nan,0,No
7481,7481,2025-03-24,2025-03-26,2025-03-25,MetroDeliver,Mumbai,Delivered,1,55.65,nan,3,Yes
7482,7482,2025-04-23,2025-04-26,2025-04-26,BlueRoute Express,Mumbai,Delivered,2,154.09,nan,-1,No
7483,7483,2026-06-14,2026-06-19,,ParcelOne,Bengaluru,In Transit,2,125.8,nan,3,Yes
7484,7484,2026-07-21,2026-07-26,2026-07-26,SwiftKart Logistics,Kolkata,Delivered,1,60.82,nan,5,Yes
7485,7485,2025-01-12,2025-01-17,2025-01-16,RapidX Logistics,Chennai,Delivered,3,46.23,nan,-1,No
7486,7486,2025-02-05,2025-02-07,2025-02-06,RapidX Logistics,Mumbai,Delivered,3,43.35,nan,-1,No
7487,7487,2025-02-26,2025-03-02,2025-03-01,RapidX Logistics,Kolkata,Delivered,2,173.26,nan,2,No
7488,7488,2026-02-22,2026-02-27,2026-02-26,BlueRoute Express,Hyderabad,Delivered,1,156.86,nan,1,No
7489,7489,2026-03-31,2026-04-02,,BlueRoute Express,Hyderabad,In Transit,2,86.67,nan,2,No
7490,7490,2026-04-21,2026-04-26,,RapidX Logistics,Delhi,In Transit,2,169.93,nan,0,No
7491,7491,2026-05-08,2026-05-11,2026-05-11,ParcelOne,Bengaluru,Delivered,2,163.91,nan,-1,No
7492,7492,2026-06-09,2026-06-13,2026-06-12,ParcelOne,Hyderabad,Delivered,2,89.38,nan,2,No
7493,7493,2026-07-11,2026-07-15,2026-07-15,SwiftKart Logistics,Bengaluru,Delivered,2,74.34,nan,4,Yes
7494,7494,2026-05-12,2026-05-16,,RapidX Logistics,Hyderabad,In Transit,1,135.6,nan,6,Yes
7495,7495,2026-05-08,2026-05-12,2026-05-11,ParcelOne,Bengaluru,Delivered,2,87.51,nan,-1,No
7496,7496,2026-06-06,2026-06-08,2026-06-06,BlueRoute Express,Mumbai,Delivered,3,40.79,nan,0,No
7497,7497,2026-07-20,2026-07-22,2026-07-21,BlueRoute Express,Kolkata,Delivered,3,90.4,nan,0,No
7498,7498,2025-08-31,2025-09-04,,RapidX Logistics,Bengaluru,In Transit,1,165.2,nan,4,Yes
7499,7499,2025-09-28,2025-10-01,2025-10-01,ParcelOne,Delhi,Delivered,3,57.92,nan,0,No
7500,7500,2025-10-27,2025-10-29,2025-10-28,SwiftKart Logistics,Bengaluru,Delivered,2,146.23,nan,3,Yes
7501,7501,2025-11-13,2025-11-16,2025-11-15,RapidX Logistics,Kolkata,Delivered,3,47.44,nan,2,No
7502,7502,2025-11-28,2025-12-03,2025-12-02,BlueRoute Express,Chennai,Delivered,3,103.79,nan,0,No
7503,7503,2026-07-24,2026-07-29,2026-07-29,ParcelOne,Chennai,Delivered,3,65.96,nan,2,No
7504,7504,2024-09-23,2024-09-26,2024-09-24,BlueRoute Express,Kolkata,Delivered,3,171.72,nan,1,No
7505,7505,2024-11-06,2024-11-11,,BlueRoute Express,Mumbai,In Transit,1,167.75,nan,4,Yes
7506,7506,2024-12-01,2024-12-04,2024-12-04,MetroDeliver,Hyderabad,Delivered,1,56.58,nan,5,Yes
7507,7507,2024-12-16,2024-12-21,2024-12-20,RapidX Logistics,Hyderabad,Delivered,1,111.15,nan,7,Yes
7508,7508,2025-01-20,2025-01-23,2025-01-23,QuickShip India,Mumbai,Delivered,1,96.61,nan,4,Yes
7509,7509,2025-03-03,2025-03-07,2025-03-06,QuickShip India,Bengaluru,Delivered,1,177.73,nan,-1,No
7510,7510,2025-04-10,2025-04-13,,QuickShip India,Delhi,In Transit,1,104.46,nan,3,Yes
7511,7511,2024-10-10,2024-10-14,2024-10-14,SwiftKart Logistics,Mumbai,Delivered,3,160.82,nan,5,Yes
7512,7512,2024-10-28,2024-10-30,2024-10-30,BlueRoute Express,Delhi,Delivered,2,100.36,nan,-1,No
7513,7513,2024-11-17,2024-11-20,2024-11-19,ParcelOne,Kolkata,Delivered,3,99.46,nan,3,Yes
7514,7514,2025-11-23,2025-11-27,2025-11-27,QuickShip India,Chennai,Delivered,3,80.43,nan,6,Yes
7515,7515,2025-12-27,2025-12-30,2025-12-29,QuickShip India,Hyderabad,Delivered,1,175.5,nan,-1,No
7516,7516,2026-02-03,2026-02-08,2026-02-07,RapidX Logistics,Delhi,Delivered,1,106.89,nan,5,Yes
7517,7517,2024-10-31,2024-11-03,2024-11-03,BlueRoute Express,Hyderabad,Delivered,3,89.12,nan,7,Yes
7518,7518,2024-12-14,2024-12-17,2024-12-16,SwiftKart Logistics,Hyderabad,Delivered,3,83.01,nan,-1,No
7519,7519,2025-01-02,2025-01-05,2025-01-04,ParcelOne,Hyderabad,Delivered,1,163.55,nan,7,Yes
7520,7520,2025-02-02,2025-02-04,2025-02-03,RapidX Logistics,Delhi,Delivered,3,114.26,nan,0,No
7521,7521,2025-02-27,2025-03-01,2025-03-01,QuickShip India,Kolkata,Delivered,3,46.12,nan,7,Yes
7522,7522,2024-12-19,2024-12-21,2024-12-20,ParcelOne,Mumbai,Delivered,2,120.61,nan,0,No
7523,7523,2025-01-07,2025-01-12,,RapidX Logistics,Kolkata,In Transit,2,62.02,nan,6,Yes
7524,7524,2025-11-20,2025-11-24,2025-11-23,QuickShip India,Delhi,Delivered,1,99.83,nan,2,No
7525,7525,2025-12-31,2026-01-02,2026-01-02,RapidX Logistics,Chennai,Delivered,3,111.89,nan,7,Yes
7526,7526,2026-02-05,2026-02-08,2026-02-07,SwiftKart Logistics,Chennai,Delivered,1,107.71,nan,4,Yes
7527,7527,2026-03-21,2026-03-23,2026-03-22,MetroDeliver,Chennai,Delivered,1,109.69,nan,1,No
7528,7528,2026-05-06,2026-05-11,2026-05-10,SwiftKart Logistics,Delhi,Delivered,1,129.28,nan,2,No
7529,7529,2026-05-26,2026-05-30,2026-05-29,MetroDeliver,Hyderabad,Delivered,2,144.61,nan,-1,No
7530,7530,2025-10-02,2025-10-06,2025-10-05,ParcelOne,Bengaluru,Delivered,2,135.08,nan,-1,No
7531,7531,2025-10-28,2025-10-31,2025-10-30,BlueRoute Express,Hyderabad,Delivered,3,121.84,nan,0,No
7532,7532,2025-11-14,2025-11-19,2025-11-18,RapidX Logistics,Hyderabad,Delivered,2,60.49,nan,6,Yes
7533,7533,2025-12-01,2025-12-03,,ParcelOne,Kolkata,In Transit,2,56.32,nan,3,Yes
7534,7534,2026-08-02,2026-08-05,2026-08-05,RapidX Logistics,Kolkata,Delivered,1,107.05,nan,2,No
7535,7535,2024-08-14,2024-08-17,2024-08-16,MetroDeliver,Delhi,Delivered,3,151.53,nan,7,Yes
7536,7536,2024-09-16,2024-09-18,2024-09-17,BlueRoute Express,Mumbai,Delivered,2,161.33,nan,0,No
7537,7537,2024-10-16,2024-10-21,2024-10-21,BlueRoute Express,Delhi,Delivered,2,173.47,nan,2,No
7538,7538,2024-11-09,2024-11-11,2024-11-09,QuickShip India,Bengaluru,Delivered,1,67.71,nan,0,No
7539,7539,2024-12-10,2024-12-15,2024-12-15,BlueRoute Express,Delhi,Delivered,2,64.65,nan,5,Yes
7540,7540,2025-01-13,2025-01-18,2025-01-17,BlueRoute Express,Delhi,Delivered,2,85.47,nan,1,No
7541,7541,2026-02-05,2026-02-07,2026-02-06,QuickShip India,Kolkata,Delivered,1,132.76,nan,6,Yes
7542,7542,2026-03-06,2026-03-09,2026-03-09,QuickShip India,Hyderabad,Delivered,3,43.12,nan,4,Yes
7543,7543,2026-03-21,2026-03-23,2026-03-21,ParcelOne,Delhi,Delivered,2,101.9,nan,6,Yes
7544,7544,2026-04-30,2026-05-04,2026-05-02,RapidX Logistics,Chennai,Delivered,2,89.22,nan,2,No
7545,7545,2026-06-02,2026-06-05,2026-06-04,RapidX Logistics,Kolkata,Delivered,1,90.09,nan,2,No
7546,7546,2026-06-27,2026-07-01,2026-07-01,ParcelOne,Hyderabad,Delivered,1,52.99,nan,5,Yes
7547,7547,2026-08-08,2026-08-13,2026-08-13,RapidX Logistics,Mumbai,Delivered,2,101.6,nan,3,Yes
7548,7548,2025-05-14,2025-05-16,2025-05-15,ParcelOne,Hyderabad,Delivered,2,119.75,nan,6,Yes
7549,7549,2025-05-29,2025-06-01,2025-05-31,SwiftKart Logistics,Chennai,Delivered,3,94.85,nan,0,No
7550,7550,2025-06-19,2025-06-24,2025-06-23,ParcelOne,Hyderabad,Delivered,2,40.27,nan,-1,No
7551,7551,2025-09-17,2025-09-21,2025-09-20,QuickShip India,Kolkata,Delivered,3,166.47,nan,-1,No
7552,7552,2025-10-15,2025-10-19,2025-10-19,QuickShip India,Kolkata,Delivered,2,134.74,nan,4,Yes
7553,7553,2026-02-11,2026-02-16,2026-02-14,QuickShip India,Chennai,Delivered,1,140.31,nan,5,Yes
7554,7554,2026-03-09,2026-03-14,2026-03-13,QuickShip India,Bengaluru,Delivered,3,146.01,nan,-1,No
7555,7555,2026-04-09,2026-04-14,2026-04-13,RapidX Logistics,Bengaluru,Delivered,2,97.66,nan,5,Yes
7556,7556,2026-05-01,2026-05-03,2026-05-02,QuickShip India,Kolkata,Delivered,1,108.59,nan,2,No
7557,7557,2026-05-21,2026-05-23,2026-05-22,QuickShip India,Chennai,Delivered,3,168.56,nan,2,No
7558,7558,2025-05-27,2025-06-01,2025-06-01,BlueRoute Express,Bengaluru,Delivered,2,129.88,nan,4,Yes
7559,7559,2025-06-23,2025-06-26,2025-06-24,ParcelOne,Bengaluru,Delivered,3,77.28,nan,4,Yes
7560,7560,2025-07-11,2025-07-15,,ParcelOne,Mumbai,In Transit,1,164.67,nan,6,Yes
7561,7561,2025-08-19,2025-08-21,2025-08-20,RapidX Logistics,Mumbai,Delivered,1,135.81,nan,7,Yes
7562,7562,2025-09-17,2025-09-19,2025-09-17,MetroDeliver,Chennai,Delivered,2,85.49,nan,1,No
7563,7563,2025-04-16,2025-04-21,2025-04-21,BlueRoute Express,Hyderabad,Delivered,1,65.83,nan,6,Yes
7564,7564,2025-05-22,2025-05-25,2025-05-24,QuickShip India,Mumbai,Delivered,1,43.03,nan,4,Yes
7565,7565,2025-07-03,2025-07-05,2025-07-04,SwiftKart Logistics,Chennai,Delivered,3,58.14,nan,3,Yes
7566,7566,2025-08-17,2025-08-19,2025-08-19,SwiftKart Logistics,Hyderabad,Delivered,1,124.05,nan,5,Yes
7567,7567,2025-09-23,2025-09-26,2025-09-25,QuickShip India,Mumbai,Delivered,3,96.32,nan,0,No
7568,7568,2025-11-26,2025-12-01,2025-12-01,SwiftKart Logistics,Chennai,Delivered,2,145.76,nan,-1,No
7569,7569,2025-12-16,2025-12-19,2025-12-18,RapidX Logistics,Mumbai,Delivered,3,126.14,nan,2,No
7570,7570,2026-01-14,2026-01-17,2026-01-16,MetroDeliver,Kolkata,Delivered,3,72.63,nan,6,Yes
7571,7571,2026-02-26,2026-02-28,2026-02-27,QuickShip India,Kolkata,Delivered,3,88.6,nan,5,Yes
7572,7572,2026-04-01,2026-04-05,2026-04-04,MetroDeliver,Kolkata,Delivered,3,90.77,nan,3,Yes
7573,7573,2026-05-11,2026-05-13,2026-05-12,MetroDeliver,Hyderabad,Delivered,2,81.7,nan,1,No
7574,7574,2025-02-07,2025-02-12,2025-02-11,RapidX Logistics,Kolkata,Delivered,2,95.2,nan,4,Yes
7575,7575,2025-03-04,2025-03-06,,BlueRoute Express,Bengaluru,In Transit,2,132.47,nan,7,Yes
7576,7576,2025-03-30,2025-04-01,2025-03-31,SwiftKart Logistics,Kolkata,Delivered,3,60.05,nan,6,Yes
7577,7577,2025-05-05,2025-05-08,2025-05-07,RapidX Logistics,Bengaluru,Delivered,3,51.69,nan,6,Yes
7578,7578,2026-04-15,2026-04-20,2026-04-20,BlueRoute Express,Kolkata,Delivered,2,52.16,nan,7,Yes
7579,7579,2026-05-28,2026-05-30,2026-05-30,MetroDeliver,Kolkata,Delivered,3,105.35,nan,6,Yes
7580,7580,2026-06-13,2026-06-15,2026-06-14,MetroDeliver,Chennai,Delivered,1,179.81,nan,-1,No
7581,7581,2026-07-22,2026-07-24,2026-07-24,ParcelOne,Kolkata,Delivered,3,51.66,nan,3,Yes
7582,7582,2026-03-13,2026-03-18,2026-03-18,RapidX Logistics,Delhi,Delivered,3,69.04,nan,0,No
7583,7583,2026-04-27,2026-04-30,2026-04-29,ParcelOne,Hyderabad,Delivered,3,47.92,nan,0,No
7584,7584,2026-05-24,2026-05-26,2026-05-24,MetroDeliver,Mumbai,Delivered,1,56.91,nan,2,No
7585,7585,2026-06-26,2026-06-28,2026-06-26,BlueRoute Express,Delhi,Delivered,3,147.85,nan,-1,No
7586,7586,2026-07-29,2026-08-03,,SwiftKart Logistics,Hyderabad,In Transit,2,57.78,nan,7,Yes
7587,7587,2025-11-28,2025-12-01,,ParcelOne,Bengaluru,In Transit,3,169.93,nan,0,No
7588,7588,2025-01-10,2025-01-14,,SwiftKart Logistics,Delhi,In Transit,2,110.87,nan,4,Yes
7589,7589,2025-02-15,2025-02-19,2025-02-18,QuickShip India,Chennai,Delivered,1,145.35,nan,-1,No
7590,7590,2025-03-30,2025-04-01,2025-04-01,SwiftKart Logistics,Kolkata,Delivered,3,167.35,nan,3,Yes
7591,7591,2025-04-19,2025-04-24,2025-04-23,QuickShip India,Mumbai,Delivered,3,172.54,nan,-1,No
7592,7592,2025-05-11,2025-05-14,2025-05-14,RapidX Logistics,Bengaluru,Delivered,1,69.91,nan,3,Yes
7593,7593,2025-06-25,2025-06-29,2025-06-29,RapidX Logistics,Kolkata,Delivered,3,166.18,nan,7,Yes
7594,7594,2024-09-04,2024-09-08,2024-09-07,QuickShip India,Hyderabad,Delivered,2,69.6,nan,-1,No
7595,7595,2024-10-11,2024-10-14,2024-10-14,QuickShip India,Delhi,Delivered,3,42.91,nan,5,Yes
7596,7596,2024-10-27,2024-10-30,2024-10-29,SwiftKart Logistics,Kolkata,Delivered,2,44.64,nan,-1,No
7597,7597,2024-11-13,2024-11-16,2024-11-15,BlueRoute Express,Chennai,Delivered,2,128.02,nan,1,No
7598,7598,2024-12-28,2024-12-30,2024-12-30,MetroDeliver,Chennai,Delivered,2,179.3,nan,4,Yes
7599,7599,2025-02-10,2025-02-12,2025-02-11,SwiftKart Logistics,Chennai,Delivered,2,154.49,nan,6,Yes
7600,7600,2026-01-19,2026-01-24,2026-01-23,RapidX Logistics,Chennai,Delivered,1,116.1,nan,5,Yes
7601,7601,2026-02-20,2026-02-24,2026-02-23,BlueRoute Express,Hyderabad,Delivered,1,156.8,nan,-1,No
7602,7602,2026-03-16,2026-03-19,2026-03-19,RapidX Logistics,Mumbai,Delivered,2,60.37,nan,7,Yes
7603,7603,2026-04-13,2026-04-17,2026-04-16,MetroDeliver,Chennai,Delivered,2,64.45,nan,4,Yes
7604,7604,2025-06-16,2025-06-19,2025-06-19,ParcelOne,Delhi,Delivered,1,133.83,nan,5,Yes
7605,7605,2025-07-20,2025-07-25,2025-07-25,BlueRoute Express,Chennai,Delivered,2,165.48,nan,7,Yes
7606,7606,2025-08-28,2025-09-01,,ParcelOne,Mumbai,In Transit,2,41.5,nan,5,Yes
7607,7607,2025-09-22,2025-09-26,2025-09-25,SwiftKart Logistics,Hyderabad,Delivered,1,131.66,nan,0,No
7608,7608,2026-03-08,2026-03-12,2026-03-12,QuickShip India,Bengaluru,Delivered,3,79.71,nan,2,No
7609,7609,2026-03-30,2026-04-04,2026-04-03,RapidX Logistics,Hyderabad,Delivered,2,142.14,nan,0,No
7610,7610,2026-05-03,2026-05-06,2026-05-04,MetroDeliver,Delhi,Delivered,1,157.97,nan,1,No
7611,7611,2026-05-29,2026-06-01,2026-06-01,MetroDeliver,Bengaluru,Delivered,1,152.18,nan,1,No
7612,7612,2026-06-18,2026-06-20,2026-06-19,SwiftKart Logistics,Mumbai,Delivered,2,146.04,nan,6,Yes
7613,7613,2025-07-17,2025-07-21,2025-07-21,QuickShip India,Kolkata,Delivered,3,51.37,nan,4,Yes
7614,7614,2025-08-08,2025-08-11,2025-08-10,MetroDeliver,Hyderabad,Delivered,1,101.47,nan,7,Yes
7615,7615,2025-01-07,2025-01-12,2025-01-11,RapidX Logistics,Kolkata,Delivered,2,91.29,nan,5,Yes
7616,7616,2025-02-03,2025-02-06,2025-02-05,ParcelOne,Delhi,Delivered,2,77.8,nan,4,Yes
7617,7617,2026-01-30,2026-02-01,2026-01-31,BlueRoute Express,Hyderabad,Delivered,1,171.51,nan,5,Yes
7618,7618,2026-03-03,2026-03-05,2026-03-05,QuickShip India,Kolkata,Delivered,3,62.98,nan,4,Yes
7619,7619,2026-04-08,2026-04-13,2026-04-12,QuickShip India,Hyderabad,Delivered,1,104.26,nan,2,No
7620,7620,2026-04-27,2026-05-02,2026-05-02,ParcelOne,Hyderabad,Delivered,1,165.3,nan,3,Yes
7621,7621,2026-06-08,2026-06-10,2026-06-10,RapidX Logistics,Kolkata,Delivered,3,152.77,nan,0,No
7622,7622,2025-04-26,2025-05-01,2025-05-01,BlueRoute Express,Bengaluru,Delivered,1,58.32,nan,1,No
7623,7623,2025-05-27,2025-06-01,2025-05-31,SwiftKart Logistics,Bengaluru,Delivered,1,76.16,nan,1,No
7624,7624,2026-07-28,2026-08-01,2026-08-01,SwiftKart Logistics,Delhi,Delivered,1,113.99,nan,1,No
7625,7625,2026-07-14,2026-07-18,2026-07-18,QuickShip India,Mumbai,Delivered,3,102.54,nan,3,Yes
7626,7626,2026-05-17,2026-05-22,2026-05-21,MetroDeliver,Mumbai,Delivered,1,149.9,nan,3,Yes
7627,7627,2026-06-04,2026-06-08,2026-06-07,SwiftKart Logistics,Chennai,Delivered,1,161.8,nan,3,Yes
7628,7628,2026-07-07,2026-07-12,2026-07-11,ParcelOne,Hyderabad,Delivered,2,106.88,nan,4,Yes
7629,7629,2026-08-01,2026-08-04,2026-08-04,ParcelOne,Delhi,Delivered,1,100.58,nan,5,Yes
7630,7630,2025-12-15,2025-12-20,2025-12-19,BlueRoute Express,Hyderabad,Delivered,1,174.22,nan,4,Yes
7631,7631,2026-01-01,2026-01-06,2026-01-05,QuickShip India,Mumbai,Delivered,3,132.66,nan,7,Yes
7632,7632,2026-01-24,2026-01-26,2026-01-26,MetroDeliver,Delhi,Delivered,2,148.16,nan,5,Yes
7633,7633,2024-12-07,2024-12-09,2024-12-08,QuickShip India,Chennai,Delivered,1,130.15,nan,0,No
7634,7634,2025-01-16,2025-01-20,2025-01-19,SwiftKart Logistics,Hyderabad,Delivered,3,148.44,nan,1,No
7635,7635,2025-03-02,2025-03-04,2025-03-03,BlueRoute Express,Chennai,Delivered,3,105.36,nan,0,No
7636,7636,2026-07-04,2026-07-08,2026-07-07,BlueRoute Express,Mumbai,Delivered,1,118.95,nan,7,Yes
7637,7637,2026-07-23,2026-07-28,2026-07-27,QuickShip India,Bengaluru,Delivered,2,82.99,nan,4,Yes
7638,7638,2024-08-19,2024-08-23,2024-08-23,MetroDeliver,Kolkata,Delivered,2,105.12,nan,1,No
7639,7639,2024-09-04,2024-09-07,2024-09-06,RapidX Logistics,Chennai,Delivered,1,86.29,nan,0,No
7640,7640,2024-09-26,2024-09-28,2024-09-28,SwiftKart Logistics,Hyderabad,Delivered,3,67.04,nan,5,Yes
7641,7641,2025-10-07,2025-10-10,,ParcelOne,Bengaluru,In Transit,2,105.97,nan,-1,No
7642,7642,2026-06-07,2026-06-12,2026-06-12,BlueRoute Express,Delhi,Delivered,3,108.09,nan,5,Yes
7643,7643,2026-07-16,2026-07-21,2026-07-20,BlueRoute Express,Chennai,Delivered,3,95.24,nan,7,Yes
7644,7644,2026-08-13,2026-08-16,2026-08-16,ParcelOne,Delhi,Delivered,2,140.63,nan,5,Yes
7645,7645,2024-12-28,2024-12-30,2024-12-29,RapidX Logistics,Kolkata,Delivered,1,130.63,nan,0,No
7646,7646,2025-12-12,2025-12-17,2025-12-16,QuickShip India,Chennai,Delivered,1,173.47,nan,0,No
7647,7647,2026-01-03,2026-01-05,2026-01-04,RapidX Logistics,Bengaluru,Delivered,2,133.44,nan,5,Yes
7648,7648,2026-01-28,2026-01-30,2026-01-30,RapidX Logistics,Hyderabad,Delivered,1,97.95,nan,-1,No
7649,7649,2024-09-04,2024-09-06,2024-09-05,RapidX Logistics,Kolkata,Delivered,2,76.96,nan,4,Yes
7650,7650,2024-09-30,2024-10-05,2024-10-04,QuickShip India,Kolkata,Delivered,3,124.41,nan,0,No
7651,7651,2024-09-17,2024-09-20,2024-09-19,BlueRoute Express,Hyderabad,Delivered,1,153.67,nan,7,Yes
7652,7652,2024-10-27,2024-11-01,2024-10-31,RapidX Logistics,Hyderabad,Delivered,2,173.04,nan,4,Yes
7653,7653,2024-11-30,2024-12-02,2024-12-01,RapidX Logistics,Bengaluru,Delivered,3,104.01,nan,7,Yes
7654,7654,2024-12-27,2024-12-31,2024-12-30,ParcelOne,Chennai,Delivered,1,63.49,nan,0,No
7655,7655,2025-01-18,2025-01-22,2025-01-21,RapidX Logistics,Bengaluru,Delivered,1,59.76,nan,-1,No
7656,7656,2025-02-04,2025-02-08,2025-02-07,QuickShip India,Mumbai,Delivered,3,70.76,nan,5,Yes
7657,7657,2025-02-23,2025-02-28,2025-02-27,RapidX Logistics,Bengaluru,Delivered,3,94.58,nan,7,Yes
7658,7658,2026-03-01,2026-03-05,2026-03-03,BlueRoute Express,Mumbai,Delivered,1,64.63,nan,0,No
7659,7659,2026-04-10,2026-04-15,2026-04-15,SwiftKart Logistics,Hyderabad,Delivered,3,169.58,nan,3,Yes
7660,7660,2026-05-17,2026-05-19,2026-05-19,RapidX Logistics,Chennai,Delivered,1,172.0,nan,0,No
7661,7661,2026-06-29,2026-07-04,2026-07-04,RapidX Logistics,Bengaluru,Delivered,2,67.66,nan,3,Yes
7662,7662,2026-07-21,2026-07-25,2026-07-24,MetroDeliver,Bengaluru,Delivered,1,135.83,nan,4,Yes
7663,7663,2026-03-02,2026-03-06,2026-03-04,ParcelOne,Hyderabad,Delivered,2,59.07,nan,-1,No
7664,7664,2026-04-16,2026-04-19,2026-04-18,QuickShip India,Kolkata,Delivered,2,59.78,nan,-1,No
7665,7665,2026-06-28,2026-07-01,2026-06-30,ParcelOne,Mumbai,Delivered,1,146.51,nan,3,Yes
7666,7666,2026-07-13,2026-07-15,,BlueRoute Express,Bengaluru,In Transit,3,42.7,nan,4,Yes
7667,7667,2026-08-08,2026-08-11,2026-08-10,SwiftKart Logistics,Delhi,Delivered,3,58.56,nan,4,Yes
7668,7668,2024-08-28,2024-08-31,,QuickShip India,Chennai,In Transit,2,120.37,nan,3,Yes
7669,7669,2024-09-16,2024-09-18,2024-09-18,RapidX Logistics,Kolkata,Delivered,1,84.2,nan,0,No
7670,7670,2024-10-30,2024-11-01,2024-10-30,SwiftKart Logistics,Kolkata,Delivered,3,75.01,nan,6,Yes
7671,7671,2024-11-26,2024-12-01,2024-12-01,MetroDeliver,Delhi,Delivered,2,135.98,nan,4,Yes
7672,7672,2025-01-08,2025-01-12,2025-01-12,ParcelOne,Mumbai,Delivered,3,129.9,nan,4,Yes
7673,7673,2025-02-04,2025-02-08,2025-02-07,RapidX Logistics,Bengaluru,Delivered,3,139.51,nan,0,No
7674,7674,2025-03-18,2025-03-21,2025-03-20,SwiftKart Logistics,Bengaluru,Delivered,2,57.08,nan,4,Yes
7675,7675,2025-01-10,2025-01-15,2025-01-15,SwiftKart Logistics,Kolkata,Delivered,1,132.1,nan,4,Yes
7676,7676,2025-01-26,2025-01-31,,SwiftKart Logistics,Delhi,In Transit,1,82.07,nan,7,Yes
7677,7677,2025-02-09,2025-02-12,2025-02-11,RapidX Logistics,Hyderabad,Delivered,3,51.55,nan,-1,No
7678,7678,2025-03-19,2025-03-23,2025-03-22,QuickShip India,Mumbai,Delivered,1,127.5,nan,5,Yes
7679,7679,2025-05-03,2025-05-06,2025-05-05,BlueRoute Express,Delhi,Delivered,3,80.73,nan,4,Yes
7680,7680,2025-02-15,2025-02-17,2025-02-16,BlueRoute Express,Mumbai,Delivered,3,70.3,nan,7,Yes
7681,7681,2025-03-11,2025-03-15,2025-03-14,ParcelOne,Hyderabad,Delivered,2,63.55,nan,1,No
7682,7682,2025-04-11,2025-04-16,,MetroDeliver,Mumbai,In Transit,1,95.92,nan,5,Yes
7683,7683,2025-05-18,2025-05-21,2025-05-21,ParcelOne,Kolkata,Delivered,2,141.42,nan,1,No
7684,7684,2025-07-02,2025-07-06,2025-07-05,SwiftKart Logistics,Mumbai,Delivered,2,105.78,nan,1,No
7685,7685,2024-12-27,2024-12-31,2024-12-30,QuickShip India,Hyderabad,Delivered,1,162.55,nan,0,No
7686,7686,2025-02-01,2025-02-05,2025-02-03,MetroDeliver,Hyderabad,Delivered,2,92.12,nan,3,Yes
7687,7687,2025-03-06,2025-03-10,2025-03-10,MetroDeliver,Kolkata,Delivered,3,104.79,nan,3,Yes
7688,7688,2025-04-20,2025-04-25,2025-04-24,ParcelOne,Bengaluru,Delivered,3,140.49,nan,-1,No
7689,7689,2025-05-14,2025-05-18,2025-05-16,SwiftKart Logistics,Hyderabad,Delivered,3,171.35,nan,4,Yes
7690,7690,2026-03-12,2026-03-14,2026-03-14,RapidX Logistics,Bengaluru,Delivered,1,125.05,nan,3,Yes
7691,7691,2026-03-27,2026-03-31,2026-03-31,QuickShip India,Bengaluru,Delivered,3,141.74,nan,6,Yes
7692,7692,2026-04-18,2026-04-21,2026-04-20,QuickShip India,Chennai,Delivered,2,104.73,nan,3,Yes
7693,7693,2026-05-04,2026-05-09,2026-05-08,QuickShip India,Bengaluru,Delivered,3,78.39,nan,-1,No
7694,7694,2025-11-15,2025-11-18,2025-11-17,QuickShip India,Bengaluru,Delivered,1,58.78,nan,7,Yes
7695,7695,2025-12-12,2025-12-16,2025-12-15,MetroDeliver,Chennai,Delivered,2,126.5,nan,-1,No
7696,7696,2026-01-21,2026-01-26,,QuickShip India,Chennai,In Transit,3,111.44,nan,6,Yes
7697,7697,2025-07-14,2025-07-19,2025-07-18,MetroDeliver,Delhi,Delivered,3,49.33,nan,6,Yes
7698,7698,2026-04-17,2026-04-19,,ParcelOne,Chennai,In Transit,2,90.96,nan,2,No
7699,7699,2026-05-22,2026-05-24,2026-05-23,RapidX Logistics,Delhi,Delivered,3,108.52,nan,4,Yes
7700,7700,2026-07-04,2026-07-06,2026-07-06,QuickShip India,Bengaluru,Delivered,2,171.01,nan,0,No
7701,7701,2026-08-09,2026-08-11,2026-08-11,BlueRoute Express,Delhi,Delivered,3,70.07,nan,7,Yes
7702,7702,2026-04-02,2026-04-04,2026-04-04,MetroDeliver,Chennai,Delivered,1,170.14,nan,3,Yes
7703,7703,2026-05-17,2026-05-21,,SwiftKart Logistics,Kolkata,In Transit,3,56.07,nan,7,Yes
7704,7704,2026-06-06,2026-06-09,2026-06-07,RapidX Logistics,Chennai,Delivered,1,127.83,nan,4,Yes
7705,7705,2026-07-01,2026-07-04,,ParcelOne,Bengaluru,In Transit,2,131.01,nan,0,No
7706,7706,2026-08-09,2026-08-11,2026-08-10,QuickShip India,Chennai,Delivered,2,132.79,nan,0,No
7707,7707,2024-12-12,2024-12-15,2024-12-15,MetroDeliver,Bengaluru,Delivered,2,50.32,nan,1,No
7708,7708,2025-01-21,2025-01-25,2025-01-24,ParcelOne,Hyderabad,Delivered,2,174.38,nan,-1,No
7709,7709,2025-02-07,2025-02-09,2025-02-07,SwiftKart Logistics,Bengaluru,Delivered,1,42.76,nan,5,Yes
7710,7710,2025-07-23,2025-07-28,2025-07-27,ParcelOne,Mumbai,Delivered,1,104.49,nan,5,Yes
7711,7711,2025-09-06,2025-09-10,2025-09-09,MetroDeliver,Delhi,Delivered,2,87.55,nan,-1,No
7712,7712,2025-10-02,2025-10-06,2025-10-05,RapidX Logistics,Mumbai,Delivered,3,64.91,nan,3,Yes
7713,7713,2025-10-03,2025-10-08,2025-10-08,SwiftKart Logistics,Bengaluru,Delivered,2,135.39,nan,4,Yes
7714,7714,2025-11-17,2025-11-19,2025-11-18,QuickShip India,Hyderabad,Delivered,1,53.93,nan,2,No
7715,7715,2025-12-09,2025-12-12,2025-12-11,ParcelOne,Hyderabad,Delivered,1,110.55,nan,1,No
7716,7716,2026-01-20,2026-01-25,,ParcelOne,Chennai,In Transit,2,154.48,nan,1,No
7717,7717,2026-02-26,2026-03-02,2026-03-01,BlueRoute Express,Chennai,Delivered,2,99.16,nan,2,No
7718,7718,2024-08-06,2024-08-10,2024-08-10,SwiftKart Logistics,Kolkata,Delivered,1,124.92,nan,5,Yes
7719,7719,2025-09-12,2025-09-14,,QuickShip India,Delhi,In Transit,3,131.84,nan,6,Yes
7720,7720,2025-10-25,2025-10-29,2025-10-27,MetroDeliver,Hyderabad,Delivered,1,84.31,nan,3,Yes
7721,7721,2025-11-29,2025-12-04,2025-12-04,ParcelOne,Mumbai,Delivered,3,138.88,nan,4,Yes
7722,7722,2025-12-31,2026-01-03,2026-01-03,BlueRoute Express,Hyderabad,Delivered,1,115.11,nan,6,Yes
7723,7723,2026-02-01,2026-02-05,2026-02-04,SwiftKart Logistics,Bengaluru,Delivered,3,106.22,nan,1,No
7724,7724,2026-03-19,2026-03-21,2026-03-20,MetroDeliver,Kolkata,Delivered,2,68.18,nan,0,No
7725,7725,2026-04-29,2026-05-03,2026-05-01,RapidX Logistics,Chennai,Delivered,2,117.21,nan,-1,No
7726,7726,2026-06-12,2026-06-17,2026-06-16,BlueRoute Express,Kolkata,Delivered,3,75.54,nan,4,Yes
7727,7727,2026-07-04,2026-07-09,2026-07-09,QuickShip India,Chennai,Delivered,3,171.9,nan,0,No
7728,7728,2026-08-06,2026-08-09,2026-08-07,BlueRoute Express,Mumbai,Delivered,3,137.47,nan,5,Yes
7729,7729,2026-01-07,2026-01-11,2026-01-11,MetroDeliver,Chennai,Delivered,2,61.33,nan,5,Yes
7730,7730,2026-02-08,2026-02-13,2026-02-11,QuickShip India,Delhi,Delivered,1,144.9,nan,6,Yes
7731,7731,2026-03-19,2026-03-24,,BlueRoute Express,Kolkata,In Transit,2,82.68,nan,2,No
7732,7732,2025-12-03,2025-12-08,2025-12-07,MetroDeliver,Kolkata,Delivered,3,86.57,nan,7,Yes
7733,7733,2026-01-17,2026-01-22,2026-01-21,BlueRoute Express,Delhi,Delivered,3,139.78,nan,3,Yes
7734,7734,2024-10-02,2024-10-04,2024-10-03,MetroDeliver,Delhi,Delivered,3,169.5,nan,1,No
7735,7735,2024-11-07,2024-11-12,2024-11-11,SwiftKart Logistics,Kolkata,Delivered,1,165.15,nan,5,Yes
7736,7736,2024-12-20,2024-12-22,2024-12-21,ParcelOne,Kolkata,Delivered,3,140.59,nan,6,Yes
7737,7737,2025-01-18,2025-01-22,,RapidX Logistics,Bengaluru,In Transit,1,107.69,nan,-1,No
7738,7738,2026-01-21,2026-01-25,2026-01-24,MetroDeliver,Chennai,Delivered,3,156.14,nan,1,No
7739,7739,2026-02-12,2026-02-16,,ParcelOne,Kolkata,In Transit,1,73.02,nan,5,Yes
7740,7740,2026-03-16,2026-03-19,2026-03-18,RapidX Logistics,Chennai,Delivered,2,127.01,nan,5,Yes
7741,7741,2026-03-31,2026-04-05,2026-04-04,BlueRoute Express,Mumbai,Delivered,2,82.97,nan,6,Yes
7742,7742,2026-04-22,2026-04-26,2026-04-25,RapidX Logistics,Chennai,Delivered,3,44.3,nan,3,Yes
7743,7743,2026-05-07,2026-05-11,2026-05-10,MetroDeliver,Delhi,Delivered,3,70.16,nan,3,Yes
7744,7744,2025-12-26,2025-12-29,2025-12-28,QuickShip India,Kolkata,Delivered,3,161.51,nan,6,Yes
7745,7745,2026-01-17,2026-01-19,2026-01-18,QuickShip India,Hyderabad,Delivered,1,63.67,nan,0,No
7746,7746,2026-02-07,2026-02-12,2026-02-12,QuickShip India,Hyderabad,Delivered,2,72.08,nan,3,Yes
7747,7747,2026-03-10,2026-03-13,2026-03-13,ParcelOne,Chennai,Delivered,3,133.07,nan,6,Yes
7748,7748,2024-10-06,2024-10-08,,SwiftKart Logistics,Bengaluru,In Transit,2,94.21,nan,-1,No
7749,7749,2026-05-06,2026-05-08,2026-05-07,SwiftKart Logistics,Bengaluru,Delivered,3,55.43,nan,6,Yes
7750,7750,2026-05-27,2026-06-01,2026-05-31,QuickShip India,Mumbai,Delivered,3,77.48,nan,0,No
7751,7751,2025-11-06,2025-11-09,2025-11-08,QuickShip India,Chennai,Delivered,1,71.7,nan,4,Yes
7752,7752,2025-12-12,2025-12-17,,QuickShip India,Delhi,In Transit,3,131.72,nan,-1,No
7753,7753,2026-01-17,2026-01-19,2026-01-18,ParcelOne,Delhi,Delivered,2,71.1,nan,4,Yes
7754,7754,2026-03-02,2026-03-06,,SwiftKart Logistics,Hyderabad,In Transit,3,47.83,nan,5,Yes
7755,7755,2026-03-18,2026-03-22,2026-03-21,ParcelOne,Bengaluru,Delivered,2,127.96,nan,5,Yes
7756,7756,2026-04-07,2026-04-11,2026-04-10,MetroDeliver,Bengaluru,Delivered,1,142.01,nan,0,No
7757,7757,2025-10-10,2025-10-15,2025-10-14,MetroDeliver,Hyderabad,Delivered,1,74.66,nan,4,Yes
7758,7758,2025-08-29,2025-09-03,2025-09-02,MetroDeliver,Mumbai,Delivered,1,170.9,nan,3,Yes
7759,7759,2026-02-28,2026-03-03,2026-03-03,MetroDeliver,Chennai,Delivered,1,153.04,nan,6,Yes
7760,7760,2026-03-19,2026-03-22,,MetroDeliver,Mumbai,In Transit,3,128.15,nan,5,Yes
7761,7761,2026-04-21,2026-04-23,2026-04-23,QuickShip India,Kolkata,Delivered,2,101.49,nan,-1,No
7762,7762,2026-05-31,2026-06-03,2026-06-02,BlueRoute Express,Chennai,Delivered,2,147.68,nan,3,Yes
7763,7763,2025-02-17,2025-02-20,2025-02-19,BlueRoute Express,Hyderabad,Delivered,3,82.0,nan,0,No
7764,7764,2025-03-14,2025-03-16,2025-03-16,MetroDeliver,Hyderabad,Delivered,2,96.44,nan,0,No
7765,7765,2025-04-28,2025-04-30,2025-04-30,BlueRoute Express,Kolkata,Delivered,1,56.33,nan,2,No
7766,7766,2025-05-21,2025-05-25,2025-05-24,SwiftKart Logistics,Delhi,Delivered,1,103.29,nan,4,Yes
7767,7767,2026-01-05,2026-01-09,2026-01-08,RapidX Logistics,Hyderabad,Delivered,2,130.9,nan,1,No
7768,7768,2026-01-31,2026-02-04,2026-02-03,QuickShip India,Delhi,Delivered,3,102.53,nan,-1,No
7769,7769,2026-03-10,2026-03-15,2026-03-14,SwiftKart Logistics,Mumbai,Delivered,1,54.75,nan,4,Yes
7770,7770,2026-03-27,2026-03-31,2026-03-30,BlueRoute Express,Kolkata,Delivered,3,137.24,nan,7,Yes
7771,7771,2026-04-16,2026-04-18,2026-04-18,MetroDeliver,Kolkata,Delivered,1,104.97,nan,6,Yes
7772,7772,2026-05-25,2026-05-29,2026-05-29,QuickShip India,Delhi,Delivered,1,102.05,nan,-1,No
7773,7773,2026-07-05,2026-07-09,2026-07-08,BlueRoute Express,Mumbai,Delivered,2,160.7,nan,7,Yes
7774,7774,2026-07-06,2026-07-09,2026-07-07,BlueRoute Express,Kolkata,Delivered,2,155.13,nan,0,No
7775,7775,2026-03-12,2026-03-17,2026-03-16,QuickShip India,Kolkata,Delivered,1,160.99,nan,2,No
7776,7776,2024-08-07,2024-08-10,2024-08-08,QuickShip India,Chennai,Delivered,2,174.84,nan,4,Yes
7777,7777,2024-09-07,2024-09-09,2024-09-08,SwiftKart Logistics,Hyderabad,Delivered,2,94.8,nan,0,No
7778,7778,2024-10-04,2024-10-07,2024-10-07,MetroDeliver,Kolkata,Delivered,1,149.3,nan,1,No
7779,7779,2024-10-29,2024-11-01,,MetroDeliver,Chennai,In Transit,1,58.96,nan,4,Yes
7780,7780,2024-12-02,2024-12-06,2024-12-06,ParcelOne,Mumbai,Delivered,2,138.77,nan,4,Yes
7781,7781,2025-01-11,2025-01-16,2025-01-15,BlueRoute Express,Hyderabad,Delivered,1,111.85,nan,4,Yes
7782,7782,2025-12-14,2025-12-19,2025-12-19,ParcelOne,Hyderabad,Delivered,2,71.13,nan,6,Yes
7783,7783,2026-01-25,2026-01-30,2026-01-30,SwiftKart Logistics,Delhi,Delivered,3,88.62,nan,3,Yes
7784,7784,2026-02-28,2026-03-05,2026-03-03,QuickShip India,Delhi,Delivered,3,41.33,nan,7,Yes
7785,7785,2026-03-29,2026-04-02,2026-04-02,ParcelOne,Mumbai,Delivered,1,72.61,nan,6,Yes
7786,7786,2026-01-13,2026-01-15,2026-01-15,SwiftKart Logistics,Mumbai,Delivered,2,79.89,nan,-1,No
7787,7787,2026-02-04,2026-02-06,2026-02-04,SwiftKart Logistics,Mumbai,Delivered,1,48.81,nan,0,No
7788,7788,2026-02-28,2026-03-02,2026-03-01,SwiftKart Logistics,Mumbai,Delivered,3,82.0,nan,7,Yes
7789,7789,2026-01-29,2026-02-03,2026-02-02,RapidX Logistics,Mumbai,Delivered,2,169.69,nan,5,Yes
7790,7790,2026-01-29,2026-02-01,2026-01-31,RapidX Logistics,Mumbai,Delivered,3,148.28,nan,5,Yes
7791,7791,2026-03-11,2026-03-15,2026-03-14,RapidX Logistics,Chennai,Delivered,2,142.02,nan,5,Yes
7792,7792,2026-04-24,2026-04-28,2026-04-26,QuickShip India,Bengaluru,Delivered,3,41.03,nan,4,Yes
7793,7793,2026-05-12,2026-05-17,2026-05-16,MetroDeliver,Mumbai,Delivered,1,168.57,nan,4,Yes
7794,7794,2026-06-24,2026-06-27,2026-06-26,MetroDeliver,Hyderabad,Delivered,2,141.75,nan,5,Yes
7795,7795,2026-07-08,2026-07-12,2026-07-12,MetroDeliver,Delhi,Delivered,1,163.65,nan,3,Yes
7796,7796,2026-08-04,2026-08-06,2026-08-05,BlueRoute Express,Chennai,Delivered,3,144.24,nan,5,Yes
7797,7797,2025-03-16,2025-03-20,2025-03-20,ParcelOne,Mumbai,Delivered,3,156.23,nan,5,Yes
7798,7798,2025-04-27,2025-05-02,2025-05-01,RapidX Logistics,Mumbai,Delivered,1,44.35,nan,-1,No
7799,7799,2025-06-05,2025-06-10,2025-06-08,QuickShip India,Delhi,Delivered,3,100.19,nan,-1,No
7800,7800,2025-06-23,2025-06-27,2025-06-26,QuickShip India,Chennai,Delivered,1,55.68,nan,1,No
7801,7801,2025-08-03,2025-08-06,2025-08-06,ParcelOne,Bengaluru,Delivered,2,137.53,nan,3,Yes
7802,7802,2024-08-28,2024-09-01,2024-08-31,QuickShip India,Bengaluru,Delivered,1,57.96,nan,1,No
7803,7803,2024-10-04,2024-10-08,2024-10-07,ParcelOne,Delhi,Delivered,3,70.49,nan,1,No
7804,7804,2024-11-17,2024-11-20,2024-11-18,RapidX Logistics,Bengaluru,Delivered,1,161.61,nan,1,No
7805,7805,2024-12-30,2025-01-01,2025-01-01,MetroDeliver,Mumbai,Delivered,2,74.34,nan,7,Yes
7806,7806,2025-01-16,2025-01-21,2025-01-21,ParcelOne,Chennai,Delivered,1,134.74,nan,7,Yes
7807,7807,2025-02-23,2025-02-25,2025-02-24,BlueRoute Express,Hyderabad,Delivered,1,157.21,nan,3,Yes
7808,7808,2025-08-13,2025-08-15,2025-08-14,SwiftKart Logistics,Kolkata,Delivered,1,40.11,nan,5,Yes
7809,7809,2025-09-14,2025-09-16,2025-09-15,MetroDeliver,Mumbai,Delivered,2,83.88,nan,3,Yes
7810,7810,2025-09-29,2025-10-03,,SwiftKart Logistics,Mumbai,In Transit,1,96.73,nan,4,Yes
7811,7811,2025-10-26,2025-10-29,,MetroDeliver,Bengaluru,In Transit,1,146.91,nan,1,No
7812,7812,2026-06-17,2026-06-22,2026-06-21,RapidX Logistics,Delhi,Delivered,2,49.69,nan,7,Yes
7813,7813,2026-07-19,2026-07-23,,QuickShip India,Mumbai,In Transit,1,117.45,nan,7,Yes
7814,7814,2026-02-12,2026-02-15,2026-02-14,RapidX Logistics,Hyderabad,Delivered,1,114.6,nan,-1,No
7815,7815,2026-03-27,2026-03-30,2026-03-29,ParcelOne,Hyderabad,Delivered,3,145.57,nan,0,No
7816,7816,2026-05-06,2026-05-09,2026-05-08,BlueRoute Express,Delhi,Delivered,2,166.6,nan,1,No
7817,7817,2026-05-28,2026-06-02,2026-05-31,RapidX Logistics,Mumbai,Delivered,2,178.18,nan,4,Yes
7818,7818,2026-06-29,2026-07-02,2026-07-02,SwiftKart Logistics,Chennai,Delivered,1,147.32,nan,4,Yes
7819,7819,2026-08-07,2026-08-09,2026-08-09,BlueRoute Express,Hyderabad,Delivered,3,54.13,nan,0,No
7820,7820,2025-04-23,2025-04-25,2025-04-24,QuickShip India,Hyderabad,Delivered,2,66.39,nan,6,Yes
7821,7821,2025-03-25,2025-03-28,2025-03-27,BlueRoute Express,Mumbai,Delivered,2,133.85,nan,7,Yes
7822,7822,2025-04-15,2025-04-18,2025-04-17,SwiftKart Logistics,Delhi,Delivered,3,126.92,nan,4,Yes
7823,7823,2025-05-02,2025-05-07,2025-05-07,MetroDeliver,Delhi,Delivered,1,116.03,nan,0,No
7824,7824,2025-06-09,2025-06-13,2025-06-12,BlueRoute Express,Mumbai,Delivered,2,146.95,nan,3,Yes
7825,7825,2025-03-24,2025-03-26,2025-03-25,RapidX Logistics,Kolkata,Delivered,1,51.98,nan,3,Yes
7826,7826,2025-09-13,2025-09-16,2025-09-15,BlueRoute Express,Hyderabad,Delivered,3,161.83,nan,4,Yes
7827,7827,2025-10-21,2025-10-23,2025-10-22,SwiftKart Logistics,Mumbai,Delivered,1,127.03,nan,1,No
7828,7828,2025-11-21,2025-11-25,2025-11-24,ParcelOne,Chennai,Delivered,1,74.48,nan,-1,No
7829,7829,2025-12-19,2025-12-24,2025-12-23,SwiftKart Logistics,Mumbai,Delivered,3,135.83,nan,5,Yes
7830,7830,2026-01-08,2026-01-12,,MetroDeliver,Mumbai,In Transit,3,58.47,nan,3,Yes
7831,7831,2025-12-19,2025-12-22,2025-12-22,SwiftKart Logistics,Chennai,Delivered,2,155.53,nan,2,No
7832,7832,2026-01-16,2026-01-21,,ParcelOne,Chennai,In Transit,1,110.98,nan,5,Yes
7833,7833,2026-02-16,2026-02-18,2026-02-17,MetroDeliver,Hyderabad,Delivered,2,62.95,nan,6,Yes
7834,7834,2024-12-09,2024-12-11,2024-12-11,RapidX Logistics,Bengaluru,Delivered,2,162.87,nan,5,Yes
7835,7835,2025-01-17,2025-01-19,2025-01-18,RapidX Logistics,Delhi,Delivered,2,140.7,nan,6,Yes
7836,7836,2025-02-14,2025-02-18,2025-02-17,RapidX Logistics,Kolkata,Delivered,1,49.47,nan,2,No
7837,7837,2025-03-22,2025-03-27,2025-03-26,ParcelOne,Chennai,Delivered,3,81.75,nan,6,Yes
7838,7838,2025-04-18,2025-04-21,2025-04-19,QuickShip India,Delhi,Delivered,1,130.04,nan,6,Yes
7839,7839,2026-04-09,2026-04-11,2026-04-10,QuickShip India,Bengaluru,Delivered,2,92.11,nan,1,No
7840,7840,2026-05-08,2026-05-10,2026-05-09,SwiftKart Logistics,Hyderabad,Delivered,2,55.69,nan,7,Yes
7841,7841,2025-09-10,2025-09-13,,SwiftKart Logistics,Hyderabad,In Transit,1,176.89,nan,0,No
7842,7842,2025-10-16,2025-10-18,2025-10-17,QuickShip India,Mumbai,Delivered,1,164.16,nan,2,No
7843,7843,2025-11-21,2025-11-24,2025-11-23,SwiftKart Logistics,Bengaluru,Delivered,3,127.04,nan,3,Yes
7844,7844,2025-12-22,2025-12-27,2025-12-26,RapidX Logistics,Kolkata,Delivered,2,122.81,nan,0,No
7845,7845,2026-01-29,2026-02-03,2026-02-02,SwiftKart Logistics,Hyderabad,Delivered,1,104.33,nan,1,No
7846,7846,2024-10-03,2024-10-06,2024-10-05,MetroDeliver,Mumbai,Delivered,3,145.26,nan,3,Yes
7847,7847,2024-11-03,2024-11-05,,MetroDeliver,Delhi,In Transit,2,129.01,nan,2,No
7848,7848,2024-11-23,2024-11-26,2024-11-25,MetroDeliver,Kolkata,Delivered,3,141.47,nan,6,Yes
7849,7849,2024-12-15,2024-12-19,2024-12-18,SwiftKart Logistics,Kolkata,Delivered,1,123.85,nan,4,Yes
7850,7850,2026-04-11,2026-04-16,2026-04-15,SwiftKart Logistics,Delhi,Delivered,3,62.15,nan,3,Yes
7851,7851,2026-05-17,2026-05-20,2026-05-19,RapidX Logistics,Kolkata,Delivered,1,126.26,nan,6,Yes
7852,7852,2026-06-11,2026-06-13,2026-06-12,QuickShip India,Kolkata,Delivered,2,47.27,nan,5,Yes
7853,7853,2026-07-01,2026-07-06,2026-07-06,BlueRoute Express,Mumbai,Delivered,2,85.99,nan,6,Yes
7854,7854,2026-07-25,2026-07-30,2026-07-30,SwiftKart Logistics,Bengaluru,Delivered,3,107.11,nan,0,No
7855,7855,2025-03-11,2025-03-16,2025-03-16,BlueRoute Express,Hyderabad,Delivered,2,55.29,nan,0,No
7856,7856,2025-04-22,2025-04-26,2025-04-25,RapidX Logistics,Hyderabad,Delivered,2,152.64,nan,3,Yes
7857,7857,2026-03-20,2026-03-24,2026-03-23,MetroDeliver,Chennai,Delivered,2,71.91,nan,0,No
7858,7858,2026-04-07,2026-04-09,2026-04-08,QuickShip India,Delhi,Delivered,1,128.53,nan,0,No
7859,7859,2025-06-20,2025-06-22,,ParcelOne,Bengaluru,In Transit,1,140.72,nan,2,No
7860,7860,2025-07-12,2025-07-17,2025-07-17,QuickShip India,Bengaluru,Delivered,1,163.91,nan,5,Yes
7861,7861,2025-08-18,2025-08-22,2025-08-22,RapidX Logistics,Hyderabad,Delivered,3,61.83,nan,7,Yes
7862,7862,2025-09-10,2025-09-12,,MetroDeliver,Kolkata,In Transit,1,163.75,nan,3,Yes
7863,7863,2025-10-03,2025-10-06,2025-10-05,ParcelOne,Delhi,Delivered,1,111.12,nan,1,No
7864,7864,2025-08-19,2025-08-21,2025-08-19,ParcelOne,Kolkata,Delivered,1,108.16,nan,4,Yes
7865,7865,2025-09-23,2025-09-28,2025-09-28,SwiftKart Logistics,Chennai,Delivered,1,119.62,nan,6,Yes
7866,7866,2026-07-01,2026-07-03,2026-07-03,RapidX Logistics,Hyderabad,Delivered,2,84.22,nan,3,Yes
7867,7867,2026-08-13,2026-08-15,2026-08-14,ParcelOne,Chennai,Delivered,3,60.21,nan,-1,No
7868,7868,2024-11-12,2024-11-15,2024-11-14,QuickShip India,Bengaluru,Delivered,1,71.89,nan,3,Yes
7869,7869,2025-12-12,2025-12-16,2025-12-15,SwiftKart Logistics,Kolkata,Delivered,3,168.73,nan,0,No
7870,7870,2024-09-27,2024-10-02,,QuickShip India,Chennai,In Transit,2,82.74,nan,3,Yes
7871,7871,2024-11-10,2024-11-12,2024-11-11,MetroDeliver,Mumbai,Delivered,1,105.93,nan,1,No
7872,7872,2024-12-06,2024-12-11,2024-12-10,RapidX Logistics,Hyderabad,Delivered,2,86.04,nan,4,Yes
7873,7873,2025-01-18,2025-01-22,,RapidX Logistics,Kolkata,In Transit,2,160.16,nan,4,Yes
7874,7874,2025-02-07,2025-02-12,2025-02-11,ParcelOne,Chennai,Delivered,2,82.25,nan,0,No
7875,7875,2026-03-30,2026-04-02,2026-04-01,RapidX Logistics,Bengaluru,Delivered,3,106.31,nan,0,No
7876,7876,2026-05-13,2026-05-18,2026-05-16,RapidX Logistics,Chennai,Delivered,3,51.96,nan,-1,No
7877,7877,2026-05-31,2026-06-05,2026-06-04,ParcelOne,Hyderabad,Delivered,3,58.25,nan,6,Yes
7878,7878,2026-07-07,2026-07-11,2026-07-10,QuickShip India,Mumbai,Delivered,2,79.77,nan,5,Yes
7879,7879,2025-05-14,2025-05-19,2025-05-18,ParcelOne,Hyderabad,Delivered,3,60.34,nan,5,Yes
7880,7880,2025-05-31,2025-06-02,2025-06-01,ParcelOne,Delhi,Delivered,3,84.04,nan,2,No
7881,7881,2025-10-02,2025-10-04,2025-10-02,ParcelOne,Bengaluru,Delivered,2,153.1,nan,0,No
7882,7882,2025-11-09,2025-11-11,,BlueRoute Express,Chennai,In Transit,2,167.48,nan,0,No
7883,7883,2025-12-02,2025-12-04,2025-12-04,RapidX Logistics,Delhi,Delivered,3,51.58,nan,6,Yes
7884,7884,2025-10-24,2025-10-29,,ParcelOne,Hyderabad,In Transit,3,115.93,nan,0,No
7885,7885,2025-11-22,2025-11-26,2025-11-24,BlueRoute Express,Delhi,Delivered,2,160.55,nan,-1,No
7886,7886,2025-12-14,2025-12-19,2025-12-19,MetroDeliver,Kolkata,Delivered,1,123.92,nan,5,Yes
7887,7887,2026-01-26,2026-01-30,2026-01-30,MetroDeliver,Hyderabad,Delivered,1,44.86,nan,5,Yes
7888,7888,2025-12-02,2025-12-06,2025-12-05,BlueRoute Express,Bengaluru,Delivered,2,62.74,nan,5,Yes
7889,7889,2025-12-31,2026-01-03,2026-01-03,ParcelOne,Hyderabad,Delivered,1,133.77,nan,5,Yes
7890,7890,2026-07-07,2026-07-09,2026-07-08,BlueRoute Express,Kolkata,Delivered,3,45.57,nan,2,No
7891,7891,2026-08-06,2026-08-09,2026-08-09,RapidX Logistics,Delhi,Delivered,1,178.36,nan,7,Yes
7892,7892,2026-07-21,2026-07-24,2026-07-23,BlueRoute Express,Delhi,Delivered,1,118.11,nan,7,Yes
7893,7893,2025-08-29,2025-08-31,2025-08-29,SwiftKart Logistics,Hyderabad,Delivered,3,118.32,nan,1,No
7894,7894,2025-10-10,2025-10-12,2025-10-12,SwiftKart Logistics,Chennai,Delivered,3,104.37,nan,0,No
7895,7895,2025-11-20,2025-11-25,2025-11-25,RapidX Logistics,Mumbai,Delivered,2,150.2,nan,5,Yes
7896,7896,2025-12-23,2025-12-25,,MetroDeliver,Hyderabad,In Transit,2,130.94,nan,-1,No
7897,7897,2026-01-16,2026-01-19,2026-01-19,MetroDeliver,Bengaluru,Delivered,3,88.34,nan,0,No
7898,7898,2026-01-27,2026-01-29,2026-01-28,SwiftKart Logistics,Bengaluru,Delivered,1,57.01,nan,3,Yes
7899,7899,2024-12-08,2024-12-10,2024-12-09,SwiftKart Logistics,Kolkata,Delivered,2,130.67,nan,5,Yes
7900,7900,2025-01-05,2025-01-09,2025-01-09,MetroDeliver,Mumbai,Delivered,2,156.1,nan,2,No
7901,7901,2025-02-03,2025-02-08,2025-02-07,BlueRoute Express,Kolkata,Delivered,1,99.92,nan,6,Yes
7902,7902,2025-03-17,2025-03-22,2025-03-21,RapidX Logistics,Mumbai,Delivered,2,66.83,nan,0,No
7903,7903,2025-04-06,2025-04-09,,ParcelOne,Hyderabad,In Transit,1,140.26,nan,6,Yes
7904,7904,2025-04-25,2025-04-27,2025-04-27,ParcelOne,Chennai,Delivered,3,43.72,nan,2,No
7905,7905,2026-03-17,2026-03-22,2026-03-21,BlueRoute Express,Mumbai,Delivered,3,133.24,nan,2,No
7906,7906,2026-04-30,2026-05-02,2026-05-02,MetroDeliver,Bengaluru,Delivered,3,154.13,nan,7,Yes
7907,7907,2026-05-23,2026-05-28,2026-05-27,QuickShip India,Bengaluru,Delivered,1,48.41,nan,1,No
7908,7908,2026-03-07,2026-03-12,2026-03-11,MetroDeliver,Delhi,Delivered,1,148.59,nan,5,Yes
7909,7909,2026-04-08,2026-04-10,2026-04-09,ParcelOne,Delhi,Delivered,2,76.53,nan,4,Yes
7910,7910,2026-05-06,2026-05-09,2026-05-09,ParcelOne,Bengaluru,Delivered,1,151.72,nan,0,No
7911,7911,2026-06-05,2026-06-10,,BlueRoute Express,Mumbai,In Transit,2,71.55,nan,7,Yes
7912,7912,2024-09-16,2024-09-20,2024-09-20,SwiftKart Logistics,Mumbai,Delivered,3,98.81,nan,-1,No
7913,7913,2024-10-15,2024-10-17,2024-10-16,RapidX Logistics,Delhi,Delivered,3,161.19,nan,6,Yes
7914,7914,2024-11-12,2024-11-16,2024-11-15,BlueRoute Express,Delhi,Delivered,1,120.79,nan,3,Yes
7915,7915,2024-12-09,2024-12-11,2024-12-10,BlueRoute Express,Hyderabad,Delivered,2,47.99,nan,4,Yes
7916,7916,2025-06-14,2025-06-17,2025-06-17,RapidX Logistics,Bengaluru,Delivered,2,67.78,nan,2,No
7917,7917,2025-07-18,2025-07-22,2025-07-20,BlueRoute Express,Bengaluru,Delivered,2,42.49,nan,1,No
7918,7918,2025-08-08,2025-08-13,2025-08-12,ParcelOne,Hyderabad,Delivered,2,173.65,nan,0,No
7919,7919,2025-09-01,2025-09-04,2025-09-03,QuickShip India,Delhi,Delivered,2,174.73,nan,4,Yes
7920,7920,2025-05-16,2025-05-18,2025-05-18,QuickShip India,Delhi,Delivered,1,88.54,nan,-1,No
7921,7921,2025-06-19,2025-06-21,2025-06-21,MetroDeliver,Bengaluru,Delivered,2,42.75,nan,3,Yes
7922,7922,2025-07-25,2025-07-28,2025-07-27,MetroDeliver,Hyderabad,Delivered,2,128.13,nan,7,Yes
7923,7923,2025-09-17,2025-09-21,2025-09-20,QuickShip India,Delhi,Delivered,1,139.46,nan,5,Yes
7924,7924,2025-10-12,2025-10-17,2025-10-17,QuickShip India,Chennai,Delivered,3,78.36,nan,6,Yes
7925,7925,2025-11-08,2025-11-13,2025-11-13,SwiftKart Logistics,Delhi,Delivered,2,43.27,nan,5,Yes
7926,7926,2025-09-07,2025-09-11,2025-09-10,BlueRoute Express,Delhi,Delivered,3,164.08,nan,4,Yes
7927,7927,2025-10-10,2025-10-12,2025-10-11,QuickShip India,Chennai,Delivered,3,111.1,nan,-1,No
7928,7928,2025-11-17,2025-11-19,2025-11-17,BlueRoute Express,Kolkata,Delivered,1,132.23,nan,1,No
7929,7929,2025-12-31,2026-01-03,2026-01-01,ParcelOne,Chennai,Delivered,1,126.01,nan,1,No
7930,7930,2025-02-26,2025-02-28,,QuickShip India,Chennai,In Transit,1,73.31,nan,3,Yes
7931,7931,2026-02-17,2026-02-19,2026-02-19,BlueRoute Express,Mumbai,Delivered,1,116.38,nan,2,No
7932,7932,2026-03-08,2026-03-12,2026-03-11,ParcelOne,Kolkata,Delivered,2,78.86,nan,1,No
7933,7933,2026-04-04,2026-04-07,2026-04-06,SwiftKart Logistics,Bengaluru,Delivered,2,102.11,nan,4,Yes
7934,7934,2026-05-18,2026-05-21,2026-05-19,ParcelOne,Hyderabad,Delivered,3,41.22,nan,3,Yes
7935,7935,2026-06-27,2026-06-30,2026-06-29,QuickShip India,Kolkata,Delivered,1,80.74,nan,0,No
7936,7936,2026-08-05,2026-08-08,,RapidX Logistics,Hyderabad,In Transit,2,97.72,nan,0,No
7937,7937,2025-10-21,2025-10-24,2025-10-23,BlueRoute Express,Chennai,Delivered,1,109.1,nan,5,Yes
7938,7938,2025-11-14,2025-11-18,2025-11-17,QuickShip India,Chennai,Delivered,3,149.21,nan,3,Yes
7939,7939,2025-12-26,2025-12-31,2025-12-31,SwiftKart Logistics,Bengaluru,Delivered,2,155.53,nan,4,Yes
7940,7940,2026-01-23,2026-01-25,2026-01-24,SwiftKart Logistics,Kolkata,Delivered,2,122.04,nan,7,Yes
7941,7941,2026-02-23,2026-02-26,2026-02-25,MetroDeliver,Delhi,Delivered,3,79.09,nan,6,Yes
7942,7942,2024-09-20,2024-09-24,2024-09-23,MetroDeliver,Chennai,Delivered,3,65.26,nan,-1,No
7943,7943,2024-10-05,2024-10-08,,QuickShip India,Mumbai,In Transit,2,41.57,nan,2,No
7944,7944,2024-10-28,2024-11-01,2024-10-31,QuickShip India,Delhi,Delivered,2,157.21,nan,-1,No
7945,7945,2025-06-07,2025-06-10,2025-06-09,MetroDeliver,Hyderabad,Delivered,2,112.75,nan,-1,No
7946,7946,2025-07-07,2025-07-09,2025-07-09,MetroDeliver,Delhi,Delivered,3,127.53,nan,5,Yes
7947,7947,2025-08-16,2025-08-18,2025-08-17,ParcelOne,Hyderabad,Delivered,1,79.39,nan,6,Yes
7948,7948,2026-02-02,2026-02-05,2026-02-04,BlueRoute Express,Hyderabad,Delivered,2,174.41,nan,5,Yes
7949,7949,2026-03-07,2026-03-12,2026-03-11,ParcelOne,Chennai,Delivered,2,48.63,nan,3,Yes
7950,7950,2026-03-27,2026-03-29,2026-03-28,ParcelOne,Bengaluru,Delivered,1,91.33,nan,1,No
7951,7951,2026-04-15,2026-04-18,2026-04-18,BlueRoute Express,Chennai,Delivered,2,78.97,nan,5,Yes
7952,7952,2026-05-30,2026-06-01,2026-05-31,QuickShip India,Chennai,Delivered,2,141.01,nan,3,Yes
7953,7953,2025-01-09,2025-01-13,,MetroDeliver,Bengaluru,In Transit,2,154.77,nan,-1,No
7954,7954,2025-01-27,2025-01-31,2025-01-30,MetroDeliver,Chennai,Delivered,3,160.21,nan,7,Yes
7955,7955,2025-03-03,2025-03-06,2025-03-04,QuickShip India,Bengaluru,Delivered,3,135.86,nan,4,Yes
7956,7956,2025-03-26,2025-03-30,2025-03-28,BlueRoute Express,Delhi,Delivered,2,62.01,nan,7,Yes
7957,7957,2025-05-08,2025-05-10,2025-05-09,RapidX Logistics,Delhi,Delivered,1,48.16,nan,-1,No
7958,7958,2024-12-22,2024-12-25,2024-12-24,ParcelOne,Hyderabad,Delivered,2,48.82,nan,6,Yes
7959,7959,2025-01-13,2025-01-18,2025-01-17,QuickShip India,Mumbai,Delivered,1,100.8,nan,1,No
7960,7960,2025-02-14,2025-02-18,2025-02-17,RapidX Logistics,Kolkata,Delivered,2,88.69,nan,6,Yes
7961,7961,2025-06-13,2025-06-18,2025-06-18,ParcelOne,Bengaluru,Delivered,2,174.49,nan,2,No
7962,7962,2025-07-22,2025-07-26,2025-07-25,BlueRoute Express,Hyderabad,Delivered,2,171.0,nan,7,Yes
7963,7963,2025-08-23,2025-08-28,2025-08-27,BlueRoute Express,Hyderabad,Delivered,1,94.24,nan,1,No
7964,7964,2025-09-05,2025-09-10,2025-09-09,QuickShip India,Chennai,Delivered,1,103.42,nan,1,No
7965,7965,2025-09-29,2025-10-03,2025-10-01,BlueRoute Express,Mumbai,Delivered,1,49.1,nan,-1,No
7966,7966,2024-12-26,2024-12-29,2024-12-28,QuickShip India,Bengaluru,Delivered,3,177.75,nan,3,Yes
7967,7967,2025-01-23,2025-01-25,2025-01-25,ParcelOne,Delhi,Delivered,3,156.16,nan,1,No
7968,7968,2025-06-27,2025-07-01,2025-06-30,SwiftKart Logistics,Delhi,Delivered,1,142.83,nan,4,Yes
7969,7969,2025-07-24,2025-07-26,2025-07-25,QuickShip India,Hyderabad,Delivered,1,149.93,nan,2,No
7970,7970,2025-11-13,2025-11-16,2025-11-15,RapidX Logistics,Delhi,Delivered,1,112.7,nan,1,No
7971,7971,2025-12-23,2025-12-27,,MetroDeliver,Bengaluru,In Transit,1,138.97,nan,0,No
7972,7972,2026-01-21,2026-01-26,2026-01-25,BlueRoute Express,Delhi,Delivered,1,175.03,nan,7,Yes
7973,7973,2026-02-18,2026-02-21,2026-02-21,ParcelOne,Hyderabad,Delivered,3,92.21,nan,2,No
7974,7974,2026-03-17,2026-03-21,2026-03-21,SwiftKart Logistics,Hyderabad,Delivered,2,156.36,nan,5,Yes
7975,7975,2026-04-05,2026-04-09,2026-04-08,ParcelOne,Mumbai,Delivered,2,49.82,nan,0,No
7976,7976,2025-07-30,2025-08-01,2025-08-01,BlueRoute Express,Delhi,Delivered,3,101.53,nan,6,Yes
7977,7977,2025-08-30,2025-09-01,2025-09-01,BlueRoute Express,Mumbai,Delivered,1,141.23,nan,6,Yes
7978,7978,2025-09-24,2025-09-27,2025-09-27,QuickShip India,Bengaluru,Delivered,1,150.99,nan,3,Yes
7979,7979,2025-10-15,2025-10-17,2025-10-16,BlueRoute Express,Chennai,Delivered,3,129.38,nan,7,Yes
7980,7980,2025-10-02,2025-10-07,2025-10-06,SwiftKart Logistics,Hyderabad,Delivered,1,109.4,nan,0,No
7981,7981,2025-10-26,2025-10-31,2025-10-30,MetroDeliver,Bengaluru,Delivered,2,175.8,nan,2,No
7982,7982,2025-11-20,2025-11-24,2025-11-24,QuickShip India,Chennai,Delivered,3,99.64,nan,6,Yes
7983,7983,2025-12-08,2025-12-13,2025-12-11,BlueRoute Express,Chennai,Delivered,1,94.35,nan,4,Yes
7984,7984,2026-01-08,2026-01-12,2026-01-10,SwiftKart Logistics,Chennai,Delivered,1,142.59,nan,0,No
7985,7985,2026-02-02,2026-02-07,2026-02-05,ParcelOne,Bengaluru,Delivered,3,46.05,nan,5,Yes
7986,7986,2026-03-08,2026-03-13,,QuickShip India,Bengaluru,In Transit,3,138.44,nan,1,No
7987,7987,2024-11-03,2024-11-06,,MetroDeliver,Bengaluru,In Transit,2,48.95,nan,-1,No
7988,7988,2024-12-02,2024-12-05,2024-12-04,SwiftKart Logistics,Delhi,Delivered,2,59.03,nan,1,No
7989,7989,2024-12-27,2024-12-29,2024-12-28,RapidX Logistics,Hyderabad,Delivered,3,102.3,nan,7,Yes
7990,7990,2025-02-07,2025-02-10,2025-02-09,BlueRoute Express,Mumbai,Delivered,1,42.36,nan,-1,No
7991,7991,2025-02-28,2025-03-04,2025-03-03,SwiftKart Logistics,Chennai,Delivered,2,111.9,nan,0,No
7992,7992,2025-04-11,2025-04-15,2025-04-14,RapidX Logistics,Bengaluru,Delivered,3,83.57,nan,2,No
7993,7993,2025-05-06,2025-05-10,2025-05-10,ParcelOne,Delhi,Delivered,3,47.49,nan,0,No
7994,7994,2025-10-31,2025-11-05,,ParcelOne,Mumbai,In Transit,3,113.02,nan,6,Yes
7995,7995,2025-12-06,2025-12-11,2025-12-09,ParcelOne,Chennai,Delivered,1,149.68,nan,1,No
7996,7996,2025-12-30,2026-01-02,2026-01-01,MetroDeliver,Mumbai,Delivered,3,130.31,nan,1,No
7997,7997,2026-03-07,2026-03-10,2026-03-10,QuickShip India,Bengaluru,Delivered,3,153.66,nan,-1,No
7998,7998,2026-04-20,2026-04-23,2026-04-22,BlueRoute Express,Kolkata,Delivered,2,98.97,nan,0,No
7999,7999,2026-05-19,2026-05-23,2026-05-22,RapidX Logistics,Kolkata,Delivered,2,56.32,nan,2,No
8000,8000,2026-06-13,2026-06-16,2026-06-15,BlueRoute Express,Kolkata,Delivered,3,41.0,nan,-1,No
8001,8001,2025-03-13,2025-03-17,2025-03-16,QuickShip India,Mumbai,Delivered,1,125.33,nan,7,Yes
8002,8002,2025-04-13,2025-04-17,2025-04-16,RapidX Logistics,Bengaluru,Delivered,1,61.66,nan,4,Yes
8003,8003,2025-05-18,2025-05-20,2025-05-19,MetroDeliver,Mumbai,Delivered,3,70.11,nan,5,Yes
8004,8004,2025-06-09,2025-06-14,2025-06-13,RapidX Logistics,Kolkata,Delivered,2,172.83,nan,7,Yes
8005,8005,2025-07-14,2025-07-18,2025-07-18,BlueRoute Express,Kolkata,Delivered,2,136.13,nan,4,Yes
8006,8006,2025-08-08,2025-08-10,2025-08-10,BlueRoute Express,Chennai,Delivered,2,119.43,nan,5,Yes
8007,8007,2025-03-08,2025-03-11,2025-03-10,QuickShip India,Chennai,Delivered,2,51.16,nan,2,No
8008,8008,2025-04-15,2025-04-17,2025-04-17,BlueRoute Express,Chennai,Delivered,1,84.77,nan,5,Yes
8009,8009,2025-05-16,2025-05-19,2025-05-19,ParcelOne,Hyderabad,Delivered,1,88.48,nan,0,No
8010,8010,2025-06-21,2025-06-26,2025-06-25,SwiftKart Logistics,Delhi,Delivered,3,171.28,nan,4,Yes
8011,8011,2025-10-11,2025-10-14,,MetroDeliver,Chennai,In Transit,2,149.54,nan,0,No
8012,8012,2025-11-14,2025-11-16,2025-11-14,RapidX Logistics,Hyderabad,Delivered,3,156.26,nan,4,Yes
8013,8013,2025-10-21,2025-10-24,2025-10-23,MetroDeliver,Hyderabad,Delivered,3,100.51,nan,5,Yes
8014,8014,2025-11-26,2025-12-01,2025-11-30,MetroDeliver,Delhi,Delivered,1,50.36,nan,4,Yes
8015,8015,2025-12-26,2025-12-28,2025-12-27,SwiftKart Logistics,Chennai,Delivered,1,172.85,nan,1,No
8016,8016,2026-01-20,2026-01-24,,MetroDeliver,Hyderabad,In Transit,1,162.93,nan,7,Yes
8017,8017,2026-02-17,2026-02-21,,BlueRoute Express,Mumbai,In Transit,3,145.85,nan,3,Yes
8018,8018,2024-12-13,2024-12-16,2024-12-15,ParcelOne,Chennai,Delivered,1,45.39,nan,7,Yes
8019,8019,2025-01-07,2025-01-10,,RapidX Logistics,Bengaluru,In Transit,1,174.09,nan,7,Yes
8020,8020,2025-01-30,2025-02-01,2025-01-31,RapidX Logistics,Bengaluru,Delivered,1,150.29,nan,4,Yes
8021,8021,2025-02-17,2025-02-21,2025-02-21,QuickShip India,Delhi,Delivered,3,121.14,nan,1,No
8022,8022,2025-11-29,2025-12-04,2025-12-02,QuickShip India,Hyderabad,Delivered,1,80.68,nan,7,Yes
8023,8023,2025-12-29,2026-01-03,2026-01-03,QuickShip India,Kolkata,Delivered,2,59.39,nan,0,No
8024,8024,2026-01-20,2026-01-25,,ParcelOne,Hyderabad,In Transit,3,143.89,nan,0,No
8025,8025,2026-02-05,2026-02-10,2026-02-10,ParcelOne,Chennai,Delivered,3,50.25,nan,-1,No
8026,8026,2024-10-20,2024-10-24,2024-10-24,QuickShip India,Hyderabad,Delivered,2,155.45,nan,1,No
8027,8027,2024-12-05,2024-12-07,2024-12-05,MetroDeliver,Chennai,Delivered,2,90.5,nan,0,No
8028,8028,2025-01-12,2025-01-17,2025-01-16,MetroDeliver,Chennai,Delivered,3,110.35,nan,4,Yes
8029,8029,2025-01-29,2025-02-02,2025-02-02,BlueRoute Express,Kolkata,Delivered,2,95.13,nan,6,Yes
8030,8030,2025-12-06,2025-12-10,2025-12-09,ParcelOne,Delhi,Delivered,2,119.83,nan,0,No
8031,8031,2026-02-17,2026-02-19,2026-02-18,BlueRoute Express,Kolkata,Delivered,2,166.48,nan,0,No
8032,8032,2026-03-07,2026-03-10,2026-03-10,MetroDeliver,Hyderabad,Delivered,3,122.73,nan,7,Yes
8033,8033,2026-04-16,2026-04-19,2026-04-19,MetroDeliver,Bengaluru,Delivered,3,100.07,nan,7,Yes
8034,8034,2026-05-03,2026-05-06,2026-05-05,MetroDeliver,Chennai,Delivered,1,108.72,nan,4,Yes
8035,8035,2024-11-18,2024-11-20,2024-11-19,ParcelOne,Kolkata,Delivered,1,149.13,nan,0,No
8036,8036,2024-12-14,2024-12-19,2024-12-18,ParcelOne,Bengaluru,Delivered,3,52.82,nan,6,Yes
8037,8037,2025-01-24,2025-01-26,2025-01-25,RapidX Logistics,Kolkata,Delivered,1,175.39,nan,6,Yes
8038,8038,2025-02-08,2025-02-13,2025-02-12,ParcelOne,Mumbai,Delivered,3,159.81,nan,0,No
8039,8039,2026-06-25,2026-06-30,2026-06-29,QuickShip India,Kolkata,Delivered,3,87.1,nan,5,Yes
8040,8040,2026-08-04,2026-08-08,2026-08-08,SwiftKart Logistics,Chennai,Delivered,3,151.75,nan,1,No
8041,8041,2025-08-01,2025-08-04,,MetroDeliver,Kolkata,In Transit,1,171.83,nan,-1,No
8042,8042,2025-09-15,2025-09-18,2025-09-17,QuickShip India,Chennai,Delivered,2,170.69,nan,7,Yes
8043,8043,2025-10-07,2025-10-12,2025-10-11,RapidX Logistics,Delhi,Delivered,3,139.6,nan,6,Yes
8044,8044,2025-11-14,2025-11-19,2025-11-18,QuickShip India,Hyderabad,Delivered,2,71.73,nan,-1,No
8045,8045,2026-07-09,2026-07-11,2026-07-11,ParcelOne,Bengaluru,Delivered,1,178.79,nan,1,No
8046,8046,2025-06-06,2025-06-09,2025-06-09,RapidX Logistics,Hyderabad,Delivered,1,145.95,nan,3,Yes
8047,8047,2024-11-02,2024-11-05,2024-11-04,SwiftKart Logistics,Mumbai,Delivered,1,47.09,nan,3,Yes
8048,8048,2024-12-11,2024-12-14,,MetroDeliver,Delhi,In Transit,2,63.69,nan,1,No
8049,8049,2025-01-03,2025-01-08,2025-01-07,MetroDeliver,Chennai,Delivered,1,104.11,nan,1,No
8050,8050,2025-02-02,2025-02-04,2025-02-03,ParcelOne,Mumbai,Delivered,2,156.14,nan,7,Yes
8051,8051,2025-03-04,2025-03-06,2025-03-05,SwiftKart Logistics,Hyderabad,Delivered,3,60.8,nan,6,Yes
8052,8052,2026-03-06,2026-03-11,2026-03-11,ParcelOne,Delhi,Delivered,3,162.46,nan,7,Yes
8053,8053,2026-04-17,2026-04-19,2026-04-18,RapidX Logistics,Mumbai,Delivered,1,121.38,nan,7,Yes
8054,8054,2026-05-23,2026-05-28,2026-05-27,MetroDeliver,Mumbai,Delivered,3,171.79,nan,6,Yes
8055,8055,2026-06-10,2026-06-15,2026-06-14,ParcelOne,Kolkata,Delivered,2,153.01,nan,0,No
8056,8056,2026-07-16,2026-07-18,2026-07-18,ParcelOne,Bengaluru,Delivered,3,150.73,nan,4,Yes
8057,8057,2025-09-05,2025-09-07,2025-09-06,ParcelOne,Chennai,Delivered,2,147.61,nan,-1,No
8058,8058,2025-10-19,2025-10-21,2025-10-20,MetroDeliver,Hyderabad,Delivered,1,161.22,nan,0,No
8059,8059,2025-12-01,2025-12-06,2025-12-05,RapidX Logistics,Mumbai,Delivered,3,63.07,nan,3,Yes
8060,8060,2025-12-30,2026-01-01,2026-01-01,SwiftKart Logistics,Bengaluru,Delivered,2,114.72,nan,5,Yes
8061,8061,2026-05-13,2026-05-18,2026-05-16,QuickShip India,Chennai,Delivered,3,74.5,nan,0,No
8062,8062,2026-06-12,2026-06-16,2026-06-15,ParcelOne,Delhi,Delivered,1,47.76,nan,6,Yes
8063,8063,2026-07-12,2026-07-17,2026-07-16,ParcelOne,Hyderabad,Delivered,3,62.9,nan,4,Yes
8064,8064,2025-03-29,2025-04-03,2025-04-01,QuickShip India,Chennai,Delivered,3,111.02,nan,6,Yes
8065,8065,2025-03-15,2025-03-18,2025-03-17,RapidX Logistics,Chennai,Delivered,2,118.45,nan,-1,No
8066,8066,2025-04-24,2025-04-26,2025-04-24,SwiftKart Logistics,Hyderabad,Delivered,3,65.14,nan,2,No
8067,8067,2025-06-07,2025-06-12,2025-06-10,QuickShip India,Chennai,Delivered,2,73.31,nan,4,Yes
8068,8068,2025-07-05,2025-07-09,2025-07-09,BlueRoute Express,Kolkata,Delivered,3,153.5,nan,5,Yes
8069,8069,2026-03-28,2026-03-31,2026-03-31,SwiftKart Logistics,Mumbai,Delivered,1,122.34,nan,5,Yes
8070,8070,2026-04-19,2026-04-21,2026-04-20,RapidX Logistics,Delhi,Delivered,3,177.18,nan,-1,No
8071,8071,2026-05-09,2026-05-12,2026-05-12,ParcelOne,Chennai,Delivered,3,133.01,nan,3,Yes
8072,8072,2025-11-20,2025-11-23,2025-11-22,RapidX Logistics,Bengaluru,Delivered,2,171.67,nan,1,No
8073,8073,2025-12-21,2025-12-24,2025-12-23,MetroDeliver,Delhi,Delivered,2,79.49,nan,6,Yes
8074,8074,2026-01-30,2026-02-01,2026-02-01,SwiftKart Logistics,Kolkata,Delivered,1,116.35,nan,4,Yes
8075,8075,2026-02-19,2026-02-23,2026-02-22,MetroDeliver,Bengaluru,Delivered,2,160.9,nan,0,No
8076,8076,2026-03-25,2026-03-30,2026-03-29,RapidX Logistics,Delhi,Delivered,1,178.22,nan,2,No
8077,8077,2025-10-03,2025-10-07,2025-10-06,MetroDeliver,Bengaluru,Delivered,2,176.24,nan,2,No
8078,8078,2025-10-28,2025-10-31,2025-10-30,BlueRoute Express,Chennai,Delivered,2,84.48,nan,0,No
8079,8079,2025-12-05,2025-12-10,,QuickShip India,Chennai,In Transit,3,113.46,nan,-1,No
8080,8080,2026-01-11,2026-01-16,2026-01-15,SwiftKart Logistics,Bengaluru,Delivered,1,155.24,nan,1,No
8081,8081,2026-02-17,2026-02-22,,BlueRoute Express,Bengaluru,In Transit,2,97.98,nan,7,Yes
8082,8082,2026-03-18,2026-03-20,2026-03-19,RapidX Logistics,Kolkata,Delivered,2,47.47,nan,-1,No
8083,8083,2025-12-09,2025-12-13,2025-12-12,MetroDeliver,Bengaluru,Delivered,2,66.1,nan,3,Yes
8084,8084,2026-01-05,2026-01-08,2026-01-08,RapidX Logistics,Hyderabad,Delivered,3,88.3,nan,2,No
8085,8085,2026-01-27,2026-02-01,2026-01-31,RapidX Logistics,Mumbai,Delivered,1,85.41,nan,0,No
8086,8086,2026-03-01,2026-03-04,2026-03-03,BlueRoute Express,Bengaluru,Delivered,3,150.93,nan,7,Yes
8087,8087,2026-05-06,2026-05-08,2026-05-08,QuickShip India,Delhi,Delivered,1,142.4,nan,5,Yes
8088,8088,2026-06-02,2026-06-04,2026-06-03,RapidX Logistics,Bengaluru,Delivered,2,46.59,nan,-1,No
8089,8089,2025-08-16,2025-08-19,2025-08-19,MetroDeliver,Delhi,Delivered,2,120.22,nan,3,Yes
8090,8090,2025-09-10,2025-09-13,,BlueRoute Express,Delhi,In Transit,1,75.1,nan,7,Yes
8091,8091,2025-10-19,2025-10-22,2025-10-21,SwiftKart Logistics,Chennai,Delivered,1,145.72,nan,3,Yes
8092,8092,2025-11-27,2025-12-01,2025-11-30,QuickShip India,Chennai,Delivered,1,42.31,nan,-1,No
8093,8093,2025-12-15,2025-12-17,2025-12-16,ParcelOne,Delhi,Delivered,3,121.58,nan,-1,No
8094,8094,2025-06-01,2025-06-06,2025-06-05,RapidX Logistics,Bengaluru,Delivered,1,123.45,nan,1,No
8095,8095,2025-06-30,2025-07-03,2025-07-02,BlueRoute Express,Chennai,Delivered,1,51.67,nan,4,Yes
8096,8096,2025-08-13,2025-08-17,2025-08-16,RapidX Logistics,Chennai,Delivered,1,83.77,nan,-1,No
8097,8097,2024-09-26,2024-10-01,2024-09-30,SwiftKart Logistics,Bengaluru,Delivered,3,73.27,nan,1,No
8098,8098,2024-10-23,2024-10-27,2024-10-26,SwiftKart Logistics,Bengaluru,Delivered,3,49.03,nan,5,Yes
8099,8099,2025-12-27,2025-12-30,2025-12-29,BlueRoute Express,Chennai,Delivered,2,80.28,nan,7,Yes
8100,8100,2026-01-26,2026-01-30,2026-01-29,ParcelOne,Chennai,Delivered,2,50.03,nan,6,Yes
8101,8101,2026-02-14,2026-02-17,,QuickShip India,Hyderabad,In Transit,2,163.87,nan,1,No
8102,8102,2025-03-14,2025-03-16,,QuickShip India,Chennai,In Transit,1,138.89,nan,2,No
8103,8103,2025-04-18,2025-04-23,2025-04-23,QuickShip India,Bengaluru,Delivered,2,140.48,nan,4,Yes
8104,8104,2025-05-25,2025-05-30,2025-05-30,SwiftKart Logistics,Kolkata,Delivered,3,60.65,nan,3,Yes
8105,8105,2025-06-14,2025-06-18,2025-06-17,MetroDeliver,Hyderabad,Delivered,2,154.84,nan,7,Yes
8106,8106,2025-06-29,2025-07-04,2025-07-04,RapidX Logistics,Kolkata,Delivered,2,125.5,nan,0,No
8107,8107,2025-08-05,2025-08-10,2025-08-09,SwiftKart Logistics,Kolkata,Delivered,2,110.42,nan,2,No
8108,8108,2025-09-18,2025-09-23,2025-09-23,MetroDeliver,Kolkata,Delivered,2,42.24,nan,3,Yes
8109,8109,2025-08-02,2025-08-04,2025-08-03,BlueRoute Express,Bengaluru,Delivered,2,144.4,nan,5,Yes
8110,8110,2025-08-27,2025-08-30,2025-08-29,QuickShip India,Hyderabad,Delivered,2,126.0,nan,5,Yes
8111,8111,2026-06-23,2026-06-28,,SwiftKart Logistics,Kolkata,In Transit,1,82.61,nan,6,Yes
8112,8112,2026-07-15,2026-07-19,2026-07-18,MetroDeliver,Chennai,Delivered,1,65.22,nan,4,Yes
8113,8113,2026-05-04,2026-05-07,2026-05-06,ParcelOne,Hyderabad,Delivered,1,176.25,nan,1,No
8114,8114,2025-10-20,2025-10-22,2025-10-22,SwiftKart Logistics,Kolkata,Delivered,1,172.73,nan,-1,No
8115,8115,2025-11-09,2025-11-11,2025-11-10,ParcelOne,Bengaluru,Delivered,3,85.62,nan,6,Yes
8116,8116,2025-05-20,2025-05-25,2025-05-25,QuickShip India,Chennai,Delivered,3,148.9,nan,-1,No
8117,8117,2025-06-12,2025-06-14,2025-06-14,MetroDeliver,Mumbai,Delivered,2,124.41,nan,-1,No
8118,8118,2024-12-03,2024-12-08,2024-12-07,MetroDeliver,Delhi,Delivered,3,145.74,nan,-1,No
8119,8119,2024-12-31,2025-01-05,2025-01-04,ParcelOne,Delhi,Delivered,3,131.9,nan,-1,No
8120,8120,2024-11-09,2024-11-14,2024-11-13,ParcelOne,Bengaluru,Delivered,1,140.84,nan,5,Yes
8121,8121,2024-11-24,2024-11-29,2024-11-28,RapidX Logistics,Delhi,Delivered,1,123.19,nan,7,Yes
8122,8122,2024-12-26,2024-12-28,,BlueRoute Express,Mumbai,In Transit,2,75.65,nan,4,Yes
8123,8123,2026-02-17,2026-02-19,2026-02-19,SwiftKart Logistics,Chennai,Delivered,2,83.31,nan,6,Yes
8124,8124,2026-01-20,2026-01-23,,BlueRoute Express,Hyderabad,In Transit,2,56.57,nan,7,Yes
8125,8125,2026-02-16,2026-02-18,2026-02-17,BlueRoute Express,Delhi,Delivered,1,48.36,nan,0,No
8126,8126,2026-03-30,2026-04-03,2026-04-02,SwiftKart Logistics,Delhi,Delivered,2,150.34,nan,-1,No
8127,8127,2026-05-11,2026-05-15,2026-05-14,MetroDeliver,Hyderabad,Delivered,1,49.65,nan,3,Yes
8128,8128,2026-05-28,2026-06-01,2026-06-01,SwiftKart Logistics,Chennai,Delivered,3,153.52,nan,-1,No
8129,8129,2026-06-28,2026-07-01,2026-07-01,ParcelOne,Bengaluru,Delivered,3,97.47,nan,2,No
8130,8130,2026-08-07,2026-08-09,,QuickShip India,Hyderabad,In Transit,1,83.39,nan,6,Yes
8131,8131,2026-07-26,2026-07-30,2026-07-29,SwiftKart Logistics,Chennai,Delivered,3,164.08,nan,4,Yes
8132,8132,2025-12-06,2025-12-11,2025-12-10,MetroDeliver,Hyderabad,Delivered,2,75.66,nan,7,Yes
8133,8133,2025-12-30,2026-01-02,2026-01-02,RapidX Logistics,Kolkata,Delivered,2,154.36,nan,0,No
8134,8134,2026-01-21,2026-01-25,2026-01-25,RapidX Logistics,Kolkata,Delivered,2,84.44,nan,7,Yes
8135,8135,2026-03-01,2026-03-03,2026-03-02,BlueRoute Express,Chennai,Delivered,3,79.38,nan,3,Yes
8136,8136,2026-03-30,2026-04-03,2026-04-02,SwiftKart Logistics,Hyderabad,Delivered,2,92.98,nan,1,No
8137,8137,2026-04-17,2026-04-20,2026-04-19,RapidX Logistics,Delhi,Delivered,2,156.01,nan,7,Yes
8138,8138,2025-11-17,2025-11-19,2025-11-18,RapidX Logistics,Bengaluru,Delivered,2,79.38,nan,5,Yes
8139,8139,2025-12-19,2025-12-23,2025-12-21,BlueRoute Express,Hyderabad,Delivered,1,164.88,nan,3,Yes
8140,8140,2025-01-25,2025-01-27,2025-01-26,QuickShip India,Delhi,Delivered,3,169.43,nan,-1,No
8141,8141,2025-03-11,2025-03-15,,BlueRoute Express,Chennai,In Transit,2,155.8,nan,7,Yes
8142,8142,2024-09-05,2024-09-10,2024-09-09,BlueRoute Express,Hyderabad,Delivered,1,161.05,nan,3,Yes
8143,8143,2024-09-22,2024-09-24,,RapidX Logistics,Chennai,In Transit,3,145.48,nan,4,Yes
8144,8144,2024-10-31,2024-11-05,,MetroDeliver,Kolkata,In Transit,2,44.39,nan,3,Yes
8145,8145,2025-02-22,2025-02-26,,QuickShip India,Kolkata,In Transit,3,139.04,nan,-1,No
8146,8146,2025-07-16,2025-07-20,2025-07-19,QuickShip India,Chennai,Delivered,1,99.45,nan,7,Yes
8147,8147,2025-08-23,2025-08-28,2025-08-27,QuickShip India,Bengaluru,Delivered,2,80.24,nan,0,No
8148,8148,2026-02-06,2026-02-08,2026-02-07,MetroDeliver,Hyderabad,Delivered,2,114.66,nan,-1,No
8149,8149,2025-08-14,2025-08-19,2025-08-18,MetroDeliver,Delhi,Delivered,3,120.59,nan,4,Yes
8150,8150,2025-09-02,2025-09-04,,QuickShip India,Bengaluru,In Transit,1,89.78,nan,5,Yes
8151,8151,2025-10-01,2025-10-06,2025-10-06,BlueRoute Express,Chennai,Delivered,3,64.54,nan,4,Yes
8152,8152,2025-10-20,2025-10-24,2025-10-23,QuickShip India,Kolkata,Delivered,3,122.66,nan,0,No
8153,8153,2025-11-25,2025-11-27,2025-11-27,MetroDeliver,Chennai,Delivered,3,178.81,nan,4,Yes
8154,8154,2025-12-29,2026-01-01,2026-01-01,MetroDeliver,Mumbai,Delivered,2,101.07,nan,0,No
8155,8155,2026-02-12,2026-02-14,2026-02-13,ParcelOne,Chennai,Delivered,2,76.6,nan,5,Yes
8156,8156,2024-11-22,2024-11-24,2024-11-23,BlueRoute Express,Chennai,Delivered,2,127.39,nan,4,Yes
8157,8157,2024-12-20,2024-12-23,2024-12-22,RapidX Logistics,Bengaluru,Delivered,3,99.55,nan,-1,No
8158,8158,2024-09-07,2024-09-11,2024-09-11,SwiftKart Logistics,Kolkata,Delivered,2,67.15,nan,0,No
8159,8159,2024-10-21,2024-10-24,2024-10-22,MetroDeliver,Mumbai,Delivered,3,150.94,nan,6,Yes
8160,8160,2026-01-14,2026-01-19,,MetroDeliver,Kolkata,In Transit,3,150.59,nan,3,Yes
8161,8161,2025-02-26,2025-03-03,2025-03-02,ParcelOne,Delhi,Delivered,2,134.93,nan,5,Yes
8162,8162,2025-03-15,2025-03-19,2025-03-18,RapidX Logistics,Kolkata,Delivered,3,114.51,nan,-1,No
8163,8163,2025-04-15,2025-04-17,2025-04-16,MetroDeliver,Mumbai,Delivered,1,152.52,nan,6,Yes
8164,8164,2025-05-18,2025-05-21,2025-05-20,QuickShip India,Mumbai,Delivered,2,167.06,nan,7,Yes
8165,8165,2025-06-17,2025-06-22,2025-06-20,SwiftKart Logistics,Mumbai,Delivered,3,45.33,nan,0,No
8166,8166,2025-07-15,2025-07-19,2025-07-18,BlueRoute Express,Chennai,Delivered,2,152.07,nan,6,Yes
8167,8167,2025-12-02,2025-12-05,,MetroDeliver,Mumbai,In Transit,3,115.36,nan,2,No
8168,8168,2026-01-12,2026-01-16,2026-01-15,QuickShip India,Bengaluru,Delivered,1,114.12,nan,7,Yes
8169,8169,2026-02-12,2026-02-15,2026-02-14,RapidX Logistics,Hyderabad,Delivered,1,141.13,nan,2,No
8170,8170,2026-02-28,2026-03-03,2026-03-02,BlueRoute Express,Chennai,Delivered,2,177.32,nan,5,Yes
8171,8171,2024-10-01,2024-10-04,2024-10-03,QuickShip India,Mumbai,Delivered,3,99.63,nan,6,Yes
8172,8172,2024-10-23,2024-10-25,2024-10-24,BlueRoute Express,Delhi,Delivered,1,110.89,nan,7,Yes
8173,8173,2025-09-18,2025-09-23,2025-09-23,MetroDeliver,Kolkata,Delivered,3,108.78,nan,1,No
8174,8174,2025-10-26,2025-10-28,2025-10-26,MetroDeliver,Mumbai,Delivered,1,61.58,nan,1,No
8175,8175,2025-11-24,2025-11-26,2025-11-25,SwiftKart Logistics,Chennai,Delivered,3,116.34,nan,6,Yes
8176,8176,2024-08-13,2024-08-16,2024-08-16,RapidX Logistics,Delhi,Delivered,1,123.0,nan,5,Yes
8177,8177,2024-09-21,2024-09-24,2024-09-24,MetroDeliver,Hyderabad,Delivered,2,172.58,nan,5,Yes
8178,8178,2024-10-11,2024-10-14,2024-10-14,SwiftKart Logistics,Kolkata,Delivered,1,61.59,nan,3,Yes
8179,8179,2026-06-07,2026-06-10,2026-06-09,BlueRoute Express,Delhi,Delivered,2,58.11,nan,1,No
8180,8180,2026-06-29,2026-07-02,2026-06-30,ParcelOne,Hyderabad,Delivered,2,106.01,nan,0,No
8181,8181,2026-08-10,2026-08-14,2026-08-13,RapidX Logistics,Hyderabad,Delivered,3,101.21,nan,0,No
8182,8182,2024-10-26,2024-10-31,,BlueRoute Express,Mumbai,In Transit,2,150.26,nan,1,No
8183,8183,2024-12-06,2024-12-08,2024-12-08,SwiftKart Logistics,Mumbai,Delivered,2,126.34,nan,0,No
8184,8184,2026-04-11,2026-04-14,2026-04-13,BlueRoute Express,Bengaluru,Delivered,3,92.4,nan,3,Yes
8185,8185,2026-05-09,2026-05-14,2026-05-13,RapidX Logistics,Bengaluru,Delivered,3,44.15,nan,5,Yes
8186,8186,2026-06-15,2026-06-19,2026-06-18,QuickShip India,Mumbai,Delivered,2,168.72,nan,-1,No
8187,8187,2026-07-22,2026-07-27,2026-07-26,QuickShip India,Bengaluru,Delivered,1,128.22,nan,7,Yes
8188,8188,2026-08-16,2026-08-20,2026-08-19,BlueRoute Express,Hyderabad,Delivered,3,64.7,nan,1,No
8189,8189,2026-05-29,2026-05-31,2026-05-30,RapidX Logistics,Chennai,Delivered,1,179.99,nan,4,Yes
8190,8190,2026-06-27,2026-07-02,2026-06-30,BlueRoute Express,Mumbai,Delivered,1,111.3,nan,3,Yes
8191,8191,2026-07-12,2026-07-15,2026-07-14,ParcelOne,Kolkata,Delivered,2,147.89,nan,3,Yes
8192,8192,2026-06-01,2026-06-05,2026-06-05,ParcelOne,Kolkata,Delivered,3,162.33,nan,-1,No
8193,8193,2026-07-15,2026-07-20,2026-07-19,BlueRoute Express,Delhi,Delivered,2,150.04,nan,4,Yes
8194,8194,2026-08-12,2026-08-17,2026-08-16,MetroDeliver,Hyderabad,Delivered,1,101.72,nan,2,No
8195,8195,2025-10-21,2025-10-24,2025-10-23,QuickShip India,Mumbai,Delivered,3,76.23,nan,2,No
8196,8196,2025-11-23,2025-11-25,2025-11-25,MetroDeliver,Delhi,Delivered,1,172.82,nan,7,Yes
8197,8197,2025-12-11,2025-12-15,2025-12-14,RapidX Logistics,Bengaluru,Delivered,1,146.22,nan,4,Yes
8198,8198,2026-01-01,2026-01-05,2026-01-03,RapidX Logistics,Mumbai,Delivered,2,176.33,nan,3,Yes
8199,8199,2025-10-19,2025-10-21,2025-10-21,SwiftKart Logistics,Hyderabad,Delivered,2,140.82,nan,-1,No
8200,8200,2025-11-06,2025-11-08,2025-11-06,MetroDeliver,Hyderabad,Delivered,1,130.87,nan,0,No
8201,8201,2024-09-27,2024-09-30,2024-09-29,BlueRoute Express,Kolkata,Delivered,2,82.61,nan,4,Yes
8202,8202,2025-09-12,2025-09-14,2025-09-14,QuickShip India,Bengaluru,Delivered,2,135.01,nan,1,No
8203,8203,2025-10-01,2025-10-03,2025-10-02,RapidX Logistics,Chennai,Delivered,3,131.64,nan,0,No
8204,8204,2025-02-19,2025-02-22,2025-02-21,ParcelOne,Mumbai,Delivered,1,54.35,nan,4,Yes
8205,8205,2025-03-30,2025-04-02,2025-04-02,QuickShip India,Kolkata,Delivered,3,158.8,nan,3,Yes
8206,8206,2024-10-22,2024-10-26,2024-10-24,RapidX Logistics,Mumbai,Delivered,2,103.18,nan,6,Yes
8207,8207,2024-12-05,2024-12-08,2024-12-07,RapidX Logistics,Delhi,Delivered,3,79.13,nan,3,Yes
8208,8208,2024-12-23,2024-12-28,2024-12-27,MetroDeliver,Kolkata,Delivered,2,103.72,nan,2,No
8209,8209,2025-06-01,2025-06-04,2025-06-02,BlueRoute Express,Delhi,Delivered,3,113.39,nan,5,Yes
8210,8210,2025-06-16,2025-06-18,2025-06-17,RapidX Logistics,Mumbai,Delivered,2,95.13,nan,4,Yes
8211,8211,2025-07-05,2025-07-07,2025-07-06,ParcelOne,Delhi,Delivered,2,75.11,nan,2,No
8212,8212,2025-07-25,2025-07-29,2025-07-28,RapidX Logistics,Kolkata,Delivered,1,134.5,nan,2,No
8213,8213,2025-09-02,2025-09-05,,SwiftKart Logistics,Kolkata,In Transit,2,50.27,nan,6,Yes
8214,8214,2025-06-07,2025-06-11,2025-06-11,QuickShip India,Mumbai,Delivered,1,84.66,nan,6,Yes
8215,8215,2025-08-14,2025-08-16,2025-08-15,MetroDeliver,Chennai,Delivered,3,88.02,nan,3,Yes
8216,8216,2025-09-04,2025-09-08,2025-09-07,SwiftKart Logistics,Mumbai,Delivered,1,62.26,nan,-1,No
8217,8217,2025-01-05,2025-01-07,2025-01-06,SwiftKart Logistics,Hyderabad,Delivered,1,117.02,nan,2,No
8218,8218,2025-02-10,2025-02-12,2025-02-12,BlueRoute Express,Bengaluru,Delivered,3,146.7,nan,-1,No
8219,8219,2025-03-24,2025-03-27,2025-03-27,SwiftKart Logistics,Mumbai,Delivered,2,94.88,nan,3,Yes
8220,8220,2025-02-22,2025-02-24,2025-02-23,ParcelOne,Delhi,Delivered,2,96.89,nan,7,Yes
8221,8221,2025-03-19,2025-03-21,2025-03-20,BlueRoute Express,Bengaluru,Delivered,2,130.47,nan,2,No
8222,8222,2025-04-27,2025-05-02,2025-05-01,RapidX Logistics,Hyderabad,Delivered,1,141.32,nan,0,No
8223,8223,2025-04-01,2025-04-03,2025-04-03,BlueRoute Express,Mumbai,Delivered,1,125.4,nan,0,No
8224,8224,2025-05-16,2025-05-18,2025-05-17,BlueRoute Express,Mumbai,Delivered,3,93.11,nan,1,No
8225,8225,2025-06-03,2025-06-07,2025-06-06,SwiftKart Logistics,Kolkata,Delivered,1,148.24,nan,7,Yes
8226,8226,2025-07-29,2025-08-02,2025-08-01,RapidX Logistics,Bengaluru,Delivered,3,107.06,nan,4,Yes
8227,8227,2025-08-19,2025-08-24,2025-08-23,SwiftKart Logistics,Kolkata,Delivered,1,105.51,nan,5,Yes
8228,8228,2025-09-19,2025-09-22,2025-09-21,QuickShip India,Bengaluru,Delivered,1,166.86,nan,0,No
8229,8229,2025-10-20,2025-10-22,2025-10-20,RapidX Logistics,Bengaluru,Delivered,3,68.89,nan,2,No
8230,8230,2025-11-10,2025-11-12,2025-11-12,SwiftKart Logistics,Chennai,Delivered,3,162.5,nan,3,Yes
8231,8231,2025-12-23,2025-12-27,2025-12-26,ParcelOne,Mumbai,Delivered,1,70.12,nan,3,Yes
8232,8232,2025-12-28,2026-01-01,2025-12-30,QuickShip India,Hyderabad,Delivered,1,70.24,nan,3,Yes
8233,8233,2026-01-27,2026-01-31,2026-01-31,MetroDeliver,Hyderabad,Delivered,3,52.16,nan,1,No
8234,8234,2026-02-26,2026-03-01,2026-03-01,SwiftKart Logistics,Kolkata,Delivered,2,56.89,nan,5,Yes
8235,8235,2026-04-11,2026-04-15,2026-04-15,SwiftKart Logistics,Mumbai,Delivered,1,82.69,nan,7,Yes
8236,8236,2026-05-12,2026-05-16,2026-05-15,RapidX Logistics,Hyderabad,Delivered,1,141.99,nan,2,No
8237,8237,2026-06-02,2026-06-07,2026-06-06,BlueRoute Express,Chennai,Delivered,1,53.91,nan,7,Yes
8238,8238,2026-06-19,2026-06-24,2026-06-23,BlueRoute Express,Hyderabad,Delivered,3,170.99,nan,6,Yes
8239,8239,2025-11-29,2025-12-04,2025-12-02,SwiftKart Logistics,Hyderabad,Delivered,1,165.93,nan,3,Yes
8240,8240,2026-01-02,2026-01-06,,BlueRoute Express,Delhi,In Transit,2,165.13,nan,1,No
8241,8241,2026-02-09,2026-02-14,2026-02-14,QuickShip India,Chennai,Delivered,2,97.49,nan,4,Yes
8242,8242,2026-03-13,2026-03-17,,ParcelOne,Mumbai,In Transit,2,153.52,nan,3,Yes
8243,8243,2026-04-07,2026-04-11,2026-04-10,ParcelOne,Mumbai,Delivered,2,107.78,nan,0,No
8244,8244,2025-02-12,2025-02-17,2025-02-17,RapidX Logistics,Chennai,Delivered,1,176.18,nan,3,Yes
8245,8245,2025-03-10,2025-03-13,2025-03-12,BlueRoute Express,Bengaluru,Delivered,3,121.59,nan,4,Yes
8246,8246,2025-08-23,2025-08-28,2025-08-28,MetroDeliver,Kolkata,Delivered,2,131.77,nan,7,Yes
8247,8247,2025-09-07,2025-09-09,2025-09-09,ParcelOne,Hyderabad,Delivered,3,156.47,nan,-1,No
8248,8248,2025-10-13,2025-10-17,,BlueRoute Express,Mumbai,In Transit,3,131.1,nan,3,Yes
8249,8249,2025-11-18,2025-11-22,2025-11-22,SwiftKart Logistics,Kolkata,Delivered,2,167.67,nan,-1,No
8250,8250,2025-12-17,2025-12-21,2025-12-21,BlueRoute Express,Chennai,Delivered,1,126.18,nan,3,Yes
8251,8251,2026-01-08,2026-01-10,2026-01-08,SwiftKart Logistics,Delhi,Delivered,3,140.75,nan,4,Yes
8252,8252,2026-02-01,2026-02-06,2026-02-05,SwiftKart Logistics,Hyderabad,Delivered,1,157.97,nan,2,No
8253,8253,2025-04-27,2025-04-30,,SwiftKart Logistics,Bengaluru,In Transit,1,50.07,nan,6,Yes
8254,8254,2025-05-23,2025-05-27,2025-05-26,QuickShip India,Chennai,Delivered,1,178.93,nan,-1,No
8255,8255,2025-02-07,2025-02-11,2025-02-10,BlueRoute Express,Bengaluru,Delivered,3,165.3,nan,-1,No
8256,8256,2025-03-04,2025-03-07,2025-03-06,SwiftKart Logistics,Delhi,Delivered,1,73.26,nan,0,No
8257,8257,2025-04-13,2025-04-16,2025-04-16,ParcelOne,Chennai,Delivered,3,159.36,nan,5,Yes
8258,8258,2025-05-15,2025-05-20,2025-05-19,MetroDeliver,Bengaluru,Delivered,1,96.13,nan,-1,No
8259,8259,2025-06-29,2025-07-02,2025-06-30,QuickShip India,Kolkata,Delivered,1,148.31,nan,0,No
8260,8260,2025-08-10,2025-08-15,2025-08-15,MetroDeliver,Delhi,Delivered,3,66.48,nan,0,No
8261,8261,2026-07-09,2026-07-13,2026-07-12,BlueRoute Express,Bengaluru,Delivered,1,106.45,nan,5,Yes
8262,8262,2025-03-10,2025-03-12,2025-03-11,ParcelOne,Bengaluru,Delivered,3,83.6,nan,2,No
8263,8263,2025-04-12,2025-04-15,2025-04-14,BlueRoute Express,Bengaluru,Delivered,2,128.99,nan,1,No
8264,8264,2026-04-01,2026-04-06,2026-04-05,SwiftKart Logistics,Hyderabad,Delivered,3,100.5,nan,2,No
8265,8265,2025-01-14,2025-01-17,2025-01-16,ParcelOne,Hyderabad,Delivered,3,60.72,nan,2,No
8266,8266,2025-02-23,2025-02-28,2025-02-28,RapidX Logistics,Delhi,Delivered,3,140.53,nan,-1,No
8267,8267,2025-04-06,2025-04-11,2025-04-10,ParcelOne,Kolkata,Delivered,3,153.6,nan,1,No
8268,8268,2025-05-21,2025-05-24,,ParcelOne,Mumbai,In Transit,1,46.82,nan,4,Yes
8269,8269,2024-12-17,2024-12-21,,RapidX Logistics,Bengaluru,In Transit,3,83.5,nan,-1,No
8270,8270,2025-01-22,2025-01-26,2025-01-25,QuickShip India,Chennai,Delivered,1,152.71,nan,6,Yes
8271,8271,2025-03-07,2025-03-12,2025-03-11,RapidX Logistics,Mumbai,Delivered,2,42.52,nan,2,No
8272,8272,2025-07-30,2025-08-01,,BlueRoute Express,Mumbai,In Transit,3,40.27,nan,7,Yes
8273,8273,2025-08-18,2025-08-22,2025-08-21,QuickShip India,Chennai,Delivered,3,55.35,nan,7,Yes
8274,8274,2025-09-09,2025-09-14,2025-09-13,BlueRoute Express,Hyderabad,Delivered,3,88.94,nan,5,Yes
8275,8275,2025-09-29,2025-10-02,,RapidX Logistics,Kolkata,In Transit,1,168.02,nan,7,Yes
8276,8276,2025-11-08,2025-11-12,2025-11-11,RapidX Logistics,Kolkata,Delivered,2,51.39,nan,7,Yes
8277,8277,2025-12-16,2025-12-18,2025-12-17,ParcelOne,Mumbai,Delivered,1,113.98,nan,6,Yes
8278,8278,2026-01-06,2026-01-10,2026-01-10,MetroDeliver,Delhi,Delivered,3,64.33,nan,6,Yes
8279,8279,2024-11-27,2024-12-02,,BlueRoute Express,Delhi,In Transit,3,176.11,nan,-1,No
8280,8280,2024-12-26,2024-12-29,2024-12-28,SwiftKart Logistics,Hyderabad,Delivered,3,127.55,nan,-1,No
8281,8281,2025-01-18,2025-01-22,,MetroDeliver,Chennai,In Transit,2,75.3,nan,7,Yes
8282,8282,2025-02-12,2025-02-16,,RapidX Logistics,Hyderabad,In Transit,2,107.35,nan,6,Yes
8283,8283,2025-03-11,2025-03-13,2025-03-13,BlueRoute Express,Kolkata,Delivered,1,86.75,nan,2,No
8284,8284,2025-08-03,2025-08-05,2025-08-04,QuickShip India,Chennai,Delivered,2,134.2,nan,7,Yes
8285,8285,2025-08-22,2025-08-24,2025-08-23,RapidX Logistics,Bengaluru,Delivered,3,78.69,nan,4,Yes
8286,8286,2025-09-10,2025-09-14,2025-09-13,BlueRoute Express,Hyderabad,Delivered,1,79.15,nan,0,No
8287,8287,2025-10-19,2025-10-22,2025-10-21,SwiftKart Logistics,Hyderabad,Delivered,3,40.91,nan,6,Yes
8288,8288,2025-12-27,2026-01-01,2025-12-31,SwiftKart Logistics,Delhi,Delivered,3,154.72,nan,2,No
8289,8289,2026-01-11,2026-01-16,2026-01-15,MetroDeliver,Mumbai,Delivered,3,43.48,nan,1,No
8290,8290,2024-10-18,2024-10-23,2024-10-22,QuickShip India,Bengaluru,Delivered,2,80.38,nan,3,Yes
8291,8291,2024-11-30,2024-12-02,2024-12-02,QuickShip India,Bengaluru,Delivered,1,172.88,nan,5,Yes
8292,8292,2024-12-24,2024-12-28,2024-12-27,MetroDeliver,Hyderabad,Delivered,3,85.4,nan,-1,No
8293,8293,2025-01-11,2025-01-14,2025-01-13,ParcelOne,Mumbai,Delivered,2,131.81,nan,0,No
8294,8294,2024-09-13,2024-09-17,2024-09-16,SwiftKart Logistics,Mumbai,Delivered,3,68.51,nan,2,No
8295,8295,2024-10-16,2024-10-18,2024-10-18,BlueRoute Express,Kolkata,Delivered,2,118.94,nan,0,No
8296,8296,2024-11-24,2024-11-28,,BlueRoute Express,Hyderabad,In Transit,1,78.36,nan,3,Yes
8297,8297,2025-01-05,2025-01-09,2025-01-09,MetroDeliver,Bengaluru,Delivered,2,152.12,nan,3,Yes
8298,8298,2025-02-07,2025-02-11,,RapidX Logistics,Chennai,In Transit,2,59.33,nan,-1,No
8299,8299,2025-03-06,2025-03-08,2025-03-07,ParcelOne,Delhi,Delivered,3,142.02,nan,4,Yes
8300,8300,2025-04-12,2025-04-15,2025-04-14,MetroDeliver,Chennai,Delivered,2,99.17,nan,3,Yes
8301,8301,2025-07-01,2025-07-04,2025-07-03,MetroDeliver,Delhi,Delivered,3,43.22,nan,3,Yes
8302,8302,2025-08-09,2025-08-11,2025-08-10,RapidX Logistics,Kolkata,Delivered,3,83.7,nan,2,No
8303,8303,2025-08-30,2025-09-04,2025-09-04,BlueRoute Express,Chennai,Delivered,2,155.94,nan,2,No
8304,8304,2025-09-22,2025-09-25,2025-09-24,SwiftKart Logistics,Hyderabad,Delivered,2,70.62,nan,7,Yes
8305,8305,2025-10-22,2025-10-26,2025-10-25,ParcelOne,Chennai,Delivered,2,86.6,nan,0,No
8306,8306,2025-12-02,2025-12-06,2025-12-06,ParcelOne,Delhi,Delivered,3,117.0,nan,-1,No
8307,8307,2025-12-17,2025-12-22,2025-12-22,RapidX Logistics,Chennai,Delivered,1,68.19,nan,3,Yes
8308,8308,2026-03-14,2026-03-18,,SwiftKart Logistics,Mumbai,In Transit,1,116.49,nan,5,Yes
8309,8309,2026-04-21,2026-04-26,2026-04-25,ParcelOne,Chennai,Delivered,2,167.82,nan,3,Yes
8310,8310,2026-05-25,2026-05-28,2026-05-28,SwiftKart Logistics,Hyderabad,Delivered,2,76.9,nan,2,No
8311,8311,2026-07-04,2026-07-07,2026-07-06,BlueRoute Express,Hyderabad,Delivered,3,97.64,nan,1,No
8312,8312,2026-02-09,2026-02-12,2026-02-11,BlueRoute Express,Delhi,Delivered,2,122.42,nan,-1,No
8313,8313,2026-03-10,2026-03-14,2026-03-14,RapidX Logistics,Mumbai,Delivered,2,133.74,nan,6,Yes
8314,8314,2026-03-26,2026-03-29,2026-03-28,MetroDeliver,Chennai,Delivered,1,99.88,nan,4,Yes
8315,8315,2026-05-02,2026-05-07,2026-05-07,QuickShip India,Mumbai,Delivered,3,104.51,nan,7,Yes
8316,8316,2025-04-15,2025-04-18,2025-04-18,SwiftKart Logistics,Mumbai,Delivered,1,56.6,nan,1,No
8317,8317,2025-05-04,2025-05-09,2025-05-09,BlueRoute Express,Mumbai,Delivered,1,72.84,nan,0,No
8318,8318,2025-05-27,2025-05-29,2025-05-27,SwiftKart Logistics,Bengaluru,Delivered,1,65.33,nan,5,Yes
8319,8319,2025-06-27,2025-06-30,2025-06-29,MetroDeliver,Delhi,Delivered,2,151.04,nan,3,Yes
8320,8320,2025-08-08,2025-08-10,2025-08-10,RapidX Logistics,Hyderabad,Delivered,3,151.0,nan,-1,No
8321,8321,2025-05-31,2025-06-03,2025-06-01,MetroDeliver,Chennai,Delivered,1,126.27,nan,2,No
8322,8322,2025-06-30,2025-07-04,2025-07-02,QuickShip India,Chennai,Delivered,1,104.58,nan,4,Yes
8323,8323,2025-07-23,2025-07-28,2025-07-28,BlueRoute Express,Delhi,Delivered,1,155.44,nan,4,Yes
8324,8324,2025-01-02,2025-01-06,2025-01-05,ParcelOne,Mumbai,Delivered,1,109.17,nan,-1,No
8325,8325,2025-01-19,2025-01-21,2025-01-20,QuickShip India,Bengaluru,Delivered,3,54.33,nan,3,Yes
8326,8326,2025-02-13,2025-02-16,2025-02-16,ParcelOne,Hyderabad,Delivered,1,82.5,nan,0,No
8327,8327,2025-03-18,2025-03-22,2025-03-21,RapidX Logistics,Mumbai,Delivered,1,41.61,nan,6,Yes
8328,8328,2025-04-26,2025-04-30,2025-04-29,RapidX Logistics,Delhi,Delivered,3,114.87,nan,2,No
8329,8329,2025-06-07,2025-06-11,,QuickShip India,Chennai,In Transit,2,54.81,nan,6,Yes
8330,8330,2025-06-30,2025-07-02,2025-07-02,ParcelOne,Chennai,Delivered,3,118.87,nan,7,Yes
8331,8331,2025-09-27,2025-09-30,2025-09-29,RapidX Logistics,Bengaluru,Delivered,2,60.69,nan,7,Yes
8332,8332,2025-10-14,2025-10-17,2025-10-17,MetroDeliver,Delhi,Delivered,2,116.37,nan,4,Yes
8333,8333,2025-11-28,2025-12-01,2025-12-01,MetroDeliver,Kolkata,Delivered,3,139.54,nan,5,Yes
8334,8334,2026-01-04,2026-01-08,2026-01-07,MetroDeliver,Chennai,Delivered,1,42.47,nan,5,Yes
8335,8335,2026-02-03,2026-02-08,2026-02-08,RapidX Logistics,Chennai,Delivered,1,149.26,nan,0,No
8336,8336,2026-03-19,2026-03-23,2026-03-22,BlueRoute Express,Kolkata,Delivered,3,126.63,nan,-1,No
8337,8337,2025-07-06,2025-07-09,2025-07-08,QuickShip India,Delhi,Delivered,2,68.73,nan,0,No
8338,8338,2024-08-24,2024-08-29,2024-08-29,MetroDeliver,Mumbai,Delivered,3,89.5,nan,2,No
8339,8339,2024-10-06,2024-10-08,2024-10-08,QuickShip India,Chennai,Delivered,3,156.73,nan,3,Yes
8340,8340,2024-10-25,2024-10-27,2024-10-26,SwiftKart Logistics,Chennai,Delivered,1,112.75,nan,2,No
8341,8341,2024-11-15,2024-11-20,2024-11-19,QuickShip India,Kolkata,Delivered,2,131.94,nan,1,No
8342,8342,2024-12-01,2024-12-05,,RapidX Logistics,Delhi,In Transit,3,144.47,nan,4,Yes
8343,8343,2025-01-03,2025-01-06,,MetroDeliver,Mumbai,In Transit,1,91.76,nan,3,Yes
8344,8344,2025-01-21,2025-01-23,2025-01-22,BlueRoute Express,Bengaluru,Delivered,3,168.56,nan,7,Yes
8345,8345,2024-12-12,2024-12-16,2024-12-14,ParcelOne,Hyderabad,Delivered,1,88.39,nan,1,No
8346,8346,2025-01-04,2025-01-06,2025-01-05,RapidX Logistics,Hyderabad,Delivered,3,52.86,nan,6,Yes
8347,8347,2025-02-08,2025-02-11,2025-02-09,RapidX Logistics,Kolkata,Delivered,1,133.37,nan,3,Yes
8348,8348,2025-03-23,2025-03-26,2025-03-25,MetroDeliver,Hyderabad,Delivered,3,51.72,nan,5,Yes
8349,8349,2025-04-15,2025-04-17,2025-04-16,MetroDeliver,Bengaluru,Delivered,3,170.36,nan,2,No
8350,8350,2025-05-19,2025-05-23,2025-05-21,RapidX Logistics,Delhi,Delivered,1,51.11,nan,1,No
8351,8351,2025-06-10,2025-06-12,2025-06-11,ParcelOne,Mumbai,Delivered,1,105.34,nan,2,No
8352,8352,2025-03-22,2025-03-26,2025-03-25,RapidX Logistics,Kolkata,Delivered,1,108.1,nan,-1,No
8353,8353,2025-05-04,2025-05-07,,RapidX Logistics,Hyderabad,In Transit,3,141.18,nan,3,Yes
8354,8354,2025-06-01,2025-06-04,,MetroDeliver,Kolkata,In Transit,2,168.75,nan,0,No
8355,8355,2025-07-04,2025-07-06,2025-07-06,MetroDeliver,Kolkata,Delivered,1,71.22,nan,6,Yes
8356,8356,2025-08-10,2025-08-12,2025-08-11,ParcelOne,Hyderabad,Delivered,1,107.87,nan,6,Yes
8357,8357,2025-09-19,2025-09-22,2025-09-21,RapidX Logistics,Hyderabad,Delivered,3,125.5,nan,3,Yes
8358,8358,2026-06-18,2026-06-21,2026-06-19,SwiftKart Logistics,Kolkata,Delivered,1,150.06,nan,1,No
8359,8359,2026-07-25,2026-07-30,2026-07-29,BlueRoute Express,Hyderabad,Delivered,1,69.57,nan,6,Yes
8360,8360,2026-03-20,2026-03-24,2026-03-24,ParcelOne,Chennai,Delivered,1,73.54,nan,7,Yes
8361,8361,2026-05-01,2026-05-04,2026-05-03,ParcelOne,Delhi,Delivered,1,139.85,nan,2,No
8362,8362,2025-04-29,2025-05-01,2025-04-30,MetroDeliver,Delhi,Delivered,3,135.2,nan,4,Yes
8363,8363,2025-06-10,2025-06-13,2025-06-12,MetroDeliver,Chennai,Delivered,2,73.48,nan,6,Yes
8364,8364,2024-08-28,2024-08-30,,BlueRoute Express,Delhi,In Transit,2,74.36,nan,5,Yes
8365,8365,2024-09-24,2024-09-26,2024-09-25,BlueRoute Express,Chennai,Delivered,2,72.57,nan,2,No
8366,8366,2024-11-07,2024-11-10,2024-11-09,RapidX Logistics,Delhi,Delivered,2,138.4,nan,6,Yes
8367,8367,2025-10-28,2025-10-30,2025-10-30,RapidX Logistics,Delhi,Delivered,3,55.61,nan,5,Yes
8368,8368,2025-12-11,2025-12-16,2025-12-15,BlueRoute Express,Mumbai,Delivered,2,41.27,nan,7,Yes
8369,8369,2025-12-28,2026-01-01,2025-12-31,SwiftKart Logistics,Delhi,Delivered,1,90.29,nan,4,Yes
8370,8370,2026-02-03,2026-02-08,2026-02-07,QuickShip India,Bengaluru,Delivered,1,82.58,nan,2,No
8371,8371,2026-03-19,2026-03-21,,QuickShip India,Bengaluru,In Transit,2,77.45,nan,6,Yes
8372,8372,2026-06-08,2026-06-13,2026-06-12,ParcelOne,Delhi,Delivered,2,45.46,nan,-1,No
8373,8373,2026-07-07,2026-07-09,2026-07-08,ParcelOne,Bengaluru,Delivered,1,112.08,nan,3,Yes
8374,8374,2026-08-12,2026-08-15,2026-08-13,MetroDeliver,Chennai,Delivered,1,82.79,nan,7,Yes
8375,8375,2024-08-04,2024-08-09,2024-08-09,RapidX Logistics,Chennai,Delivered,1,117.38,nan,0,No
8376,8376,2024-09-23,2024-09-26,2024-09-25,BlueRoute Express,Delhi,Delivered,2,70.26,nan,4,Yes
8377,8377,2026-02-20,2026-02-24,,RapidX Logistics,Mumbai,In Transit,3,123.7,nan,7,Yes
8378,8378,2026-03-15,2026-03-18,2026-03-17,BlueRoute Express,Kolkata,Delivered,2,94.45,nan,1,No
8379,8379,2026-04-17,2026-04-22,2026-04-21,ParcelOne,Delhi,Delivered,3,48.07,nan,1,No
8380,8380,2026-06-01,2026-06-06,2026-06-05,BlueRoute Express,Bengaluru,Delivered,1,91.65,nan,1,No
8381,8381,2026-06-16,2026-06-21,2026-06-20,MetroDeliver,Delhi,Delivered,1,43.09,nan,-1,No
8382,8382,2026-07-31,2026-08-03,2026-08-03,QuickShip India,Mumbai,Delivered,1,84.9,nan,5,Yes
8383,8383,2026-07-31,2026-08-04,2026-08-03,ParcelOne,Delhi,Delivered,1,150.64,nan,5,Yes
8384,8384,2025-06-28,2025-06-30,2025-06-29,ParcelOne,Hyderabad,Delivered,1,129.38,nan,6,Yes
8385,8385,2025-08-02,2025-08-05,2025-08-05,BlueRoute Express,Kolkata,Delivered,2,129.13,nan,3,Yes
8386,8386,2025-08-29,2025-08-31,2025-08-30,BlueRoute Express,Delhi,Delivered,1,156.25,nan,0,No
8387,8387,2025-10-03,2025-10-05,,QuickShip India,Hyderabad,In Transit,1,63.14,nan,-1,No
8388,8388,2025-01-02,2025-01-05,,QuickShip India,Bengaluru,In Transit,3,173.21,nan,4,Yes
8389,8389,2025-02-13,2025-02-16,2025-02-15,SwiftKart Logistics,Delhi,Delivered,1,59.85,nan,4,Yes
8390,8390,2025-03-16,2025-03-21,2025-03-20,BlueRoute Express,Bengaluru,Delivered,1,46.31,nan,3,Yes
8391,8391,2025-04-23,2025-04-27,2025-04-27,SwiftKart Logistics,Delhi,Delivered,1,163.05,nan,4,Yes
8392,8392,2025-05-30,2025-06-01,,SwiftKart Logistics,Delhi,In Transit,3,102.55,nan,4,Yes
8393,8393,2025-07-11,2025-07-16,2025-07-15,SwiftKart Logistics,Chennai,Delivered,3,165.64,nan,-1,No
8394,8394,2024-12-27,2025-01-01,2024-12-31,SwiftKart Logistics,Bengaluru,Delivered,3,58.83,nan,3,Yes
8395,8395,2025-01-28,2025-01-31,2025-01-30,ParcelOne,Delhi,Delivered,3,137.78,nan,3,Yes
8396,8396,2025-02-27,2025-03-02,2025-03-01,MetroDeliver,Chennai,Delivered,3,91.03,nan,-1,No
8397,8397,2025-03-15,2025-03-17,2025-03-16,SwiftKart Logistics,Chennai,Delivered,2,44.69,nan,0,No
8398,8398,2025-04-16,2025-04-19,2025-04-17,RapidX Logistics,Delhi,Delivered,1,132.71,nan,-1,No
8399,8399,2025-05-10,2025-05-12,2025-05-12,BlueRoute Express,Bengaluru,Delivered,1,73.97,nan,2,No
8400,8400,2024-10-23,2024-10-28,2024-10-27,BlueRoute Express,Chennai,Delivered,2,128.62,nan,7,Yes
8401,8401,2024-11-30,2024-12-02,2024-12-02,BlueRoute Express,Bengaluru,Delivered,3,104.92,nan,4,Yes
8402,8402,2024-12-23,2024-12-27,,BlueRoute Express,Kolkata,In Transit,3,158.01,nan,4,Yes
8403,8403,2025-01-10,2025-01-15,2025-01-14,MetroDeliver,Mumbai,Delivered,1,127.49,nan,6,Yes
8404,8404,2026-06-27,2026-07-01,2026-06-30,BlueRoute Express,Bengaluru,Delivered,2,147.32,nan,6,Yes
8405,8405,2026-07-25,2026-07-29,2026-07-29,SwiftKart Logistics,Chennai,Delivered,3,65.03,nan,0,No
8406,8406,2024-10-26,2024-10-28,2024-10-27,RapidX Logistics,Hyderabad,Delivered,3,116.93,nan,4,Yes
8407,8407,2024-11-28,2024-11-30,2024-11-30,BlueRoute Express,Bengaluru,Delivered,3,157.5,nan,6,Yes
8408,8408,2024-09-29,2024-10-01,2024-09-30,ParcelOne,Mumbai,Delivered,1,145.77,nan,-1,No
8409,8409,2024-10-16,2024-10-20,2024-10-20,ParcelOne,Hyderabad,Delivered,2,57.65,nan,6,Yes
8410,8410,2024-11-14,2024-11-18,2024-11-17,ParcelOne,Bengaluru,Delivered,3,111.89,nan,0,No
8411,8411,2024-12-11,2024-12-14,2024-12-12,BlueRoute Express,Bengaluru,Delivered,3,109.65,nan,4,Yes
8412,8412,2025-01-14,2025-01-16,2025-01-15,MetroDeliver,Hyderabad,Delivered,1,139.24,nan,0,No
8413,8413,2025-02-07,2025-02-11,2025-02-11,MetroDeliver,Bengaluru,Delivered,3,162.45,nan,4,Yes
8414,8414,2025-03-09,2025-03-14,2025-03-13,ParcelOne,Mumbai,Delivered,2,113.27,nan,2,No
8415,8415,2025-09-19,2025-09-23,2025-09-22,BlueRoute Express,Delhi,Delivered,2,43.27,nan,0,No
8416,8416,2025-10-30,2025-11-04,2025-11-03,RapidX Logistics,Mumbai,Delivered,2,134.1,nan,0,No
8417,8417,2025-12-06,2025-12-10,2025-12-10,MetroDeliver,Bengaluru,Delivered,2,147.96,nan,0,No
8418,8418,2025-12-27,2025-12-30,2025-12-29,BlueRoute Express,Delhi,Delivered,3,94.92,nan,3,Yes
8419,8419,2026-02-05,2026-02-09,2026-02-07,ParcelOne,Delhi,Delivered,2,177.5,nan,7,Yes
8420,8420,2026-03-16,2026-03-19,,MetroDeliver,Hyderabad,In Transit,2,169.9,nan,4,Yes
8421,8421,2026-04-03,2026-04-08,2026-04-07,MetroDeliver,Mumbai,Delivered,2,89.71,nan,1,No
8422,8422,2026-05-14,2026-05-19,2026-05-18,QuickShip India,Hyderabad,Delivered,2,154.53,nan,1,No
8423,8423,2025-06-20,2025-06-24,2025-06-23,SwiftKart Logistics,Bengaluru,Delivered,1,162.57,nan,1,No
8424,8424,2025-07-26,2025-07-28,2025-07-27,SwiftKart Logistics,Kolkata,Delivered,1,105.5,nan,7,Yes
8425,8425,2025-08-16,2025-08-19,2025-08-18,ParcelOne,Bengaluru,Delivered,1,86.19,nan,6,Yes
8426,8426,2025-09-26,2025-09-29,2025-09-28,ParcelOne,Mumbai,Delivered,2,90.03,nan,5,Yes
8427,8427,2026-03-18,2026-03-20,2026-03-20,QuickShip India,Chennai,Delivered,1,172.32,nan,5,Yes
8428,8428,2026-04-20,2026-04-23,2026-04-22,SwiftKart Logistics,Hyderabad,Delivered,2,126.49,nan,0,No
8429,8429,2026-05-17,2026-05-19,2026-05-19,BlueRoute Express,Delhi,Delivered,3,44.2,nan,-1,No
8430,8430,2026-06-04,2026-06-08,2026-06-07,MetroDeliver,Mumbai,Delivered,3,82.02,nan,0,No
8431,8431,2026-07-10,2026-07-12,2026-07-11,BlueRoute Express,Kolkata,Delivered,2,162.41,nan,1,No
8432,8432,2025-05-17,2025-05-19,2025-05-19,BlueRoute Express,Bengaluru,Delivered,1,161.02,nan,4,Yes
8433,8433,2025-06-11,2025-06-15,2025-06-14,BlueRoute Express,Mumbai,Delivered,1,46.52,nan,3,Yes
8434,8434,2025-07-01,2025-07-03,2025-07-02,BlueRoute Express,Chennai,Delivered,2,97.27,nan,1,No
8435,8435,2025-08-04,2025-08-06,2025-08-05,ParcelOne,Hyderabad,Delivered,2,55.73,nan,2,No
8436,8436,2025-08-18,2025-08-21,2025-08-20,ParcelOne,Delhi,Delivered,3,104.61,nan,-1,No
8437,8437,2025-09-29,2025-10-03,2025-10-02,MetroDeliver,Hyderabad,Delivered,2,49.52,nan,3,Yes
8438,8438,2025-11-03,2025-11-07,2025-11-07,RapidX Logistics,Chennai,Delivered,2,88.23,nan,5,Yes
8439,8439,2025-12-07,2025-12-11,2025-12-10,RapidX Logistics,Bengaluru,Delivered,3,98.93,nan,6,Yes
8440,8440,2026-01-20,2026-01-24,,RapidX Logistics,Kolkata,In Transit,2,42.42,nan,0,No
8441,8441,2026-02-16,2026-02-20,2026-02-19,BlueRoute Express,Kolkata,Delivered,2,164.38,nan,3,Yes
8442,8442,2026-03-29,2026-04-01,2026-03-30,BlueRoute Express,Hyderabad,Delivered,2,176.74,nan,3,Yes
8443,8443,2026-05-03,2026-05-06,2026-05-05,MetroDeliver,Mumbai,Delivered,1,179.9,nan,4,Yes
8444,8444,2024-11-12,2024-11-16,2024-11-16,MetroDeliver,Bengaluru,Delivered,2,62.47,nan,4,Yes
8445,8445,2024-11-30,2024-12-05,2024-12-04,RapidX Logistics,Delhi,Delivered,2,150.71,nan,6,Yes
8446,8446,2024-12-17,2024-12-22,2024-12-22,MetroDeliver,Kolkata,Delivered,1,78.03,nan,0,No
8447,8447,2025-01-25,2025-01-30,2025-01-29,RapidX Logistics,Kolkata,Delivered,1,62.03,nan,4,Yes
8448,8448,2025-03-11,2025-03-13,2025-03-12,ParcelOne,Mumbai,Delivered,3,119.09,nan,5,Yes
8449,8449,2024-12-24,2024-12-28,2024-12-28,RapidX Logistics,Hyderabad,Delivered,1,161.62,nan,2,No
8450,8450,2025-01-26,2025-01-30,,RapidX Logistics,Bengaluru,In Transit,3,79.59,nan,2,No
8451,8451,2026-06-30,2026-07-03,2026-07-01,BlueRoute Express,Bengaluru,Delivered,3,63.6,nan,2,No
8452,8452,2026-07-31,2026-08-05,2026-08-04,ParcelOne,Chennai,Delivered,3,149.71,nan,7,Yes
8453,8453,2026-04-23,2026-04-28,2026-04-27,SwiftKart Logistics,Delhi,Delivered,2,168.91,nan,2,No
8454,8454,2026-05-19,2026-05-24,2026-05-24,QuickShip India,Bengaluru,Delivered,1,155.86,nan,3,Yes
8455,8455,2025-07-01,2025-07-03,2025-07-03,MetroDeliver,Kolkata,Delivered,2,87.55,nan,4,Yes
8456,8456,2025-07-30,2025-08-03,2025-08-02,MetroDeliver,Delhi,Delivered,2,106.13,nan,2,No
8457,8457,2025-09-04,2025-09-08,2025-09-08,SwiftKart Logistics,Delhi,Delivered,1,55.61,nan,-1,No
8458,8458,2025-10-06,2025-10-11,2025-10-11,ParcelOne,Chennai,Delivered,1,74.64,nan,7,Yes
8459,8459,2025-11-02,2025-11-06,,RapidX Logistics,Mumbai,In Transit,3,49.41,nan,1,No
8460,8460,2025-11-22,2025-11-24,2025-11-23,ParcelOne,Mumbai,Delivered,2,112.24,nan,5,Yes
8461,8461,2026-06-26,2026-07-01,2026-06-30,SwiftKart Logistics,Hyderabad,Delivered,3,53.02,nan,3,Yes
8462,8462,2026-07-28,2026-08-02,2026-08-01,SwiftKart Logistics,Bengaluru,Delivered,3,51.56,nan,3,Yes
8463,8463,2024-08-26,2024-08-30,2024-08-30,ParcelOne,Mumbai,Delivered,3,79.51,nan,3,Yes
8464,8464,2024-09-12,2024-09-17,2024-09-17,QuickShip India,Chennai,Delivered,3,70.05,nan,5,Yes
8465,8465,2024-10-22,2024-10-27,2024-10-27,QuickShip India,Kolkata,Delivered,2,147.2,nan,5,Yes
8466,8466,2024-11-23,2024-11-28,2024-11-27,RapidX Logistics,Bengaluru,Delivered,1,162.09,nan,0,No
8467,8467,2024-12-23,2024-12-26,2024-12-25,BlueRoute Express,Bengaluru,Delivered,1,171.64,nan,4,Yes
8468,8468,2025-01-28,2025-02-02,2025-02-01,MetroDeliver,Delhi,Delivered,2,138.1,nan,1,No
8469,8469,2025-02-25,2025-02-28,2025-02-28,RapidX Logistics,Kolkata,Delivered,1,136.86,nan,6,Yes
8470,8470,2025-12-07,2025-12-11,2025-12-10,MetroDeliver,Mumbai,Delivered,1,179.4,nan,4,Yes
8471,8471,2026-01-20,2026-01-25,2026-01-24,BlueRoute Express,Kolkata,Delivered,3,161.68,nan,5,Yes
8472,8472,2026-02-28,2026-03-05,2026-03-05,SwiftKart Logistics,Mumbai,Delivered,2,133.21,nan,5,Yes
8473,8473,2026-04-05,2026-04-08,2026-04-07,BlueRoute Express,Bengaluru,Delivered,3,66.96,nan,-1,No
8474,8474,2026-05-14,2026-05-16,2026-05-15,QuickShip India,Hyderabad,Delivered,3,165.67,nan,1,No
8475,8475,2025-11-24,2025-11-28,,SwiftKart Logistics,Kolkata,In Transit,1,90.4,nan,0,No
8476,8476,2025-12-25,2025-12-30,2025-12-29,RapidX Logistics,Mumbai,Delivered,3,120.65,nan,-1,No
8477,8477,2024-10-21,2024-10-25,2024-10-24,SwiftKart Logistics,Mumbai,Delivered,2,124.72,nan,7,Yes
8478,8478,2024-11-26,2024-11-28,2024-11-27,RapidX Logistics,Chennai,Delivered,1,109.62,nan,4,Yes
8479,8479,2024-09-20,2024-09-22,2024-09-21,SwiftKart Logistics,Chennai,Delivered,1,83.19,nan,7,Yes
8480,8480,2024-10-10,2024-10-15,2024-10-13,QuickShip India,Kolkata,Delivered,1,87.54,nan,6,Yes
8481,8481,2024-11-11,2024-11-16,,ParcelOne,Delhi,In Transit,3,105.08,nan,4,Yes
8482,8482,2024-12-20,2024-12-24,2024-12-24,RapidX Logistics,Delhi,Delivered,1,86.27,nan,6,Yes
8483,8483,2025-01-17,2025-01-21,2025-01-20,MetroDeliver,Mumbai,Delivered,3,72.33,nan,4,Yes
8484,8484,2024-08-17,2024-08-22,2024-08-22,MetroDeliver,Hyderabad,Delivered,3,66.41,nan,7,Yes
8485,8485,2024-09-30,2024-10-02,2024-10-01,ParcelOne,Chennai,Delivered,1,170.73,nan,0,No
8486,8486,2024-11-06,2024-11-11,2024-11-09,BlueRoute Express,Chennai,Delivered,1,162.43,nan,0,No
8487,8487,2024-11-23,2024-11-26,2024-11-25,ParcelOne,Delhi,Delivered,1,163.28,nan,6,Yes
8488,8488,2024-08-11,2024-08-16,2024-08-16,ParcelOne,Delhi,Delivered,3,175.46,nan,0,No
8489,8489,2024-09-04,2024-09-09,2024-09-08,QuickShip India,Mumbai,Delivered,3,92.52,nan,4,Yes
8490,8490,2026-04-19,2026-04-22,,RapidX Logistics,Delhi,In Transit,1,122.56,nan,0,No
8491,8491,2026-05-06,2026-05-11,,QuickShip India,Delhi,In Transit,3,51.87,nan,7,Yes
8492,8492,2026-06-14,2026-06-16,,MetroDeliver,Delhi,In Transit,2,172.79,nan,3,Yes
8493,8493,2026-07-10,2026-07-13,2026-07-12,BlueRoute Express,Bengaluru,Delivered,2,173.76,nan,5,Yes
8494,8494,2026-07-26,2026-07-29,,SwiftKart Logistics,Bengaluru,In Transit,2,62.54,nan,1,No
8495,8495,2025-12-18,2025-12-23,,RapidX Logistics,Mumbai,In Transit,2,154.09,nan,3,Yes
8496,8496,2026-01-02,2026-01-06,2026-01-06,BlueRoute Express,Bengaluru,Delivered,3,102.42,nan,0,No
8497,8497,2025-05-01,2025-05-05,2025-05-05,MetroDeliver,Hyderabad,Delivered,2,42.61,nan,4,Yes
8498,8498,2025-01-28,2025-01-31,2025-01-30,BlueRoute Express,Hyderabad,Delivered,3,119.5,nan,7,Yes
8499,8499,2025-03-02,2025-03-05,2025-03-03,QuickShip India,Hyderabad,Delivered,3,110.95,nan,4,Yes
8500,8500,2025-04-09,2025-04-14,2025-04-13,SwiftKart Logistics,Bengaluru,Delivered,1,70.18,nan,7,Yes
8501,8501,2025-05-23,2025-05-25,,QuickShip India,Chennai,In Transit,3,76.01,nan,0,No
8502,8502,2025-06-26,2025-06-30,2025-06-29,ParcelOne,Delhi,Delivered,2,109.08,nan,2,No
8503,8503,2025-04-02,2025-04-06,2025-04-04,SwiftKart Logistics,Delhi,Delivered,3,127.61,nan,3,Yes
8504,8504,2025-05-16,2025-05-19,2025-05-19,SwiftKart Logistics,Chennai,Delivered,1,88.2,nan,5,Yes
8505,8505,2025-06-22,2025-06-27,2025-06-26,SwiftKart Logistics,Delhi,Delivered,1,140.59,nan,7,Yes
8506,8506,2025-07-30,2025-08-04,2025-08-02,SwiftKart Logistics,Mumbai,Delivered,1,143.59,nan,6,Yes
8507,8507,2025-09-06,2025-09-11,2025-09-10,SwiftKart Logistics,Hyderabad,Delivered,2,106.13,nan,3,Yes
8508,8508,2026-04-09,2026-04-13,,ParcelOne,Kolkata,In Transit,3,101.37,nan,3,Yes
8509,8509,2025-07-27,2025-08-01,2025-07-31,QuickShip India,Kolkata,Delivered,3,87.38,nan,4,Yes
8510,8510,2025-08-31,2025-09-05,2025-09-05,QuickShip India,Kolkata,Delivered,2,157.26,nan,6,Yes
8511,8511,2025-01-16,2025-01-20,2025-01-19,RapidX Logistics,Delhi,Delivered,2,174.33,nan,7,Yes
8512,8512,2025-02-06,2025-02-11,2025-02-10,QuickShip India,Chennai,Delivered,2,134.5,nan,5,Yes
8513,8513,2025-11-06,2025-11-10,,MetroDeliver,Hyderabad,In Transit,2,58.42,nan,4,Yes
8514,8514,2025-12-08,2025-12-12,2025-12-12,RapidX Logistics,Delhi,Delivered,2,64.27,nan,2,No
8515,8515,2025-12-24,2025-12-28,2025-12-27,BlueRoute Express,Bengaluru,Delivered,1,50.88,nan,7,Yes
8516,8516,2026-01-31,2026-02-05,2026-02-04,BlueRoute Express,Kolkata,Delivered,3,158.5,nan,0,No
8517,8517,2026-03-08,2026-03-10,,SwiftKart Logistics,Kolkata,In Transit,3,40.29,nan,6,Yes
8518,8518,2026-03-30,2026-04-02,2026-04-01,MetroDeliver,Kolkata,Delivered,1,78.7,nan,4,Yes
8519,8519,2024-08-06,2024-08-11,2024-08-11,ParcelOne,Delhi,Delivered,2,92.29,nan,1,No
8520,8520,2024-09-04,2024-09-07,2024-09-06,MetroDeliver,Mumbai,Delivered,3,99.07,nan,5,Yes
8521,8521,2024-08-08,2024-08-12,2024-08-11,RapidX Logistics,Delhi,Delivered,3,52.9,nan,3,Yes
8522,8522,2024-08-30,2024-09-01,2024-09-01,ParcelOne,Chennai,Delivered,3,56.08,nan,6,Yes
8523,8523,2025-12-07,2025-12-10,2025-12-08,QuickShip India,Bengaluru,Delivered,3,121.67,nan,7,Yes
8524,8524,2026-06-14,2026-06-18,2026-06-16,RapidX Logistics,Chennai,Delivered,2,141.77,nan,3,Yes
8525,8525,2026-07-23,2026-07-28,2026-07-27,SwiftKart Logistics,Hyderabad,Delivered,3,134.68,nan,3,Yes
8526,8526,2024-12-26,2024-12-30,2024-12-30,QuickShip India,Mumbai,Delivered,2,45.28,nan,3,Yes
8527,8527,2025-01-11,2025-01-16,2025-01-16,BlueRoute Express,Mumbai,Delivered,2,90.29,nan,-1,No
8528,8528,2024-11-01,2024-11-03,2024-11-03,SwiftKart Logistics,Delhi,Delivered,3,102.73,nan,5,Yes
8529,8529,2026-01-10,2026-01-13,2026-01-12,RapidX Logistics,Delhi,Delivered,1,54.61,nan,4,Yes
8530,8530,2026-02-16,2026-02-20,2026-02-19,RapidX Logistics,Hyderabad,Delivered,3,145.55,nan,3,Yes
8531,8531,2026-03-22,2026-03-27,2026-03-26,ParcelOne,Bengaluru,Delivered,1,138.53,nan,1,No
8532,8532,2026-04-20,2026-04-25,2026-04-23,SwiftKart Logistics,Delhi,Delivered,2,149.94,nan,5,Yes
8533,8533,2025-11-11,2025-11-14,2025-11-13,RapidX Logistics,Hyderabad,Delivered,1,58.12,nan,4,Yes
8534,8534,2025-06-06,2025-06-10,2025-06-08,QuickShip India,Kolkata,Delivered,2,127.12,nan,5,Yes
8535,8535,2025-07-11,2025-07-14,2025-07-14,MetroDeliver,Bengaluru,Delivered,3,95.15,nan,1,No
8536,8536,2024-12-06,2024-12-10,2024-12-09,QuickShip India,Hyderabad,Delivered,1,76.01,nan,4,Yes
8537,8537,2025-01-11,2025-01-16,2025-01-16,RapidX Logistics,Bengaluru,Delivered,2,80.82,nan,3,Yes
8538,8538,2025-02-19,2025-02-24,2025-02-23,BlueRoute Express,Chennai,Delivered,1,108.68,nan,5,Yes
8539,8539,2025-06-22,2025-06-27,2025-06-27,SwiftKart Logistics,Mumbai,Delivered,2,50.56,nan,0,No
8540,8540,2025-07-16,2025-07-21,2025-07-20,QuickShip India,Bengaluru,Delivered,3,94.02,nan,5,Yes
8541,8541,2025-08-20,2025-08-25,2025-08-25,SwiftKart Logistics,Hyderabad,Delivered,2,42.72,nan,0,No
8542,8542,2025-09-24,2025-09-27,2025-09-26,BlueRoute Express,Chennai,Delivered,2,136.07,nan,3,Yes
8543,8543,2025-10-29,2025-11-01,2025-10-30,ParcelOne,Chennai,Delivered,1,125.43,nan,7,Yes
8544,8544,2025-11-19,2025-11-24,,BlueRoute Express,Mumbai,In Transit,1,145.02,nan,1,No
8545,8545,2025-12-10,2025-12-13,2025-12-12,SwiftKart Logistics,Hyderabad,Delivered,2,102.77,nan,3,Yes
8546,8546,2025-09-22,2025-09-25,,BlueRoute Express,Chennai,In Transit,1,159.66,nan,1,No
8547,8547,2025-10-11,2025-10-14,2025-10-12,RapidX Logistics,Kolkata,Delivered,3,168.95,nan,2,No
8548,8548,2025-11-13,2025-11-18,2025-11-18,ParcelOne,Kolkata,Delivered,2,59.98,nan,7,Yes
8549,8549,2025-12-05,2025-12-08,2025-12-07,ParcelOne,Hyderabad,Delivered,2,44.05,nan,2,No
8550,8550,2024-10-06,2024-10-10,2024-10-09,SwiftKart Logistics,Chennai,Delivered,1,43.95,nan,6,Yes
8551,8551,2024-10-21,2024-10-25,2024-10-24,RapidX Logistics,Chennai,Delivered,3,105.62,nan,4,Yes
8552,8552,2024-11-20,2024-11-25,2024-11-24,SwiftKart Logistics,Hyderabad,Delivered,2,87.53,nan,4,Yes
8553,8553,2024-09-19,2024-09-22,2024-09-22,SwiftKart Logistics,Kolkata,Delivered,2,123.91,nan,5,Yes
8554,8554,2024-10-29,2024-10-31,2024-10-30,MetroDeliver,Bengaluru,Delivered,1,40.08,nan,0,No
8555,8555,2025-11-27,2025-11-29,,QuickShip India,Mumbai,In Transit,3,154.53,nan,0,No
8556,8556,2025-12-25,2025-12-27,2025-12-26,MetroDeliver,Chennai,Delivered,1,164.54,nan,4,Yes
8557,8557,2026-01-10,2026-01-13,2026-01-11,QuickShip India,Bengaluru,Delivered,3,118.99,nan,5,Yes
8558,8558,2026-01-31,2026-02-05,2026-02-04,MetroDeliver,Chennai,Delivered,3,45.61,nan,0,No
8559,8559,2025-01-21,2025-01-26,2025-01-24,BlueRoute Express,Delhi,Delivered,1,117.22,nan,6,Yes
8560,8560,2025-02-23,2025-02-28,2025-02-27,BlueRoute Express,Kolkata,Delivered,2,73.67,nan,5,Yes
8561,8561,2025-03-24,2025-03-29,2025-03-28,MetroDeliver,Bengaluru,Delivered,2,113.09,nan,-1,No
8562,8562,2025-04-29,2025-05-02,2025-05-02,QuickShip India,Chennai,Delivered,1,49.12,nan,6,Yes
8563,8563,2025-06-03,2025-06-07,2025-06-06,RapidX Logistics,Bengaluru,Delivered,3,40.43,nan,1,No
8564,8564,2025-06-29,2025-07-02,2025-07-02,MetroDeliver,Chennai,Delivered,2,174.34,nan,-1,No
8565,8565,2024-12-10,2024-12-13,2024-12-12,QuickShip India,Chennai,Delivered,3,72.2,nan,7,Yes
8566,8566,2025-01-20,2025-01-23,2025-01-22,MetroDeliver,Chennai,Delivered,2,165.3,nan,4,Yes
8567,8567,2026-03-17,2026-03-21,2026-03-19,MetroDeliver,Delhi,Delivered,2,84.27,nan,3,Yes
8568,8568,2026-06-18,2026-06-22,2026-06-21,ParcelOne,Bengaluru,Delivered,3,157.07,nan,5,Yes
8569,8569,2026-07-28,2026-07-30,2026-07-29,SwiftKart Logistics,Mumbai,Delivered,3,161.99,nan,1,No
8570,8570,2026-06-13,2026-06-16,2026-06-15,BlueRoute Express,Delhi,Delivered,3,75.0,nan,6,Yes
8571,8571,2026-07-27,2026-07-29,2026-07-28,BlueRoute Express,Bengaluru,Delivered,3,48.55,nan,6,Yes
8572,8572,2026-05-19,2026-05-22,2026-05-21,SwiftKart Logistics,Mumbai,Delivered,3,64.36,nan,2,No
8573,8573,2026-06-22,2026-06-24,2026-06-24,SwiftKart Logistics,Bengaluru,Delivered,3,151.4,nan,-1,No
8574,8574,2026-07-11,2026-07-15,2026-07-15,MetroDeliver,Delhi,Delivered,1,133.34,nan,2,No
8575,8575,2025-06-05,2025-06-10,2025-06-10,BlueRoute Express,Mumbai,Delivered,2,134.39,nan,4,Yes
8576,8576,2025-07-06,2025-07-10,2025-07-09,RapidX Logistics,Delhi,Delivered,2,157.72,nan,-1,No
8577,8577,2025-07-21,2025-07-26,2025-07-26,QuickShip India,Chennai,Delivered,3,49.72,nan,1,No
8578,8578,2025-08-30,2025-09-02,2025-09-02,QuickShip India,Delhi,Delivered,1,68.82,nan,1,No
8579,8579,2025-10-05,2025-10-09,2025-10-08,MetroDeliver,Kolkata,Delivered,2,179.43,nan,2,No
8580,8580,2026-04-01,2026-04-03,,ParcelOne,Kolkata,In Transit,3,84.45,nan,3,Yes
8581,8581,2026-04-20,2026-04-23,2026-04-22,SwiftKart Logistics,Bengaluru,Delivered,1,85.29,nan,-1,No
8582,8582,2025-06-14,2025-06-17,2025-06-17,SwiftKart Logistics,Kolkata,Delivered,2,52.84,nan,0,No
8583,8583,2025-07-25,2025-07-28,2025-07-27,MetroDeliver,Chennai,Delivered,1,85.9,nan,0,No
8584,8584,2025-09-01,2025-09-04,2025-09-02,RapidX Logistics,Kolkata,Delivered,3,138.18,nan,-1,No
8585,8585,2025-10-16,2025-10-19,2025-10-18,MetroDeliver,Mumbai,Delivered,1,149.19,nan,2,No
8586,8586,2025-11-03,2025-11-08,2025-11-07,SwiftKart Logistics,Bengaluru,Delivered,1,107.75,nan,3,Yes
8587,8587,2025-12-14,2025-12-18,2025-12-16,QuickShip India,Bengaluru,Delivered,2,119.72,nan,6,Yes
8588,8588,2026-01-23,2026-01-25,2026-01-24,BlueRoute Express,Delhi,Delivered,3,130.44,nan,-1,No
8589,8589,2026-02-01,2026-02-06,2026-02-06,BlueRoute Express,Delhi,Delivered,1,176.68,nan,1,No
8590,8590,2024-09-10,2024-09-12,2024-09-11,ParcelOne,Chennai,Delivered,1,92.94,nan,1,No
8591,8591,2024-10-12,2024-10-16,2024-10-15,SwiftKart Logistics,Chennai,Delivered,2,168.04,nan,0,No
8592,8592,2024-11-12,2024-11-14,2024-11-13,MetroDeliver,Hyderabad,Delivered,1,73.64,nan,0,No
8593,8593,2025-03-18,2025-03-20,2025-03-19,RapidX Logistics,Hyderabad,Delivered,3,111.14,nan,5,Yes
8594,8594,2025-04-18,2025-04-21,2025-04-20,ParcelOne,Kolkata,Delivered,1,124.48,nan,-1,No
8595,8595,2025-05-22,2025-05-25,2025-05-25,BlueRoute Express,Chennai,Delivered,2,120.66,nan,5,Yes
8596,8596,2025-06-30,2025-07-03,2025-07-03,BlueRoute Express,Bengaluru,Delivered,3,111.18,nan,7,Yes
8597,8597,2025-08-04,2025-08-09,2025-08-08,QuickShip India,Chennai,Delivered,3,113.36,nan,1,No
8598,8598,2025-09-13,2025-09-18,2025-09-17,BlueRoute Express,Chennai,Delivered,3,145.24,nan,1,No
8599,8599,2025-10-10,2025-10-12,2025-10-11,QuickShip India,Kolkata,Delivered,3,43.97,nan,4,Yes
8600,8600,2024-12-11,2024-12-15,2024-12-13,SwiftKart Logistics,Kolkata,Delivered,2,95.92,nan,0,No
8601,8601,2025-01-24,2025-01-29,2025-01-29,QuickShip India,Hyderabad,Delivered,2,89.97,nan,1,No
8602,8602,2025-02-18,2025-02-23,2025-02-23,QuickShip India,Mumbai,Delivered,3,173.12,nan,4,Yes
8603,8603,2025-04-02,2025-04-05,2025-04-04,RapidX Logistics,Kolkata,Delivered,2,106.37,nan,1,No
8604,8604,2025-07-16,2025-07-21,2025-07-21,RapidX Logistics,Delhi,Delivered,2,179.77,nan,5,Yes
8605,8605,2025-08-27,2025-09-01,2025-08-31,QuickShip India,Delhi,Delivered,2,87.73,nan,6,Yes
8606,8606,2025-10-02,2025-10-07,2025-10-06,ParcelOne,Mumbai,Delivered,3,69.21,nan,0,No
8607,8607,2025-11-04,2025-11-07,2025-11-07,ParcelOne,Chennai,Delivered,1,87.47,nan,-1,No
8608,8608,2025-12-14,2025-12-16,2025-12-16,QuickShip India,Bengaluru,Delivered,3,117.33,nan,-1,No
8609,8609,2025-11-24,2025-11-28,2025-11-28,BlueRoute Express,Mumbai,Delivered,2,171.36,nan,4,Yes
8610,8610,2024-10-02,2024-10-04,,SwiftKart Logistics,Hyderabad,In Transit,1,128.26,nan,0,No
8611,8611,2024-10-28,2024-11-02,2024-11-01,QuickShip India,Hyderabad,Delivered,1,50.08,nan,7,Yes
8612,8612,2024-11-27,2024-12-01,2024-12-01,MetroDeliver,Bengaluru,Delivered,1,175.54,nan,3,Yes
8613,8613,2024-12-14,2024-12-19,2024-12-19,RapidX Logistics,Kolkata,Delivered,2,158.93,nan,7,Yes
8614,8614,2025-01-13,2025-01-16,,BlueRoute Express,Kolkata,In Transit,1,106.79,nan,1,No
8615,8615,2025-02-20,2025-02-24,2025-02-24,RapidX Logistics,Hyderabad,Delivered,2,176.37,nan,5,Yes
8616,8616,2024-12-06,2024-12-08,2024-12-08,SwiftKart Logistics,Bengaluru,Delivered,3,138.96,nan,7,Yes
8617,8617,2025-01-16,2025-01-18,2025-01-17,BlueRoute Express,Mumbai,Delivered,2,87.13,nan,0,No
8618,8618,2025-06-15,2025-06-18,2025-06-18,RapidX Logistics,Kolkata,Delivered,1,87.1,nan,2,No
8619,8619,2025-07-11,2025-07-15,2025-07-14,ParcelOne,Bengaluru,Delivered,2,65.9,nan,7,Yes
8620,8620,2025-07-29,2025-08-03,2025-08-03,SwiftKart Logistics,Chennai,Delivered,2,42.04,nan,3,Yes
8621,8621,2025-08-28,2025-08-31,2025-08-31,SwiftKart Logistics,Kolkata,Delivered,1,75.48,nan,5,Yes
8622,8622,2025-09-19,2025-09-23,,SwiftKart Logistics,Chennai,In Transit,3,152.8,nan,3,Yes
8623,8623,2025-10-11,2025-10-13,2025-10-13,SwiftKart Logistics,Mumbai,Delivered,1,107.62,nan,3,Yes
8624,8624,2025-11-01,2025-11-05,2025-11-04,MetroDeliver,Kolkata,Delivered,3,140.36,nan,6,Yes
8625,8625,2024-08-14,2024-08-17,2024-08-16,QuickShip India,Mumbai,Delivered,2,170.84,nan,1,No
8626,8626,2024-09-22,2024-09-27,2024-09-26,ParcelOne,Hyderabad,Delivered,3,179.09,nan,6,Yes
8627,8627,2025-04-27,2025-05-02,2025-05-02,MetroDeliver,Chennai,Delivered,2,139.98,nan,-1,No
8628,8628,2025-05-21,2025-05-23,2025-05-22,RapidX Logistics,Kolkata,Delivered,3,167.13,nan,5,Yes
8629,8629,2025-06-17,2025-06-22,2025-06-21,RapidX Logistics,Kolkata,Delivered,2,148.89,nan,5,Yes
8630,8630,2025-07-30,2025-08-02,2025-08-02,MetroDeliver,Kolkata,Delivered,1,130.39,nan,5,Yes
8631,8631,2025-08-24,2025-08-27,2025-08-26,QuickShip India,Delhi,Delivered,2,103.77,nan,2,No
8632,8632,2025-12-15,2025-12-19,2025-12-17,RapidX Logistics,Delhi,Delivered,2,106.15,nan,0,No
8633,8633,2026-01-16,2026-01-18,2026-01-17,SwiftKart Logistics,Kolkata,Delivered,3,175.92,nan,-1,No
8634,8634,2026-02-13,2026-02-17,2026-02-16,BlueRoute Express,Bengaluru,Delivered,3,58.72,nan,0,No
8635,8635,2026-03-12,2026-03-15,2026-03-14,MetroDeliver,Kolkata,Delivered,3,101.59,nan,7,Yes
8636,8636,2026-03-29,2026-04-01,2026-03-30,QuickShip India,Chennai,Delivered,2,142.89,nan,1,No
8637,8637,2026-04-30,2026-05-02,2026-05-02,QuickShip India,Chennai,Delivered,3,85.59,nan,6,Yes
8638,8638,2026-04-02,2026-04-05,2026-04-04,QuickShip India,Hyderabad,Delivered,2,66.69,nan,7,Yes
8639,8639,2026-05-05,2026-05-07,2026-05-06,QuickShip India,Chennai,Delivered,2,104.56,nan,7,Yes
8640,8640,2026-06-09,2026-06-12,2026-06-11,QuickShip India,Chennai,Delivered,2,60.29,nan,-1,No
8641,8641,2026-07-21,2026-07-25,2026-07-24,ParcelOne,Bengaluru,Delivered,1,88.1,nan,1,No
8642,8642,2025-07-30,2025-08-01,2025-07-31,ParcelOne,Hyderabad,Delivered,3,154.17,nan,6,Yes
8643,8643,2025-09-01,2025-09-05,2025-09-05,SwiftKart Logistics,Mumbai,Delivered,2,149.48,nan,1,No
8644,8644,2025-10-12,2025-10-14,2025-10-13,RapidX Logistics,Delhi,Delivered,2,42.67,nan,4,Yes
8645,8645,2025-11-09,2025-11-11,2025-11-11,RapidX Logistics,Mumbai,Delivered,1,177.37,nan,6,Yes
8646,8646,2025-11-26,2025-11-30,2025-11-29,QuickShip India,Mumbai,Delivered,1,61.55,nan,5,Yes
8647,8647,2026-07-17,2026-07-22,2026-07-21,BlueRoute Express,Bengaluru,Delivered,1,153.96,nan,0,No
8648,8648,2024-12-28,2025-01-02,2024-12-31,QuickShip India,Kolkata,Delivered,3,164.19,nan,6,Yes
8649,8649,2025-02-07,2025-02-10,2025-02-09,BlueRoute Express,Kolkata,Delivered,2,57.62,nan,5,Yes
8650,8650,2025-02-22,2025-02-24,2025-02-24,MetroDeliver,Hyderabad,Delivered,1,115.8,nan,7,Yes
8651,8651,2025-03-27,2025-03-30,,ParcelOne,Kolkata,In Transit,2,147.82,nan,7,Yes
8652,8652,2025-04-16,2025-04-19,2025-04-18,MetroDeliver,Hyderabad,Delivered,1,87.56,nan,1,No
8653,8653,2025-05-10,2025-05-12,2025-05-12,ParcelOne,Mumbai,Delivered,3,105.02,nan,-1,No
8654,8654,2024-10-20,2024-10-23,,ParcelOne,Delhi,In Transit,3,111.69,nan,6,Yes
8655,8655,2024-11-18,2024-11-22,2024-11-21,RapidX Logistics,Bengaluru,Delivered,1,103.51,nan,3,Yes
8656,8656,2024-12-10,2024-12-14,2024-12-13,BlueRoute Express,Mumbai,Delivered,1,119.22,nan,6,Yes
8657,8657,2024-12-30,2025-01-02,2025-01-01,ParcelOne,Mumbai,Delivered,3,145.35,nan,2,No
8658,8658,2025-02-03,2025-02-06,2025-02-05,ParcelOne,Mumbai,Delivered,3,75.84,nan,3,Yes
8659,8659,2025-03-09,2025-03-14,2025-03-13,ParcelOne,Bengaluru,Delivered,3,54.48,nan,4,Yes
8660,8660,2025-04-02,2025-04-04,2025-04-03,BlueRoute Express,Bengaluru,Delivered,2,124.03,nan,1,No
8661,8661,2025-04-26,2025-04-28,2025-04-27,QuickShip India,Bengaluru,Delivered,2,110.62,nan,-1,No
8662,8662,2025-05-24,2025-05-26,2025-05-24,QuickShip India,Mumbai,Delivered,1,127.93,nan,6,Yes
8663,8663,2025-06-21,2025-06-26,2025-06-24,SwiftKart Logistics,Bengaluru,Delivered,2,172.41,nan,5,Yes
8664,8664,2025-07-30,2025-08-03,2025-08-02,ParcelOne,Mumbai,Delivered,1,146.45,nan,0,No
8665,8665,2025-09-06,2025-09-09,2025-09-09,SwiftKart Logistics,Delhi,Delivered,3,102.63,nan,-1,No
8666,8666,2025-10-11,2025-10-13,2025-10-11,BlueRoute Express,Delhi,Delivered,1,91.79,nan,-1,No
8667,8667,2026-03-28,2026-03-30,2026-03-29,SwiftKart Logistics,Mumbai,Delivered,3,121.79,nan,7,Yes
8668,8668,2026-03-24,2026-03-26,2026-03-25,QuickShip India,Hyderabad,Delivered,2,42.49,nan,3,Yes
8669,8669,2026-04-30,2026-05-02,2026-05-02,RapidX Logistics,Delhi,Delivered,3,129.3,nan,4,Yes
8670,8670,2026-06-13,2026-06-16,2026-06-15,RapidX Logistics,Delhi,Delivered,3,68.33,nan,-1,No
8671,8671,2026-07-26,2026-07-28,,ParcelOne,Bengaluru,In Transit,1,97.42,nan,2,No
8672,8672,2025-05-03,2025-05-06,2025-05-06,QuickShip India,Chennai,Delivered,1,115.68,nan,0,No
8673,8673,2025-06-13,2025-06-16,2025-06-15,BlueRoute Express,Chennai,Delivered,1,169.86,nan,1,No
8674,8674,2025-05-16,2025-05-20,2025-05-19,SwiftKart Logistics,Delhi,Delivered,2,169.28,nan,-1,No
8675,8675,2025-01-15,2025-01-17,,RapidX Logistics,Mumbai,In Transit,3,55.3,nan,1,No
8676,8676,2025-03-02,2025-03-07,2025-03-07,QuickShip India,Kolkata,Delivered,2,166.32,nan,-1,No
8677,8677,2025-10-11,2025-10-14,,BlueRoute Express,Kolkata,In Transit,3,99.14,nan,0,No
8678,8678,2025-11-03,2025-11-06,2025-11-05,QuickShip India,Hyderabad,Delivered,1,53.57,nan,7,Yes
8679,8679,2025-11-19,2025-11-23,2025-11-21,SwiftKart Logistics,Mumbai,Delivered,1,133.74,nan,1,No
8680,8680,2025-12-05,2025-12-10,2025-12-10,QuickShip India,Delhi,Delivered,1,176.84,nan,4,Yes
8681,8681,2025-11-16,2025-11-20,2025-11-20,MetroDeliver,Bengaluru,Delivered,1,136.99,nan,2,No
8682,8682,2025-12-25,2025-12-28,,RapidX Logistics,Kolkata,In Transit,2,57.71,nan,5,Yes
8683,8683,2026-02-05,2026-02-07,2026-02-06,BlueRoute Express,Hyderabad,Delivered,3,76.09,nan,3,Yes
8684,8684,2025-11-03,2025-11-07,,ParcelOne,Bengaluru,In Transit,2,128.72,nan,0,No
8685,8685,2025-11-27,2025-12-01,2025-11-30,ParcelOne,Chennai,Delivered,2,134.1,nan,0,No
8686,8686,2025-12-13,2025-12-16,2025-12-15,SwiftKart Logistics,Delhi,Delivered,2,54.47,nan,4,Yes
8687,8687,2026-01-23,2026-01-25,2026-01-24,MetroDeliver,Kolkata,Delivered,1,165.23,nan,6,Yes
8688,8688,2026-02-24,2026-02-26,2026-02-26,ParcelOne,Chennai,Delivered,1,129.66,nan,3,Yes
8689,8689,2025-05-27,2025-06-01,,QuickShip India,Mumbai,In Transit,1,81.61,nan,3,Yes
8690,8690,2025-06-10,2025-06-13,2025-06-13,ParcelOne,Kolkata,Delivered,3,62.39,nan,2,No
8691,8691,2025-07-01,2025-07-06,2025-07-06,MetroDeliver,Bengaluru,Delivered,2,116.86,nan,7,Yes
8692,8692,2025-08-07,2025-08-09,2025-08-08,RapidX Logistics,Bengaluru,Delivered,1,167.81,nan,4,Yes
8693,8693,2025-09-11,2025-09-13,2025-09-12,QuickShip India,Delhi,Delivered,1,74.57,nan,3,Yes
8694,8694,2025-10-25,2025-10-28,2025-10-27,ParcelOne,Delhi,Delivered,2,54.83,nan,-1,No
8695,8695,2025-11-15,2025-11-19,,QuickShip India,Bengaluru,In Transit,1,54.42,nan,0,No
8696,8696,2025-12-09,2025-12-14,,SwiftKart Logistics,Mumbai,In Transit,1,46.68,nan,-1,No
8697,8697,2026-01-10,2026-01-13,2026-01-12,MetroDeliver,Delhi,Delivered,1,110.26,nan,6,Yes
8698,8698,2026-02-18,2026-02-21,2026-02-20,QuickShip India,Kolkata,Delivered,2,113.96,nan,6,Yes
8699,8699,2026-04-02,2026-04-04,2026-04-03,MetroDeliver,Mumbai,Delivered,1,112.24,nan,-1,No
8700,8700,2026-07-22,2026-07-24,2026-07-23,ParcelOne,Chennai,Delivered,3,50.27,nan,6,Yes
8701,8701,2026-08-08,2026-08-12,2026-08-11,RapidX Logistics,Mumbai,Delivered,2,131.74,nan,2,No
8702,8702,2026-03-20,2026-03-24,2026-03-23,MetroDeliver,Delhi,Delivered,3,160.71,nan,4,Yes
8703,8703,2026-04-23,2026-04-26,2026-04-25,RapidX Logistics,Kolkata,Delivered,2,55.62,nan,7,Yes
8704,8704,2026-05-30,2026-06-02,,RapidX Logistics,Bengaluru,In Transit,2,73.02,nan,5,Yes
8705,8705,2026-06-23,2026-06-26,2026-06-25,SwiftKart Logistics,Mumbai,Delivered,3,93.5,nan,0,No
8706,8706,2026-07-30,2026-08-04,2026-08-03,SwiftKart Logistics,Bengaluru,Delivered,1,147.2,nan,4,Yes
8707,8707,2026-07-30,2026-08-04,,RapidX Logistics,Hyderabad,In Transit,3,136.84,nan,5,Yes
8708,8708,2026-06-18,2026-06-23,2026-06-22,QuickShip India,Bengaluru,Delivered,1,112.25,nan,0,No
8709,8709,2026-07-02,2026-07-05,2026-07-05,SwiftKart Logistics,Bengaluru,Delivered,3,158.74,nan,3,Yes
8710,8710,2026-07-31,2026-08-03,2026-08-02,MetroDeliver,Hyderabad,Delivered,1,143.68,nan,6,Yes
8711,8711,2026-05-28,2026-06-02,2026-06-01,BlueRoute Express,Mumbai,Delivered,3,154.09,nan,1,No
8712,8712,2026-06-29,2026-07-04,2026-07-03,BlueRoute Express,Mumbai,Delivered,3,71.72,nan,4,Yes
8713,8713,2026-07-19,2026-07-21,2026-07-20,SwiftKart Logistics,Hyderabad,Delivered,2,160.67,nan,4,Yes
8714,8714,2025-03-02,2025-03-04,2025-03-04,RapidX Logistics,Bengaluru,Delivered,2,173.93,nan,3,Yes
8715,8715,2025-03-22,2025-03-26,,SwiftKart Logistics,Kolkata,In Transit,3,126.98,nan,-1,No
8716,8716,2025-05-04,2025-05-09,2025-05-09,QuickShip India,Bengaluru,Delivered,2,135.37,nan,6,Yes
8717,8717,2025-05-29,2025-06-02,,MetroDeliver,Bengaluru,In Transit,3,144.52,nan,-1,No
8718,8718,2025-01-23,2025-01-28,2025-01-27,MetroDeliver,Kolkata,Delivered,1,126.32,nan,5,Yes
8719,8719,2025-02-11,2025-02-13,2025-02-12,BlueRoute Express,Mumbai,Delivered,2,158.92,nan,2,No
8720,8720,2025-02-26,2025-03-02,2025-03-01,QuickShip India,Bengaluru,Delivered,3,46.18,nan,7,Yes
8721,8721,2025-04-03,2025-04-05,2025-04-05,RapidX Logistics,Bengaluru,Delivered,3,46.86,nan,6,Yes
8722,8722,2025-05-15,2025-05-20,2025-05-19,SwiftKart Logistics,Kolkata,Delivered,1,106.61,nan,0,No
8723,8723,2025-06-10,2025-06-15,2025-06-15,QuickShip India,Bengaluru,Delivered,1,158.61,nan,6,Yes
8724,8724,2024-09-18,2024-09-20,2024-09-19,ParcelOne,Delhi,Delivered,1,177.05,nan,2,No
8725,8725,2024-10-08,2024-10-10,2024-10-10,QuickShip India,Bengaluru,Delivered,1,45.53,nan,2,No
8726,8726,2024-11-14,2024-11-17,2024-11-16,MetroDeliver,Delhi,Delivered,3,144.43,nan,4,Yes
8727,8727,2024-12-15,2024-12-20,2024-12-20,RapidX Logistics,Bengaluru,Delivered,3,107.42,nan,-1,No
8728,8728,2025-01-14,2025-01-16,,MetroDeliver,Delhi,In Transit,3,79.72,nan,1,No
8729,8729,2025-03-25,2025-03-28,2025-03-27,RapidX Logistics,Delhi,Delivered,2,174.76,nan,0,No
8730,8730,2025-04-30,2025-05-02,,BlueRoute Express,Hyderabad,In Transit,3,78.83,nan,7,Yes
8731,8731,2025-06-05,2025-06-09,2025-06-08,ParcelOne,Kolkata,Delivered,3,171.67,nan,0,No
8732,8732,2025-07-06,2025-07-08,,SwiftKart Logistics,Mumbai,In Transit,3,134.04,nan,5,Yes
8733,8733,2025-07-22,2025-07-27,2025-07-27,MetroDeliver,Hyderabad,Delivered,1,168.22,nan,-1,No
8734,8734,2025-08-12,2025-08-15,2025-08-14,ParcelOne,Kolkata,Delivered,3,64.67,nan,6,Yes
8735,8735,2026-05-06,2026-05-09,2026-05-08,MetroDeliver,Bengaluru,Delivered,3,115.36,nan,0,No
8736,8736,2026-06-09,2026-06-14,2026-06-14,SwiftKart Logistics,Mumbai,Delivered,2,113.16,nan,7,Yes
8737,8737,2026-07-22,2026-07-26,2026-07-25,MetroDeliver,Mumbai,Delivered,1,95.78,nan,-1,No
8738,8738,2026-08-10,2026-08-12,2026-08-11,SwiftKart Logistics,Mumbai,Delivered,3,142.66,nan,0,No
8739,8739,2025-04-25,2025-04-28,2025-04-27,MetroDeliver,Kolkata,Delivered,2,144.71,nan,3,Yes
8740,8740,2025-05-28,2025-06-01,2025-06-01,SwiftKart Logistics,Hyderabad,Delivered,3,95.66,nan,1,No
8741,8741,2025-06-16,2025-06-21,2025-06-21,ParcelOne,Kolkata,Delivered,3,57.54,nan,3,Yes
8742,8742,2025-07-28,2025-07-31,2025-07-30,RapidX Logistics,Bengaluru,Delivered,3,49.64,nan,1,No
8743,8743,2025-11-27,2025-12-02,,BlueRoute Express,Mumbai,In Transit,2,126.67,nan,6,Yes
8744,8744,2025-12-12,2025-12-14,2025-12-12,SwiftKart Logistics,Delhi,Delivered,1,75.98,nan,3,Yes
8745,8745,2026-01-09,2026-01-13,2026-01-12,QuickShip India,Hyderabad,Delivered,3,162.55,nan,-1,No
8746,8746,2024-10-23,2024-10-26,2024-10-25,RapidX Logistics,Hyderabad,Delivered,3,123.4,nan,4,Yes
8747,8747,2024-11-08,2024-11-10,2024-11-09,BlueRoute Express,Bengaluru,Delivered,3,161.26,nan,6,Yes
8748,8748,2024-11-24,2024-11-26,,ParcelOne,Mumbai,In Transit,1,111.26,nan,-1,No
8749,8749,2026-03-13,2026-03-18,,SwiftKart Logistics,Chennai,In Transit,1,100.28,nan,1,No
8750,8750,2026-04-15,2026-04-17,2026-04-16,QuickShip India,Mumbai,Delivered,2,125.53,nan,-1,No
8751,8751,2026-05-24,2026-05-26,2026-05-25,ParcelOne,Bengaluru,Delivered,2,75.59,nan,2,No
8752,8752,2026-06-08,2026-06-11,2026-06-10,BlueRoute Express,Hyderabad,Delivered,3,137.39,nan,3,Yes
8753,8753,2025-09-13,2025-09-18,2025-09-18,ParcelOne,Bengaluru,Delivered,2,116.0,nan,7,Yes
8754,8754,2025-10-24,2025-10-27,2025-10-27,SwiftKart Logistics,Hyderabad,Delivered,1,70.04,nan,1,No
8755,8755,2025-11-28,2025-12-02,2025-12-01,SwiftKart Logistics,Bengaluru,Delivered,3,97.02,nan,3,Yes
8756,8756,2025-12-23,2025-12-27,,RapidX Logistics,Mumbai,In Transit,3,144.71,nan,3,Yes
8757,8757,2026-02-02,2026-02-07,2026-02-05,SwiftKart Logistics,Chennai,Delivered,3,111.91,nan,7,Yes
8758,8758,2026-03-12,2026-03-17,2026-03-15,ParcelOne,Bengaluru,Delivered,2,110.28,nan,-1,No
8759,8759,2026-03-29,2026-04-02,,QuickShip India,Chennai,In Transit,1,143.03,nan,-1,No
8760,8760,2026-03-31,2026-04-04,2026-04-03,MetroDeliver,Hyderabad,Delivered,3,166.28,nan,1,No
8761,8761,2026-04-24,2026-04-29,2026-04-28,QuickShip India,Kolkata,Delivered,1,168.3,nan,5,Yes
8762,8762,2025-09-29,2025-10-03,2025-10-02,MetroDeliver,Chennai,Delivered,3,72.13,nan,1,No
8763,8763,2025-10-21,2025-10-25,2025-10-24,ParcelOne,Delhi,Delivered,1,166.19,nan,-1,No
8764,8764,2025-11-25,2025-11-28,2025-11-27,SwiftKart Logistics,Delhi,Delivered,3,63.04,nan,6,Yes
8765,8765,2025-12-23,2025-12-25,2025-12-24,BlueRoute Express,Delhi,Delivered,3,158.27,nan,4,Yes
8766,8766,2026-01-31,2026-02-02,2026-02-01,MetroDeliver,Hyderabad,Delivered,2,74.93,nan,3,Yes
8767,8767,2024-08-29,2024-09-03,2024-09-03,ParcelOne,Chennai,Delivered,1,43.4,nan,2,No
8768,8768,2024-10-10,2024-10-12,,QuickShip India,Hyderabad,In Transit,2,145.22,nan,-1,No
8769,8769,2024-11-10,2024-11-13,2024-11-12,QuickShip India,Chennai,Delivered,3,136.34,nan,1,No
8770,8770,2024-12-23,2024-12-27,2024-12-26,ParcelOne,Chennai,Delivered,1,164.76,nan,7,Yes
8771,8771,2025-01-18,2025-01-20,2025-01-19,ParcelOne,Kolkata,Delivered,2,123.6,nan,7,Yes
8772,8772,2026-06-29,2026-07-02,2026-07-01,RapidX Logistics,Mumbai,Delivered,3,141.45,nan,4,Yes
8773,8773,2026-07-30,2026-08-04,2026-08-03,BlueRoute Express,Chennai,Delivered,3,132.77,nan,1,No
8774,8774,2025-01-05,2025-01-07,2025-01-07,QuickShip India,Hyderabad,Delivered,3,122.98,nan,5,Yes
8775,8775,2025-01-28,2025-02-01,,BlueRoute Express,Bengaluru,In Transit,3,150.51,nan,3,Yes
8776,8776,2025-03-07,2025-03-10,,RapidX Logistics,Mumbai,In Transit,2,116.54,nan,1,No
8777,8777,2025-03-22,2025-03-26,2025-03-25,ParcelOne,Mumbai,Delivered,1,162.59,nan,0,No
8778,8778,2025-04-07,2025-04-11,2025-04-10,ParcelOne,Chennai,Delivered,2,121.85,nan,3,Yes
8779,8779,2025-05-09,2025-05-12,2025-05-12,RapidX Logistics,Mumbai,Delivered,3,41.73,nan,7,Yes
8780,8780,2025-01-04,2025-01-07,2025-01-05,SwiftKart Logistics,Hyderabad,Delivered,2,154.42,nan,0,No
8781,8781,2025-02-04,2025-02-07,2025-02-07,ParcelOne,Hyderabad,Delivered,2,121.53,nan,4,Yes
8782,8782,2024-11-24,2024-11-26,2024-11-26,ParcelOne,Mumbai,Delivered,1,136.36,nan,3,Yes
8783,8783,2025-01-04,2025-01-07,2025-01-06,QuickShip India,Mumbai,Delivered,2,100.66,nan,5,Yes
8784,8784,2026-05-08,2026-05-12,2026-05-12,ParcelOne,Delhi,Delivered,2,89.07,nan,4,Yes
8785,8785,2026-06-15,2026-06-20,2026-06-19,SwiftKart Logistics,Chennai,Delivered,1,74.72,nan,0,No
8786,8786,2026-07-07,2026-07-10,2026-07-09,MetroDeliver,Kolkata,Delivered,3,151.31,nan,5,Yes
8787,8787,2026-07-27,2026-07-29,,BlueRoute Express,Kolkata,In Transit,1,105.66,nan,7,Yes
8788,8788,2025-08-04,2025-08-06,2025-08-05,RapidX Logistics,Hyderabad,Delivered,2,77.9,nan,5,Yes
8789,8789,2025-09-14,2025-09-19,2025-09-18,RapidX Logistics,Delhi,Delivered,1,49.53,nan,5,Yes
8790,8790,2025-10-28,2025-10-31,2025-10-29,QuickShip India,Mumbai,Delivered,3,104.68,nan,0,No
8791,8791,2025-11-15,2025-11-20,2025-11-18,MetroDeliver,Bengaluru,Delivered,2,137.52,nan,3,Yes
8792,8792,2025-12-02,2025-12-07,2025-12-07,MetroDeliver,Hyderabad,Delivered,3,166.88,nan,-1,No
8793,8793,2026-01-05,2026-01-09,2026-01-09,RapidX Logistics,Kolkata,Delivered,1,154.24,nan,3,Yes
8794,8794,2026-07-09,2026-07-11,2026-07-09,ParcelOne,Chennai,Delivered,1,67.42,nan,-1,No
8795,8795,2025-05-01,2025-05-05,2025-05-04,RapidX Logistics,Mumbai,Delivered,3,50.97,nan,2,No
8796,8796,2025-06-09,2025-06-13,2025-06-12,QuickShip India,Hyderabad,Delivered,3,140.12,nan,6,Yes
8797,8797,2025-07-02,2025-07-05,,MetroDeliver,Hyderabad,In Transit,1,155.52,nan,2,No
8798,8798,2025-08-15,2025-08-17,2025-08-16,QuickShip India,Mumbai,Delivered,1,176.59,nan,1,No
8799,8799,2025-09-05,2025-09-08,2025-09-07,BlueRoute Express,Delhi,Delivered,2,123.01,nan,7,Yes
8800,8800,2025-09-25,2025-09-29,2025-09-28,BlueRoute Express,Delhi,Delivered,3,136.06,nan,2,No
8801,8801,2025-10-15,2025-10-17,2025-10-16,MetroDeliver,Kolkata,Delivered,3,158.09,nan,7,Yes
8802,8802,2026-04-14,2026-04-18,2026-04-17,ParcelOne,Hyderabad,Delivered,1,109.31,nan,6,Yes
8803,8803,2026-05-17,2026-05-21,2026-05-20,QuickShip India,Delhi,Delivered,2,127.73,nan,3,Yes
8804,8804,2026-06-30,2026-07-02,2026-07-01,MetroDeliver,Kolkata,Delivered,1,129.24,nan,4,Yes
8805,8805,2026-08-09,2026-08-13,,MetroDeliver,Mumbai,In Transit,1,112.13,nan,5,Yes
8806,8806,2025-10-30,2025-11-04,2025-11-03,QuickShip India,Chennai,Delivered,2,133.21,nan,0,No
8807,8807,2025-12-04,2025-12-06,,QuickShip India,Hyderabad,In Transit,1,155.77,nan,0,No
8808,8808,2025-12-31,2026-01-02,2026-01-02,ParcelOne,Kolkata,Delivered,1,117.13,nan,6,Yes
8809,8809,2026-01-27,2026-02-01,2026-01-31,MetroDeliver,Kolkata,Delivered,2,136.37,nan,0,No
8810,8810,2026-03-05,2026-03-08,2026-03-07,RapidX Logistics,Chennai,Delivered,3,66.32,nan,-1,No
8811,8811,2026-03-29,2026-03-31,2026-03-29,ParcelOne,Hyderabad,Delivered,3,40.8,nan,5,Yes
8812,8812,2025-02-17,2025-02-22,,BlueRoute Express,Delhi,In Transit,3,42.41,nan,4,Yes
8813,8813,2024-08-23,2024-08-28,2024-08-28,QuickShip India,Delhi,Delivered,1,124.92,nan,4,Yes
8814,8814,2024-09-22,2024-09-24,2024-09-23,QuickShip India,Chennai,Delivered,2,69.46,nan,3,Yes
8815,8815,2024-11-03,2024-11-05,2024-11-05,QuickShip India,Mumbai,Delivered,3,78.29,nan,5,Yes
8816,8816,2024-12-06,2024-12-10,,QuickShip India,Delhi,In Transit,2,91.26,nan,3,Yes
8817,8817,2025-01-04,2025-01-06,2025-01-06,ParcelOne,Kolkata,Delivered,3,114.18,nan,2,No
8818,8818,2025-07-09,2025-07-14,2025-07-12,BlueRoute Express,Kolkata,Delivered,1,55.18,nan,1,No
8819,8819,2025-08-19,2025-08-24,2025-08-22,ParcelOne,Kolkata,Delivered,2,114.86,nan,7,Yes
8820,8820,2025-09-25,2025-09-30,2025-09-29,QuickShip India,Kolkata,Delivered,2,66.79,nan,7,Yes
8821,8821,2025-10-26,2025-10-28,2025-10-26,RapidX Logistics,Mumbai,Delivered,3,95.42,nan,6,Yes
8822,8822,2025-11-25,2025-11-29,2025-11-29,MetroDeliver,Hyderabad,Delivered,1,176.3,nan,1,No
8823,8823,2025-12-30,2026-01-02,2026-01-02,BlueRoute Express,Delhi,Delivered,3,111.8,nan,6,Yes
8824,8824,2026-01-15,2026-01-17,,QuickShip India,Mumbai,In Transit,2,69.73,nan,1,No
8825,8825,2025-02-06,2025-02-09,2025-02-09,BlueRoute Express,Bengaluru,Delivered,2,154.81,nan,2,No
8826,8826,2024-09-28,2024-09-30,2024-09-29,QuickShip India,Bengaluru,Delivered,1,80.32,nan,-1,No
8827,8827,2024-10-16,2024-10-18,,SwiftKart Logistics,Kolkata,In Transit,1,46.47,nan,3,Yes
8828,8828,2024-11-25,2024-11-29,2024-11-28,ParcelOne,Chennai,Delivered,2,152.66,nan,5,Yes
8829,8829,2024-12-20,2024-12-22,2024-12-22,BlueRoute Express,Kolkata,Delivered,2,58.73,nan,-1,No
8830,8830,2025-01-26,2025-01-28,2025-01-28,SwiftKart Logistics,Kolkata,Delivered,2,154.05,nan,-1,No
8831,8831,2025-02-20,2025-02-25,2025-02-24,BlueRoute Express,Hyderabad,Delivered,1,150.34,nan,1,No
8832,8832,2025-04-07,2025-04-12,,MetroDeliver,Bengaluru,In Transit,1,43.53,nan,5,Yes
8833,8833,2024-12-02,2024-12-04,2024-12-02,RapidX Logistics,Chennai,Delivered,2,119.52,nan,2,No
8834,8834,2025-01-08,2025-01-12,2025-01-12,RapidX Logistics,Hyderabad,Delivered,1,157.79,nan,0,No
8835,8835,2025-01-27,2025-02-01,2025-01-31,RapidX Logistics,Delhi,Delivered,1,50.83,nan,4,Yes
8836,8836,2025-02-16,2025-02-18,2025-02-17,RapidX Logistics,Bengaluru,Delivered,2,138.13,nan,2,No
8837,8837,2025-05-22,2025-05-24,2025-05-24,ParcelOne,Mumbai,Delivered,2,62.29,nan,3,Yes
8838,8838,2025-06-29,2025-07-02,,SwiftKart Logistics,Bengaluru,In Transit,2,152.26,nan,6,Yes
8839,8839,2025-07-24,2025-07-29,2025-07-28,QuickShip India,Bengaluru,Delivered,1,79.31,nan,2,No
8840,8840,2025-08-18,2025-08-22,2025-08-21,SwiftKart Logistics,Hyderabad,Delivered,2,109.99,nan,0,No
8841,8841,2025-03-26,2025-03-29,2025-03-28,ParcelOne,Hyderabad,Delivered,3,108.84,nan,3,Yes
8842,8842,2025-05-03,2025-05-05,2025-05-04,RapidX Logistics,Hyderabad,Delivered,2,73.17,nan,5,Yes
8843,8843,2025-06-02,2025-06-06,2025-06-06,SwiftKart Logistics,Chennai,Delivered,3,99.99,nan,2,No
8844,8844,2025-07-01,2025-07-05,2025-07-05,ParcelOne,Chennai,Delivered,1,179.21,nan,-1,No
8845,8845,2025-07-16,2025-07-20,2025-07-19,QuickShip India,Kolkata,Delivered,1,40.98,nan,5,Yes
8846,8846,2025-08-01,2025-08-06,,ParcelOne,Mumbai,In Transit,1,64.76,nan,-1,No
8847,8847,2025-09-04,2025-09-08,2025-09-07,QuickShip India,Mumbai,Delivered,3,87.77,nan,7,Yes
8848,8848,2025-12-05,2025-12-09,2025-12-08,BlueRoute Express,Mumbai,Delivered,3,133.78,nan,0,No
8849,8849,2025-02-27,2025-03-02,2025-03-01,MetroDeliver,Delhi,Delivered,3,134.27,nan,1,No
8850,8850,2025-04-12,2025-04-15,2025-04-15,MetroDeliver,Chennai,Delivered,1,87.77,nan,2,No
8851,8851,2025-05-12,2025-05-16,2025-05-16,RapidX Logistics,Delhi,Delivered,1,97.32,nan,-1,No
8852,8852,2025-06-04,2025-06-08,2025-06-06,RapidX Logistics,Chennai,Delivered,3,99.6,nan,0,No
8853,8853,2025-06-19,2025-06-24,2025-06-23,MetroDeliver,Delhi,Delivered,3,64.85,nan,6,Yes
8854,8854,2026-04-13,2026-04-17,2026-04-16,SwiftKart Logistics,Hyderabad,Delivered,1,164.11,nan,3,Yes
8855,8855,2026-05-16,2026-05-20,2026-05-19,BlueRoute Express,Kolkata,Delivered,2,141.49,nan,6,Yes
8856,8856,2026-06-28,2026-07-03,2026-07-02,BlueRoute Express,Kolkata,Delivered,2,66.71,nan,1,No
8857,8857,2026-05-17,2026-05-22,2026-05-20,BlueRoute Express,Chennai,Delivered,2,104.04,nan,0,No
8858,8858,2026-06-23,2026-06-28,,ParcelOne,Kolkata,In Transit,3,179.72,nan,5,Yes
8859,8859,2025-04-02,2025-04-04,2025-04-03,MetroDeliver,Delhi,Delivered,2,101.68,nan,6,Yes
8860,8860,2025-05-18,2025-05-20,2025-05-20,BlueRoute Express,Bengaluru,Delivered,3,76.29,nan,3,Yes
8861,8861,2025-06-19,2025-06-23,2025-06-22,ParcelOne,Mumbai,Delivered,1,43.47,nan,7,Yes
8862,8862,2025-02-07,2025-02-09,,ParcelOne,Chennai,In Transit,3,102.92,nan,5,Yes
8863,8863,2025-03-17,2025-03-21,2025-03-19,MetroDeliver,Hyderabad,Delivered,3,55.89,nan,2,No
8864,8864,2025-04-23,2025-04-25,2025-04-23,SwiftKart Logistics,Hyderabad,Delivered,1,129.31,nan,6,Yes
8865,8865,2025-05-27,2025-05-29,2025-05-28,MetroDeliver,Kolkata,Delivered,3,138.58,nan,-1,No
8866,8866,2025-07-08,2025-07-13,2025-07-12,BlueRoute Express,Mumbai,Delivered,3,55.53,nan,1,No
8867,8867,2025-07-23,2025-07-27,2025-07-26,SwiftKart Logistics,Mumbai,Delivered,1,108.96,nan,5,Yes
8868,8868,2025-07-13,2025-07-15,2025-07-14,MetroDeliver,Mumbai,Delivered,1,142.09,nan,-1,No
8869,8869,2025-08-10,2025-08-13,2025-08-13,MetroDeliver,Kolkata,Delivered,2,114.46,nan,2,No
8870,8870,2025-09-20,2025-09-22,2025-09-21,BlueRoute Express,Mumbai,Delivered,3,148.49,nan,3,Yes
8871,8871,2025-10-09,2025-10-11,2025-10-10,SwiftKart Logistics,Bengaluru,Delivered,3,50.98,nan,6,Yes
8872,8872,2026-04-07,2026-04-11,2026-04-11,ParcelOne,Mumbai,Delivered,3,143.25,nan,4,Yes
8873,8873,2025-07-25,2025-07-28,2025-07-28,BlueRoute Express,Hyderabad,Delivered,1,102.78,nan,7,Yes
8874,8874,2025-08-12,2025-08-16,2025-08-15,RapidX Logistics,Bengaluru,Delivered,3,150.28,nan,6,Yes
8875,8875,2025-09-03,2025-09-07,2025-09-07,QuickShip India,Kolkata,Delivered,1,73.22,nan,1,No
8876,8876,2025-10-05,2025-10-10,,RapidX Logistics,Mumbai,In Transit,3,58.82,nan,4,Yes
8877,8877,2025-11-03,2025-11-06,2025-11-06,SwiftKart Logistics,Kolkata,Delivered,3,97.79,nan,-1,No
8878,8878,2025-11-15,2025-11-17,,SwiftKart Logistics,Delhi,In Transit,1,123.72,nan,5,Yes
8879,8879,2025-12-27,2025-12-30,,BlueRoute Express,Mumbai,In Transit,1,110.16,nan,0,No
8880,8880,2026-02-07,2026-02-09,2026-02-08,MetroDeliver,Chennai,Delivered,3,174.51,nan,4,Yes
8881,8881,2026-03-23,2026-03-25,2026-03-24,ParcelOne,Delhi,Delivered,2,53.37,nan,6,Yes
8882,8882,2024-10-30,2024-11-01,2024-10-31,MetroDeliver,Delhi,Delivered,2,46.35,nan,7,Yes
8883,8883,2024-11-22,2024-11-25,2024-11-24,ParcelOne,Bengaluru,Delivered,1,119.29,nan,5,Yes
8884,8884,2024-12-08,2024-12-13,2024-12-12,QuickShip India,Kolkata,Delivered,3,91.74,nan,2,No
8885,8885,2025-01-04,2025-01-08,2025-01-08,BlueRoute Express,Bengaluru,Delivered,2,178.55,nan,3,Yes
8886,8886,2025-01-23,2025-01-25,2025-01-24,ParcelOne,Mumbai,Delivered,3,61.02,nan,-1,No
8887,8887,2025-12-05,2025-12-07,2025-12-07,BlueRoute Express,Kolkata,Delivered,2,148.46,nan,7,Yes
8888,8888,2026-01-14,2026-01-17,2026-01-16,ParcelOne,Chennai,Delivered,2,100.45,nan,5,Yes
8889,8889,2026-02-22,2026-02-27,2026-02-26,RapidX Logistics,Kolkata,Delivered,1,77.26,nan,3,Yes
8890,8890,2025-06-12,2025-06-14,2025-06-12,QuickShip India,Hyderabad,Delivered,3,96.45,nan,6,Yes
8891,8891,2025-07-06,2025-07-09,2025-07-08,BlueRoute Express,Kolkata,Delivered,3,56.07,nan,4,Yes
8892,8892,2025-08-12,2025-08-17,2025-08-16,SwiftKart Logistics,Mumbai,Delivered,1,99.78,nan,6,Yes
8893,8893,2025-12-09,2025-12-14,2025-12-14,QuickShip India,Delhi,Delivered,2,107.96,nan,7,Yes
8894,8894,2026-01-18,2026-01-21,2026-01-20,RapidX Logistics,Chennai,Delivered,2,45.32,nan,4,Yes
8895,8895,2026-02-03,2026-02-06,2026-02-05,QuickShip India,Mumbai,Delivered,2,161.97,nan,4,Yes
8896,8896,2026-03-09,2026-03-12,2026-03-11,BlueRoute Express,Delhi,Delivered,1,145.71,nan,5,Yes
8897,8897,2026-04-12,2026-04-16,2026-04-14,BlueRoute Express,Delhi,Delivered,3,72.6,nan,0,No
8898,8898,2026-05-16,2026-05-20,2026-05-18,QuickShip India,Mumbai,Delivered,1,71.03,nan,5,Yes
8899,8899,2026-06-20,2026-06-25,2026-06-23,QuickShip India,Mumbai,Delivered,1,131.37,nan,2,No
8900,8900,2025-05-11,2025-05-15,2025-05-15,BlueRoute Express,Hyderabad,Delivered,1,122.49,nan,-1,No
8901,8901,2025-06-23,2025-06-26,2025-06-26,MetroDeliver,Mumbai,Delivered,3,79.38,nan,6,Yes
8902,8902,2025-07-10,2025-07-12,2025-07-11,BlueRoute Express,Chennai,Delivered,3,97.15,nan,0,No
8903,8903,2026-05-31,2026-06-05,,MetroDeliver,Chennai,In Transit,3,162.0,nan,5,Yes
8904,8904,2026-07-06,2026-07-09,2026-07-09,MetroDeliver,Kolkata,Delivered,2,46.18,nan,3,Yes
8905,8905,2026-07-31,2026-08-03,2026-08-01,MetroDeliver,Delhi,Delivered,2,154.19,nan,2,No
8906,8906,2025-02-01,2025-02-03,2025-02-03,BlueRoute Express,Chennai,Delivered,3,153.76,nan,5,Yes
8907,8907,2025-03-06,2025-03-10,2025-03-09,BlueRoute Express,Kolkata,Delivered,2,123.29,nan,2,No
8908,8908,2025-03-28,2025-03-31,2025-03-31,RapidX Logistics,Bengaluru,Delivered,2,136.99,nan,7,Yes
8909,8909,2025-05-12,2025-05-14,2025-05-12,SwiftKart Logistics,Chennai,Delivered,3,81.13,nan,6,Yes
8910,8910,2025-09-13,2025-09-17,2025-09-16,BlueRoute Express,Mumbai,Delivered,2,67.42,nan,6,Yes
8911,8911,2026-02-25,2026-02-28,2026-02-27,SwiftKart Logistics,Bengaluru,Delivered,1,84.07,nan,7,Yes
8912,8912,2026-03-21,2026-03-26,2026-03-26,BlueRoute Express,Mumbai,Delivered,3,105.66,nan,6,Yes
8913,8913,2026-04-07,2026-04-12,2026-04-11,SwiftKart Logistics,Hyderabad,Delivered,2,85.29,nan,2,No
8914,8914,2026-05-02,2026-05-04,2026-05-04,MetroDeliver,Chennai,Delivered,2,75.42,nan,7,Yes
8915,8915,2024-09-30,2024-10-02,2024-10-02,ParcelOne,Mumbai,Delivered,1,147.2,nan,5,Yes
8916,8916,2024-10-19,2024-10-21,2024-10-20,RapidX Logistics,Chennai,Delivered,3,179.89,nan,2,No
8917,8917,2026-01-30,2026-02-02,2026-02-02,ParcelOne,Kolkata,Delivered,1,48.42,nan,6,Yes
8918,8918,2026-03-13,2026-03-15,2026-03-14,BlueRoute Express,Kolkata,Delivered,3,70.33,nan,3,Yes
8919,8919,2026-03-30,2026-04-03,,RapidX Logistics,Kolkata,In Transit,2,130.87,nan,5,Yes
8920,8920,2026-04-28,2026-05-02,2026-05-01,BlueRoute Express,Kolkata,Delivered,3,56.41,nan,7,Yes
8921,8921,2026-06-10,2026-06-14,2026-06-13,ParcelOne,Chennai,Delivered,3,154.98,nan,5,Yes
8922,8922,2026-02-25,2026-03-01,2026-03-01,ParcelOne,Hyderabad,Delivered,1,85.66,nan,6,Yes
8923,8923,2026-03-23,2026-03-27,2026-03-26,MetroDeliver,Bengaluru,Delivered,3,82.21,nan,5,Yes
8924,8924,2026-04-13,2026-04-15,2026-04-14,SwiftKart Logistics,Mumbai,Delivered,3,102.63,nan,2,No
8925,8925,2026-05-26,2026-05-30,2026-05-28,MetroDeliver,Kolkata,Delivered,3,99.62,nan,1,No
8926,8926,2026-07-06,2026-07-08,2026-07-08,MetroDeliver,Hyderabad,Delivered,1,161.87,nan,5,Yes
8927,8927,2025-03-10,2025-03-15,2025-03-14,RapidX Logistics,Kolkata,Delivered,2,61.25,nan,6,Yes
8928,8928,2025-04-10,2025-04-12,2025-04-11,SwiftKart Logistics,Mumbai,Delivered,1,46.04,nan,4,Yes
8929,8929,2025-05-21,2025-05-26,,QuickShip India,Mumbai,In Transit,2,101.29,nan,3,Yes
8930,8930,2025-06-18,2025-06-20,2025-06-19,QuickShip India,Kolkata,Delivered,3,108.39,nan,4,Yes
8931,8931,2025-07-18,2025-07-20,2025-07-19,RapidX Logistics,Chennai,Delivered,3,120.31,nan,4,Yes
8932,8932,2025-08-20,2025-08-25,2025-08-25,QuickShip India,Delhi,Delivered,3,55.26,nan,0,No
8933,8933,2025-09-29,2025-10-01,2025-09-30,BlueRoute Express,Chennai,Delivered,3,62.92,nan,4,Yes
8934,8934,2024-11-10,2024-11-15,2024-11-14,QuickShip India,Hyderabad,Delivered,2,135.03,nan,2,No
8935,8935,2024-11-26,2024-11-28,2024-11-27,ParcelOne,Hyderabad,Delivered,3,96.83,nan,0,No
8936,8936,2025-01-05,2025-01-08,2025-01-07,QuickShip India,Hyderabad,Delivered,1,83.02,nan,2,No
8937,8937,2025-02-12,2025-02-14,2025-02-13,ParcelOne,Mumbai,Delivered,2,102.26,nan,2,No
8938,8938,2025-10-14,2025-10-19,2025-10-18,SwiftKart Logistics,Hyderabad,Delivered,3,91.69,nan,5,Yes
8939,8939,2025-03-29,2025-04-01,,QuickShip India,Mumbai,In Transit,3,54.46,nan,5,Yes
8940,8940,2024-11-19,2024-11-24,2024-11-24,RapidX Logistics,Mumbai,Delivered,2,125.86,nan,4,Yes
8941,8941,2024-12-04,2024-12-07,,RapidX Logistics,Hyderabad,In Transit,1,74.86,nan,2,No
8942,8942,2025-04-15,2025-04-18,,SwiftKart Logistics,Bengaluru,In Transit,1,139.78,nan,3,Yes
8943,8943,2025-05-02,2025-05-06,2025-05-05,BlueRoute Express,Hyderabad,Delivered,1,168.8,nan,3,Yes
8944,8944,2024-08-15,2024-08-19,2024-08-19,MetroDeliver,Chennai,Delivered,1,67.57,nan,3,Yes
8945,8945,2025-08-05,2025-08-07,2025-08-05,BlueRoute Express,Delhi,Delivered,1,155.71,nan,7,Yes
8946,8946,2025-08-25,2025-08-30,2025-08-29,ParcelOne,Bengaluru,Delivered,2,131.44,nan,7,Yes
8947,8947,2025-10-04,2025-10-06,2025-10-05,ParcelOne,Chennai,Delivered,3,84.48,nan,2,No
8948,8948,2025-03-29,2025-03-31,2025-03-31,ParcelOne,Delhi,Delivered,3,47.69,nan,4,Yes
8949,8949,2025-04-27,2025-04-30,2025-04-29,ParcelOne,Bengaluru,Delivered,3,77.47,nan,-1,No
8950,8950,2025-05-27,2025-05-31,2025-05-31,SwiftKart Logistics,Hyderabad,Delivered,2,49.3,nan,3,Yes
8951,8951,2025-06-26,2025-06-29,2025-06-28,SwiftKart Logistics,Chennai,Delivered,2,42.39,nan,6,Yes
8952,8952,2026-04-06,2026-04-09,2026-04-09,MetroDeliver,Hyderabad,Delivered,3,109.3,nan,2,No
8953,8953,2026-05-01,2026-05-04,2026-05-03,ParcelOne,Delhi,Delivered,3,90.38,nan,3,Yes
8954,8954,2024-08-18,2024-08-21,2024-08-20,BlueRoute Express,Mumbai,Delivered,1,46.95,nan,2,No
8955,8955,2024-09-29,2024-10-03,2024-10-02,RapidX Logistics,Delhi,Delivered,3,172.89,nan,7,Yes
8956,8956,2024-10-21,2024-10-25,2024-10-25,ParcelOne,Delhi,Delivered,2,49.35,nan,6,Yes
8957,8957,2024-11-15,2024-11-19,2024-11-18,RapidX Logistics,Hyderabad,Delivered,1,108.31,nan,3,Yes
8958,8958,2026-02-23,2026-02-26,2026-02-26,RapidX Logistics,Mumbai,Delivered,2,49.69,nan,3,Yes
8959,8959,2026-03-30,2026-04-01,2026-03-31,ParcelOne,Bengaluru,Delivered,1,58.96,nan,2,No
8960,8960,2025-02-23,2025-02-26,2025-02-24,BlueRoute Express,Hyderabad,Delivered,3,117.01,nan,1,No
8961,8961,2025-03-20,2025-03-23,,ParcelOne,Chennai,In Transit,3,86.4,nan,7,Yes
8962,8962,2025-04-10,2025-04-14,2025-04-14,QuickShip India,Delhi,Delivered,1,157.33,nan,-1,No
8963,8963,2025-05-23,2025-05-27,2025-05-25,SwiftKart Logistics,Chennai,Delivered,3,71.3,nan,7,Yes
8964,8964,2024-12-14,2024-12-17,2024-12-16,SwiftKart Logistics,Kolkata,Delivered,2,147.79,nan,4,Yes
8965,8965,2025-01-22,2025-01-25,2025-01-24,RapidX Logistics,Hyderabad,Delivered,2,108.08,nan,5,Yes
8966,8966,2025-07-06,2025-07-10,2025-07-09,QuickShip India,Kolkata,Delivered,2,80.09,nan,3,Yes
8967,8967,2025-07-25,2025-07-28,2025-07-27,SwiftKart Logistics,Kolkata,Delivered,1,172.45,nan,5,Yes
8968,8968,2025-08-24,2025-08-27,2025-08-27,MetroDeliver,Chennai,Delivered,3,46.95,nan,2,No
8969,8969,2025-09-30,2025-10-02,2025-10-01,BlueRoute Express,Chennai,Delivered,3,159.12,nan,6,Yes
8970,8970,2024-12-17,2024-12-22,2024-12-21,BlueRoute Express,Chennai,Delivered,2,101.75,nan,-1,No
8971,8971,2025-01-22,2025-01-27,2025-01-26,SwiftKart Logistics,Bengaluru,Delivered,3,177.02,nan,2,No
8972,8972,2025-02-11,2025-02-16,2025-02-15,BlueRoute Express,Chennai,Delivered,2,166.2,nan,3,Yes
8973,8973,2025-03-16,2025-03-19,2025-03-19,QuickShip India,Bengaluru,Delivered,2,122.78,nan,6,Yes
8974,8974,2025-04-24,2025-04-28,2025-04-28,QuickShip India,Hyderabad,Delivered,2,165.99,nan,4,Yes
8975,8975,2025-05-17,2025-05-19,2025-05-18,SwiftKart Logistics,Delhi,Delivered,2,169.16,nan,5,Yes
8976,8976,2025-06-29,2025-07-01,2025-07-01,SwiftKart Logistics,Chennai,Delivered,1,136.0,nan,5,Yes
8977,8977,2024-08-20,2024-08-23,2024-08-22,ParcelOne,Kolkata,Delivered,1,124.42,nan,7,Yes
8978,8978,2024-09-09,2024-09-12,2024-09-12,MetroDeliver,Chennai,Delivered,2,49.94,nan,3,Yes
8979,8979,2026-04-06,2026-04-08,2026-04-07,MetroDeliver,Chennai,Delivered,3,149.53,nan,1,No
8980,8980,2026-05-05,2026-05-10,2026-05-10,RapidX Logistics,Delhi,Delivered,3,103.43,nan,7,Yes
8981,8981,2024-08-21,2024-08-23,2024-08-23,SwiftKart Logistics,Delhi,Delivered,2,45.96,nan,5,Yes
8982,8982,2025-07-14,2025-07-17,2025-07-16,RapidX Logistics,Kolkata,Delivered,1,95.04,nan,5,Yes
8983,8983,2025-08-02,2025-08-06,2025-08-06,QuickShip India,Chennai,Delivered,3,75.02,nan,-1,No
8984,8984,2024-08-06,2024-08-09,,RapidX Logistics,Hyderabad,In Transit,2,169.6,nan,5,Yes
8985,8985,2024-09-12,2024-09-17,2024-09-16,BlueRoute Express,Hyderabad,Delivered,3,65.05,nan,2,No
8986,8986,2024-10-18,2024-10-23,2024-10-23,SwiftKart Logistics,Bengaluru,Delivered,1,66.44,nan,3,Yes
8987,8987,2024-11-11,2024-11-16,2024-11-16,MetroDeliver,Kolkata,Delivered,3,135.24,nan,-1,No
8988,8988,2024-12-23,2024-12-25,2024-12-24,ParcelOne,Mumbai,Delivered,1,123.58,nan,-1,No
8989,8989,2025-01-27,2025-01-31,2025-01-31,BlueRoute Express,Mumbai,Delivered,2,44.42,nan,0,No
8990,8990,2025-12-12,2025-12-16,2025-12-15,RapidX Logistics,Kolkata,Delivered,1,48.78,nan,1,No
8991,8991,2025-12-28,2026-01-01,2025-12-30,QuickShip India,Chennai,Delivered,2,136.04,nan,-1,No
8992,8992,2026-03-22,2026-03-26,2026-03-25,MetroDeliver,Bengaluru,Delivered,2,63.45,nan,-1,No
8993,8993,2024-09-24,2024-09-28,2024-09-27,MetroDeliver,Bengaluru,Delivered,3,162.13,nan,5,Yes
8994,8994,2024-11-05,2024-11-07,2024-11-07,RapidX Logistics,Mumbai,Delivered,2,61.4,nan,6,Yes
8995,8995,2024-12-21,2024-12-25,2024-12-24,BlueRoute Express,Bengaluru,Delivered,2,115.0,nan,7,Yes
8996,8996,2025-01-15,2025-01-20,2025-01-19,ParcelOne,Delhi,Delivered,3,43.91,nan,3,Yes
8997,8997,2024-10-05,2024-10-07,2024-10-06,ParcelOne,Bengaluru,Delivered,3,73.93,nan,7,Yes
8998,8998,2024-10-31,2024-11-02,2024-11-02,MetroDeliver,Kolkata,Delivered,2,71.55,nan,6,Yes
8999,8999,2025-03-13,2025-03-18,2025-03-18,BlueRoute Express,Mumbai,Delivered,3,67.59,nan,7,Yes
9000,9000,2025-04-24,2025-04-26,2025-04-25,QuickShip India,Delhi,Delivered,2,57.27,nan,6,Yes
9001,9001,2025-05-19,2025-05-23,2025-05-22,BlueRoute Express,Kolkata,Delivered,2,57.68,nan,1,No
9002,9002,2025-06-03,2025-06-08,2025-06-08,ParcelOne,Mumbai,Delivered,3,84.06,nan,3,Yes
9003,9003,2025-06-25,2025-06-27,2025-06-26,SwiftKart Logistics,Kolkata,Delivered,1,178.08,nan,3,Yes
9004,9004,2025-04-11,2025-04-13,,SwiftKart Logistics,Bengaluru,In Transit,3,105.03,nan,-1,No
9005,9005,2025-04-27,2025-05-01,2025-05-01,MetroDeliver,Chennai,Delivered,3,61.32,nan,2,No
9006,9006,2025-12-02,2025-12-06,2025-12-06,MetroDeliver,Chennai,Delivered,3,176.94,nan,5,Yes
9007,9007,2026-01-05,2026-01-09,2026-01-08,ParcelOne,Delhi,Delivered,1,56.08,nan,1,No
9008,9008,2026-01-31,2026-02-04,2026-02-02,QuickShip India,Delhi,Delivered,1,126.28,nan,3,Yes
9009,9009,2026-03-14,2026-03-18,2026-03-18,SwiftKart Logistics,Kolkata,Delivered,2,140.62,nan,0,No
9010,9010,2026-04-06,2026-04-09,2026-04-08,RapidX Logistics,Mumbai,Delivered,1,118.34,nan,7,Yes
9011,9011,2025-06-10,2025-06-13,,RapidX Logistics,Delhi,In Transit,2,109.41,nan,1,No
9012,9012,2025-07-11,2025-07-15,2025-07-14,BlueRoute Express,Mumbai,Delivered,3,53.29,nan,0,No
9013,9013,2025-08-03,2025-08-05,2025-08-04,MetroDeliver,Mumbai,Delivered,3,135.04,nan,-1,No
9014,9014,2025-12-27,2025-12-31,2025-12-31,MetroDeliver,Delhi,Delivered,2,86.25,nan,5,Yes
9015,9015,2026-02-05,2026-02-09,2026-02-07,ParcelOne,Bengaluru,Delivered,2,79.88,nan,1,No
9016,9016,2026-03-14,2026-03-19,2026-03-18,BlueRoute Express,Bengaluru,Delivered,3,179.81,nan,4,Yes
9017,9017,2026-04-14,2026-04-17,2026-04-16,RapidX Logistics,Hyderabad,Delivered,3,69.38,nan,7,Yes
9018,9018,2025-06-26,2025-06-28,2025-06-27,QuickShip India,Hyderabad,Delivered,2,174.17,nan,7,Yes
9019,9019,2025-08-04,2025-08-07,2025-08-06,ParcelOne,Delhi,Delivered,1,104.54,nan,3,Yes
9020,9020,2025-08-18,2025-08-23,2025-08-22,ParcelOne,Delhi,Delivered,1,152.63,nan,4,Yes
9021,9021,2025-09-25,2025-09-28,2025-09-28,ParcelOne,Delhi,Delivered,2,61.82,nan,1,No
9022,9022,2025-11-06,2025-11-08,2025-11-08,QuickShip India,Kolkata,Delivered,1,119.29,nan,0,No
9023,9023,2024-11-16,2024-11-19,2024-11-18,ParcelOne,Mumbai,Delivered,2,117.43,nan,7,Yes
9024,9024,2024-12-28,2024-12-31,2024-12-31,ParcelOne,Bengaluru,Delivered,3,79.88,nan,-1,No
9025,9025,2025-01-24,2025-01-27,,BlueRoute Express,Chennai,In Transit,3,56.2,nan,3,Yes
9026,9026,2025-02-14,2025-02-19,2025-02-18,MetroDeliver,Kolkata,Delivered,2,130.34,nan,-1,No
9027,9027,2025-03-23,2025-03-26,2025-03-26,ParcelOne,Bengaluru,Delivered,2,172.78,nan,2,No
9028,9028,2025-04-14,2025-04-18,,SwiftKart Logistics,Bengaluru,In Transit,2,63.83,nan,6,Yes
9029,9029,2025-05-25,2025-05-30,2025-05-29,MetroDeliver,Kolkata,Delivered,3,49.77,nan,4,Yes
9030,9030,2024-09-10,2024-09-15,2024-09-15,ParcelOne,Mumbai,Delivered,1,171.96,nan,3,Yes
9031,9031,2026-04-29,2026-05-02,2026-04-30,QuickShip India,Mumbai,Delivered,3,58.07,nan,6,Yes
9032,9032,2026-06-01,2026-06-06,2026-06-06,ParcelOne,Bengaluru,Delivered,3,121.56,nan,6,Yes
9033,9033,2026-06-16,2026-06-20,2026-06-19,BlueRoute Express,Mumbai,Delivered,2,71.53,nan,7,Yes
9034,9034,2026-07-15,2026-07-19,2026-07-19,SwiftKart Logistics,Chennai,Delivered,3,74.8,nan,7,Yes
9035,9035,2026-08-15,2026-08-19,2026-08-18,RapidX Logistics,Hyderabad,Delivered,1,87.9,nan,1,No
9036,9036,2026-05-14,2026-05-18,2026-05-18,ParcelOne,Delhi,Delivered,1,106.14,nan,3,Yes
9037,9037,2026-06-23,2026-06-27,2026-06-26,QuickShip India,Delhi,Delivered,3,121.93,nan,0,No
9038,9038,2026-08-02,2026-08-05,2026-08-04,SwiftKart Logistics,Hyderabad,Delivered,2,161.08,nan,-1,No
9039,9039,2026-07-15,2026-07-20,2026-07-19,SwiftKart Logistics,Delhi,Delivered,1,125.12,nan,3,Yes
9040,9040,2025-02-10,2025-02-14,,BlueRoute Express,Hyderabad,In Transit,2,65.83,nan,3,Yes
9041,9041,2025-03-03,2025-03-08,2025-03-08,MetroDeliver,Mumbai,Delivered,3,71.92,nan,7,Yes
9042,9042,2025-03-26,2025-03-28,2025-03-28,SwiftKart Logistics,Hyderabad,Delivered,1,170.19,nan,0,No
9043,9043,2025-07-12,2025-07-15,,BlueRoute Express,Mumbai,In Transit,1,130.31,nan,2,No
9044,9044,2025-08-06,2025-08-10,2025-08-09,ParcelOne,Hyderabad,Delivered,3,70.94,nan,2,No
9045,9045,2025-08-24,2025-08-27,2025-08-26,QuickShip India,Delhi,Delivered,1,77.17,nan,-1,No
9046,9046,2025-09-24,2025-09-27,2025-09-27,MetroDeliver,Delhi,Delivered,3,110.27,nan,-1,No
9047,9047,2025-11-08,2025-11-12,2025-11-12,SwiftKart Logistics,Chennai,Delivered,3,76.41,nan,-1,No
9048,9048,2025-05-20,2025-05-24,2025-05-24,ParcelOne,Delhi,Delivered,1,156.02,nan,2,No
9049,9049,2025-07-02,2025-07-07,,QuickShip India,Bengaluru,In Transit,1,158.02,nan,1,No
9050,9050,2025-07-21,2025-07-26,2025-07-26,SwiftKart Logistics,Chennai,Delivered,3,74.19,nan,6,Yes
9051,9051,2025-08-06,2025-08-10,2025-08-09,ParcelOne,Chennai,Delivered,1,125.35,nan,4,Yes
9052,9052,2025-09-17,2025-09-22,2025-09-22,SwiftKart Logistics,Mumbai,Delivered,3,155.8,nan,6,Yes
9053,9053,2025-10-08,2025-10-11,2025-10-10,RapidX Logistics,Kolkata,Delivered,1,57.66,nan,7,Yes
9054,9054,2025-11-02,2025-11-05,2025-11-05,SwiftKart Logistics,Delhi,Delivered,3,70.05,nan,6,Yes
9055,9055,2025-07-28,2025-08-02,2025-08-01,RapidX Logistics,Hyderabad,Delivered,1,69.9,nan,2,No
9056,9056,2025-09-01,2025-09-05,2025-09-04,ParcelOne,Chennai,Delivered,3,77.08,nan,0,No
9057,9057,2025-10-15,2025-10-19,2025-10-18,ParcelOne,Bengaluru,Delivered,1,170.27,nan,6,Yes
9058,9058,2025-07-08,2025-07-10,2025-07-08,QuickShip India,Chennai,Delivered,1,153.57,nan,1,No
9059,9059,2025-08-09,2025-08-11,2025-08-10,MetroDeliver,Mumbai,Delivered,3,131.48,nan,7,Yes
9060,9060,2025-06-18,2025-06-20,2025-06-20,RapidX Logistics,Hyderabad,Delivered,1,165.81,nan,4,Yes
9061,9061,2025-07-24,2025-07-27,2025-07-26,ParcelOne,Bengaluru,Delivered,2,103.97,nan,1,No
9062,9062,2025-08-15,2025-08-20,2025-08-18,BlueRoute Express,Delhi,Delivered,1,135.63,nan,-1,No
9063,9063,2025-09-11,2025-09-14,2025-09-13,QuickShip India,Delhi,Delivered,2,85.47,nan,1,No
9064,9064,2024-10-07,2024-10-11,2024-10-09,MetroDeliver,Delhi,Delivered,2,155.44,nan,1,No
9065,9065,2024-11-19,2024-11-23,2024-11-22,MetroDeliver,Kolkata,Delivered,3,159.64,nan,6,Yes
9066,9066,2024-12-06,2024-12-09,2024-12-09,QuickShip India,Bengaluru,Delivered,1,112.36,nan,6,Yes
9067,9067,2024-12-30,2025-01-02,2025-01-01,BlueRoute Express,Chennai,Delivered,3,51.05,nan,4,Yes
9068,9068,2025-01-16,2025-01-18,2025-01-17,SwiftKart Logistics,Bengaluru,Delivered,3,110.82,nan,0,No
9069,9069,2025-07-18,2025-07-23,2025-07-23,ParcelOne,Hyderabad,Delivered,3,171.21,nan,0,No
9070,9070,2025-08-10,2025-08-14,,RapidX Logistics,Kolkata,In Transit,2,42.45,nan,-1,No
9071,9071,2025-08-27,2025-09-01,2025-09-01,QuickShip India,Kolkata,Delivered,1,178.59,nan,5,Yes
9072,9072,2025-09-27,2025-09-29,2025-09-29,SwiftKart Logistics,Kolkata,Delivered,1,62.01,nan,2,No
9073,9073,2026-02-01,2026-02-03,2026-02-02,SwiftKart Logistics,Delhi,Delivered,3,137.67,nan,4,Yes
9074,9074,2026-03-12,2026-03-16,2026-03-15,RapidX Logistics,Chennai,Delivered,2,108.71,nan,5,Yes
9075,9075,2026-03-26,2026-03-28,2026-03-28,SwiftKart Logistics,Bengaluru,Delivered,1,163.94,nan,7,Yes
9076,9076,2026-04-18,2026-04-21,2026-04-20,MetroDeliver,Mumbai,Delivered,2,113.75,nan,5,Yes
9077,9077,2026-05-04,2026-05-06,2026-05-06,SwiftKart Logistics,Mumbai,Delivered,3,62.75,nan,0,No
9078,9078,2024-09-11,2024-09-13,2024-09-12,RapidX Logistics,Kolkata,Delivered,2,99.5,nan,2,No
9079,9079,2024-10-19,2024-10-24,2024-10-22,QuickShip India,Delhi,Delivered,2,54.85,nan,2,No
9080,9080,2024-11-19,2024-11-21,2024-11-20,QuickShip India,Kolkata,Delivered,2,62.67,nan,-1,No
9081,9081,2024-12-07,2024-12-11,2024-12-09,ParcelOne,Hyderabad,Delivered,1,78.91,nan,6,Yes
9082,9082,2025-01-11,2025-01-14,2025-01-13,MetroDeliver,Delhi,Delivered,1,134.66,nan,2,No
9083,9083,2024-11-12,2024-11-17,,SwiftKart Logistics,Mumbai,In Transit,2,114.57,nan,5,Yes
9084,9084,2024-12-05,2024-12-10,2024-12-10,QuickShip India,Hyderabad,Delivered,1,92.88,nan,0,No
9085,9085,2024-12-31,2025-01-02,,ParcelOne,Delhi,In Transit,1,149.28,nan,4,Yes
9086,9086,2026-06-14,2026-06-19,2026-06-18,BlueRoute Express,Chennai,Delivered,3,95.86,nan,6,Yes
9087,9087,2026-06-30,2026-07-02,2026-07-02,BlueRoute Express,Chennai,Delivered,2,101.27,nan,0,No
9088,9088,2026-08-08,2026-08-11,2026-08-10,ParcelOne,Mumbai,Delivered,3,45.54,nan,2,No
9089,9089,2026-04-07,2026-04-12,,SwiftKart Logistics,Kolkata,In Transit,3,100.08,nan,2,No
9090,9090,2025-02-09,2025-02-13,2025-02-13,ParcelOne,Mumbai,Delivered,1,71.91,nan,4,Yes
9091,9091,2026-02-03,2026-02-05,2026-02-04,ParcelOne,Delhi,Delivered,2,147.52,nan,1,No
9092,9092,2026-02-28,2026-03-04,2026-03-03,ParcelOne,Delhi,Delivered,1,112.86,nan,5,Yes
9093,9093,2026-04-09,2026-04-14,2026-04-13,BlueRoute Express,Delhi,Delivered,2,176.15,nan,4,Yes
9094,9094,2026-04-27,2026-04-30,2026-04-29,MetroDeliver,Delhi,Delivered,2,70.35,nan,3,Yes
9095,9095,2026-06-02,2026-06-07,,BlueRoute Express,Chennai,In Transit,2,124.73,nan,7,Yes
9096,9096,2025-01-05,2025-01-09,,SwiftKart Logistics,Bengaluru,In Transit,3,81.04,nan,4,Yes
9097,9097,2025-02-12,2025-02-16,2025-02-16,SwiftKart Logistics,Mumbai,Delivered,1,51.56,nan,7,Yes
9098,9098,2025-02-28,2025-03-04,2025-03-04,SwiftKart Logistics,Kolkata,Delivered,2,107.35,nan,6,Yes
9099,9099,2024-12-06,2024-12-08,2024-12-08,SwiftKart Logistics,Kolkata,Delivered,2,63.58,nan,2,No
9100,9100,2025-04-11,2025-04-13,2025-04-13,SwiftKart Logistics,Chennai,Delivered,3,149.89,nan,3,Yes
9101,9101,2026-07-01,2026-07-06,,SwiftKart Logistics,Bengaluru,In Transit,3,62.19,nan,4,Yes
9102,9102,2026-07-23,2026-07-27,2026-07-26,BlueRoute Express,Bengaluru,Delivered,3,139.77,nan,0,No
9103,9103,2025-09-12,2025-09-17,2025-09-15,QuickShip India,Bengaluru,Delivered,2,53.5,nan,7,Yes
9104,9104,2025-10-06,2025-10-08,2025-10-07,MetroDeliver,Delhi,Delivered,1,70.41,nan,-1,No
9105,9105,2025-11-01,2025-11-04,2025-11-03,SwiftKart Logistics,Hyderabad,Delivered,2,177.75,nan,7,Yes
9106,9106,2025-11-29,2025-12-01,2025-12-01,RapidX Logistics,Kolkata,Delivered,1,87.09,nan,2,No
9107,9107,2025-12-23,2025-12-25,2025-12-24,QuickShip India,Chennai,Delivered,3,134.04,nan,4,Yes
9108,9108,2026-01-25,2026-01-29,2026-01-29,ParcelOne,Delhi,Delivered,1,133.64,nan,-1,No
9109,9109,2026-03-12,2026-03-16,2026-03-14,BlueRoute Express,Hyderabad,Delivered,1,172.8,nan,1,No
9110,9110,2024-11-14,2024-11-17,2024-11-16,BlueRoute Express,Chennai,Delivered,2,117.06,nan,6,Yes
9111,9111,2024-12-04,2024-12-06,2024-12-05,ParcelOne,Mumbai,Delivered,1,105.94,nan,3,Yes
9112,9112,2025-01-08,2025-01-10,2025-01-08,RapidX Logistics,Mumbai,Delivered,3,157.31,nan,1,No
9113,9113,2025-02-07,2025-02-10,2025-02-09,ParcelOne,Bengaluru,Delivered,1,128.51,nan,6,Yes
9114,9114,2025-03-19,2025-03-23,2025-03-22,MetroDeliver,Mumbai,Delivered,1,139.4,nan,2,No
9115,9115,2025-04-15,2025-04-19,2025-04-19,RapidX Logistics,Bengaluru,Delivered,1,135.62,nan,2,No
9116,9116,2026-05-28,2026-06-01,2026-05-31,ParcelOne,Bengaluru,Delivered,3,172.02,nan,1,No
9117,9117,2026-06-29,2026-07-01,2026-07-01,RapidX Logistics,Hyderabad,Delivered,1,155.01,nan,7,Yes
9118,9118,2026-08-02,2026-08-04,,MetroDeliver,Hyderabad,In Transit,1,136.58,nan,2,No
9119,9119,2026-01-14,2026-01-19,2026-01-19,RapidX Logistics,Hyderabad,Delivered,3,157.76,nan,1,No
9120,9120,2026-03-01,2026-03-06,2026-03-05,BlueRoute Express,Kolkata,Delivered,3,108.54,nan,2,No
9121,9121,2026-03-30,2026-04-02,2026-03-31,SwiftKart Logistics,Bengaluru,Delivered,2,53.93,nan,3,Yes
9122,9122,2026-04-28,2026-04-30,2026-04-29,BlueRoute Express,Hyderabad,Delivered,2,68.38,nan,1,No
9123,9123,2026-06-12,2026-06-15,,RapidX Logistics,Hyderabad,In Transit,1,108.64,nan,0,No
9124,9124,2026-07-05,2026-07-08,2026-07-07,BlueRoute Express,Bengaluru,Delivered,3,160.96,nan,3,Yes
9125,9125,2026-08-10,2026-08-13,2026-08-12,BlueRoute Express,Mumbai,Delivered,3,150.57,nan,5,Yes
9126,9126,2025-11-21,2025-11-23,2025-11-22,MetroDeliver,Bengaluru,Delivered,3,126.49,nan,5,Yes
9127,9127,2025-05-11,2025-05-16,2025-05-15,RapidX Logistics,Hyderabad,Delivered,1,155.47,nan,3,Yes
9128,9128,2025-06-03,2025-06-06,2025-06-05,QuickShip India,Delhi,Delivered,2,88.24,nan,-1,No
9129,9129,2025-07-13,2025-07-16,,ParcelOne,Hyderabad,In Transit,2,103.9,nan,0,No
9130,9130,2025-08-21,2025-08-26,2025-08-25,QuickShip India,Kolkata,Delivered,2,92.46,nan,1,No
9131,9131,2025-01-18,2025-01-20,2025-01-18,MetroDeliver,Delhi,Delivered,1,129.14,nan,2,No
9132,9132,2025-02-26,2025-03-02,2025-03-01,SwiftKart Logistics,Hyderabad,Delivered,1,75.74,nan,6,Yes
9133,9133,2025-03-25,2025-03-27,2025-03-27,SwiftKart Logistics,Bengaluru,Delivered,2,152.91,nan,7,Yes
9134,9134,2024-11-24,2024-11-29,2024-11-29,MetroDeliver,Bengaluru,Delivered,2,43.9,nan,4,Yes
9135,9135,2024-12-22,2024-12-25,2024-12-24,BlueRoute Express,Chennai,Delivered,3,81.93,nan,3,Yes
9136,9136,2025-01-28,2025-01-31,2025-01-30,QuickShip India,Chennai,Delivered,2,112.39,nan,0,No
9137,9137,2025-02-15,2025-02-18,2025-02-17,SwiftKart Logistics,Hyderabad,Delivered,2,150.15,nan,7,Yes
9138,9138,2025-03-13,2025-03-16,2025-03-16,BlueRoute Express,Chennai,Delivered,1,176.89,nan,2,No
9139,9139,2025-04-17,2025-04-22,2025-04-21,SwiftKart Logistics,Bengaluru,Delivered,1,41.68,nan,6,Yes
9140,9140,2025-05-10,2025-05-12,2025-05-11,QuickShip India,Delhi,Delivered,1,140.91,nan,6,Yes
9141,9141,2025-08-05,2025-08-09,2025-08-08,RapidX Logistics,Bengaluru,Delivered,1,53.55,nan,2,No
9142,9142,2025-09-17,2025-09-21,2025-09-21,QuickShip India,Delhi,Delivered,2,135.24,nan,3,Yes
9143,9143,2024-11-10,2024-11-15,2024-11-14,RapidX Logistics,Delhi,Delivered,1,175.11,nan,6,Yes
9144,9144,2024-12-14,2024-12-19,2024-12-18,QuickShip India,Mumbai,Delivered,2,173.31,nan,0,No
9145,9145,2025-01-19,2025-01-22,2025-01-22,MetroDeliver,Delhi,Delivered,1,141.81,nan,2,No
9146,9146,2026-04-26,2026-04-29,2026-04-28,ParcelOne,Hyderabad,Delivered,3,119.66,nan,0,No
9147,9147,2026-05-11,2026-05-15,2026-05-14,MetroDeliver,Bengaluru,Delivered,2,111.0,nan,6,Yes
9148,9148,2026-06-18,2026-06-23,2026-06-22,RapidX Logistics,Bengaluru,Delivered,1,114.1,nan,7,Yes
9149,9149,2026-07-13,2026-07-17,2026-07-16,RapidX Logistics,Hyderabad,Delivered,1,89.18,nan,1,No
9150,9150,2026-07-27,2026-07-31,2026-07-30,RapidX Logistics,Mumbai,Delivered,3,126.81,nan,0,No
9151,9151,2025-04-22,2025-04-27,2025-04-26,RapidX Logistics,Kolkata,Delivered,1,78.91,nan,7,Yes
9152,9152,2025-10-20,2025-10-23,2025-10-21,SwiftKart Logistics,Chennai,Delivered,1,56.18,nan,6,Yes
9153,9153,2025-12-03,2025-12-08,2025-12-08,BlueRoute Express,Kolkata,Delivered,1,134.4,nan,7,Yes
9154,9154,2026-01-04,2026-01-06,2026-01-05,RapidX Logistics,Kolkata,Delivered,2,176.96,nan,3,Yes
9155,9155,2026-01-20,2026-01-23,2026-01-23,MetroDeliver,Mumbai,Delivered,3,44.15,nan,-1,No
9156,9156,2026-02-28,2026-03-03,2026-03-02,SwiftKart Logistics,Kolkata,Delivered,3,62.7,nan,0,No
9157,9157,2026-03-31,2026-04-04,2026-04-04,ParcelOne,Hyderabad,Delivered,1,64.74,nan,4,Yes
9158,9158,2026-05-11,2026-05-16,2026-05-15,QuickShip India,Delhi,Delivered,2,123.51,nan,1,No
9159,9159,2025-10-10,2025-10-14,2025-10-13,SwiftKart Logistics,Chennai,Delivered,3,102.93,nan,4,Yes
9160,9160,2025-11-14,2025-11-16,,SwiftKart Logistics,Bengaluru,In Transit,2,155.97,nan,-1,No
9161,9161,2025-12-13,2025-12-17,,MetroDeliver,Mumbai,In Transit,2,127.55,nan,-1,No
9162,9162,2026-01-11,2026-01-13,2026-01-12,MetroDeliver,Chennai,Delivered,3,42.9,nan,2,No
9163,9163,2026-02-06,2026-02-08,2026-02-06,RapidX Logistics,Hyderabad,Delivered,3,81.81,nan,0,No
9164,9164,2024-08-26,2024-08-31,2024-08-30,SwiftKart Logistics,Bengaluru,Delivered,2,150.05,nan,-1,No
9165,9165,2024-10-01,2024-10-03,2024-10-01,SwiftKart Logistics,Kolkata,Delivered,2,64.54,nan,2,No
9166,9166,2024-10-28,2024-10-31,2024-10-29,MetroDeliver,Bengaluru,Delivered,3,175.54,nan,7,Yes
9167,9167,2024-11-24,2024-11-29,2024-11-29,BlueRoute Express,Bengaluru,Delivered,2,54.6,nan,3,Yes
9168,9168,2024-11-19,2024-11-21,2024-11-21,ParcelOne,Delhi,Delivered,2,175.16,nan,3,Yes
9169,9169,2024-12-11,2024-12-13,2024-12-13,SwiftKart Logistics,Bengaluru,Delivered,3,62.14,nan,0,No
9170,9170,2025-01-07,2025-01-12,,BlueRoute Express,Delhi,In Transit,1,53.38,nan,3,Yes
9171,9171,2025-02-13,2025-02-16,2025-02-15,SwiftKart Logistics,Chennai,Delivered,3,66.31,nan,5,Yes
9172,9172,2025-02-28,2025-03-05,,SwiftKart Logistics,Hyderabad,In Transit,1,84.12,nan,2,No
9173,9173,2026-04-15,2026-04-20,2026-04-19,MetroDeliver,Delhi,Delivered,2,83.12,nan,5,Yes
9174,9174,2026-05-20,2026-05-25,2026-05-24,SwiftKart Logistics,Bengaluru,Delivered,1,169.95,nan,3,Yes
9175,9175,2026-06-16,2026-06-19,2026-06-19,SwiftKart Logistics,Delhi,Delivered,1,46.39,nan,7,Yes
9176,9176,2026-07-29,2026-08-02,2026-08-01,SwiftKart Logistics,Hyderabad,Delivered,2,151.6,nan,1,No
9177,9177,2025-10-22,2025-10-26,2025-10-25,BlueRoute Express,Hyderabad,Delivered,1,96.03,nan,0,No
9178,9178,2025-12-03,2025-12-07,2025-12-07,QuickShip India,Delhi,Delivered,1,151.84,nan,2,No
9179,9179,2026-01-12,2026-01-16,,QuickShip India,Mumbai,In Transit,2,146.69,nan,4,Yes
9180,9180,2026-02-08,2026-02-11,2026-02-10,QuickShip India,Chennai,Delivered,3,167.83,nan,1,No
9181,9181,2026-03-12,2026-03-17,2026-03-16,MetroDeliver,Mumbai,Delivered,2,73.27,nan,2,No
9182,9182,2026-04-05,2026-04-10,2026-04-09,ParcelOne,Bengaluru,Delivered,3,52.44,nan,2,No
9183,9183,2025-11-22,2025-11-27,2025-11-27,MetroDeliver,Mumbai,Delivered,1,163.05,nan,2,No
9184,9184,2025-12-07,2025-12-12,,BlueRoute Express,Chennai,In Transit,1,164.78,nan,7,Yes
9185,9185,2026-01-13,2026-01-17,,QuickShip India,Delhi,In Transit,2,142.68,nan,-1,No
9186,9186,2025-02-23,2025-02-27,2025-02-26,SwiftKart Logistics,Bengaluru,Delivered,1,55.03,nan,7,Yes
9187,9187,2025-03-21,2025-03-24,2025-03-23,RapidX Logistics,Bengaluru,Delivered,2,132.88,nan,4,Yes
9188,9188,2025-04-15,2025-04-19,2025-04-18,BlueRoute Express,Chennai,Delivered,1,52.66,nan,4,Yes
9189,9189,2025-05-23,2025-05-25,2025-05-25,SwiftKart Logistics,Mumbai,Delivered,2,60.27,nan,7,Yes
9190,9190,2025-06-29,2025-07-02,2025-07-01,RapidX Logistics,Bengaluru,Delivered,2,46.33,nan,5,Yes
9191,9191,2025-07-24,2025-07-29,2025-07-28,RapidX Logistics,Kolkata,Delivered,1,56.48,nan,7,Yes
9192,9192,2025-08-27,2025-08-31,2025-08-30,MetroDeliver,Hyderabad,Delivered,2,90.25,nan,2,No
9193,9193,2025-09-11,2025-09-16,2025-09-15,MetroDeliver,Kolkata,Delivered,1,51.92,nan,6,Yes
9194,9194,2025-10-15,2025-10-17,2025-10-17,QuickShip India,Chennai,Delivered,1,159.25,nan,4,Yes
9195,9195,2025-11-23,2025-11-28,2025-11-27,QuickShip India,Kolkata,Delivered,3,46.6,nan,0,No
9196,9196,2025-12-10,2025-12-13,2025-12-12,SwiftKart Logistics,Bengaluru,Delivered,3,83.73,nan,4,Yes
9197,9197,2025-09-25,2025-09-27,2025-09-26,MetroDeliver,Mumbai,Delivered,1,80.94,nan,3,Yes
9198,9198,2025-10-28,2025-11-01,2025-11-01,QuickShip India,Delhi,Delivered,1,60.26,nan,5,Yes
9199,9199,2025-11-14,2025-11-18,2025-11-16,BlueRoute Express,Hyderabad,Delivered,1,78.53,nan,7,Yes
9200,9200,2025-12-06,2025-12-08,2025-12-07,BlueRoute Express,Kolkata,Delivered,1,135.55,nan,2,No
9201,9201,2026-01-07,2026-01-09,2026-01-09,ParcelOne,Delhi,Delivered,2,78.99,nan,6,Yes
9202,9202,2026-04-20,2026-04-25,2026-04-24,BlueRoute Express,Bengaluru,Delivered,3,72.25,nan,6,Yes
9203,9203,2026-05-28,2026-06-01,2026-05-31,RapidX Logistics,Kolkata,Delivered,2,77.39,nan,2,No
9204,9204,2026-07-11,2026-07-14,2026-07-14,RapidX Logistics,Chennai,Delivered,3,153.2,nan,2,No
9205,9205,2025-01-05,2025-01-09,2025-01-08,BlueRoute Express,Bengaluru,Delivered,2,163.93,nan,6,Yes
9206,9206,2025-02-15,2025-02-19,2025-02-19,SwiftKart Logistics,Hyderabad,Delivered,1,84.39,nan,6,Yes
9207,9207,2025-03-20,2025-03-25,2025-03-24,MetroDeliver,Kolkata,Delivered,2,128.01,nan,4,Yes
9208,9208,2025-04-21,2025-04-26,,QuickShip India,Bengaluru,In Transit,1,63.3,nan,-1,No
9209,9209,2025-03-27,2025-03-30,2025-03-30,ParcelOne,Hyderabad,Delivered,2,160.92,nan,5,Yes
9210,9210,2025-05-07,2025-05-09,2025-05-09,MetroDeliver,Bengaluru,Delivered,3,156.95,nan,0,No
9211,9211,2025-05-09,2025-05-12,2025-05-12,QuickShip India,Hyderabad,Delivered,2,42.06,nan,3,Yes
9212,9212,2025-06-22,2025-06-24,2025-06-23,BlueRoute Express,Hyderabad,Delivered,2,84.44,nan,3,Yes
9213,9213,2026-04-11,2026-04-13,2026-04-12,MetroDeliver,Kolkata,Delivered,1,167.98,nan,6,Yes
9214,9214,2026-05-14,2026-05-17,2026-05-16,MetroDeliver,Delhi,Delivered,1,112.69,nan,1,No
9215,9215,2026-06-07,2026-06-09,2026-06-09,RapidX Logistics,Mumbai,Delivered,3,115.05,nan,2,No
9216,9216,2026-07-06,2026-07-08,2026-07-07,ParcelOne,Delhi,Delivered,3,149.58,nan,2,No
9217,9217,2026-08-07,2026-08-11,2026-08-11,RapidX Logistics,Delhi,Delivered,1,73.88,nan,1,No
9218,9218,2025-04-13,2025-04-16,2025-04-16,RapidX Logistics,Hyderabad,Delivered,1,151.79,nan,3,Yes
9219,9219,2025-05-11,2025-05-15,2025-05-14,QuickShip India,Chennai,Delivered,1,128.73,nan,6,Yes
9220,9220,2025-02-07,2025-02-11,2025-02-11,MetroDeliver,Hyderabad,Delivered,3,155.48,nan,7,Yes
9221,9221,2025-03-23,2025-03-27,,SwiftKart Logistics,Mumbai,In Transit,3,140.65,nan,3,Yes
9222,9222,2025-04-13,2025-04-16,2025-04-16,RapidX Logistics,Bengaluru,Delivered,1,132.06,nan,3,Yes
9223,9223,2025-05-29,2025-06-01,2025-05-31,RapidX Logistics,Delhi,Delivered,1,157.11,nan,3,Yes
9224,9224,2025-06-22,2025-06-26,2025-06-25,RapidX Logistics,Chennai,Delivered,1,140.3,nan,3,Yes
9225,9225,2025-07-30,2025-08-03,2025-08-03,RapidX Logistics,Kolkata,Delivered,2,155.1,nan,1,No
9226,9226,2025-08-23,2025-08-28,2025-08-28,BlueRoute Express,Delhi,Delivered,2,93.91,nan,7,Yes
9227,9227,2024-11-07,2024-11-12,2024-11-12,ParcelOne,Mumbai,Delivered,2,138.33,nan,2,No
9228,9228,2024-12-17,2024-12-21,2024-12-20,BlueRoute Express,Mumbai,Delivered,3,52.33,nan,7,Yes
9229,9229,2025-01-22,2025-01-27,2025-01-26,QuickShip India,Chennai,Delivered,1,57.27,nan,2,No
9230,9230,2024-11-22,2024-11-27,2024-11-27,ParcelOne,Hyderabad,Delivered,3,142.99,nan,7,Yes
9231,9231,2025-01-02,2025-01-06,2025-01-05,MetroDeliver,Mumbai,Delivered,1,47.53,nan,1,No
9232,9232,2026-02-18,2026-02-22,,RapidX Logistics,Kolkata,In Transit,2,111.5,nan,5,Yes
9233,9233,2026-03-13,2026-03-18,2026-03-18,RapidX Logistics,Kolkata,Delivered,3,96.78,nan,7,Yes
9234,9234,2026-01-23,2026-01-26,2026-01-24,ParcelOne,Chennai,Delivered,2,83.32,nan,2,No
9235,9235,2026-02-09,2026-02-13,2026-02-12,BlueRoute Express,Delhi,Delivered,1,43.18,nan,3,Yes
9236,9236,2026-03-02,2026-03-07,2026-03-06,ParcelOne,Kolkata,Delivered,3,164.75,nan,-1,No
9237,9237,2026-03-27,2026-03-30,,MetroDeliver,Bengaluru,In Transit,2,92.68,nan,5,Yes
9238,9238,2024-10-07,2024-10-11,2024-10-10,RapidX Logistics,Kolkata,Delivered,3,73.42,nan,6,Yes
9239,9239,2024-11-08,2024-11-11,,BlueRoute Express,Bengaluru,In Transit,2,57.54,nan,1,No
9240,9240,2024-12-16,2024-12-21,2024-12-20,ParcelOne,Bengaluru,Delivered,3,168.36,nan,2,No
9241,9241,2025-01-10,2025-01-13,2025-01-12,ParcelOne,Kolkata,Delivered,3,132.22,nan,1,No
9242,9242,2025-08-09,2025-08-11,2025-08-10,QuickShip India,Hyderabad,Delivered,2,163.46,nan,3,Yes
9243,9243,2025-08-25,2025-08-29,2025-08-29,RapidX Logistics,Kolkata,Delivered,3,156.57,nan,3,Yes
9244,9244,2025-09-09,2025-09-14,2025-09-13,BlueRoute Express,Hyderabad,Delivered,1,85.95,nan,2,No
9245,9245,2025-10-01,2025-10-06,2025-10-05,SwiftKart Logistics,Delhi,Delivered,2,138.81,nan,0,No
9246,9246,2025-03-31,2025-04-04,,BlueRoute Express,Kolkata,In Transit,1,130.8,nan,2,No
9247,9247,2025-04-22,2025-04-27,,MetroDeliver,Mumbai,In Transit,2,160.43,nan,5,Yes
9248,9248,2025-06-06,2025-06-11,2025-06-11,QuickShip India,Hyderabad,Delivered,2,42.21,nan,7,Yes
9249,9249,2025-06-22,2025-06-25,2025-06-25,BlueRoute Express,Kolkata,Delivered,2,77.63,nan,5,Yes
9250,9250,2024-09-08,2024-09-11,2024-09-09,RapidX Logistics,Kolkata,Delivered,1,79.65,nan,5,Yes
9251,9251,2024-10-20,2024-10-24,2024-10-23,RapidX Logistics,Chennai,Delivered,3,135.67,nan,7,Yes
9252,9252,2024-11-14,2024-11-19,2024-11-18,BlueRoute Express,Kolkata,Delivered,3,133.75,nan,3,Yes
9253,9253,2024-12-24,2024-12-28,2024-12-27,MetroDeliver,Hyderabad,Delivered,1,121.31,nan,2,No
9254,9254,2025-12-06,2025-12-09,2025-12-09,MetroDeliver,Mumbai,Delivered,1,164.65,nan,-1,No
9255,9255,2026-01-05,2026-01-10,2026-01-09,BlueRoute Express,Hyderabad,Delivered,3,103.05,nan,2,No
9256,9256,2025-08-16,2025-08-21,,MetroDeliver,Kolkata,In Transit,1,122.99,nan,2,No
9257,9257,2026-07-06,2026-07-08,,MetroDeliver,Kolkata,In Transit,1,143.31,nan,7,Yes
9258,9258,2026-07-28,2026-08-02,,SwiftKart Logistics,Kolkata,In Transit,1,123.03,nan,2,No
9259,9259,2026-01-29,2026-01-31,2026-01-31,BlueRoute Express,Kolkata,Delivered,1,170.51,nan,1,No
9260,9260,2026-02-14,2026-02-17,2026-02-16,RapidX Logistics,Bengaluru,Delivered,3,133.78,nan,4,Yes
9261,9261,2026-03-15,2026-03-17,2026-03-16,MetroDeliver,Kolkata,Delivered,2,105.2,nan,2,No
9262,9262,2026-05-15,2026-05-17,2026-05-16,QuickShip India,Hyderabad,Delivered,2,54.38,nan,4,Yes
9263,9263,2026-06-08,2026-06-10,2026-06-09,BlueRoute Express,Mumbai,Delivered,2,136.92,nan,6,Yes
9264,9264,2026-07-14,2026-07-19,2026-07-18,BlueRoute Express,Hyderabad,Delivered,2,176.86,nan,5,Yes
9265,9265,2026-08-04,2026-08-07,2026-08-06,BlueRoute Express,Bengaluru,Delivered,1,120.28,nan,2,No
9266,9266,2025-03-23,2025-03-27,2025-03-26,BlueRoute Express,Delhi,Delivered,2,119.07,nan,5,Yes
9267,9267,2025-05-06,2025-05-08,2025-05-07,ParcelOne,Delhi,Delivered,3,158.19,nan,5,Yes
9268,9268,2025-06-04,2025-06-09,2025-06-09,MetroDeliver,Chennai,Delivered,3,108.65,nan,7,Yes
9269,9269,2025-07-10,2025-07-13,,QuickShip India,Hyderabad,In Transit,1,73.58,nan,5,Yes
9270,9270,2025-08-25,2025-08-28,2025-08-27,SwiftKart Logistics,Chennai,Delivered,2,85.01,nan,2,No
9271,9271,2025-09-19,2025-09-24,2025-09-23,ParcelOne,Delhi,Delivered,2,169.54,nan,0,No
9272,9272,2025-05-22,2025-05-26,2025-05-25,ParcelOne,Bengaluru,Delivered,1,90.39,nan,4,Yes
9273,9273,2025-06-17,2025-06-19,2025-06-18,MetroDeliver,Delhi,Delivered,1,164.37,nan,2,No
9274,9274,2025-07-14,2025-07-16,2025-07-15,BlueRoute Express,Delhi,Delivered,3,81.23,nan,3,Yes
9275,9275,2025-08-05,2025-08-08,2025-08-07,ParcelOne,Delhi,Delivered,1,72.8,nan,4,Yes
9276,9276,2026-05-28,2026-05-30,2026-05-29,ParcelOne,Chennai,Delivered,1,167.22,nan,7,Yes
9277,9277,2025-10-26,2025-10-31,2025-10-31,BlueRoute Express,Bengaluru,Delivered,3,156.36,nan,0,No
9278,9278,2025-12-04,2025-12-08,2025-12-08,QuickShip India,Hyderabad,Delivered,3,48.48,nan,0,No
9279,9279,2025-12-31,2026-01-02,2026-01-02,BlueRoute Express,Chennai,Delivered,3,99.44,nan,7,Yes
9280,9280,2026-02-05,2026-02-08,2026-02-08,SwiftKart Logistics,Bengaluru,Delivered,2,121.39,nan,2,No
9281,9281,2026-02-20,2026-02-22,2026-02-21,QuickShip India,Mumbai,Delivered,3,92.23,nan,-1,No
9282,9282,2026-03-11,2026-03-13,2026-03-12,RapidX Logistics,Mumbai,Delivered,1,177.64,nan,0,No
9283,9283,2025-09-28,2025-10-03,2025-10-02,MetroDeliver,Bengaluru,Delivered,1,115.03,nan,7,Yes
9284,9284,2025-10-16,2025-10-21,2025-10-20,BlueRoute Express,Delhi,Delivered,3,179.58,nan,4,Yes
9285,9285,2025-11-26,2025-11-30,2025-11-28,SwiftKart Logistics,Hyderabad,Delivered,1,100.77,nan,4,Yes
9286,9286,2026-01-05,2026-01-09,2026-01-09,ParcelOne,Bengaluru,Delivered,2,172.72,nan,5,Yes
9287,9287,2025-01-11,2025-01-14,2025-01-13,MetroDeliver,Delhi,Delivered,1,125.39,nan,6,Yes
9288,9288,2025-02-16,2025-02-21,2025-02-21,BlueRoute Express,Bengaluru,Delivered,2,148.55,nan,0,No
9289,9289,2025-12-25,2025-12-28,2025-12-27,MetroDeliver,Bengaluru,Delivered,3,65.14,nan,3,Yes
9290,9290,2026-02-05,2026-02-10,2026-02-09,ParcelOne,Hyderabad,Delivered,2,163.52,nan,3,Yes
9291,9291,2026-02-28,2026-03-04,2026-03-03,BlueRoute Express,Bengaluru,Delivered,2,99.33,nan,2,No
9292,9292,2024-11-06,2024-11-10,2024-11-10,ParcelOne,Hyderabad,Delivered,2,138.52,nan,7,Yes
9293,9293,2024-12-18,2024-12-20,2024-12-19,SwiftKart Logistics,Mumbai,Delivered,1,53.67,nan,7,Yes
9294,9294,2025-01-19,2025-01-21,2025-01-20,ParcelOne,Delhi,Delivered,1,43.11,nan,7,Yes
9295,9295,2025-03-01,2025-03-06,2025-03-05,ParcelOne,Mumbai,Delivered,1,85.71,nan,-1,No
9296,9296,2026-02-08,2026-02-13,2026-02-11,BlueRoute Express,Chennai,Delivered,2,72.86,nan,7,Yes
9297,9297,2026-03-12,2026-03-14,2026-03-13,ParcelOne,Delhi,Delivered,1,132.68,nan,4,Yes
9298,9298,2026-03-31,2026-04-05,2026-04-04,QuickShip India,Hyderabad,Delivered,1,98.48,nan,5,Yes
9299,9299,2026-04-14,2026-04-16,2026-04-16,ParcelOne,Delhi,Delivered,3,147.34,nan,5,Yes
9300,9300,2026-05-10,2026-05-15,,ParcelOne,Delhi,In Transit,1,119.92,nan,-1,No
9301,9301,2026-06-18,2026-06-21,2026-06-20,ParcelOne,Delhi,Delivered,1,142.94,nan,1,No
9302,9302,2026-07-02,2026-07-06,2026-07-05,BlueRoute Express,Bengaluru,Delivered,2,64.28,nan,0,No
9303,9303,2026-07-27,2026-07-29,2026-07-29,MetroDeliver,Mumbai,Delivered,3,64.18,nan,5,Yes
9304,9304,2025-07-12,2025-07-17,2025-07-17,QuickShip India,Mumbai,Delivered,2,67.71,nan,0,No
9305,9305,2025-08-03,2025-08-08,2025-08-07,QuickShip India,Hyderabad,Delivered,3,60.88,nan,2,No
9306,9306,2025-09-04,2025-09-08,2025-09-06,RapidX Logistics,Mumbai,Delivered,3,179.84,nan,0,No
9307,9307,2025-09-20,2025-09-23,,QuickShip India,Chennai,In Transit,3,108.66,nan,6,Yes
9308,9308,2025-11-04,2025-11-09,,QuickShip India,Kolkata,In Transit,3,70.78,nan,0,No
9309,9309,2025-03-30,2025-04-03,2025-04-02,BlueRoute Express,Chennai,Delivered,3,132.59,nan,6,Yes
9310,9310,2026-05-26,2026-05-29,2026-05-28,ParcelOne,Delhi,Delivered,3,85.9,nan,4,Yes
9311,9311,2026-06-20,2026-06-24,2026-06-24,RapidX Logistics,Bengaluru,Delivered,2,134.26,nan,1,No
9312,9312,2026-07-09,2026-07-13,2026-07-12,ParcelOne,Chennai,Delivered,2,102.84,nan,4,Yes
9313,9313,2026-08-14,2026-08-17,2026-08-17,MetroDeliver,Hyderabad,Delivered,3,109.12,nan,-1,No
9314,9314,2025-07-19,2025-07-22,2025-07-21,BlueRoute Express,Hyderabad,Delivered,2,128.47,nan,0,No
9315,9315,2025-08-07,2025-08-11,2025-08-10,ParcelOne,Hyderabad,Delivered,1,112.7,nan,2,No
9316,9316,2025-08-30,2025-09-04,2025-09-04,BlueRoute Express,Delhi,Delivered,3,99.9,nan,3,Yes
9317,9317,2025-09-15,2025-09-18,,SwiftKart Logistics,Chennai,In Transit,2,51.97,nan,6,Yes
9318,9318,2025-10-16,2025-10-21,2025-10-20,SwiftKart Logistics,Hyderabad,Delivered,2,107.4,nan,2,No
9319,9319,2025-11-05,2025-11-09,2025-11-09,BlueRoute Express,Chennai,Delivered,2,76.99,nan,6,Yes
9320,9320,2025-12-12,2025-12-16,2025-12-15,ParcelOne,Chennai,Delivered,2,118.34,nan,-1,No
9321,9321,2025-04-24,2025-04-26,,BlueRoute Express,Hyderabad,In Transit,2,131.69,nan,1,No
9322,9322,2025-05-26,2025-05-31,2025-05-30,SwiftKart Logistics,Kolkata,Delivered,1,88.83,nan,0,No
9323,9323,2025-07-02,2025-07-07,2025-07-06,RapidX Logistics,Hyderabad,Delivered,3,84.1,nan,-1,No
9324,9324,2025-05-02,2025-05-07,2025-05-06,BlueRoute Express,Kolkata,Delivered,3,176.14,nan,6,Yes
9325,9325,2026-03-15,2026-03-19,2026-03-19,ParcelOne,Mumbai,Delivered,3,79.44,nan,6,Yes
9326,9326,2026-04-06,2026-04-09,,RapidX Logistics,Chennai,In Transit,2,49.78,nan,7,Yes
9327,9327,2026-04-26,2026-05-01,2026-05-01,MetroDeliver,Mumbai,Delivered,2,95.01,nan,1,No
9328,9328,2025-10-04,2025-10-08,2025-10-07,SwiftKart Logistics,Mumbai,Delivered,3,146.3,nan,2,No
9329,9329,2025-11-13,2025-11-18,2025-11-17,QuickShip India,Mumbai,Delivered,1,123.57,nan,6,Yes
9330,9330,2025-12-17,2025-12-20,2025-12-19,QuickShip India,Mumbai,Delivered,2,103.34,nan,2,No
9331,9331,2026-01-09,2026-01-11,2026-01-09,BlueRoute Express,Mumbai,Delivered,3,75.17,nan,1,No
9332,9332,2026-02-04,2026-02-08,2026-02-07,RapidX Logistics,Chennai,Delivered,1,98.74,nan,2,No
9333,9333,2026-03-19,2026-03-22,2026-03-22,BlueRoute Express,Kolkata,Delivered,1,175.01,nan,4,Yes
9334,9334,2026-02-26,2026-03-03,2026-03-03,MetroDeliver,Chennai,Delivered,3,41.76,nan,5,Yes
9335,9335,2026-03-17,2026-03-19,2026-03-18,BlueRoute Express,Bengaluru,Delivered,2,67.09,nan,0,No
9336,9336,2026-05-01,2026-05-06,2026-05-05,QuickShip India,Bengaluru,Delivered,1,56.07,nan,7,Yes
9337,9337,2026-06-11,2026-06-16,2026-06-15,SwiftKart Logistics,Delhi,Delivered,1,88.17,nan,6,Yes
9338,9338,2026-07-21,2026-07-23,2026-07-22,ParcelOne,Delhi,Delivered,3,147.14,nan,6,Yes
9339,9339,2026-08-09,2026-08-14,2026-08-14,QuickShip India,Chennai,Delivered,2,118.59,nan,6,Yes
9340,9340,2026-01-11,2026-01-13,2026-01-12,SwiftKart Logistics,Kolkata,Delivered,3,47.62,nan,0,No
9341,9341,2026-02-03,2026-02-08,2026-02-08,MetroDeliver,Mumbai,Delivered,2,112.42,nan,4,Yes
9342,9342,2026-03-06,2026-03-10,2026-03-10,BlueRoute Express,Mumbai,Delivered,2,125.01,nan,0,No
9343,9343,2026-03-27,2026-03-30,2026-03-30,QuickShip India,Kolkata,Delivered,3,82.43,nan,0,No
9344,9344,2026-04-29,2026-05-03,2026-05-02,MetroDeliver,Bengaluru,Delivered,1,52.7,nan,-1,No
9345,9345,2025-08-11,2025-08-15,2025-08-14,QuickShip India,Hyderabad,Delivered,1,145.36,nan,0,No
9346,9346,2025-09-16,2025-09-19,2025-09-19,ParcelOne,Chennai,Delivered,1,45.1,nan,7,Yes
9347,9347,2025-10-30,2025-11-02,,SwiftKart Logistics,Bengaluru,In Transit,1,67.36,nan,6,Yes
9348,9348,2025-11-18,2025-11-21,2025-11-20,ParcelOne,Hyderabad,Delivered,1,88.89,nan,5,Yes
9349,9349,2025-12-12,2025-12-15,2025-12-14,SwiftKart Logistics,Hyderabad,Delivered,1,107.64,nan,6,Yes
9350,9350,2026-05-26,2026-05-28,,SwiftKart Logistics,Hyderabad,In Transit,2,115.12,nan,7,Yes
9351,9351,2026-06-14,2026-06-18,2026-06-17,QuickShip India,Bengaluru,Delivered,3,50.83,nan,7,Yes
9352,9352,2025-02-16,2025-02-18,2025-02-16,ParcelOne,Kolkata,Delivered,3,85.33,nan,0,No
9353,9353,2026-07-11,2026-07-14,2026-07-13,QuickShip India,Kolkata,Delivered,1,56.44,nan,6,Yes
9354,9354,2026-08-11,2026-08-16,2026-08-15,RapidX Logistics,Kolkata,Delivered,2,59.76,nan,0,No
9355,9355,2025-05-01,2025-05-03,2025-05-03,SwiftKart Logistics,Kolkata,Delivered,2,156.03,nan,3,Yes
9356,9356,2025-06-01,2025-06-05,2025-06-04,BlueRoute Express,Kolkata,Delivered,2,95.14,nan,7,Yes
9357,9357,2025-06-16,2025-06-21,2025-06-21,RapidX Logistics,Kolkata,Delivered,2,83.82,nan,6,Yes
9358,9358,2025-07-10,2025-07-13,,QuickShip India,Hyderabad,In Transit,1,60.91,nan,4,Yes
9359,9359,2025-09-11,2025-09-14,,RapidX Logistics,Mumbai,In Transit,2,61.61,nan,6,Yes
9360,9360,2025-10-02,2025-10-04,2025-10-04,SwiftKart Logistics,Kolkata,Delivered,2,178.88,nan,2,No
9361,9361,2025-11-05,2025-11-07,2025-11-06,MetroDeliver,Chennai,Delivered,2,138.98,nan,4,Yes
9362,9362,2025-12-08,2025-12-13,2025-12-12,RapidX Logistics,Mumbai,Delivered,1,85.32,nan,4,Yes
9363,9363,2026-01-17,2026-01-20,2026-01-19,RapidX Logistics,Chennai,Delivered,3,148.13,nan,6,Yes
9364,9364,2025-07-24,2025-07-27,2025-07-27,MetroDeliver,Kolkata,Delivered,1,95.81,nan,0,No
9365,9365,2025-09-07,2025-09-12,2025-09-11,ParcelOne,Chennai,Delivered,2,110.26,nan,-1,No
9366,9366,2025-09-24,2025-09-29,2025-09-29,SwiftKart Logistics,Hyderabad,Delivered,1,155.76,nan,4,Yes
9367,9367,2024-11-25,2024-11-27,2024-11-26,MetroDeliver,Mumbai,Delivered,1,150.44,nan,0,No
9368,9368,2024-12-21,2024-12-26,2024-12-25,ParcelOne,Chennai,Delivered,1,75.47,nan,4,Yes
9369,9369,2025-04-16,2025-04-18,2025-04-17,RapidX Logistics,Delhi,Delivered,1,139.36,nan,2,No
9370,9370,2025-05-31,2025-06-02,,MetroDeliver,Kolkata,In Transit,2,162.23,nan,-1,No
9371,9371,2025-07-11,2025-07-13,2025-07-12,ParcelOne,Delhi,Delivered,2,107.5,nan,0,No
9372,9372,2025-12-18,2025-12-21,2025-12-21,ParcelOne,Kolkata,Delivered,2,46.24,nan,-1,No
9373,9373,2026-01-03,2026-01-06,2026-01-04,MetroDeliver,Bengaluru,Delivered,1,140.41,nan,0,No
9374,9374,2026-03-07,2026-03-09,2026-03-07,QuickShip India,Kolkata,Delivered,3,111.62,nan,0,No
9375,9375,2026-04-16,2026-04-19,2026-04-18,RapidX Logistics,Chennai,Delivered,1,121.88,nan,-1,No
9376,9376,2026-05-10,2026-05-12,2026-05-11,SwiftKart Logistics,Hyderabad,Delivered,3,166.04,nan,3,Yes
9377,9377,2026-06-19,2026-06-22,2026-06-21,BlueRoute Express,Delhi,Delivered,2,109.79,nan,5,Yes
9378,9378,2026-07-04,2026-07-07,2026-07-07,BlueRoute Express,Hyderabad,Delivered,2,166.22,nan,0,No
9379,9379,2026-08-12,2026-08-16,2026-08-15,SwiftKart Logistics,Hyderabad,Delivered,2,90.17,nan,4,Yes
9380,9380,2026-04-26,2026-05-01,2026-04-30,SwiftKart Logistics,Hyderabad,Delivered,3,64.97,nan,6,Yes
9381,9381,2026-05-11,2026-05-13,2026-05-13,ParcelOne,Mumbai,Delivered,2,117.71,nan,7,Yes
9382,9382,2026-06-20,2026-06-22,2026-06-21,BlueRoute Express,Kolkata,Delivered,1,79.24,nan,1,No
9383,9383,2026-07-25,2026-07-30,2026-07-29,ParcelOne,Bengaluru,Delivered,2,174.94,nan,0,No
9384,9384,2026-06-10,2026-06-15,2026-06-14,BlueRoute Express,Kolkata,Delivered,3,111.77,nan,7,Yes
9385,9385,2026-07-22,2026-07-25,2026-07-24,ParcelOne,Mumbai,Delivered,3,88.16,nan,3,Yes
9386,9386,2026-08-14,2026-08-17,2026-08-16,MetroDeliver,Chennai,Delivered,2,135.36,nan,7,Yes
9387,9387,2026-06-14,2026-06-19,2026-06-18,BlueRoute Express,Mumbai,Delivered,2,44.58,nan,-1,No
9388,9388,2026-07-19,2026-07-22,2026-07-20,BlueRoute Express,Bengaluru,Delivered,2,129.09,nan,1,No
9389,9389,2026-08-03,2026-08-08,2026-08-07,MetroDeliver,Chennai,Delivered,3,134.77,nan,3,Yes
9390,9390,2025-12-25,2025-12-29,2025-12-28,SwiftKart Logistics,Mumbai,Delivered,2,178.73,nan,-1,No
9391,9391,2025-10-14,2025-10-17,2025-10-16,ParcelOne,Bengaluru,Delivered,1,173.78,nan,7,Yes
9392,9392,2025-11-26,2025-12-01,2025-11-30,RapidX Logistics,Bengaluru,Delivered,3,169.87,nan,1,No
9393,9393,2026-01-06,2026-01-08,2026-01-07,ParcelOne,Delhi,Delivered,2,45.32,nan,0,No
9394,9394,2026-02-10,2026-02-12,2026-02-11,ParcelOne,Mumbai,Delivered,3,51.23,nan,6,Yes
9395,9395,2026-03-21,2026-03-26,2026-03-26,BlueRoute Express,Mumbai,Delivered,3,123.59,nan,3,Yes
9396,9396,2026-04-24,2026-04-26,2026-04-25,QuickShip India,Bengaluru,Delivered,2,135.72,nan,4,Yes
9397,9397,2026-06-07,2026-06-09,,QuickShip India,Mumbai,In Transit,3,75.66,nan,4,Yes
9398,9398,2025-09-30,2025-10-02,2025-10-01,SwiftKart Logistics,Mumbai,Delivered,1,177.88,nan,7,Yes
9399,9399,2025-07-09,2025-07-11,2025-07-10,RapidX Logistics,Delhi,Delivered,3,174.6,nan,4,Yes
9400,9400,2025-08-24,2025-08-26,2025-08-24,BlueRoute Express,Delhi,Delivered,2,116.03,nan,6,Yes
9401,9401,2025-09-16,2025-09-19,2025-09-18,RapidX Logistics,Kolkata,Delivered,1,93.87,nan,-1,No
9402,9402,2024-10-29,2024-11-01,2024-11-01,MetroDeliver,Hyderabad,Delivered,1,79.86,nan,4,Yes
9403,9403,2024-12-03,2024-12-05,,RapidX Logistics,Delhi,In Transit,3,172.06,nan,6,Yes
9404,9404,2025-01-15,2025-01-17,,RapidX Logistics,Kolkata,In Transit,2,102.73,nan,3,Yes
9405,9405,2025-09-09,2025-09-13,2025-09-12,SwiftKart Logistics,Hyderabad,Delivered,3,63.13,nan,3,Yes
9406,9406,2025-10-19,2025-10-21,2025-10-21,QuickShip India,Delhi,Delivered,3,54.62,nan,2,No
9407,9407,2025-11-13,2025-11-15,2025-11-14,RapidX Logistics,Mumbai,Delivered,2,69.46,nan,7,Yes
9408,9408,2025-12-17,2025-12-19,,MetroDeliver,Bengaluru,In Transit,3,143.48,nan,2,No
9409,9409,2026-01-30,2026-02-02,2026-02-02,QuickShip India,Bengaluru,Delivered,3,45.37,nan,7,Yes
9410,9410,2025-07-06,2025-07-11,2025-07-09,RapidX Logistics,Chennai,Delivered,1,148.98,nan,1,No
9411,9411,2025-07-29,2025-08-03,2025-08-03,ParcelOne,Chennai,Delivered,2,95.47,nan,2,No
9412,9412,2025-08-16,2025-08-19,2025-08-19,RapidX Logistics,Bengaluru,Delivered,2,154.96,nan,7,Yes
9413,9413,2025-09-21,2025-09-25,,RapidX Logistics,Kolkata,In Transit,2,144.15,nan,7,Yes
9414,9414,2025-10-28,2025-10-30,,SwiftKart Logistics,Chennai,In Transit,3,89.48,nan,4,Yes
9415,9415,2025-11-28,2025-11-30,2025-11-29,MetroDeliver,Bengaluru,Delivered,1,128.55,nan,1,No
9416,9416,2025-10-11,2025-10-15,2025-10-15,ParcelOne,Bengaluru,Delivered,3,45.44,nan,4,Yes
9417,9417,2025-02-06,2025-02-11,2025-02-10,MetroDeliver,Bengaluru,Delivered,3,117.76,nan,3,Yes
9418,9418,2025-03-10,2025-03-15,2025-03-15,MetroDeliver,Chennai,Delivered,2,127.36,nan,4,Yes
9419,9419,2025-03-26,2025-03-28,2025-03-28,RapidX Logistics,Chennai,Delivered,1,93.47,nan,0,No
9420,9420,2025-05-06,2025-05-08,2025-05-07,MetroDeliver,Bengaluru,Delivered,2,122.41,nan,-1,No
9421,9421,2025-01-22,2025-01-26,2025-01-25,QuickShip India,Kolkata,Delivered,1,103.51,nan,2,No
9422,9422,2025-02-09,2025-02-11,2025-02-11,BlueRoute Express,Kolkata,Delivered,2,40.26,nan,5,Yes
9423,9423,2025-03-10,2025-03-12,2025-03-11,MetroDeliver,Chennai,Delivered,3,55.67,nan,4,Yes
9424,9424,2025-03-24,2025-03-26,,ParcelOne,Hyderabad,In Transit,1,109.93,nan,3,Yes
9425,9425,2026-03-28,2026-03-31,,MetroDeliver,Kolkata,In Transit,1,108.21,nan,2,No
9426,9426,2026-04-18,2026-04-23,2026-04-22,SwiftKart Logistics,Mumbai,Delivered,3,109.6,nan,6,Yes
9427,9427,2025-12-05,2025-12-10,,SwiftKart Logistics,Bengaluru,In Transit,3,176.45,nan,4,Yes
9428,9428,2026-01-12,2026-01-17,2026-01-17,BlueRoute Express,Delhi,Delivered,3,75.93,nan,1,No
9429,9429,2026-02-10,2026-02-14,2026-02-13,BlueRoute Express,Delhi,Delivered,2,67.3,nan,5,Yes
9430,9430,2026-03-22,2026-03-24,2026-03-24,BlueRoute Express,Mumbai,Delivered,1,45.56,nan,6,Yes
9431,9431,2026-04-11,2026-04-13,2026-04-12,ParcelOne,Mumbai,Delivered,2,56.44,nan,7,Yes
9432,9432,2024-08-29,2024-08-31,2024-08-29,QuickShip India,Bengaluru,Delivered,3,62.62,nan,0,No
9433,9433,2024-09-21,2024-09-25,,RapidX Logistics,Kolkata,In Transit,3,76.75,nan,2,No
9434,9434,2024-11-06,2024-11-10,2024-11-08,QuickShip India,Mumbai,Delivered,3,53.03,nan,5,Yes
9435,9435,2024-11-25,2024-11-29,2024-11-28,BlueRoute Express,Kolkata,Delivered,2,81.23,nan,4,Yes
9436,9436,2025-11-18,2025-11-21,2025-11-20,QuickShip India,Kolkata,Delivered,3,161.92,nan,2,No
9437,9437,2025-12-20,2025-12-22,2025-12-22,RapidX Logistics,Chennai,Delivered,1,153.37,nan,2,No
9438,9438,2026-01-11,2026-01-16,2026-01-16,RapidX Logistics,Bengaluru,Delivered,3,44.3,nan,6,Yes
9439,9439,2026-01-26,2026-01-30,2026-01-29,MetroDeliver,Mumbai,Delivered,3,91.02,nan,7,Yes
9440,9440,2026-03-12,2026-03-14,2026-03-13,RapidX Logistics,Mumbai,Delivered,3,126.45,nan,-1,No
9441,9441,2026-02-10,2026-02-13,,SwiftKart Logistics,Bengaluru,In Transit,1,136.91,nan,1,No
9442,9442,2026-03-13,2026-03-15,2026-03-14,ParcelOne,Mumbai,Delivered,3,124.35,nan,5,Yes
9443,9443,2026-04-16,2026-04-20,2026-04-19,MetroDeliver,Delhi,Delivered,2,53.33,nan,5,Yes
9444,9444,2026-05-14,2026-05-17,2026-05-17,RapidX Logistics,Mumbai,Delivered,1,155.47,nan,6,Yes
9445,9445,2026-06-05,2026-06-10,2026-06-10,RapidX Logistics,Mumbai,Delivered,1,172.46,nan,3,Yes
9446,9446,2026-06-27,2026-06-30,2026-06-29,BlueRoute Express,Chennai,Delivered,1,142.98,nan,1,No
9447,9447,2026-08-07,2026-08-11,2026-08-10,ParcelOne,Kolkata,Delivered,1,89.4,nan,7,Yes
9448,9448,2025-04-15,2025-04-18,2025-04-17,RapidX Logistics,Hyderabad,Delivered,2,163.09,nan,4,Yes
9449,9449,2025-05-20,2025-05-22,2025-05-20,ParcelOne,Kolkata,Delivered,3,59.45,nan,6,Yes
9450,9450,2025-05-23,2025-05-26,2025-05-24,SwiftKart Logistics,Hyderabad,Delivered,1,112.5,nan,4,Yes
9451,9451,2025-06-20,2025-06-23,,MetroDeliver,Chennai,In Transit,2,166.02,nan,5,Yes
9452,9452,2025-07-06,2025-07-08,2025-07-08,SwiftKart Logistics,Hyderabad,Delivered,1,75.5,nan,5,Yes
9453,9453,2025-07-21,2025-07-26,2025-07-24,BlueRoute Express,Hyderabad,Delivered,2,92.34,nan,5,Yes
9454,9454,2026-04-21,2026-04-24,2026-04-24,RapidX Logistics,Delhi,Delivered,3,63.94,nan,1,No
9455,9455,2026-05-13,2026-05-16,2026-05-15,BlueRoute Express,Mumbai,Delivered,3,40.33,nan,4,Yes
9456,9456,2026-05-29,2026-05-31,2026-05-30,RapidX Logistics,Mumbai,Delivered,2,168.88,nan,2,No
9457,9457,2024-11-01,2024-11-04,2024-11-04,BlueRoute Express,Delhi,Delivered,2,145.14,nan,6,Yes
9458,9458,2025-04-05,2025-04-09,,ParcelOne,Chennai,In Transit,1,48.11,nan,1,No
9459,9459,2025-07-13,2025-07-15,,BlueRoute Express,Chennai,In Transit,3,137.15,nan,-1,No
9460,9460,2025-08-08,2025-08-13,2025-08-13,SwiftKart Logistics,Chennai,Delivered,2,134.99,nan,0,No
9461,9461,2025-09-05,2025-09-07,2025-09-06,RapidX Logistics,Bengaluru,Delivered,2,143.28,nan,0,No
9462,9462,2025-09-23,2025-09-25,2025-09-24,MetroDeliver,Kolkata,Delivered,1,136.67,nan,4,Yes
9463,9463,2025-10-28,2025-11-01,2025-11-01,BlueRoute Express,Hyderabad,Delivered,2,87.95,nan,7,Yes
9464,9464,2025-12-10,2025-12-14,2025-12-13,ParcelOne,Mumbai,Delivered,2,120.81,nan,1,No
9465,9465,2025-11-09,2025-11-14,2025-11-14,QuickShip India,Bengaluru,Delivered,1,161.71,nan,6,Yes
9466,9466,2025-12-06,2025-12-08,,SwiftKart Logistics,Chennai,In Transit,2,89.67,nan,3,Yes
9467,9467,2026-01-09,2026-01-14,2026-01-13,BlueRoute Express,Bengaluru,Delivered,1,81.8,nan,5,Yes
9468,9468,2026-02-20,2026-02-22,2026-02-22,MetroDeliver,Kolkata,Delivered,2,148.91,nan,1,No
9469,9469,2026-03-15,2026-03-18,2026-03-17,RapidX Logistics,Mumbai,Delivered,1,97.11,nan,6,Yes
9470,9470,2025-07-17,2025-07-20,2025-07-19,RapidX Logistics,Chennai,Delivered,1,90.4,nan,3,Yes
9471,9471,2025-08-25,2025-08-30,2025-08-28,ParcelOne,Chennai,Delivered,2,124.03,nan,6,Yes
9472,9472,2025-09-30,2025-10-04,2025-10-04,ParcelOne,Hyderabad,Delivered,3,41.57,nan,3,Yes
9473,9473,2026-05-21,2026-05-26,,ParcelOne,Chennai,In Transit,1,121.05,nan,3,Yes
9474,9474,2026-06-30,2026-07-02,2026-07-01,ParcelOne,Kolkata,Delivered,1,115.6,nan,3,Yes
9475,9475,2026-07-24,2026-07-29,2026-07-28,ParcelOne,Hyderabad,Delivered,1,148.69,nan,6,Yes
9476,9476,2024-08-29,2024-09-02,2024-08-31,BlueRoute Express,Delhi,Delivered,1,89.65,nan,4,Yes
9477,9477,2024-10-03,2024-10-05,2024-10-03,BlueRoute Express,Chennai,Delivered,3,153.73,nan,3,Yes
9478,9478,2024-10-24,2024-10-27,2024-10-25,BlueRoute Express,Kolkata,Delivered,2,96.72,nan,3,Yes
9479,9479,2024-12-06,2024-12-08,2024-12-07,MetroDeliver,Kolkata,Delivered,3,156.55,nan,2,No
9480,9480,2025-01-07,2025-01-11,2025-01-10,BlueRoute Express,Hyderabad,Delivered,3,43.84,nan,3,Yes
9481,9481,2024-09-18,2024-09-21,2024-09-20,MetroDeliver,Chennai,Delivered,2,71.18,nan,0,No
9482,9482,2024-10-20,2024-10-22,2024-10-21,BlueRoute Express,Chennai,Delivered,1,74.22,nan,3,Yes
9483,9483,2025-10-10,2025-10-12,2025-10-11,RapidX Logistics,Kolkata,Delivered,1,119.05,nan,2,No
9484,9484,2025-11-14,2025-11-19,2025-11-17,ParcelOne,Kolkata,Delivered,2,99.64,nan,6,Yes
9485,9485,2025-12-28,2025-12-31,2025-12-30,ParcelOne,Delhi,Delivered,2,51.34,nan,-1,No
9486,9486,2025-10-30,2025-11-03,2025-11-03,SwiftKart Logistics,Kolkata,Delivered,3,121.53,nan,2,No
9487,9487,2025-11-14,2025-11-19,2025-11-19,RapidX Logistics,Mumbai,Delivered,2,172.64,nan,6,Yes
9488,9488,2025-12-16,2025-12-19,2025-12-18,MetroDeliver,Hyderabad,Delivered,3,140.23,nan,2,No
9489,9489,2024-09-09,2024-09-12,2024-09-11,BlueRoute Express,Chennai,Delivered,3,154.41,nan,-1,No
9490,9490,2025-03-21,2025-03-24,2025-03-24,MetroDeliver,Chennai,Delivered,3,106.16,nan,1,No
9491,9491,2025-04-14,2025-04-17,2025-04-16,QuickShip India,Hyderabad,Delivered,1,81.12,nan,5,Yes
9492,9492,2025-05-22,2025-05-25,2025-05-24,SwiftKart Logistics,Bengaluru,Delivered,3,48.15,nan,2,No
9493,9493,2025-06-12,2025-06-14,,ParcelOne,Kolkata,In Transit,2,64.34,nan,1,No
9494,9494,2025-07-12,2025-07-16,2025-07-16,MetroDeliver,Kolkata,Delivered,2,41.42,nan,4,Yes
9495,9495,2025-08-10,2025-08-12,,MetroDeliver,Mumbai,In Transit,2,65.51,nan,1,No
9496,9496,2025-09-09,2025-09-13,2025-09-12,BlueRoute Express,Kolkata,Delivered,2,147.16,nan,4,Yes
9497,9497,2024-09-07,2024-09-09,2024-09-08,MetroDeliver,Mumbai,Delivered,1,161.17,nan,3,Yes
9498,9498,2024-10-19,2024-10-23,2024-10-22,SwiftKart Logistics,Mumbai,Delivered,3,111.13,nan,1,No
9499,9499,2024-11-27,2024-11-29,,BlueRoute Express,Bengaluru,In Transit,2,177.01,nan,5,Yes
9500,9500,2024-12-25,2024-12-27,2024-12-27,MetroDeliver,Kolkata,Delivered,3,129.12,nan,3,Yes
9501,9501,2026-04-28,2026-04-30,2026-04-30,RapidX Logistics,Delhi,Delivered,2,114.27,nan,-1,No
9502,9502,2026-05-24,2026-05-27,2026-05-27,QuickShip India,Bengaluru,Delivered,2,139.89,nan,0,No
9503,9503,2026-07-02,2026-07-05,2026-07-04,RapidX Logistics,Hyderabad,Delivered,2,112.93,nan,6,Yes
9504,9504,2026-08-09,2026-08-11,2026-08-10,MetroDeliver,Hyderabad,Delivered,2,65.88,nan,4,Yes
9505,9505,2024-10-12,2024-10-15,2024-10-14,SwiftKart Logistics,Chennai,Delivered,1,58.97,nan,7,Yes
9506,9506,2024-10-31,2024-11-05,2024-11-03,SwiftKart Logistics,Kolkata,Delivered,2,48.92,nan,1,No
9507,9507,2024-11-28,2024-12-02,2024-12-01,RapidX Logistics,Hyderabad,Delivered,1,119.53,nan,4,Yes
9508,9508,2025-01-02,2025-01-05,2025-01-04,RapidX Logistics,Delhi,Delivered,2,106.7,nan,2,No
9509,9509,2025-01-21,2025-01-24,2025-01-24,RapidX Logistics,Delhi,Delivered,1,141.44,nan,7,Yes
9510,9510,2025-10-20,2025-10-22,2025-10-21,MetroDeliver,Bengaluru,Delivered,2,127.44,nan,0,No
9511,9511,2025-11-21,2025-11-25,2025-11-24,QuickShip India,Kolkata,Delivered,3,71.01,nan,1,No
9512,9512,2025-12-24,2025-12-26,2025-12-25,RapidX Logistics,Hyderabad,Delivered,1,117.36,nan,3,Yes
9513,9513,2026-01-15,2026-01-17,2026-01-16,BlueRoute Express,Kolkata,Delivered,1,108.51,nan,5,Yes
9514,9514,2024-11-22,2024-11-25,2024-11-25,SwiftKart Logistics,Bengaluru,Delivered,3,153.8,nan,1,No
9515,9515,2024-12-15,2024-12-18,2024-12-17,SwiftKart Logistics,Chennai,Delivered,3,83.13,nan,5,Yes
9516,9516,2025-01-08,2025-01-13,2025-01-13,ParcelOne,Hyderabad,Delivered,1,176.71,nan,6,Yes
9517,9517,2025-02-05,2025-02-07,2025-02-07,MetroDeliver,Mumbai,Delivered,1,170.49,nan,2,No
9518,9518,2025-02-20,2025-02-25,2025-02-24,BlueRoute Express,Delhi,Delivered,2,50.74,nan,1,No
9519,9519,2025-03-11,2025-03-14,2025-03-14,SwiftKart Logistics,Delhi,Delivered,1,81.73,nan,1,No
9520,9520,2025-04-24,2025-04-26,2025-04-25,BlueRoute Express,Chennai,Delivered,3,78.48,nan,6,Yes
9521,9521,2025-05-21,2025-05-26,2025-05-25,BlueRoute Express,Delhi,Delivered,1,161.61,nan,2,No
9522,9522,2026-08-03,2026-08-06,2026-08-06,MetroDeliver,Mumbai,Delivered,3,75.97,nan,6,Yes
9523,9523,2025-04-11,2025-04-14,,RapidX Logistics,Kolkata,In Transit,2,40.01,nan,7,Yes
9524,9524,2025-05-12,2025-05-15,2025-05-14,BlueRoute Express,Kolkata,Delivered,2,154.63,nan,-1,No
9525,9525,2025-06-13,2025-06-18,2025-06-18,SwiftKart Logistics,Chennai,Delivered,2,79.52,nan,0,No
9526,9526,2025-07-10,2025-07-15,2025-07-14,RapidX Logistics,Hyderabad,Delivered,2,75.95,nan,1,No
9527,9527,2026-01-18,2026-01-23,2026-01-22,SwiftKart Logistics,Mumbai,Delivered,1,99.67,nan,2,No
9528,9528,2026-02-23,2026-02-27,2026-02-27,RapidX Logistics,Bengaluru,Delivered,3,58.22,nan,6,Yes
9529,9529,2026-03-24,2026-03-27,,RapidX Logistics,Delhi,In Transit,1,77.8,nan,0,No
9530,9530,2026-05-07,2026-05-10,2026-05-08,SwiftKart Logistics,Delhi,Delivered,3,147.02,nan,4,Yes
9531,9531,2026-05-31,2026-06-03,2026-06-01,MetroDeliver,Mumbai,Delivered,1,42.22,nan,5,Yes
9532,9532,2026-07-05,2026-07-08,2026-07-08,SwiftKart Logistics,Mumbai,Delivered,3,179.42,nan,3,Yes
9533,9533,2024-12-14,2024-12-19,,ParcelOne,Bengaluru,In Transit,2,133.2,nan,0,No
9534,9534,2024-12-31,2025-01-05,2025-01-04,QuickShip India,Delhi,Delivered,3,41.06,nan,5,Yes
9535,9535,2025-02-11,2025-02-13,2025-02-12,ParcelOne,Hyderabad,Delivered,1,91.39,nan,0,No
9536,9536,2025-03-17,2025-03-22,2025-03-22,SwiftKart Logistics,Kolkata,Delivered,2,48.7,nan,0,No
9537,9537,2025-04-05,2025-04-07,2025-04-07,ParcelOne,Bengaluru,Delivered,1,113.99,nan,7,Yes
9538,9538,2025-08-28,2025-09-02,2025-09-01,BlueRoute Express,Bengaluru,Delivered,1,43.13,nan,-1,No
9539,9539,2025-10-03,2025-10-07,,MetroDeliver,Delhi,In Transit,3,80.1,nan,6,Yes
9540,9540,2025-10-29,2025-11-01,2025-10-31,BlueRoute Express,Mumbai,Delivered,2,143.61,nan,1,No
9541,9541,2025-12-13,2025-12-18,2025-12-18,QuickShip India,Hyderabad,Delivered,2,108.36,nan,3,Yes
9542,9542,2025-12-28,2026-01-01,,RapidX Logistics,Mumbai,In Transit,3,113.2,nan,6,Yes
9543,9543,2026-01-17,2026-01-22,2026-01-21,QuickShip India,Chennai,Delivered,2,74.42,nan,0,No
9544,9544,2024-09-26,2024-10-01,2024-10-01,MetroDeliver,Kolkata,Delivered,1,76.93,nan,5,Yes
9545,9545,2024-11-01,2024-11-06,2024-11-06,ParcelOne,Delhi,Delivered,2,63.73,nan,7,Yes
9546,9546,2024-11-23,2024-11-28,2024-11-27,SwiftKart Logistics,Bengaluru,Delivered,2,169.25,nan,3,Yes
9547,9547,2024-12-08,2024-12-12,2024-12-12,SwiftKart Logistics,Mumbai,Delivered,1,58.32,nan,0,No
9548,9548,2025-05-10,2025-05-15,2025-05-15,SwiftKart Logistics,Kolkata,Delivered,1,96.55,nan,2,No
9549,9549,2025-06-11,2025-06-16,2025-06-15,BlueRoute Express,Chennai,Delivered,1,153.55,nan,2,No
9550,9550,2025-07-26,2025-07-31,2025-07-30,QuickShip India,Mumbai,Delivered,3,44.53,nan,7,Yes
9551,9551,2026-01-30,2026-02-02,2026-02-01,RapidX Logistics,Delhi,Delivered,2,132.39,nan,-1,No
9552,9552,2026-01-09,2026-01-12,2026-01-12,BlueRoute Express,Bengaluru,Delivered,2,106.0,nan,2,No
9553,9553,2026-01-30,2026-02-03,2026-02-02,RapidX Logistics,Bengaluru,Delivered,2,124.14,nan,7,Yes
9554,9554,2026-02-18,2026-02-22,2026-02-21,BlueRoute Express,Mumbai,Delivered,1,59.21,nan,4,Yes
9555,9555,2026-03-25,2026-03-28,2026-03-27,QuickShip India,Delhi,Delivered,1,135.58,nan,5,Yes
9556,9556,2026-04-17,2026-04-22,2026-04-21,QuickShip India,Kolkata,Delivered,3,129.8,nan,0,No
9557,9557,2026-05-27,2026-05-31,2026-05-31,SwiftKart Logistics,Kolkata,Delivered,1,119.15,nan,7,Yes
9558,9558,2026-03-05,2026-03-08,2026-03-07,QuickShip India,Chennai,Delivered,3,156.3,nan,1,No
9559,9559,2026-04-04,2026-04-06,2026-04-05,SwiftKart Logistics,Mumbai,Delivered,3,73.21,nan,-1,No
9560,9560,2026-05-13,2026-05-16,2026-05-15,RapidX Logistics,Kolkata,Delivered,1,139.85,nan,3,Yes
9561,9561,2026-06-11,2026-06-16,2026-06-15,ParcelOne,Kolkata,Delivered,2,126.98,nan,-1,No
9562,9562,2026-07-19,2026-07-22,2026-07-21,RapidX Logistics,Delhi,Delivered,3,163.94,nan,-1,No
9563,9563,2026-06-19,2026-06-23,2026-06-22,SwiftKart Logistics,Hyderabad,Delivered,2,42.02,nan,-1,No
9564,9564,2026-07-30,2026-08-02,2026-07-31,QuickShip India,Hyderabad,Delivered,1,118.72,nan,-1,No
9565,9565,2026-03-28,2026-03-31,2026-03-31,ParcelOne,Kolkata,Delivered,3,156.79,nan,6,Yes
9566,9566,2026-04-24,2026-04-26,2026-04-25,RapidX Logistics,Hyderabad,Delivered,2,87.0,nan,4,Yes
9567,9567,2026-05-29,2026-06-02,2026-06-01,SwiftKart Logistics,Kolkata,Delivered,2,173.24,nan,0,No
9568,9568,2026-05-08,2026-05-13,2026-05-12,MetroDeliver,Hyderabad,Delivered,1,148.51,nan,4,Yes
9569,9569,2026-05-25,2026-05-28,2026-05-27,RapidX Logistics,Delhi,Delivered,1,179.48,nan,2,No
9570,9570,2025-03-03,2025-03-08,,SwiftKart Logistics,Kolkata,In Transit,1,124.73,nan,4,Yes
9571,9571,2025-03-19,2025-03-21,2025-03-19,MetroDeliver,Mumbai,Delivered,1,133.55,nan,7,Yes
9572,9572,2025-04-07,2025-04-11,2025-04-10,QuickShip India,Delhi,Delivered,3,125.25,nan,1,No
9573,9573,2025-04-25,2025-04-30,2025-04-30,QuickShip India,Mumbai,Delivered,1,83.51,nan,4,Yes
9574,9574,2026-07-27,2026-07-31,2026-07-31,BlueRoute Express,Kolkata,Delivered,1,62.04,nan,4,Yes
9575,9575,2025-03-29,2025-04-03,2025-04-03,QuickShip India,Delhi,Delivered,3,42.89,nan,6,Yes
9576,9576,2025-04-21,2025-04-24,2025-04-24,RapidX Logistics,Mumbai,Delivered,3,156.53,nan,-1,No
9577,9577,2025-05-23,2025-05-25,,BlueRoute Express,Kolkata,In Transit,3,78.01,nan,5,Yes
9578,9578,2025-06-19,2025-06-24,2025-06-23,MetroDeliver,Kolkata,Delivered,3,115.93,nan,5,Yes
9579,9579,2025-08-02,2025-08-07,2025-08-07,MetroDeliver,Hyderabad,Delivered,3,41.96,nan,4,Yes
9580,9580,2025-08-18,2025-08-21,,RapidX Logistics,Hyderabad,In Transit,3,105.32,nan,2,No
9581,9581,2025-06-30,2025-07-02,2025-07-01,MetroDeliver,Chennai,Delivered,1,81.96,nan,3,Yes
9582,9582,2025-08-14,2025-08-19,2025-08-17,SwiftKart Logistics,Mumbai,Delivered,3,40.07,nan,-1,No
9583,9583,2025-09-24,2025-09-28,2025-09-27,MetroDeliver,Chennai,Delivered,2,42.31,nan,0,No
9584,9584,2025-10-13,2025-10-16,2025-10-16,RapidX Logistics,Kolkata,Delivered,2,179.55,nan,1,No
9585,9585,2024-12-12,2024-12-16,2024-12-15,SwiftKart Logistics,Delhi,Delivered,2,70.19,nan,-1,No
9586,9586,2025-01-14,2025-01-17,2025-01-17,SwiftKart Logistics,Mumbai,Delivered,1,120.89,nan,3,Yes
9587,9587,2025-02-02,2025-02-07,2025-02-06,ParcelOne,Chennai,Delivered,1,102.14,nan,3,Yes
9588,9588,2025-03-11,2025-03-13,2025-03-13,RapidX Logistics,Bengaluru,Delivered,3,167.53,nan,0,No
9589,9589,2025-06-25,2025-06-29,,ParcelOne,Delhi,In Transit,1,137.62,nan,4,Yes
9590,9590,2024-12-23,2024-12-25,2024-12-24,RapidX Logistics,Chennai,Delivered,3,78.11,nan,1,No
9591,9591,2025-01-24,2025-01-29,2025-01-28,ParcelOne,Chennai,Delivered,1,98.94,nan,0,No
9592,9592,2025-02-12,2025-02-16,2025-02-14,BlueRoute Express,Mumbai,Delivered,1,178.12,nan,3,Yes
9593,9593,2024-10-21,2024-10-24,2024-10-23,ParcelOne,Hyderabad,Delivered,2,77.78,nan,0,No
9594,9594,2024-11-14,2024-11-18,2024-11-18,MetroDeliver,Mumbai,Delivered,3,143.29,nan,2,No
9595,9595,2024-12-07,2024-12-10,2024-12-09,ParcelOne,Chennai,Delivered,3,43.07,nan,7,Yes
9596,9596,2025-01-13,2025-01-18,2025-01-17,SwiftKart Logistics,Mumbai,Delivered,3,79.89,nan,5,Yes
9597,9597,2025-09-04,2025-09-07,2025-09-07,MetroDeliver,Mumbai,Delivered,2,146.05,nan,3,Yes
9598,9598,2025-09-25,2025-09-30,,RapidX Logistics,Bengaluru,In Transit,3,169.87,nan,-1,No
9599,9599,2025-10-13,2025-10-15,2025-10-14,SwiftKart Logistics,Bengaluru,Delivered,2,178.69,nan,2,No
9600,9600,2025-11-27,2025-12-02,2025-12-02,MetroDeliver,Chennai,Delivered,3,145.57,nan,7,Yes
9601,9601,2025-12-23,2025-12-25,2025-12-24,QuickShip India,Delhi,Delivered,3,139.56,nan,-1,No
9602,9602,2026-01-19,2026-01-22,2026-01-21,MetroDeliver,Delhi,Delivered,1,60.86,nan,4,Yes
9603,9603,2024-12-15,2024-12-20,2024-12-20,SwiftKart Logistics,Hyderabad,Delivered,1,178.24,nan,5,Yes
9604,9604,2025-01-12,2025-01-16,2025-01-15,RapidX Logistics,Bengaluru,Delivered,3,173.94,nan,0,No
9605,9605,2025-02-21,2025-02-24,2025-02-24,QuickShip India,Chennai,Delivered,2,125.03,nan,5,Yes
9606,9606,2025-03-16,2025-03-19,2025-03-18,ParcelOne,Bengaluru,Delivered,1,70.31,nan,6,Yes
9607,9607,2025-04-12,2025-04-14,2025-04-13,MetroDeliver,Delhi,Delivered,1,123.74,nan,1,No
9608,9608,2025-05-14,2025-05-16,2025-05-15,SwiftKart Logistics,Chennai,Delivered,3,176.03,nan,6,Yes
9609,9609,2025-11-16,2025-11-21,2025-11-20,SwiftKart Logistics,Kolkata,Delivered,1,173.77,nan,5,Yes
9610,9610,2025-12-07,2025-12-09,2025-12-08,ParcelOne,Kolkata,Delivered,2,128.34,nan,1,No
9611,9611,2025-12-31,2026-01-04,2026-01-03,MetroDeliver,Bengaluru,Delivered,3,148.34,nan,1,No
9612,9612,2026-02-08,2026-02-11,,SwiftKart Logistics,Kolkata,In Transit,3,81.34,nan,2,No
9613,9613,2026-03-23,2026-03-26,2026-03-26,QuickShip India,Hyderabad,Delivered,2,142.01,nan,1,No
9614,9614,2026-05-01,2026-05-04,2026-05-04,SwiftKart Logistics,Delhi,Delivered,3,59.73,nan,1,No
9615,9615,2026-05-15,2026-05-18,,QuickShip India,Hyderabad,In Transit,1,128.08,nan,7,Yes
9616,9616,2024-11-20,2024-11-22,2024-11-21,MetroDeliver,Mumbai,Delivered,2,41.72,nan,1,No
9617,9617,2024-12-19,2024-12-21,2024-12-20,RapidX Logistics,Delhi,Delivered,2,105.94,nan,-1,No
9618,9618,2025-01-17,2025-01-20,2025-01-18,ParcelOne,Bengaluru,Delivered,2,76.24,nan,2,No
9619,9619,2025-02-28,2025-03-02,2025-03-01,ParcelOne,Bengaluru,Delivered,3,88.0,nan,-1,No
9620,9620,2025-03-24,2025-03-28,2025-03-27,ParcelOne,Hyderabad,Delivered,3,149.17,nan,2,No
9621,9621,2025-04-13,2025-04-17,2025-04-16,BlueRoute Express,Delhi,Delivered,1,133.21,nan,1,No
9622,9622,2024-12-17,2024-12-20,2024-12-19,RapidX Logistics,Kolkata,Delivered,2,126.45,nan,1,No
9623,9623,2025-01-02,2025-01-05,2025-01-04,QuickShip India,Kolkata,Delivered,3,139.39,nan,5,Yes
9624,9624,2025-01-17,2025-01-20,2025-01-19,MetroDeliver,Mumbai,Delivered,1,160.46,nan,6,Yes
9625,9625,2025-02-28,2025-03-03,2025-03-02,RapidX Logistics,Chennai,Delivered,3,155.93,nan,0,No
9626,9626,2025-03-27,2025-03-31,2025-03-31,RapidX Logistics,Chennai,Delivered,2,107.02,nan,0,No
9627,9627,2025-04-28,2025-04-30,2025-04-30,QuickShip India,Bengaluru,Delivered,3,98.24,nan,1,No
9628,9628,2025-06-04,2025-06-08,2025-06-07,BlueRoute Express,Bengaluru,Delivered,3,80.74,nan,4,Yes
9629,9629,2025-06-24,2025-06-28,2025-06-28,SwiftKart Logistics,Kolkata,Delivered,1,171.87,nan,3,Yes
9630,9630,2025-08-02,2025-08-05,2025-08-05,MetroDeliver,Delhi,Delivered,2,105.49,nan,6,Yes
9631,9631,2025-09-02,2025-09-04,2025-09-03,RapidX Logistics,Chennai,Delivered,2,41.19,nan,6,Yes
9632,9632,2025-09-29,2025-10-02,,SwiftKart Logistics,Mumbai,In Transit,3,125.79,nan,6,Yes
9633,9633,2025-02-06,2025-02-09,,QuickShip India,Hyderabad,In Transit,1,125.08,nan,7,Yes
9634,9634,2025-03-22,2025-03-27,2025-03-27,MetroDeliver,Delhi,Delivered,2,95.2,nan,4,Yes
9635,9635,2025-05-05,2025-05-09,2025-05-09,SwiftKart Logistics,Chennai,Delivered,2,75.77,nan,1,No
9636,9636,2025-12-29,2026-01-02,2026-01-01,ParcelOne,Mumbai,Delivered,1,55.43,nan,6,Yes
9637,9637,2026-01-16,2026-01-20,2026-01-20,RapidX Logistics,Chennai,Delivered,2,45.04,nan,3,Yes
9638,9638,2026-02-15,2026-02-17,,QuickShip India,Hyderabad,In Transit,2,125.73,nan,0,No
9639,9639,2026-03-21,2026-03-25,2026-03-24,QuickShip India,Delhi,Delivered,1,162.6,nan,1,No
9640,9640,2026-04-10,2026-04-13,2026-04-12,BlueRoute Express,Delhi,Delivered,2,133.51,nan,6,Yes
9641,9641,2026-05-20,2026-05-23,2026-05-22,MetroDeliver,Hyderabad,Delivered,1,150.67,nan,5,Yes
9642,9642,2026-06-27,2026-06-30,2026-06-29,RapidX Logistics,Chennai,Delivered,1,174.37,nan,7,Yes
9643,9643,2025-06-15,2025-06-20,,SwiftKart Logistics,Chennai,In Transit,3,90.8,nan,3,Yes
9644,9644,2025-07-19,2025-07-24,2025-07-23,SwiftKart Logistics,Delhi,Delivered,3,137.38,nan,7,Yes
9645,9645,2025-08-22,2025-08-27,2025-08-27,BlueRoute Express,Mumbai,Delivered,1,151.98,nan,5,Yes
9646,9646,2025-09-07,2025-09-09,2025-09-08,QuickShip India,Kolkata,Delivered,3,63.58,nan,0,No
9647,9647,2025-10-15,2025-10-18,2025-10-17,SwiftKart Logistics,Delhi,Delivered,1,133.71,nan,6,Yes
9648,9648,2024-11-03,2024-11-05,2024-11-04,RapidX Logistics,Kolkata,Delivered,1,101.15,nan,6,Yes
9649,9649,2026-02-22,2026-02-27,2026-02-25,BlueRoute Express,Chennai,Delivered,1,164.6,nan,7,Yes
9650,9650,2026-03-31,2026-04-05,2026-04-05,ParcelOne,Bengaluru,Delivered,2,44.96,nan,5,Yes
9651,9651,2026-04-23,2026-04-25,2026-04-24,MetroDeliver,Hyderabad,Delivered,3,105.88,nan,0,No
9652,9652,2025-01-25,2025-01-27,2025-01-27,BlueRoute Express,Mumbai,Delivered,2,161.55,nan,1,No
9653,9653,2025-01-28,2025-02-01,2025-02-01,BlueRoute Express,Mumbai,Delivered,3,147.49,nan,3,Yes
9654,9654,2025-02-18,2025-02-22,2025-02-22,QuickShip India,Delhi,Delivered,1,79.75,nan,-1,No
9655,9655,2025-03-30,2025-04-02,2025-03-31,RapidX Logistics,Bengaluru,Delivered,3,139.07,nan,4,Yes
9656,9656,2025-04-21,2025-04-24,2025-04-23,QuickShip India,Hyderabad,Delivered,1,108.86,nan,4,Yes
9657,9657,2025-05-19,2025-05-23,2025-05-22,BlueRoute Express,Hyderabad,Delivered,1,152.99,nan,6,Yes
9658,9658,2025-09-30,2025-10-03,2025-10-02,MetroDeliver,Delhi,Delivered,1,77.45,nan,0,No
9659,9659,2025-11-07,2025-11-12,2025-11-11,RapidX Logistics,Delhi,Delivered,3,104.16,nan,1,No
9660,9660,2026-07-14,2026-07-17,,ParcelOne,Chennai,In Transit,2,172.68,nan,-1,No
9661,9661,2026-08-13,2026-08-18,2026-08-18,RapidX Logistics,Bengaluru,Delivered,2,138.37,nan,0,No
9662,9662,2026-06-05,2026-06-07,2026-06-07,BlueRoute Express,Hyderabad,Delivered,2,116.79,nan,2,No
9663,9663,2026-06-23,2026-06-25,2026-06-24,ParcelOne,Kolkata,Delivered,3,71.25,nan,3,Yes
9664,9664,2026-07-15,2026-07-18,2026-07-18,SwiftKart Logistics,Chennai,Delivered,1,44.21,nan,1,No
9665,9665,2026-08-13,2026-08-16,2026-08-16,QuickShip India,Delhi,Delivered,1,78.37,nan,7,Yes
9666,9666,2026-04-15,2026-04-17,2026-04-16,RapidX Logistics,Kolkata,Delivered,1,175.47,nan,-1,No
9667,9667,2026-05-16,2026-05-18,2026-05-17,RapidX Logistics,Kolkata,Delivered,2,145.39,nan,5,Yes
9668,9668,2026-06-02,2026-06-06,2026-06-05,SwiftKart Logistics,Chennai,Delivered,3,51.87,nan,4,Yes
9669,9669,2024-08-29,2024-08-31,2024-08-30,MetroDeliver,Kolkata,Delivered,3,102.67,nan,-1,No
9670,9670,2024-10-01,2024-10-03,,ParcelOne,Mumbai,In Transit,1,96.69,nan,5,Yes
9671,9671,2024-11-13,2024-11-16,2024-11-15,BlueRoute Express,Kolkata,Delivered,2,99.58,nan,0,No
9672,9672,2024-12-22,2024-12-26,2024-12-25,BlueRoute Express,Delhi,Delivered,1,78.26,nan,0,No
9673,9673,2025-01-18,2025-01-20,2025-01-19,RapidX Logistics,Hyderabad,Delivered,1,63.28,nan,-1,No
9674,9674,2025-02-28,2025-03-05,2025-03-04,ParcelOne,Bengaluru,Delivered,1,157.04,nan,0,No
9675,9675,2025-11-08,2025-11-10,,BlueRoute Express,Chennai,In Transit,2,52.35,nan,6,Yes
9676,9676,2025-12-12,2025-12-17,,SwiftKart Logistics,Chennai,In Transit,1,79.71,nan,3,Yes
9677,9677,2026-01-20,2026-01-22,2026-01-21,RapidX Logistics,Hyderabad,Delivered,1,58.0,nan,1,No
9678,9678,2026-02-09,2026-02-11,2026-02-10,QuickShip India,Bengaluru,Delivered,3,154.64,nan,5,Yes
9679,9679,2026-03-24,2026-03-27,2026-03-27,QuickShip India,Chennai,Delivered,2,69.52,nan,1,No
9680,9680,2026-04-15,2026-04-19,2026-04-18,BlueRoute Express,Hyderabad,Delivered,2,75.34,nan,0,No
9681,9681,2026-05-20,2026-05-24,2026-05-23,BlueRoute Express,Hyderabad,Delivered,1,113.52,nan,6,Yes
9682,9682,2025-09-10,2025-09-15,2025-09-15,QuickShip India,Bengaluru,Delivered,1,162.59,nan,0,No
9683,9683,2025-10-09,2025-10-12,2025-10-10,QuickShip India,Delhi,Delivered,3,112.1,nan,5,Yes
9684,9684,2025-08-25,2025-08-29,2025-08-28,MetroDeliver,Mumbai,Delivered,1,81.56,nan,1,No
9685,9685,2025-09-24,2025-09-26,2025-09-26,BlueRoute Express,Hyderabad,Delivered,1,95.04,nan,-1,No
9686,9686,2025-10-25,2025-10-30,2025-10-30,MetroDeliver,Kolkata,Delivered,3,159.86,nan,7,Yes
9687,9687,2025-05-31,2025-06-02,2025-06-02,QuickShip India,Delhi,Delivered,3,97.43,nan,5,Yes
9688,9688,2025-06-24,2025-06-27,2025-06-26,MetroDeliver,Delhi,Delivered,2,80.98,nan,5,Yes
9689,9689,2025-07-23,2025-07-27,2025-07-27,MetroDeliver,Chennai,Delivered,1,95.27,nan,3,Yes
9690,9690,2025-08-29,2025-09-03,2025-09-03,SwiftKart Logistics,Delhi,Delivered,2,176.08,nan,0,No
9691,9691,2025-09-29,2025-10-01,2025-09-30,QuickShip India,Bengaluru,Delivered,1,168.11,nan,4,Yes
9692,9692,2024-11-29,2024-12-03,2024-12-03,QuickShip India,Mumbai,Delivered,1,64.42,nan,-1,No
9693,9693,2024-12-28,2024-12-30,2024-12-29,MetroDeliver,Mumbai,Delivered,3,160.19,nan,0,No
9694,9694,2025-01-19,2025-01-23,,MetroDeliver,Kolkata,In Transit,1,170.13,nan,6,Yes
9695,9695,2025-02-28,2025-03-03,2025-03-02,RapidX Logistics,Hyderabad,Delivered,2,114.29,nan,1,No
9696,9696,2024-11-08,2024-11-10,2024-11-09,BlueRoute Express,Mumbai,Delivered,1,156.55,nan,3,Yes
9697,9697,2025-05-23,2025-05-26,2025-05-25,RapidX Logistics,Bengaluru,Delivered,2,116.64,nan,1,No
9698,9698,2025-06-10,2025-06-13,2025-06-12,RapidX Logistics,Delhi,Delivered,2,176.34,nan,2,No
9699,9699,2025-07-24,2025-07-29,2025-07-28,ParcelOne,Bengaluru,Delivered,1,72.57,nan,4,Yes
9700,9700,2025-09-03,2025-09-07,2025-09-06,MetroDeliver,Chennai,Delivered,3,48.33,nan,3,Yes
9701,9701,2025-10-14,2025-10-16,2025-10-16,RapidX Logistics,Kolkata,Delivered,2,128.76,nan,0,No
9702,9702,2025-11-26,2025-11-28,2025-11-27,ParcelOne,Delhi,Delivered,1,93.21,nan,6,Yes
9703,9703,2025-02-11,2025-02-15,2025-02-15,BlueRoute Express,Delhi,Delivered,1,103.86,nan,0,No
9704,9704,2025-03-26,2025-03-28,2025-03-27,MetroDeliver,Bengaluru,Delivered,2,162.0,nan,0,No
9705,9705,2025-04-30,2025-05-04,2025-05-03,MetroDeliver,Bengaluru,Delivered,3,99.07,nan,2,No
9706,9706,2025-06-12,2025-06-17,,BlueRoute Express,Hyderabad,In Transit,3,135.93,nan,0,No
9707,9707,2025-07-24,2025-07-26,,ParcelOne,Delhi,In Transit,1,172.63,nan,4,Yes
9708,9708,2025-09-05,2025-09-09,2025-09-08,BlueRoute Express,Bengaluru,Delivered,3,121.76,nan,0,No
9709,9709,2025-10-20,2025-10-23,2025-10-22,SwiftKart Logistics,Hyderabad,Delivered,2,88.29,nan,0,No
9710,9710,2025-01-18,2025-01-22,2025-01-22,MetroDeliver,Delhi,Delivered,2,166.2,nan,6,Yes
9711,9711,2025-02-17,2025-02-20,2025-02-20,QuickShip India,Delhi,Delivered,3,159.05,nan,7,Yes
9712,9712,2025-04-03,2025-04-05,2025-04-04,QuickShip India,Bengaluru,Delivered,2,52.29,nan,7,Yes
9713,9713,2025-05-01,2025-05-05,2025-05-05,BlueRoute Express,Bengaluru,Delivered,2,66.15,nan,3,Yes
9714,9714,2025-05-21,2025-05-23,2025-05-22,ParcelOne,Bengaluru,Delivered,2,126.91,nan,2,No
9715,9715,2025-06-29,2025-07-04,2025-07-03,BlueRoute Express,Bengaluru,Delivered,3,111.39,nan,3,Yes
9716,9716,2025-08-17,2025-08-21,2025-08-19,RapidX Logistics,Kolkata,Delivered,3,100.95,nan,5,Yes
9717,9717,2025-09-22,2025-09-24,2025-09-24,BlueRoute Express,Hyderabad,Delivered,1,155.9,nan,4,Yes
9718,9718,2025-10-18,2025-10-22,2025-10-21,BlueRoute Express,Delhi,Delivered,1,68.78,nan,3,Yes
9719,9719,2025-11-24,2025-11-28,2025-11-26,SwiftKart Logistics,Chennai,Delivered,1,148.69,nan,0,No
9720,9720,2024-12-30,2025-01-03,2025-01-02,RapidX Logistics,Mumbai,Delivered,1,101.52,nan,3,Yes
9721,9721,2025-01-21,2025-01-26,2025-01-25,QuickShip India,Bengaluru,Delivered,2,72.22,nan,0,No
9722,9722,2025-02-17,2025-02-20,2025-02-19,MetroDeliver,Chennai,Delivered,2,41.1,nan,5,Yes
9723,9723,2025-03-19,2025-03-22,2025-03-22,ParcelOne,Hyderabad,Delivered,2,40.73,nan,2,No
9724,9724,2025-10-04,2025-10-09,,RapidX Logistics,Delhi,In Transit,3,96.11,nan,1,No
9725,9725,2025-11-03,2025-11-08,2025-11-07,MetroDeliver,Delhi,Delivered,2,86.5,nan,-1,No
9726,9726,2025-12-23,2025-12-26,,BlueRoute Express,Delhi,In Transit,1,108.48,nan,0,No
9727,9727,2026-01-13,2026-01-15,2026-01-14,QuickShip India,Mumbai,Delivered,2,124.38,nan,7,Yes
9728,9728,2025-12-10,2025-12-13,2025-12-12,BlueRoute Express,Delhi,Delivered,3,76.02,nan,1,No
9729,9729,2025-01-30,2025-02-03,2025-02-02,MetroDeliver,Kolkata,Delivered,2,77.32,nan,3,Yes
9730,9730,2025-03-02,2025-03-04,2025-03-04,QuickShip India,Hyderabad,Delivered,1,172.93,nan,5,Yes
9731,9731,2025-03-31,2025-04-05,2025-04-03,QuickShip India,Bengaluru,Delivered,1,47.54,nan,1,No
9732,9732,2025-04-24,2025-04-29,,SwiftKart Logistics,Kolkata,In Transit,1,104.27,nan,4,Yes
9733,9733,2025-06-05,2025-06-08,2025-06-08,SwiftKart Logistics,Kolkata,Delivered,3,46.34,nan,2,No
9734,9734,2025-07-23,2025-07-25,,SwiftKart Logistics,Delhi,In Transit,1,55.23,nan,-1,No
9735,9735,2025-08-07,2025-08-11,2025-08-10,BlueRoute Express,Delhi,Delivered,2,124.63,nan,4,Yes
9736,9736,2025-09-16,2025-09-20,2025-09-20,ParcelOne,Chennai,Delivered,2,114.48,nan,5,Yes
9737,9737,2025-10-03,2025-10-05,2025-10-04,SwiftKart Logistics,Kolkata,Delivered,2,177.78,nan,0,No
9738,9738,2025-01-13,2025-01-16,,ParcelOne,Kolkata,In Transit,3,97.77,nan,3,Yes
9739,9739,2025-01-27,2025-01-29,2025-01-28,BlueRoute Express,Kolkata,Delivered,3,114.51,nan,5,Yes
9740,9740,2025-02-15,2025-02-19,,BlueRoute Express,Delhi,In Transit,3,89.72,nan,3,Yes
9741,9741,2025-04-02,2025-04-07,2025-04-06,MetroDeliver,Bengaluru,Delivered,2,75.98,nan,3,Yes
9742,9742,2025-04-22,2025-04-26,2025-04-25,SwiftKart Logistics,Kolkata,Delivered,2,70.07,nan,0,No
9743,9743,2025-05-20,2025-05-22,2025-05-21,QuickShip India,Chennai,Delivered,1,160.14,nan,0,No
9744,9744,2025-07-22,2025-07-24,2025-07-23,QuickShip India,Delhi,Delivered,3,119.74,nan,-1,No
9745,9745,2025-08-27,2025-08-31,2025-08-31,ParcelOne,Chennai,Delivered,3,53.8,nan,1,No
9746,9746,2024-12-16,2024-12-21,2024-12-21,SwiftKart Logistics,Mumbai,Delivered,3,169.61,nan,5,Yes
9747,9747,2024-12-24,2024-12-26,2024-12-25,MetroDeliver,Delhi,Delivered,2,164.2,nan,0,No
9748,9748,2025-01-11,2025-01-15,2025-01-15,BlueRoute Express,Bengaluru,Delivered,1,73.01,nan,0,No
9749,9749,2025-02-02,2025-02-05,2025-02-04,BlueRoute Express,Mumbai,Delivered,3,62.66,nan,4,Yes
9750,9750,2025-03-10,2025-03-15,2025-03-15,SwiftKart Logistics,Chennai,Delivered,2,54.38,nan,3,Yes
9751,9751,2025-02-13,2025-02-17,2025-02-16,ParcelOne,Bengaluru,Delivered,1,149.4,nan,7,Yes
9752,9752,2025-03-21,2025-03-23,2025-03-23,RapidX Logistics,Chennai,Delivered,3,159.84,nan,6,Yes
9753,9753,2025-05-06,2025-05-10,2025-05-08,MetroDeliver,Hyderabad,Delivered,2,150.19,nan,6,Yes
9754,9754,2025-04-28,2025-05-02,2025-05-02,MetroDeliver,Mumbai,Delivered,1,140.8,nan,6,Yes
9755,9755,2025-05-20,2025-05-24,,SwiftKart Logistics,Kolkata,In Transit,1,123.03,nan,7,Yes
9756,9756,2025-06-27,2025-07-01,,SwiftKart Logistics,Delhi,In Transit,2,62.53,nan,-1,No
9757,9757,2025-07-23,2025-07-27,2025-07-26,MetroDeliver,Mumbai,Delivered,2,114.42,nan,-1,No
9758,9758,2025-08-07,2025-08-11,2025-08-10,SwiftKart Logistics,Kolkata,Delivered,2,73.24,nan,6,Yes
9759,9759,2025-08-28,2025-08-31,2025-08-31,RapidX Logistics,Bengaluru,Delivered,1,176.96,nan,5,Yes
9760,9760,2024-12-18,2024-12-20,2024-12-19,QuickShip India,Bengaluru,Delivered,2,148.84,nan,0,No
9761,9761,2025-01-20,2025-01-22,2025-01-21,QuickShip India,Delhi,Delivered,2,145.26,nan,0,No
9762,9762,2025-02-10,2025-02-12,2025-02-11,MetroDeliver,Hyderabad,Delivered,2,102.1,nan,-1,No
9763,9763,2026-03-13,2026-03-18,2026-03-17,ParcelOne,Bengaluru,Delivered,3,130.0,nan,6,Yes
9764,9764,2026-04-03,2026-04-07,2026-04-07,MetroDeliver,Bengaluru,Delivered,2,156.04,nan,6,Yes
9765,9765,2026-05-14,2026-05-17,2026-05-17,ParcelOne,Hyderabad,Delivered,1,150.23,nan,5,Yes
9766,9766,2026-06-28,2026-07-01,2026-06-30,ParcelOne,Chennai,Delivered,2,95.14,nan,6,Yes
9767,9767,2026-08-07,2026-08-12,2026-08-11,BlueRoute Express,Hyderabad,Delivered,2,68.69,nan,3,Yes
9768,9768,2025-02-23,2025-02-25,2025-02-25,QuickShip India,Mumbai,Delivered,2,92.76,nan,0,No
9769,9769,2025-04-03,2025-04-08,2025-04-07,QuickShip India,Chennai,Delivered,2,61.7,nan,2,No
9770,9770,2025-01-09,2025-01-14,2025-01-13,MetroDeliver,Chennai,Delivered,2,66.27,nan,5,Yes
9771,9771,2025-01-25,2025-01-28,2025-01-27,ParcelOne,Mumbai,Delivered,2,129.12,nan,5,Yes
9772,9772,2025-02-10,2025-02-13,2025-02-12,RapidX Logistics,Hyderabad,Delivered,3,60.33,nan,7,Yes
9773,9773,2025-02-27,2025-03-03,2025-03-02,QuickShip India,Chennai,Delivered,2,81.81,nan,-1,No
9774,9774,2025-03-14,2025-03-18,,SwiftKart Logistics,Bengaluru,In Transit,1,120.01,nan,7,Yes
9775,9775,2025-07-23,2025-07-27,,BlueRoute Express,Kolkata,In Transit,2,54.76,nan,1,No
9776,9776,2025-12-31,2026-01-03,,BlueRoute Express,Mumbai,In Transit,1,116.03,nan,1,No
9777,9777,2026-01-16,2026-01-21,2026-01-20,MetroDeliver,Chennai,Delivered,1,160.78,nan,-1,No
9778,9778,2026-02-05,2026-02-08,2026-02-08,SwiftKart Logistics,Bengaluru,Delivered,2,90.55,nan,2,No
9779,9779,2025-09-16,2025-09-20,2025-09-19,MetroDeliver,Kolkata,Delivered,2,46.63,nan,2,No
9780,9780,2025-10-10,2025-10-13,2025-10-12,QuickShip India,Bengaluru,Delivered,1,92.09,nan,-1,No
9781,9781,2025-11-08,2025-11-11,2025-11-10,BlueRoute Express,Hyderabad,Delivered,3,141.67,nan,-1,No
9782,9782,2025-06-07,2025-06-12,2025-06-11,ParcelOne,Hyderabad,Delivered,2,70.04,nan,6,Yes
9783,9783,2025-07-18,2025-07-20,2025-07-20,RapidX Logistics,Chennai,Delivered,1,69.13,nan,3,Yes
9784,9784,2025-08-27,2025-08-29,2025-08-27,QuickShip India,Chennai,Delivered,3,120.85,nan,6,Yes
9785,9785,2025-10-03,2025-10-06,2025-10-05,ParcelOne,Chennai,Delivered,3,168.36,nan,4,Yes
9786,9786,2025-11-13,2025-11-15,2025-11-14,SwiftKart Logistics,Hyderabad,Delivered,2,158.31,nan,1,No
9787,9787,2025-12-12,2025-12-16,2025-12-15,QuickShip India,Delhi,Delivered,3,137.61,nan,2,No
9788,9788,2026-01-03,2026-01-08,2026-01-08,BlueRoute Express,Chennai,Delivered,3,90.81,nan,7,Yes
9789,9789,2026-06-09,2026-06-12,,RapidX Logistics,Bengaluru,In Transit,1,150.57,nan,-1,No
9790,9790,2026-06-27,2026-06-30,2026-06-29,RapidX Logistics,Bengaluru,Delivered,1,151.87,nan,0,No
9791,9791,2026-07-21,2026-07-24,,QuickShip India,Mumbai,In Transit,3,159.19,nan,3,Yes
9792,9792,2025-10-11,2025-10-15,2025-10-14,RapidX Logistics,Chennai,Delivered,2,172.07,nan,5,Yes
9793,9793,2025-11-09,2025-11-14,2025-11-13,SwiftKart Logistics,Mumbai,Delivered,3,44.25,nan,6,Yes
9794,9794,2025-12-10,2025-12-13,2025-12-12,RapidX Logistics,Mumbai,Delivered,2,123.58,nan,7,Yes
9795,9795,2026-01-20,2026-01-23,2026-01-22,SwiftKart Logistics,Delhi,Delivered,3,152.94,nan,4,Yes
9796,9796,2026-02-06,2026-02-11,2026-02-11,MetroDeliver,Bengaluru,Delivered,1,108.39,nan,-1,No
9797,9797,2026-03-09,2026-03-13,2026-03-12,MetroDeliver,Chennai,Delivered,3,131.27,nan,4,Yes
9798,9798,2025-08-30,2025-09-02,2025-08-31,MetroDeliver,Hyderabad,Delivered,2,122.59,nan,4,Yes
9799,9799,2025-09-26,2025-09-28,2025-09-28,ParcelOne,Mumbai,Delivered,3,175.11,nan,0,No
9800,9800,2025-07-09,2025-07-13,2025-07-13,SwiftKart Logistics,Delhi,Delivered,2,59.58,nan,4,Yes
9801,9801,2025-08-11,2025-08-14,,QuickShip India,Kolkata,In Transit,2,127.66,nan,4,Yes
9802,9802,2025-08-27,2025-09-01,2025-08-31,ParcelOne,Kolkata,Delivered,3,58.18,nan,7,Yes
9803,9803,2025-10-25,2025-10-30,2025-10-29,SwiftKart Logistics,Mumbai,Delivered,3,127.06,nan,7,Yes
9804,9804,2025-11-13,2025-11-15,2025-11-14,MetroDeliver,Chennai,Delivered,3,152.51,nan,4,Yes
9805,9805,2025-11-28,2025-12-01,2025-11-30,ParcelOne,Bengaluru,Delivered,3,110.34,nan,5,Yes
9806,9806,2026-01-09,2026-01-12,2026-01-12,RapidX Logistics,Delhi,Delivered,2,40.99,nan,-1,No
9807,9807,2026-02-20,2026-02-22,2026-02-22,MetroDeliver,Hyderabad,Delivered,1,178.37,nan,7,Yes
9808,9808,2026-04-02,2026-04-07,2026-04-06,BlueRoute Express,Hyderabad,Delivered,3,124.01,nan,7,Yes
9809,9809,2026-04-23,2026-04-28,2026-04-28,BlueRoute Express,Chennai,Delivered,1,119.52,nan,1,No
9810,9810,2025-01-07,2025-01-09,2025-01-09,BlueRoute Express,Chennai,Delivered,3,150.32,nan,5,Yes
9811,9811,2025-11-03,2025-11-07,2025-11-05,RapidX Logistics,Hyderabad,Delivered,2,98.87,nan,-1,No
9812,9812,2025-11-27,2025-11-30,2025-11-28,MetroDeliver,Mumbai,Delivered,3,108.29,nan,2,No
9813,9813,2025-12-27,2025-12-29,2025-12-28,RapidX Logistics,Chennai,Delivered,1,116.46,nan,1,No
9814,9814,2026-01-30,2026-02-03,,ParcelOne,Chennai,In Transit,2,43.31,nan,2,No
9815,9815,2024-12-01,2024-12-03,2024-12-03,QuickShip India,Kolkata,Delivered,3,159.19,nan,2,No
9816,9816,2024-12-23,2024-12-27,,MetroDeliver,Bengaluru,In Transit,1,170.91,nan,4,Yes
9817,9817,2025-02-02,2025-02-04,2025-02-03,QuickShip India,Hyderabad,Delivered,1,134.58,nan,6,Yes
9818,9818,2025-02-28,2025-03-03,2025-03-03,MetroDeliver,Delhi,Delivered,3,133.73,nan,-1,No
9819,9819,2026-06-30,2026-07-04,,QuickShip India,Delhi,In Transit,3,81.27,nan,6,Yes
9820,9820,2026-07-21,2026-07-25,2026-07-24,MetroDeliver,Delhi,Delivered,1,49.15,nan,1,No
9821,9821,2025-10-28,2025-11-01,2025-10-31,MetroDeliver,Kolkata,Delivered,2,143.33,nan,-1,No
9822,9822,2025-12-08,2025-12-11,2025-12-09,QuickShip India,Kolkata,Delivered,3,120.42,nan,3,Yes
9823,9823,2026-01-18,2026-01-22,2026-01-22,MetroDeliver,Hyderabad,Delivered,2,40.92,nan,-1,No
9824,9824,2026-03-04,2026-03-06,2026-03-05,BlueRoute Express,Delhi,Delivered,1,67.04,nan,1,No
9825,9825,2025-11-19,2025-11-23,2025-11-23,QuickShip India,Delhi,Delivered,1,154.06,nan,3,Yes
9826,9826,2025-12-08,2025-12-13,2025-12-13,SwiftKart Logistics,Mumbai,Delivered,1,148.31,nan,3,Yes
9827,9827,2025-12-28,2026-01-02,2026-01-02,MetroDeliver,Chennai,Delivered,3,161.14,nan,2,No
9828,9828,2026-02-05,2026-02-07,,QuickShip India,Kolkata,In Transit,2,173.05,nan,-1,No
9829,9829,2026-03-04,2026-03-08,2026-03-07,SwiftKart Logistics,Mumbai,Delivered,3,71.36,nan,3,Yes
9830,9830,2025-12-25,2025-12-28,2025-12-27,RapidX Logistics,Mumbai,Delivered,1,95.59,nan,-1,No
9831,9831,2026-01-31,2026-02-05,2026-02-05,ParcelOne,Bengaluru,Delivered,2,167.33,nan,-1,No
9832,9832,2026-02-25,2026-03-02,2026-03-02,SwiftKart Logistics,Kolkata,Delivered,2,60.78,nan,6,Yes
9833,9833,2026-04-09,2026-04-11,2026-04-10,MetroDeliver,Delhi,Delivered,1,60.33,nan,1,No
9834,9834,2026-05-05,2026-05-07,2026-05-07,RapidX Logistics,Hyderabad,Delivered,1,85.14,nan,4,Yes
9835,9835,2026-05-21,2026-05-26,2026-05-24,SwiftKart Logistics,Hyderabad,Delivered,2,103.27,nan,6,Yes
9836,9836,2024-10-30,2024-11-03,2024-11-02,MetroDeliver,Mumbai,Delivered,1,133.18,nan,3,Yes
9837,9837,2024-12-12,2024-12-15,2024-12-14,QuickShip India,Mumbai,Delivered,3,97.51,nan,0,No
9838,9838,2025-01-21,2025-01-23,2025-01-21,BlueRoute Express,Delhi,Delivered,3,139.96,nan,3,Yes
9839,9839,2025-03-02,2025-03-07,2025-03-07,MetroDeliver,Chennai,Delivered,3,169.31,nan,3,Yes
9840,9840,2025-03-23,2025-03-28,,ParcelOne,Delhi,In Transit,1,125.21,nan,3,Yes
9841,9841,2025-04-28,2025-05-02,2025-05-02,RapidX Logistics,Chennai,Delivered,1,144.47,nan,6,Yes
9842,9842,2026-02-19,2026-02-22,2026-02-21,ParcelOne,Kolkata,Delivered,3,154.4,nan,1,No
9843,9843,2026-03-24,2026-03-29,,QuickShip India,Hyderabad,In Transit,2,161.69,nan,5,Yes
9844,9844,2026-04-21,2026-04-26,2026-04-25,BlueRoute Express,Kolkata,Delivered,1,55.09,nan,5,Yes
9845,9845,2026-05-29,2026-06-01,2026-05-31,SwiftKart Logistics,Mumbai,Delivered,3,130.82,nan,4,Yes
9846,9846,2026-07-01,2026-07-06,2026-07-05,RapidX Logistics,Mumbai,Delivered,2,115.57,nan,2,No
9847,9847,2026-06-12,2026-06-14,2026-06-13,BlueRoute Express,Mumbai,Delivered,3,42.3,nan,4,Yes
9848,9848,2026-07-24,2026-07-29,2026-07-29,BlueRoute Express,Kolkata,Delivered,2,107.08,nan,1,No
9849,9849,2026-08-12,2026-08-17,2026-08-17,RapidX Logistics,Delhi,Delivered,3,89.11,nan,5,Yes
9850,9850,2025-10-03,2025-10-07,2025-10-06,QuickShip India,Mumbai,Delivered,1,77.47,nan,2,No
9851,9851,2025-11-12,2025-11-14,,RapidX Logistics,Chennai,In Transit,3,152.84,nan,4,Yes
9852,9852,2025-12-12,2025-12-15,2025-12-15,BlueRoute Express,Kolkata,Delivered,3,40.43,nan,0,No
9853,9853,2025-12-30,2026-01-01,2026-01-01,SwiftKart Logistics,Kolkata,Delivered,1,66.63,nan,7,Yes
9854,9854,2026-02-12,2026-02-14,2026-02-13,BlueRoute Express,Bengaluru,Delivered,3,98.6,nan,5,Yes
9855,9855,2026-03-10,2026-03-15,2026-03-15,SwiftKart Logistics,Delhi,Delivered,2,96.32,nan,5,Yes
9856,9856,2026-04-11,2026-04-15,2026-04-14,QuickShip India,Bengaluru,Delivered,2,131.04,nan,3,Yes
9857,9857,2026-04-29,2026-05-01,2026-04-30,BlueRoute Express,Mumbai,Delivered,2,78.84,nan,7,Yes
9858,9858,2026-06-06,2026-06-10,,BlueRoute Express,Chennai,In Transit,2,63.24,nan,6,Yes
9859,9859,2025-08-06,2025-08-08,2025-08-08,RapidX Logistics,Kolkata,Delivered,3,123.92,nan,0,No
9860,9860,2025-09-16,2025-09-19,2025-09-18,RapidX Logistics,Bengaluru,Delivered,1,163.26,nan,1,No
9861,9861,2025-10-23,2025-10-28,2025-10-27,BlueRoute Express,Chennai,Delivered,1,59.47,nan,4,Yes
9862,9862,2025-11-25,2025-11-30,2025-11-29,BlueRoute Express,Mumbai,Delivered,1,103.71,nan,-1,No
9863,9863,2026-07-30,2026-08-03,2026-08-02,BlueRoute Express,Bengaluru,Delivered,3,161.59,nan,2,No
9864,9864,2025-12-28,2025-12-30,2025-12-30,MetroDeliver,Chennai,Delivered,3,134.17,nan,7,Yes
9865,9865,2026-01-14,2026-01-19,2026-01-18,ParcelOne,Kolkata,Delivered,3,157.08,nan,4,Yes
9866,9866,2026-02-24,2026-02-27,2026-02-26,RapidX Logistics,Mumbai,Delivered,3,142.35,nan,3,Yes
9867,9867,2026-04-06,2026-04-08,2026-04-07,SwiftKart Logistics,Kolkata,Delivered,1,91.44,nan,7,Yes
9868,9868,2025-01-17,2025-01-20,,QuickShip India,Mumbai,In Transit,2,96.69,nan,0,No
9869,9869,2025-02-15,2025-02-19,2025-02-17,SwiftKart Logistics,Bengaluru,Delivered,3,60.11,nan,6,Yes
9870,9870,2025-03-30,2025-04-03,2025-04-03,QuickShip India,Hyderabad,Delivered,2,135.15,nan,1,No
9871,9871,2025-04-18,2025-04-20,2025-04-19,QuickShip India,Mumbai,Delivered,1,136.49,nan,5,Yes
9872,9872,2025-05-19,2025-05-24,2025-05-23,QuickShip India,Chennai,Delivered,1,98.67,nan,7,Yes
9873,9873,2025-06-26,2025-06-30,2025-06-29,ParcelOne,Kolkata,Delivered,3,47.38,nan,-1,No
9874,9874,2025-07-11,2025-07-13,2025-07-11,RapidX Logistics,Bengaluru,Delivered,3,126.75,nan,-1,No
9875,9875,2024-09-25,2024-09-29,2024-09-28,RapidX Logistics,Hyderabad,Delivered,3,109.98,nan,6,Yes
9876,9876,2024-10-28,2024-10-31,2024-10-30,ParcelOne,Chennai,Delivered,3,174.89,nan,3,Yes
9877,9877,2024-11-22,2024-11-25,2024-11-25,QuickShip India,Kolkata,Delivered,1,149.95,nan,3,Yes
9878,9878,2025-02-19,2025-02-21,2025-02-20,SwiftKart Logistics,Chennai,Delivered,2,95.37,nan,1,No
9879,9879,2025-03-27,2025-03-29,2025-03-29,QuickShip India,Mumbai,Delivered,1,84.56,nan,2,No
9880,9880,2025-05-04,2025-05-08,2025-05-08,RapidX Logistics,Mumbai,Delivered,2,139.84,nan,4,Yes
9881,9881,2025-06-11,2025-06-14,2025-06-13,QuickShip India,Kolkata,Delivered,3,114.12,nan,5,Yes
9882,9882,2025-07-25,2025-07-30,,ParcelOne,Bengaluru,In Transit,1,127.49,nan,3,Yes
9883,9883,2025-09-07,2025-09-11,2025-09-10,SwiftKart Logistics,Hyderabad,Delivered,1,154.23,nan,3,Yes
9884,9884,2025-09-25,2025-09-28,,ParcelOne,Mumbai,In Transit,3,68.29,nan,1,No
9885,9885,2026-05-26,2026-05-30,2026-05-29,MetroDeliver,Chennai,Delivered,2,137.92,nan,0,No
9886,9886,2026-06-30,2026-07-04,2026-07-03,RapidX Logistics,Delhi,Delivered,1,111.68,nan,-1,No
9887,9887,2026-08-03,2026-08-06,2026-08-05,RapidX Logistics,Hyderabad,Delivered,1,170.1,nan,2,No
9888,9888,2026-03-29,2026-03-31,2026-03-30,BlueRoute Express,Bengaluru,Delivered,3,142.29,nan,3,Yes
9889,9889,2026-04-19,2026-04-23,2026-04-22,QuickShip India,Chennai,Delivered,1,89.78,nan,-1,No
9890,9890,2026-05-30,2026-06-03,2026-06-02,MetroDeliver,Delhi,Delivered,3,73.42,nan,4,Yes
9891,9891,2026-06-30,2026-07-05,2026-07-04,BlueRoute Express,Kolkata,Delivered,1,122.94,nan,5,Yes
9892,9892,2026-06-19,2026-06-22,2026-06-21,SwiftKart Logistics,Kolkata,Delivered,2,140.4,nan,0,No
9893,9893,2026-07-27,2026-08-01,2026-08-01,ParcelOne,Chennai,Delivered,3,177.5,nan,1,No
9894,9894,2025-12-24,2025-12-26,2025-12-25,BlueRoute Express,Mumbai,Delivered,2,143.76,nan,7,Yes
9895,9895,2026-01-07,2026-01-10,2026-01-10,RapidX Logistics,Mumbai,Delivered,1,100.75,nan,2,No
9896,9896,2024-10-31,2024-11-03,2024-11-03,ParcelOne,Chennai,Delivered,1,66.77,nan,3,Yes
9897,9897,2024-11-23,2024-11-28,2024-11-27,SwiftKart Logistics,Delhi,Delivered,3,70.43,nan,3,Yes
9898,9898,2025-01-03,2025-01-08,2025-01-08,MetroDeliver,Kolkata,Delivered,2,151.95,nan,0,No
9899,9899,2026-07-10,2026-07-14,2026-07-13,ParcelOne,Bengaluru,Delivered,1,44.71,nan,7,Yes
9900,9900,2025-05-05,2025-05-09,2025-05-07,MetroDeliver,Mumbai,Delivered,2,71.1,nan,4,Yes
9901,9901,2025-05-26,2025-05-28,,SwiftKart Logistics,Mumbai,In Transit,2,56.43,nan,2,No
9902,9902,2025-06-18,2025-06-21,2025-06-21,ParcelOne,Mumbai,Delivered,3,50.51,nan,1,No
9903,9903,2025-07-08,2025-07-11,,ParcelOne,Mumbai,In Transit,1,116.83,nan,4,Yes
9904,9904,2025-08-18,2025-08-20,2025-08-19,RapidX Logistics,Hyderabad,Delivered,1,86.06,nan,-1,No
9905,9905,2025-09-19,2025-09-21,2025-09-21,QuickShip India,Mumbai,Delivered,3,131.93,nan,0,No
9906,9906,2025-10-09,2025-10-11,2025-10-09,MetroDeliver,Hyderabad,Delivered,3,174.13,nan,2,No
9907,9907,2026-04-28,2026-05-03,,QuickShip India,Hyderabad,In Transit,2,106.63,nan,1,No
9908,9908,2026-06-09,2026-06-11,2026-06-10,BlueRoute Express,Chennai,Delivered,1,125.7,nan,7,Yes
9909,9909,2026-06-30,2026-07-03,2026-07-03,RapidX Logistics,Chennai,Delivered,2,104.83,nan,2,No
9910,9910,2026-07-21,2026-07-23,2026-07-22,BlueRoute Express,Chennai,Delivered,2,69.63,nan,2,No
9911,9911,2026-04-22,2026-04-24,2026-04-23,ParcelOne,Bengaluru,Delivered,2,170.9,nan,0,No
9912,9912,2026-05-14,2026-05-19,2026-05-19,RapidX Logistics,Mumbai,Delivered,3,141.07,nan,4,Yes
9913,9913,2025-01-26,2025-01-30,2025-01-30,SwiftKart Logistics,Kolkata,Delivered,3,121.18,nan,-1,No
9914,9914,2025-02-28,2025-03-05,2025-03-05,RapidX Logistics,Mumbai,Delivered,3,144.47,nan,2,No
9915,9915,2025-03-29,2025-03-31,2025-03-30,SwiftKart Logistics,Delhi,Delivered,1,94.07,nan,2,No
9916,9916,2025-05-11,2025-05-13,2025-05-12,ParcelOne,Bengaluru,Delivered,2,66.11,nan,1,No
9917,9917,2025-02-04,2025-02-06,2025-02-05,SwiftKart Logistics,Chennai,Delivered,3,56.07,nan,1,No
9918,9918,2025-03-14,2025-03-19,2025-03-19,SwiftKart Logistics,Mumbai,Delivered,2,138.63,nan,0,No
9919,9919,2025-04-01,2025-04-05,2025-04-05,MetroDeliver,Mumbai,Delivered,3,175.43,nan,2,No
9920,9920,2025-04-19,2025-04-21,2025-04-19,SwiftKart Logistics,Chennai,Delivered,2,114.75,nan,6,Yes
9921,9921,2025-05-26,2025-05-30,2025-05-29,SwiftKart Logistics,Kolkata,Delivered,1,133.12,nan,7,Yes
9922,9922,2025-01-09,2025-01-11,2025-01-10,RapidX Logistics,Bengaluru,Delivered,3,169.42,nan,3,Yes
9923,9923,2025-02-11,2025-02-16,2025-02-15,QuickShip India,Kolkata,Delivered,3,166.68,nan,6,Yes
9924,9924,2025-03-03,2025-03-05,2025-03-04,MetroDeliver,Hyderabad,Delivered,2,95.72,nan,5,Yes
9925,9925,2025-03-20,2025-03-23,2025-03-21,MetroDeliver,Hyderabad,Delivered,3,75.13,nan,3,Yes
9926,9926,2025-04-04,2025-04-08,,QuickShip India,Mumbai,In Transit,1,74.86,nan,0,No
9927,9927,2025-04-20,2025-04-22,2025-04-22,RapidX Logistics,Kolkata,Delivered,3,172.11,nan,7,Yes
9928,9928,2025-05-24,2025-05-27,2025-05-26,QuickShip India,Chennai,Delivered,1,148.52,nan,3,Yes
9929,9929,2024-09-22,2024-09-24,2024-09-23,SwiftKart Logistics,Mumbai,Delivered,1,75.11,nan,3,Yes
9930,9930,2024-10-22,2024-10-26,2024-10-25,QuickShip India,Kolkata,Delivered,2,112.86,nan,1,No
9931,9931,2024-12-02,2024-12-05,2024-12-04,ParcelOne,Mumbai,Delivered,3,145.58,nan,5,Yes
9932,9932,2025-01-16,2025-01-18,2025-01-16,BlueRoute Express,Kolkata,Delivered,1,157.05,nan,2,No
9933,9933,2025-01-31,2025-02-05,,BlueRoute Express,Hyderabad,In Transit,1,125.51,nan,1,No
9934,9934,2025-02-17,2025-02-21,2025-02-21,BlueRoute Express,Kolkata,Delivered,3,76.39,nan,7,Yes
9935,9935,2024-10-06,2024-10-09,2024-10-08,MetroDeliver,Kolkata,Delivered,3,76.02,nan,6,Yes
9936,9936,2024-11-06,2024-11-08,2024-11-08,SwiftKart Logistics,Mumbai,Delivered,3,154.3,nan,3,Yes
9937,9937,2024-12-18,2024-12-23,2024-12-23,BlueRoute Express,Mumbai,Delivered,2,129.74,nan,6,Yes
9938,9938,2026-07-03,2026-07-05,2026-07-04,ParcelOne,Hyderabad,Delivered,2,46.03,nan,0,No
9939,9939,2026-08-05,2026-08-10,2026-08-10,MetroDeliver,Mumbai,Delivered,2,96.87,nan,7,Yes
9940,9940,2025-06-20,2025-06-24,2025-06-22,RapidX Logistics,Chennai,Delivered,1,150.83,nan,0,No
9941,9941,2025-07-18,2025-07-20,2025-07-20,QuickShip India,Bengaluru,Delivered,1,81.77,nan,-1,No
9942,9942,2025-08-12,2025-08-17,2025-08-17,RapidX Logistics,Bengaluru,Delivered,1,46.63,nan,0,No
9943,9943,2025-09-23,2025-09-27,2025-09-26,ParcelOne,Kolkata,Delivered,2,78.69,nan,6,Yes
9944,9944,2025-11-05,2025-11-09,2025-11-09,QuickShip India,Chennai,Delivered,3,57.06,nan,-1,No
9945,9945,2026-06-11,2026-06-15,2026-06-14,MetroDeliver,Delhi,Delivered,2,155.97,nan,4,Yes
9946,9946,2026-07-03,2026-07-06,2026-07-05,BlueRoute Express,Mumbai,Delivered,1,175.32,nan,2,No
9947,9947,2026-08-08,2026-08-12,2026-08-11,MetroDeliver,Hyderabad,Delivered,1,167.76,nan,-1,No
9948,9948,2025-07-10,2025-07-14,2025-07-14,MetroDeliver,Bengaluru,Delivered,3,127.34,nan,1,No
9949,9949,2024-09-12,2024-09-16,2024-09-14,QuickShip India,Hyderabad,Delivered,1,144.21,nan,2,No
9950,9950,2024-10-25,2024-10-27,,QuickShip India,Hyderabad,In Transit,2,111.53,nan,6,Yes
9951,9951,2025-06-19,2025-06-22,2025-06-21,QuickShip India,Bengaluru,Delivered,2,52.36,nan,4,Yes
9952,9952,2025-07-27,2025-08-01,2025-07-30,MetroDeliver,Bengaluru,Delivered,1,142.76,nan,0,No
9953,9953,2025-08-20,2025-08-22,2025-08-21,SwiftKart Logistics,Kolkata,Delivered,2,63.63,nan,0,No
9954,9954,2025-10-03,2025-10-06,2025-10-06,SwiftKart Logistics,Bengaluru,Delivered,3,176.52,nan,6,Yes
9955,9955,2025-11-15,2025-11-19,2025-11-18,QuickShip India,Chennai,Delivered,1,144.41,nan,1,No
9956,9956,2026-07-18,2026-07-20,2026-07-19,RapidX Logistics,Kolkata,Delivered,1,166.3,nan,5,Yes
9957,9957,2025-08-07,2025-08-09,2025-08-09,QuickShip India,Mumbai,Delivered,2,101.38,nan,2,No
9958,9958,2025-09-12,2025-09-17,2025-09-16,BlueRoute Express,Bengaluru,Delivered,3,95.12,nan,2,No
9959,9959,2025-10-23,2025-10-28,2025-10-27,BlueRoute Express,Mumbai,Delivered,3,158.89,nan,7,Yes
9960,9960,2026-06-22,2026-06-25,2026-06-23,MetroDeliver,Hyderabad,Delivered,2,137.83,nan,2,No
9961,9961,2025-08-23,2025-08-26,2025-08-25,SwiftKart Logistics,Hyderabad,Delivered,1,162.1,nan,2,No
9962,9962,2025-09-17,2025-09-20,2025-09-20,MetroDeliver,Bengaluru,Delivered,1,53.57,nan,-1,No
9963,9963,2025-10-17,2025-10-21,2025-10-20,ParcelOne,Hyderabad,Delivered,1,152.52,nan,3,Yes
9964,9964,2025-11-19,2025-11-23,,MetroDeliver,Delhi,In Transit,3,106.57,nan,0,No
9965,9965,2025-12-29,2026-01-02,2026-01-01,SwiftKart Logistics,Hyderabad,Delivered,3,87.91,nan,0,No
9966,9966,2026-02-11,2026-02-13,2026-02-12,ParcelOne,Bengaluru,Delivered,3,120.34,nan,-1,No
9967,9967,2025-12-03,2025-12-08,,MetroDeliver,Delhi,In Transit,3,72.17,nan,0,No
9968,9968,2026-01-03,2026-01-07,2026-01-06,BlueRoute Express,Chennai,Delivered,1,86.76,nan,-1,No
9969,9969,2026-02-02,2026-02-07,,QuickShip India,Hyderabad,In Transit,3,71.25,nan,0,No
9970,9970,2026-02-17,2026-02-19,,QuickShip India,Bengaluru,In Transit,3,158.13,nan,1,No
9971,9971,2024-09-01,2024-09-05,2024-09-04,RapidX Logistics,Mumbai,Delivered,3,179.23,nan,1,No
9972,9972,2024-09-22,2024-09-27,2024-09-26,SwiftKart Logistics,Delhi,Delivered,1,172.08,nan,0,No
9973,9973,2024-11-08,2024-11-11,2024-11-10,QuickShip India,Mumbai,Delivered,1,115.19,nan,5,Yes
9974,9974,2024-12-06,2024-12-08,2024-12-07,SwiftKart Logistics,Kolkata,Delivered,1,154.13,nan,4,Yes
9975,9975,2026-02-04,2026-02-06,,BlueRoute Express,Hyderabad,In Transit,2,46.1,nan,1,No
9976,9976,2026-03-21,2026-03-25,2026-03-24,SwiftKart Logistics,Bengaluru,Delivered,2,178.44,nan,0,No
9977,9977,2026-04-19,2026-04-22,2026-04-21,ParcelOne,Delhi,Delivered,3,138.12,nan,2,No
9978,9978,2026-05-20,2026-05-22,2026-05-21,QuickShip India,Bengaluru,Delivered,3,51.23,nan,3,Yes
9979,9979,2024-11-26,2024-12-01,2024-11-30,RapidX Logistics,Hyderabad,Delivered,1,125.46,nan,3,Yes
9980,9980,2025-01-03,2025-01-05,2025-01-05,QuickShip India,Chennai,Delivered,1,141.29,nan,-1,No
9981,9981,2026-06-09,2026-06-11,2026-06-10,BlueRoute Express,Bengaluru,Delivered,2,88.02,nan,0,No
9982,9982,2026-07-12,2026-07-16,2026-07-15,RapidX Logistics,Delhi,Delivered,2,107.13,nan,6,Yes
9983,9983,2026-01-15,2026-01-18,2026-01-17,SwiftKart Logistics,Mumbai,Delivered,3,80.14,nan,2,No
9984,9984,2026-02-07,2026-02-09,2026-02-09,BlueRoute Express,Chennai,Delivered,1,52.17,nan,2,No
9985,9985,2026-03-11,2026-03-16,2026-03-15,ParcelOne,Bengaluru,Delivered,3,94.71,nan,7,Yes
9986,9986,2026-04-09,2026-04-11,2026-04-10,BlueRoute Express,Hyderabad,Delivered,3,78.38,nan,3,Yes
9987,9987,2026-04-24,2026-04-28,,RapidX Logistics,Hyderabad,In Transit,1,99.83,nan,6,Yes
9988,9988,2025-10-02,2025-10-07,2025-10-06,QuickShip India,Mumbai,Delivered,2,120.2,nan,6,Yes
9989,9989,2025-10-23,2025-10-28,2025-10-27,BlueRoute Express,Chennai,Delivered,3,125.75,nan,4,Yes
9990,9990,2025-12-03,2025-12-07,,RapidX Logistics,Chennai,In Transit,1,110.56,nan,4,Yes
9991,9991,2025-12-26,2025-12-28,2025-12-27,ParcelOne,Kolkata,Delivered,3,73.94,nan,1,No
9992,9992,2024-08-07,2024-08-09,,RapidX Logistics,Mumbai,In Transit,3,84.15,nan,0,No
9993,9993,2026-03-30,2026-04-01,,ParcelOne,Kolkata,In Transit,2,147.62,nan,6,Yes
9994,9994,2026-05-06,2026-05-10,,RapidX Logistics,Bengaluru,In Transit,1,87.8,nan,6,Yes
9995,9995,2026-06-04,2026-06-08,2026-06-08,ParcelOne,Hyderabad,Delivered,3,58.86,nan,7,Yes
9996,9996,2025-07-04,2025-07-07,2025-07-07,SwiftKart Logistics,Delhi,Delivered,2,87.89,nan,7,Yes
9997,9997,2025-08-12,2025-08-15,2025-08-14,BlueRoute Express,Delhi,Delivered,2,73.23,nan,3,Yes
9998,9998,2025-09-22,2025-09-24,2025-09-24,SwiftKart Logistics,Hyderabad,Delivered,2,41.28,nan,4,Yes
9999,9999,2025-10-08,2025-10-13,2025-10-13,ParcelOne,Kolkata,Delivered,2,63.49,nan,4,Yes
10000,10000,2025-11-16,2025-11-19,2025-11-18,MetroDeliver,Chennai,Delivered,1,174.22,nan,6,Yes
