order_item_id,order_id,product_id,quantity,unit_price,discount_amount,item_revenue,discount_applied,final_price
1,1,1132,3,3635.19,810.37,10095.2,30,2544.633
2,1,999,1,3833.28,456.75,3376.53,20,3066.6240000000003
3,1,1154,2,77226.75,12917.96,141535.54,20,61781.4
4,1,632,1,2584.26,13.83,2570.43,10,2325.8340000000003
5,1,249,1,2119.28,154.8,1964.48,0,2119.28
6,2,751,1,808.3,87.54,720.76,0,808.3
7,2,446,1,2938.62,391.23,2547.39,0,2938.62
8,3,886,2,293.19,17.06,569.32,30,205.233
9,4,981,1,999.21,1.45,997.76,20,799.368
10,5,425,3,4814.38,1884.46,12558.68,0,4814.38
11,6,1596,3,4337.02,0.0,13011.06,20,3469.6160000000004
12,7,798,1,3718.85,0.0,3718.85,10,3346.965
13,8,1116,3,9372.19,0.0,28116.57,20,7497.752
14,8,386,1,5216.92,0.0,5216.92,10,4695.228
15,9,1497,1,9582.92,752.46,8830.46,30,6708.044
16,9,481,1,1789.37,247.42,1541.95,30,1252.5589999999995
17,10,879,1,1776.89,0.0,1776.89,20,1421.5120000000002
18,10,1456,1,63693.01,0.0,63693.01,20,50954.408
19,10,722,1,844.52,0.0,844.52,30,591.164
20,10,103,1,3868.11,0.0,3868.11,0,3868.11
21,11,146,1,80324.28,0.0,80324.28,0,80324.28
22,11,71,1,75515.31,0.0,75515.31,10,67963.779
23,12,528,1,1071.66,16.44,1055.22,30,750.162
24,13,1517,1,3093.55,53.2,3040.35,20,2474.84
25,14,592,1,1067.91,0.0,1067.91,10,961.119
26,15,1385,1,22894.15,0.0,22894.15,20,18315.320000000003
27,16,234,1,47459.41,43.89,47415.52,30,33221.587
28,16,349,1,1459.37,172.15,1287.22,30,1021.559
29,17,867,2,26390.91,3524.93,49256.89,10,23751.819
30,18,952,1,28872.88,0.0,28872.88,10,25985.592
31,18,601,1,131194.89,0.0,131194.89,30,91836.423
32,19,1461,1,33088.65,2582.0,30506.65,0,33088.65
33,19,965,1,1353.94,80.65,1273.29,20,1083.152
34,19,160,1,589.97,5.13,584.84,0,589.97
35,20,1283,1,1043.73,0.0,1043.73,30,730.611
36,21,922,1,1939.57,0.0,1939.57,0,1939.57
37,22,542,1,62378.47,1169.46,61209.01,10,56140.623
38,22,1003,1,3138.55,147.6,2990.95,20,2510.84
39,23,1402,1,66573.21,9801.59,56771.62,30,46601.247
40,24,53,1,2531.12,304.14,2226.98,30,1771.784
41,25,878,1,26128.07,813.98,25314.09,30,18289.649
42,25,699,1,3048.78,339.06,2709.72,10,2743.902
43,25,1393,2,36343.46,7877.8,64809.12,0,36343.46
44,26,90,2,664.2,52.95,1275.45,0,664.2
45,27,1384,2,2175.55,636.86,3714.24,0,2175.55
46,28,14,1,2125.0,102.0,2023.0,30,1487.5
47,29,529,1,2902.91,233.95,2668.96,20,2322.328
48,30,698,1,38785.26,1722.72,37062.54,20,31028.208
49,30,1121,1,3804.86,1.69,3803.17,10,3424.3740000000003
50,31,912,1,767.48,48.86,718.62,30,537.236
51,32,45,2,5292.4,1332.83,9251.97,10,4763.16
52,33,1326,1,1936.13,93.76,1842.37,0,1936.13
53,33,1474,1,74873.86,6168.36,68705.5,0,74873.86
54,33,974,1,1464.98,11.0,1453.98,0,1464.98
55,33,497,1,3615.69,512.4,3103.29,10,3254.121
56,33,184,1,392.62,46.36,346.26,10,353.358
57,34,401,2,1312.43,95.33,2529.53,0,1312.43
58,35,1124,1,28111.89,0.0,28111.89,10,25300.701
59,36,1243,1,2783.2,0.0,2783.2,30,1948.24
60,37,745,1,64361.62,3626.75,60734.87,10,57925.458000000006
61,38,1168,1,918.19,90.61,827.58,10,826.3710000000001
62,38,77,1,375.9,21.26,354.64,20,300.72
63,39,428,1,13300.7,596.52,12704.18,10,11970.63
64,40,1299,1,3414.72,103.28,3311.44,30,2390.304
65,40,506,1,1834.39,20.15,1814.24,0,1834.39
66,41,513,1,35628.09,3881.08,31747.01,0,35628.09
67,41,452,1,8006.2,919.14,7087.06,20,6404.96
68,41,1256,1,3347.61,174.57,3173.04,30,2343.327
69,41,16,2,85267.12,9747.01,160787.23,30,59686.98399999999
70,41,1186,1,2233.01,54.32,2178.69,10,2009.7090000000003
71,42,1046,1,9087.52,0.0,9087.52,10,8178.768000000001
72,43,872,1,369.78,0.0,369.78,30,258.84599999999995
73,44,77,1,375.9,13.32,362.58,0,375.9
74,45,1150,1,2765.55,166.27,2599.28,10,2488.9950000000003
75,46,185,1,987.57,93.09,894.48,30,691.299
76,47,1265,1,753.76,44.81,708.95,20,603.008
77,48,1220,1,37492.11,0.0,37492.11,10,33742.899000000005
78,49,1089,1,76783.54,0.0,76783.54,20,61426.832
79,49,223,1,986.9,0.0,986.9,10,888.21
80,49,34,1,3014.06,0.0,3014.06,30,2109.842
81,49,1388,2,44645.42,0.0,89290.84,10,40180.878
82,49,1454,1,2482.25,0.0,2482.25,20,1985.8
83,50,118,1,29857.44,402.62,29454.82,0,29857.44
84,51,1272,1,126747.72,0.0,126747.72,30,88723.404
85,52,1173,1,33473.5,3445.48,30028.02,30,23431.45
86,52,1263,1,5431.26,33.39,5397.87,30,3801.882
87,52,37,1,1893.59,28.86,1864.73,20,1514.872
88,52,1458,1,3481.03,257.93,3223.1,10,3132.927
89,52,486,1,2457.37,318.72,2138.65,10,2211.633
90,53,1228,1,8753.11,0.0,8753.11,10,7877.799000000001
91,53,974,1,1464.98,0.0,1464.98,0,1464.98
92,53,579,1,96143.92,0.0,96143.92,30,67300.74399999999
93,54,1546,1,5167.64,273.89,4893.75,20,4134.112
94,54,83,1,67349.49,1633.36,65716.13,30,47144.643
95,55,1348,1,3802.67,558.31,3244.36,0,3802.67
96,56,409,1,1326.94,83.72,1243.22,30,928.858
97,57,440,2,1285.35,0.0,2570.7,20,1028.28
98,58,915,3,40160.77,0.0,120482.31,10,36144.693
99,58,1,1,3822.34,0.0,3822.34,30,2675.638
100,59,315,2,29996.05,0.0,59992.1,20,23996.84
101,60,1431,1,949.29,0.0,949.29,0,949.29
102,60,1143,1,761.45,0.0,761.45,30,533.015
103,60,1450,1,2010.76,0.0,2010.76,20,1608.6080000000002
104,60,379,1,231.54,0.0,231.54,30,162.07799999999995
105,61,1249,1,2813.36,216.56,2596.8,10,2532.0240000000003
106,62,1385,1,22894.15,2294.23,20599.92,20,18315.320000000003
107,63,139,2,1485.23,173.71,2796.75,0,1485.23
108,63,1550,1,1412.93,54.12,1358.81,20,1130.344
109,64,476,3,76487.54,16198.04,213264.58,10,68838.786
110,64,427,2,51715.55,8034.86,95396.24,20,41372.44
111,65,1358,1,5886.45,26.82,5859.63,20,4709.16
112,66,1217,1,2877.25,0.0,2877.25,30,2014.075
113,67,58,1,2642.32,0.0,2642.32,10,2378.088
114,68,100,2,2961.16,457.94,5464.38,30,2072.812
115,69,818,3,1924.73,54.67,5719.52,0,1924.73
116,69,930,1,225.23,15.72,209.51,0,225.23
117,70,96,2,2121.52,0.0,4243.04,0,2121.52
118,71,1024,2,2654.56,682.36,4626.76,0,2654.56
119,72,1471,1,3182.48,77.52,3104.96,30,2227.736
120,73,1156,1,96292.57,0.0,96292.57,30,67404.799
121,74,279,1,41417.49,1956.43,39461.06,30,28992.242999999995
122,75,1572,1,2427.87,0.0,2427.87,30,1699.5089999999998
123,76,536,1,2418.45,0.0,2418.45,30,1692.9149999999995
124,76,1177,1,1318.54,0.0,1318.54,20,1054.832
125,77,1490,1,516.42,23.73,492.69,30,361.494
126,77,273,1,5210.97,67.2,5143.77,10,4689.8730000000005
127,77,1242,1,120746.52,12781.05,107965.47,30,84522.564
128,77,309,1,47983.47,84.48,47898.99,30,33588.429
129,78,74,1,2354.49,121.62,2232.87,10,2119.041
130,78,805,1,1899.4,213.34,1686.06,0,1899.4
131,79,855,1,440.43,62.51,377.92,30,308.301
132,79,713,1,1957.25,60.65,1896.6,20,1565.8000000000002
133,80,395,1,2765.23,301.39,2463.84,0,2765.23
134,81,311,1,5092.96,0.0,5092.96,20,4074.368
135,82,531,1,58790.28,0.0,58790.28,10,52911.252
136,83,693,2,1188.09,0.0,2376.18,10,1069.281
137,84,1566,2,2317.3,0.0,4634.6,0,2317.3
138,85,749,1,5523.77,376.18,5147.59,0,5523.77
139,86,1555,1,2372.47,250.04,2122.43,10,2135.223
140,86,1153,1,145864.75,16222.33,129642.42,0,145864.75
141,87,817,1,2091.51,188.8,1902.71,0,2091.51
142,88,956,1,2547.65,345.79,2201.86,20,2038.12
143,88,787,2,2387.75,473.42,4302.08,30,1671.425
144,88,697,1,415.23,28.75,386.48,10,373.7070000000001
145,88,1585,1,1472.08,148.45,1323.63,20,1177.664
146,89,938,1,9347.84,507.19,8840.65,10,8413.056
147,90,167,1,90813.43,0.0,90813.43,20,72650.74399999999
148,91,677,1,1113.35,57.08,1056.27,0,1113.35
149,92,873,3,1037.71,0.0,3113.13,10,933.939
150,93,513,1,35628.09,48.96,35579.13,20,28502.472
151,94,826,2,1971.53,425.17,3517.89,30,1380.071
152,94,1273,1,82929.26,4623.95,78305.31,20,66343.408
153,95,890,2,930.52,35.42,1825.62,10,837.468
154,96,542,2,62378.47,7943.9,116813.04,10,56140.623
155,97,868,1,2801.32,298.66,2502.66,10,2521.188
156,97,931,1,2958.87,354.8,2604.07,20,2367.096
157,97,933,1,1968.53,258.65,1709.88,30,1377.971
158,97,1323,1,7044.95,867.37,6177.58,20,5635.96
159,98,833,1,3282.57,28.37,3254.2,20,2626.0560000000005
160,99,574,1,2746.95,116.34,2630.61,10,2472.255
161,99,1068,1,2832.17,56.36,2775.81,10,2548.953
162,100,873,1,1037.71,0.0,1037.71,30,726.3969999999999
163,100,46,1,4876.53,0.0,4876.53,10,4388.877
164,101,1031,1,356.88,4.25,352.63,0,356.88
165,102,1328,1,2127.08,312.91,1814.17,10,1914.372
166,102,127,2,2230.56,379.51,4081.61,20,1784.448
167,102,839,2,289.42,14.06,564.78,20,231.53600000000003
168,103,1226,1,55280.49,0.0,55280.49,30,38696.34299999999
169,104,1341,2,36074.93,7643.83,64506.03,30,25252.451
170,105,1347,1,1641.29,0.0,1641.29,30,1148.9029999999998
171,106,26,1,4152.23,0.0,4152.23,0,4152.23
172,106,1583,1,1683.61,0.0,1683.61,10,1515.249
173,106,691,1,1776.03,0.0,1776.03,30,1243.221
174,106,1090,1,117469.55,0.0,117469.55,0,117469.55
175,107,673,1,94567.66,6325.26,88242.4,30,66197.362
176,107,473,1,2980.81,154.17,2826.64,0,2980.81
177,108,1030,1,4144.31,269.81,3874.5,0,4144.31
178,109,718,1,7664.54,125.1,7539.44,20,6131.6320000000005
179,110,1425,1,38118.15,0.0,38118.15,20,30494.520000000004
180,111,1055,1,61678.24,0.0,61678.24,30,43174.768
181,111,484,1,3780.52,0.0,3780.52,30,2646.364
182,111,1435,1,155364.8,0.0,155364.8,0,155364.8
183,111,964,1,2212.96,0.0,2212.96,20,1770.3680000000002
184,111,607,1,3784.6,0.0,3784.6,10,3406.14
185,112,132,1,2548.46,244.34,2304.12,30,1783.922
186,113,1217,1,2877.25,62.39,2814.86,20,2301.8
187,113,1578,2,6158.02,933.91,11382.13,20,4926.416000000001
188,114,231,1,3736.97,519.97,3217.0,0,3736.97
189,115,436,1,147796.0,0.0,147796.0,10,133016.4
190,115,314,2,1524.32,0.0,3048.64,0,1524.32
191,116,1191,1,37568.14,0.0,37568.14,30,26297.698
192,116,1224,1,3160.05,0.0,3160.05,0,3160.05
193,117,465,1,3059.86,296.46,2763.4,20,2447.8880000000004
194,118,1212,1,157753.88,3514.91,154238.97,0,157753.88
195,118,693,1,1188.09,60.37,1127.72,0,1188.09
196,118,1149,1,99668.46,10323.02,89345.44,10,89701.614
197,118,1228,1,8753.11,362.21,8390.9,10,7877.799000000001
198,118,703,1,2132.29,183.16,1949.13,20,1705.832
199,119,1581,1,148976.59,16898.1,132078.49,10,134078.931
200,120,1275,1,278.67,31.84,246.83,20,222.93600000000004
201,121,521,2,322.75,47.82,597.68,30,225.925
202,122,1433,1,5322.5,0.0,5322.5,10,4790.25
203,122,587,1,108314.66,0.0,108314.66,0,108314.66
204,123,808,1,124999.97,16751.8,108248.17,20,99999.976
205,124,1106,1,8946.99,257.53,8689.46,30,6262.892999999999
206,124,1065,1,3958.62,125.43,3833.19,0,3958.62
207,125,83,1,67349.49,0.0,67349.49,0,67349.49
208,125,1221,1,979.8,0.0,979.8,30,685.8599999999999
209,126,1395,1,2489.72,0.79,2488.93,30,1742.804
210,127,472,1,46739.78,5264.98,41474.8,20,37391.824
211,128,403,1,170966.64,4248.98,166717.66,10,153869.97600000002
212,129,1020,1,1546.51,0.0,1546.51,10,1391.859
213,130,148,1,60801.41,1929.38,58872.03,20,48641.128
214,131,327,1,29823.32,3977.56,25845.76,20,23858.656000000003
215,132,1173,1,33473.5,3731.87,29741.63,30,23431.45
216,133,1334,2,1811.5,387.62,3235.38,10,1630.35
217,134,119,1,77500.66,0.0,77500.66,0,77500.66
218,134,862,3,68245.35,0.0,204736.05,0,68245.35
219,135,1365,1,75380.11,6602.25,68777.86,30,52766.077
220,136,866,1,28151.71,0.0,28151.71,30,19706.197
221,137,445,1,550.01,32.51,517.5,10,495.009
222,137,537,1,127206.42,3785.34,123421.08,10,114485.778
223,138,58,1,2642.32,0.0,2642.32,30,1849.624
224,138,865,1,22469.84,0.0,22469.84,30,15728.888
225,138,919,3,64205.31,0.0,192615.93,30,44943.717
226,138,1515,3,2940.55,0.0,8821.65,30,2058.385
227,138,289,1,2410.54,0.0,2410.54,20,1928.432
228,139,1577,2,499.74,119.85,879.63,30,349.818
229,140,1340,2,4036.45,0.0,8072.9,10,3632.805
230,141,1221,1,979.8,34.57,945.23,0,979.8
231,142,222,1,129577.13,0.0,129577.13,0,129577.13
232,143,788,1,3542.11,324.8,3217.31,20,2833.688
233,144,528,1,1071.66,136.41,935.25,10,964.494
234,144,782,1,32396.84,4049.34,28347.5,10,29157.156
235,144,1545,1,82188.32,7089.94,75098.38,0,82188.32
236,145,920,1,44354.36,5884.69,38469.67,30,31048.052
237,145,383,1,1151.25,75.95,1075.3,20,921.0
238,146,1484,1,86983.02,5625.76,81357.26,0,86983.02
239,147,1320,1,44898.72,0.0,44898.72,30,31429.104
240,148,963,1,121884.72,12614.06,109270.66,0,121884.72
241,149,23,1,2254.98,202.24,2052.74,30,1578.486
242,149,1501,1,31743.02,2285.77,29457.25,30,22220.114
243,149,375,1,1217.82,97.55,1120.27,0,1217.82
244,149,1313,1,1131.03,7.07,1123.96,30,791.7209999999999
245,149,1023,1,36297.55,4112.74,32184.81,10,32667.795
246,150,107,1,284.52,19.13,265.39,10,256.068
247,151,746,2,118090.14,0.0,236180.28,30,82663.098
248,151,634,2,128711.83,0.0,257423.66,10,115840.647
249,152,596,1,1371.16,155.0,1216.16,30,959.812
250,152,121,1,250.81,5.41,245.4,0,250.81
251,153,122,1,2414.47,0.0,2414.47,10,2173.023
252,153,1035,1,2051.19,0.0,2051.19,20,1640.9520000000002
253,154,921,1,158189.7,10519.86,147669.84,30,110732.79
254,154,1509,1,39314.87,3811.62,35503.25,0,39314.87
255,155,43,2,6086.88,0.0,12173.76,0,6086.88
256,156,721,1,1671.74,174.07,1497.67,30,1170.2179999999998
257,156,894,1,3863.24,47.11,3816.13,30,2704.268
258,156,921,1,158189.7,19669.05,138520.65,20,126551.76
259,156,40,1,29011.05,2566.08,26444.97,20,23208.84
260,156,945,1,1136.14,76.99,1059.15,20,908.912
261,157,880,1,3054.09,346.5,2707.59,0,3054.09
262,157,929,1,30089.57,312.7,29776.87,0,30089.57
263,158,851,1,752.31,62.96,689.35,30,526.617
264,158,411,1,2910.53,202.46,2708.07,20,2328.4240000000004
265,158,131,2,26403.44,4737.3,48069.58,30,18482.408
266,158,148,1,60801.41,5502.5,55298.91,10,54721.26900000001
267,159,1457,1,60301.61,1113.23,59188.38,30,42211.127
268,159,579,1,96143.92,2339.39,93804.53,0,96143.92
269,159,94,1,43997.06,5391.68,38605.38,20,35197.648
270,160,494,1,2127.83,0.0,2127.83,0,2127.83
271,161,1259,1,420.62,35.03,385.59,10,378.558
272,162,709,2,2013.15,586.2,3440.1,30,1409.205
273,163,24,1,143987.71,0.0,143987.71,10,129588.939
274,163,1002,1,67301.61,0.0,67301.61,0,67301.61
275,164,875,1,28152.68,567.68,27585.0,10,25337.412
276,165,66,1,2441.02,244.09,2196.93,30,1708.714
277,166,1458,1,3481.03,0.0,3481.03,0,3481.03
278,167,84,2,2164.95,477.92,3851.98,20,1731.96
279,168,1213,2,56227.35,1578.82,110875.88,20,44981.880000000005
280,169,199,1,26074.89,1318.54,24756.35,30,18252.423
281,170,1241,2,1430.84,0.0,2861.68,0,1430.84
282,171,1250,1,42939.79,4678.74,38261.05,30,30057.853
283,171,1573,1,3177.29,276.04,2901.25,20,2541.8320000000003
284,172,617,1,3079.68,66.87,3012.81,30,2155.776
285,173,82,1,2097.58,221.33,1876.25,10,1887.822
286,173,290,1,32947.49,787.25,32160.24,20,26357.992
287,173,1331,1,2122.62,32.02,2090.6,30,1485.8339999999998
288,173,230,2,32147.34,8960.81,55333.87,30,22503.138
289,174,568,1,163028.84,11305.07,151723.77,10,146725.956
290,175,826,1,1971.53,0.0,1971.53,0,1971.53
291,176,1299,2,3414.72,1022.0,5807.44,20,2731.776
292,177,21,1,417.88,28.74,389.14,30,292.516
293,178,1492,2,2438.62,352.89,4524.35,0,2438.62
294,179,1354,2,2097.47,0.0,4194.94,30,1468.2289999999998
295,180,361,1,670.56,33.42,637.14,10,603.504
296,180,774,1,91105.66,9593.94,81511.72,20,72884.528
297,181,95,1,24006.46,2419.95,21586.51,20,19205.168
298,182,14,2,2125.0,244.4,4005.6,20,1700.0
299,182,1376,1,901.13,65.82,835.31,0,901.13
300,183,684,2,2183.03,464.68,3901.38,0,2183.03
301,184,952,2,28872.88,0.0,57745.76,20,23098.304000000004
302,185,1558,1,1952.71,106.66,1846.05,0,1952.71
303,186,1538,1,1905.21,76.54,1828.67,30,1333.647
304,187,570,1,21654.56,1859.85,19794.71,30,15158.192
305,187,202,1,83953.83,1063.84,82889.99,20,67163.064
306,188,79,1,37609.6,1573.06,36036.54,30,26326.72
307,188,755,2,118973.39,7411.45,230535.33,10,107076.051
308,188,114,1,46974.46,4275.41,42699.05,30,32882.122
309,188,1323,1,7044.95,893.63,6151.32,10,6340.455
310,188,306,2,223.24,28.1,418.38,20,178.592
311,189,453,1,2582.33,380.36,2201.97,30,1807.631
312,190,1515,1,2940.55,0.0,2940.55,10,2646.4950000000003
313,191,1444,1,1761.67,208.75,1552.92,10,1585.5030000000002
314,192,459,2,2056.03,0.0,4112.06,10,1850.427
315,192,862,1,68245.35,0.0,68245.35,30,47771.745
316,192,395,2,2765.23,0.0,5530.46,0,2765.23
317,192,1367,1,1115.97,0.0,1115.97,20,892.7760000000001
318,192,1006,1,2865.1,0.0,2865.1,0,2865.1
319,193,285,2,3301.99,791.73,5812.25,10,2971.791
320,193,1311,1,5198.45,519.61,4678.84,30,3638.915
321,194,566,1,601.7,3.21,598.49,10,541.5300000000001
322,194,1370,1,62115.24,6789.9,55325.34,20,49692.192
323,194,413,1,2455.33,311.45,2143.88,0,2455.33
324,194,1144,1,1149.43,65.65,1083.78,30,804.601
325,195,541,1,43654.41,2960.25,40694.16,30,30558.087
326,195,85,1,422.79,32.34,390.45,30,295.953
327,195,1019,1,321.92,15.51,306.41,0,321.92
328,196,1571,3,365.21,63.03,1032.6,10,328.689
329,197,294,2,41961.75,3118.62,80804.88,10,37765.575
330,198,499,1,2538.2,85.3,2452.9,10,2284.38
331,198,851,3,752.31,299.45,1957.48,10,677.079
332,199,1336,1,4092.74,475.71,3617.03,30,2864.918
333,200,1118,1,2926.02,0.0,2926.02,0,2926.02
334,200,1559,1,2127.33,0.0,2127.33,0,2127.33
335,200,1443,1,39621.43,0.0,39621.43,10,35659.287000000004
336,201,1285,3,571.66,119.43,1595.55,20,457.328
337,202,148,1,60801.41,7320.35,53481.06,20,48641.128
338,203,256,1,1894.02,181.74,1712.28,30,1325.814
339,203,213,1,25465.76,2771.34,22694.42,10,22919.184
340,204,1566,1,2317.3,0.0,2317.3,10,2085.57
341,204,1147,3,14582.77,0.0,43748.31,0,14582.77
342,205,1185,1,5187.12,0.0,5187.12,20,4149.696
343,205,172,1,348.87,0.0,348.87,10,313.983
344,206,770,1,86438.74,0.0,86438.74,30,60507.118
345,207,991,1,6557.76,0.0,6557.76,20,5246.2080000000005
346,207,1306,1,55531.46,0.0,55531.46,0,55531.46
347,208,1451,1,397.42,0.0,397.42,20,317.93600000000004
348,208,183,1,2735.6,0.0,2735.6,20,2188.48
349,209,1078,1,2235.87,0.0,2235.87,20,1788.696
350,210,701,1,47197.58,6044.87,41152.71,0,47197.58
351,211,521,1,322.75,0.0,322.75,10,290.475
352,211,975,2,17084.55,0.0,34169.1,10,15376.095
353,211,846,1,3823.36,0.0,3823.36,30,2676.352
354,211,1325,1,33748.2,0.0,33748.2,10,30373.38
355,212,93,1,26807.56,3722.59,23084.97,0,26807.56
356,212,707,1,2710.38,176.85,2533.53,10,2439.342
357,213,320,2,1023.82,0.0,2047.64,30,716.674
358,214,1089,1,76783.54,0.0,76783.54,10,69105.186
359,214,515,1,1652.18,0.0,1652.18,30,1156.526
360,214,1390,2,32277.62,0.0,64555.24,30,22594.334
361,215,493,1,3440.64,0.0,3440.64,0,3440.64
362,216,621,1,2134.64,248.09,1886.55,10,1921.176
363,216,370,1,659.72,78.94,580.78,10,593.748
364,216,1385,1,22894.15,1159.8,21734.35,0,22894.15
365,217,56,1,174294.31,0.0,174294.31,10,156864.87900000002
366,217,498,1,6323.41,0.0,6323.41,30,4426.387
367,217,608,1,39712.41,0.0,39712.41,0,39712.41
368,217,89,1,700.33,0.0,700.33,10,630.297
369,217,42,1,7358.23,0.0,7358.23,30,5150.761
370,218,1447,2,1595.48,314.82,2876.14,30,1116.836
371,219,425,1,4814.38,0.0,4814.38,30,3370.066
372,219,989,1,673.12,0.0,673.12,20,538.496
373,219,1157,1,4990.11,0.0,4990.11,30,3493.077
374,220,1369,1,1514.51,50.94,1463.57,10,1363.059
375,221,481,2,1789.37,0.0,3578.74,20,1431.496
376,222,1191,1,37568.14,5369.78,32198.36,10,33811.326
377,223,249,1,2119.28,280.92,1838.36,30,1483.496
378,224,899,1,401.48,55.63,345.85,10,361.3320000000001
379,225,197,1,4870.47,468.05,4402.42,0,4870.47
380,225,1535,1,4110.59,378.85,3731.74,30,2877.413
381,225,1015,1,2376.2,203.32,2172.88,10,2138.58
382,225,1549,1,1129.63,153.04,976.59,20,903.7040000000002
383,226,1167,3,3045.6,0.0,9136.8,10,2741.04
384,227,248,1,1908.15,16.47,1891.68,20,1526.5200000000002
385,228,1327,1,26530.9,97.2,26433.7,30,18571.63
386,228,1415,3,36353.29,1173.53,107886.34,0,36353.29
387,229,1348,1,3802.67,0.0,3802.67,30,2661.869
388,229,7,1,2327.69,0.0,2327.69,30,1629.383
389,230,1308,1,1123.17,124.71,998.46,10,1010.853
390,231,154,1,3811.09,338.37,3472.72,0,3811.09
391,232,1199,1,1211.39,115.21,1096.18,30,847.9730000000001
392,233,233,1,2640.21,50.67,2589.54,10,2376.1890000000003
393,234,1544,1,5232.67,689.91,4542.76,20,4186.136
394,235,496,1,28606.14,305.36,28300.78,10,25745.526
395,235,1356,1,19747.45,1640.65,18106.8,20,15797.96
396,236,611,1,19135.21,2511.3,16623.91,10,17221.689
397,236,127,1,2230.56,334.32,1896.24,10,2007.504
398,237,188,3,43239.04,8205.38,121511.74,10,38915.136
399,238,477,1,1565.23,36.36,1528.87,20,1252.1840000000002
400,239,1186,1,2233.01,19.86,2213.15,30,1563.107
401,239,1385,1,22894.15,1188.65,21705.5,10,20604.735
402,240,360,1,32907.0,4068.93,28838.07,0,32907.0
403,241,883,3,5242.7,552.16,15175.94,10,4718.43
404,241,963,3,121884.72,35669.0,329985.16,0,121884.72
405,241,167,1,90813.43,1436.91,89376.52,20,72650.74399999999
406,241,150,1,43135.57,5109.78,38025.79,10,38822.013
407,242,482,1,7050.68,0.0,7050.68,20,5640.544000000001
408,243,714,1,2767.25,252.32,2514.93,30,1937.075
409,244,639,1,1460.92,0.0,1460.92,20,1168.736
410,244,1426,1,2854.6,0.0,2854.6,20,2283.68
411,244,1319,1,143495.9,0.0,143495.9,20,114796.72
412,245,476,1,76487.54,2554.46,73933.08,0,76487.54
413,246,311,1,5092.96,0.0,5092.96,10,4583.664
414,246,692,1,2423.69,0.0,2423.69,10,2181.321
415,246,1417,1,1306.26,0.0,1306.26,0,1306.26
416,246,1148,2,35366.0,0.0,70732.0,0,35366.0
417,246,124,1,1916.25,0.0,1916.25,20,1533.0
418,247,1069,2,40522.57,10612.61,70432.53,10,36470.313
419,248,444,1,3621.4,0.0,3621.4,10,3259.26
420,249,1331,1,2122.62,15.83,2106.79,10,1910.358
421,250,1219,1,1611.72,0.0,1611.72,0,1611.72
422,251,1159,2,285.32,52.19,518.45,30,199.724
423,252,593,1,47231.85,1545.56,45686.29,10,42508.665
424,253,458,1,8217.39,0.0,8217.39,0,8217.39
425,253,242,1,1239.27,0.0,1239.27,20,991.416
426,254,18,1,219.13,18.61,200.52,10,197.217
427,254,1016,1,36631.13,2872.39,33758.74,20,29304.904
428,254,93,1,26807.56,2385.67,24421.89,10,24126.804
429,254,1246,1,1880.46,262.08,1618.38,0,1880.46
430,255,1198,1,2934.15,381.74,2552.41,0,2934.15
431,256,364,2,996.71,19.27,1974.15,20,797.368
432,257,829,1,5385.17,367.41,5017.76,30,3769.619
433,257,1244,1,3810.15,379.0,3431.15,10,3429.135
434,258,375,1,1217.82,135.08,1082.74,20,974.256
435,258,446,1,2938.62,205.22,2733.4,30,2057.034
436,259,117,2,19742.72,3831.5,35653.94,20,15794.176
437,260,1494,1,18167.06,355.42,17811.64,0,18167.06
438,261,312,2,1612.79,0.0,3225.58,10,1451.511
439,262,1420,1,1349.54,89.6,1259.94,10,1214.586
440,262,1545,1,82188.32,7695.37,74492.95,20,65750.656
441,262,1513,1,2099.25,222.84,1876.41,10,1889.325
442,263,1276,1,5685.06,0.0,5685.06,10,5116.554
443,264,810,1,26333.87,2438.17,23895.7,10,23700.483
444,264,382,1,65460.34,2284.03,63176.31,20,52368.272
445,264,1379,1,78359.54,10459.13,67900.41,10,70523.586
446,264,287,1,5144.9,91.43,5053.47,0,5144.9
447,265,112,1,86793.43,0.0,86793.43,0,86793.43
448,265,1594,1,1943.32,0.0,1943.32,20,1554.656
449,266,1051,1,18311.46,0.0,18311.46,30,12818.022
450,267,1117,2,628.26,0.0,1256.52,0,628.26
451,268,1128,1,2674.52,22.24,2652.28,30,1872.164
452,269,876,2,99791.13,17629.45,181952.81,10,89812.017
453,269,782,1,32396.84,1341.49,31055.35,30,22677.788
454,270,337,2,4173.88,613.14,7734.62,20,3339.1040000000003
455,271,1490,1,516.42,0.0,516.42,0,516.42
456,272,155,1,6759.98,433.89,6326.09,10,6083.982
457,273,307,1,4585.11,0.0,4585.11,30,3209.577
458,273,724,1,625.35,0.0,625.35,0,625.35
459,274,1525,1,368.87,0.0,368.87,20,295.096
460,274,292,1,42595.72,0.0,42595.72,10,38336.148
461,275,1146,1,1018.85,130.11,888.74,10,916.965
462,275,1191,1,37568.14,2298.51,35269.63,30,26297.698
463,276,903,2,39591.52,6599.95,72583.09,30,27714.063999999995
464,276,368,1,53610.72,4771.4,48839.32,0,53610.72
465,277,86,1,3175.74,149.34,3026.4,30,2223.018
466,277,837,1,157966.42,20478.32,137488.1,0,157966.42
467,278,1438,1,1797.41,222.27,1575.14,30,1258.187
468,278,267,1,825.8,56.3,769.5,30,578.06
469,279,771,1,2630.46,342.1,2288.36,0,2630.46
470,280,1040,1,7278.08,114.61,7163.47,0,7278.08
471,281,224,3,1977.53,363.27,5569.32,0,1977.53
472,282,674,1,2535.97,0.0,2535.97,10,2282.373
473,283,748,1,1603.07,0.0,1603.07,30,1122.149
474,284,127,1,2230.56,105.82,2124.74,30,1561.3919999999998
475,285,1376,1,901.13,0.55,900.58,0,901.13
476,285,39,1,15502.07,2118.66,13383.41,30,10851.449
477,286,660,1,41679.89,784.7,40895.19,10,37511.901
478,286,487,1,30451.12,2523.31,27927.81,20,24360.896
479,287,1276,1,5685.06,699.7,4985.36,30,3979.542
480,288,388,1,3732.52,0.0,3732.52,20,2986.016
481,289,1230,1,994.26,113.51,880.75,10,894.8340000000001
482,290,506,1,1834.39,14.97,1819.42,10,1650.951
483,290,1583,1,1683.61,245.49,1438.12,10,1515.249
484,291,478,1,108976.92,0.0,108976.92,30,76283.844
485,291,1589,1,103645.76,0.0,103645.76,20,82916.60800000001
486,292,831,1,3180.63,160.9,3019.73,20,2544.5040000000004
487,293,293,1,40759.07,0.0,40759.07,20,32607.256
488,294,709,3,2013.15,222.57,5816.88,20,1610.5200000000002
489,294,1259,2,420.62,26.62,814.62,20,336.49600000000004
490,294,815,1,30194.05,1976.01,28218.04,20,24155.24
491,294,757,1,2559.79,253.47,2306.32,10,2303.811
492,294,1242,1,120746.52,13154.42,107592.1,10,108671.868
493,295,410,2,3297.12,0.0,6594.24,20,2637.696
494,296,736,2,784.34,210.52,1358.16,10,705.9060000000001
495,297,1443,1,39621.43,5385.73,34235.7,20,31697.144
496,297,1083,1,384.05,10.52,373.53,10,345.64500000000004
497,297,926,1,1593.68,179.27,1414.41,30,1115.576
498,297,1047,1,1308.14,193.89,1114.25,10,1177.326
499,298,1074,1,3149.29,342.36,2806.93,10,2834.361
500,299,1148,3,35366.0,1729.3,104368.7,10,31829.4
501,299,15,1,1095.25,83.4,1011.85,20,876.2
502,300,1127,2,4770.92,0.0,9541.84,10,4293.828
503,300,1034,2,32492.4,0.0,64984.8,0,32492.4
504,300,710,1,32724.34,0.0,32724.34,20,26179.472
505,301,251,3,2367.88,736.14,6367.5,0,2367.88
506,301,475,1,1480.29,94.65,1385.64,20,1184.232
507,302,515,1,1652.18,86.56,1565.62,20,1321.744
508,303,675,1,1350.25,193.47,1156.78,30,945.175
509,304,1368,2,2174.86,0.0,4349.72,20,1739.888
510,305,501,1,2459.62,186.06,2273.56,10,2213.658
511,305,171,3,2900.67,534.54,8167.47,20,2320.536
512,305,914,1,3732.26,406.76,3325.5,10,3359.034
513,306,177,2,1395.34,152.3,2638.38,30,976.7379999999998
514,307,906,1,52750.88,4434.58,48316.3,30,36925.616
515,307,274,1,61941.5,7100.26,54841.24,20,49553.2
516,308,490,1,119759.19,8487.41,111271.78,0,119759.19
517,309,1480,1,4188.58,0.0,4188.58,20,3350.864
518,310,209,1,44783.42,3869.13,40914.29,0,44783.42
519,311,1126,1,44621.09,6099.13,38521.96,10,40158.981
520,312,705,1,34487.91,3295.27,31192.64,30,24141.537
521,313,440,2,1285.35,39.19,2531.51,0,1285.35
522,314,237,1,1747.18,0.0,1747.18,20,1397.744
523,315,1499,1,29009.65,3214.16,25795.49,10,26108.685
524,315,962,1,1108.44,97.78,1010.66,0,1108.44
525,316,171,1,2900.67,0.0,2900.67,30,2030.469
526,317,1512,2,10568.45,2207.98,18928.92,0,10568.45
527,318,46,1,4876.53,0.0,4876.53,20,3901.224
528,318,461,1,2133.9,0.0,2133.9,30,1493.73
529,318,985,1,3261.61,0.0,3261.61,0,3261.61
530,318,1093,1,20431.66,0.0,20431.66,10,18388.494
531,318,138,1,350.95,0.0,350.95,0,350.95
532,319,1223,2,11259.67,1863.38,20655.96,20,9007.736
533,320,747,1,8474.0,771.44,7702.56,30,5931.799999999999
534,321,1427,1,1223.85,90.87,1132.98,0,1223.85
535,321,1084,1,70352.07,9728.93,60623.14,0,70352.07
536,321,247,1,2539.27,51.22,2488.05,0,2539.27
537,321,491,2,529.3,71.33,987.27,30,370.50999999999993
538,321,323,1,87171.31,6669.53,80501.78,30,61019.917
539,322,1377,1,24652.74,769.0,23883.74,30,17256.918
540,322,1358,3,5886.45,570.82,17088.53,30,4120.514999999999
541,322,189,1,2123.95,247.65,1876.3,10,1911.555
542,322,662,1,1180.85,103.3,1077.55,20,944.68
543,322,1168,1,918.19,21.35,896.84,30,642.733
544,323,1400,1,92951.15,0.0,92951.15,20,74360.92
545,324,1542,1,1880.53,51.38,1829.15,0,1880.53
546,325,1215,1,3634.8,509.64,3125.16,0,3634.8
547,326,530,1,318.6,31.43,287.17,0,318.6
548,326,1187,3,175626.18,21721.79,505156.75,30,122938.326
549,326,1293,1,1046.89,148.64,898.25,30,732.823
550,326,701,1,47197.58,2511.71,44685.87,10,42477.822
551,327,67,1,5611.24,139.99,5471.25,0,5611.24
552,328,102,1,47452.25,0.0,47452.25,0,47452.25
553,328,283,1,4572.45,0.0,4572.45,10,4115.205
554,329,1568,1,113591.21,16300.58,97290.63,20,90872.968
555,330,172,1,348.87,22.69,326.18,0,348.87
556,331,797,1,40285.16,4998.76,35286.4,30,28199.612
557,332,792,3,3233.42,0.0,9700.26,0,3233.42
558,333,925,1,405.11,48.5,356.61,30,283.577
559,333,1248,1,1795.23,30.94,1764.29,10,1615.707
560,334,280,3,30594.49,12903.72,78879.75,10,27535.041
561,335,1299,1,3414.72,217.52,3197.2,30,2390.304
562,335,213,2,25465.76,4791.55,46139.97,0,25465.76
563,335,1233,3,3456.57,660.77,9708.94,20,2765.2560000000003
564,336,932,1,66425.97,8261.95,58164.02,20,53140.776000000005
565,337,440,1,1285.35,0.0,1285.35,20,1028.28
566,338,1348,2,3802.67,248.69,7356.65,0,3802.67
567,339,480,1,3056.45,158.6,2897.85,20,2445.16
568,339,1525,1,368.87,35.36,333.51,10,331.983
569,340,826,1,1971.53,117.44,1854.09,10,1774.377
570,341,1508,1,2634.42,0.0,2634.42,10,2370.978
571,342,301,1,3075.11,346.5,2728.61,0,3075.11
572,343,1510,1,5438.97,0.0,5438.97,0,5438.97
573,343,1333,1,2421.09,0.0,2421.09,10,2178.981
574,344,936,1,30096.25,0.0,30096.25,30,21067.375
575,344,1349,1,1367.29,0.0,1367.29,10,1230.561
576,344,174,1,30123.15,0.0,30123.15,30,21086.205
577,345,958,1,1318.24,194.01,1124.23,10,1186.416
578,346,881,1,3117.76,314.85,2802.91,10,2805.9840000000004
579,346,1428,1,1939.56,65.15,1874.41,10,1745.604
580,346,968,1,4831.61,594.82,4236.79,0,4831.61
581,346,501,1,2459.62,127.48,2332.14,30,1721.734
582,346,962,1,1108.44,160.64,947.8,10,997.596
583,347,1030,1,4144.31,408.23,3736.08,30,2901.0170000000003
584,347,1484,1,86983.02,6847.42,80135.6,30,60888.114
585,348,298,1,54274.29,0.0,54274.29,30,37992.003
586,349,1369,2,1514.51,380.26,2648.76,30,1060.157
587,350,1586,1,4275.29,0.0,4275.29,0,4275.29
588,350,41,1,990.24,0.0,990.24,0,990.24
589,351,398,1,2421.46,246.3,2175.16,20,1937.168
590,352,1277,2,48882.84,6881.88,90883.8,20,39106.272
591,353,1364,1,23422.89,0.0,23422.89,10,21080.601
592,354,1020,2,1546.51,142.49,2950.53,0,1546.51
593,355,1202,2,54005.3,0.0,108010.6,20,43204.240000000005
594,356,631,1,1700.48,0.0,1700.48,10,1530.432
595,357,860,1,3024.94,169.64,2855.3,30,2117.458
596,358,34,2,3014.06,534.71,5493.41,0,3014.06
597,358,1241,1,1430.84,5.6,1425.24,0,1430.84
598,358,598,1,3271.1,391.84,2879.26,30,2289.77
599,358,429,1,121237.34,6894.18,114343.16,0,121237.34
600,359,1499,1,29009.65,0.0,29009.65,20,23207.72
601,359,997,2,389.19,0.0,778.38,0,389.19
602,359,1147,2,14582.77,0.0,29165.54,30,10207.939
603,360,1598,1,3087.47,23.45,3064.02,0,3087.47
604,360,1339,1,21281.34,2681.85,18599.49,10,19153.206
605,361,1389,1,2657.25,0.0,2657.25,0,2657.25
606,362,896,1,1901.81,257.83,1643.98,0,1901.81
607,362,1280,1,8871.08,865.73,8005.35,30,6209.755999999999
608,362,266,1,2692.51,170.13,2522.38,20,2154.0080000000003
609,363,277,1,2384.34,0.0,2384.34,10,2145.9060000000004
610,363,969,1,72166.51,0.0,72166.51,30,50516.55699999999
611,363,676,1,2284.87,0.0,2284.87,30,1599.409
612,363,329,1,110700.38,0.0,110700.38,30,77490.266
613,363,438,1,4222.79,0.0,4222.79,30,2955.953
614,364,1169,2,2642.98,624.97,4660.99,0,2642.98
615,365,909,1,9271.61,1074.78,8196.83,20,7417.288
616,366,1173,1,33473.5,0.0,33473.5,0,33473.5
617,367,567,1,3731.6,268.71,3462.89,10,3358.44
618,368,1379,1,78359.54,8994.14,69365.4,20,62687.632
619,369,1043,2,1164.22,0.0,2328.44,30,814.954
620,369,249,1,2119.28,0.0,2119.28,30,1483.496
621,369,1585,1,1472.08,0.0,1472.08,30,1030.456
622,369,1114,1,1971.55,0.0,1971.55,30,1380.0849999999998
623,370,451,2,767.82,0.0,1535.64,20,614.2560000000001
624,371,1143,1,761.45,0.0,761.45,10,685.3050000000001
625,372,866,2,28151.71,6168.98,50134.44,20,22521.368
626,372,1169,1,2642.98,43.69,2599.29,20,2114.384
627,373,530,1,318.6,18.68,299.92,20,254.88
628,373,948,2,3718.48,339.39,7097.57,30,2602.936
629,373,920,1,44354.36,3362.61,40991.75,20,35483.488000000005
630,374,63,1,58822.41,0.0,58822.41,20,47057.92800000001
631,375,1006,1,2865.1,135.27,2729.83,0,2865.1
632,376,438,1,4222.79,399.56,3823.23,0,4222.79
633,376,1231,1,2323.31,173.79,2149.52,10,2090.979
634,376,153,1,39307.26,1396.19,37911.07,10,35376.534
635,376,33,1,2675.61,110.09,2565.52,10,2408.049
636,376,395,1,2765.23,153.45,2611.78,30,1935.661
637,377,1213,1,56227.35,5521.76,50705.59,20,44981.880000000005
638,377,1235,1,553.98,68.47,485.51,20,443.184
639,378,1279,1,4693.11,124.91,4568.2,30,3285.177
640,379,370,1,659.72,75.54,584.18,20,527.7760000000001
641,380,1097,1,57166.17,6363.92,50802.25,20,45732.936
642,380,608,1,39712.41,4232.94,35479.47,10,35741.169
643,381,1539,1,1510.58,0.0,1510.58,30,1057.406
644,381,716,1,710.73,0.0,710.73,20,568.5840000000001
645,382,537,1,127206.42,0.0,127206.42,0,127206.42
646,383,1216,1,82298.09,7017.8,75280.29,0,82298.09
647,384,1258,1,8683.79,303.96,8379.83,0,8683.79
648,385,1383,1,1971.98,67.45,1904.53,30,1380.386
649,386,953,1,1650.81,89.97,1560.84,0,1650.81
650,387,755,3,118973.39,27875.92,329044.25,30,83281.37299999999
651,387,1226,1,55280.49,4493.79,50786.7,10,49752.441
652,387,14,2,2125.0,156.37,4093.63,30,1487.5
653,388,904,1,1779.5,172.6,1606.9,10,1601.55
654,389,1024,2,2654.56,252.86,5056.26,0,2654.56
655,389,1576,2,2033.33,299.73,3766.93,10,1829.997
656,389,489,2,758.34,24.8,1491.88,0,758.34
657,389,977,2,1685.73,400.0,2971.46,30,1180.011
658,389,377,1,53405.16,4907.59,48497.57,20,42724.128
659,390,805,1,1899.4,232.44,1666.96,30,1329.58
660,390,1180,1,35748.61,3338.23,32410.38,10,32173.749
661,391,464,1,92357.26,8605.28,83751.98,0,92357.26
662,392,1522,1,1156.68,0.0,1156.68,10,1041.0120000000002
663,393,1276,1,5685.06,0.0,5685.06,10,5116.554
664,394,113,2,870.54,139.69,1601.39,20,696.432
665,395,203,1,543.78,21.25,522.53,10,489.402
666,396,989,1,673.12,63.56,609.56,30,471.184
667,396,242,1,1239.27,136.47,1102.8,20,991.416
668,396,1566,1,2317.3,14.89,2302.41,30,1622.11
669,396,115,2,362.06,65.14,658.98,0,362.06
670,396,1237,1,94515.4,3416.16,91099.24,10,85063.86
671,397,1411,1,114539.75,3634.74,110905.01,10,103085.775
672,397,1002,1,67301.61,6297.25,61004.36,0,67301.61
673,397,1341,1,36074.93,3310.02,32764.91,0,36074.93
674,398,1196,3,4357.76,0.0,13073.28,0,4357.76
675,399,1386,1,932.68,0.0,932.68,0,932.68
676,399,1337,1,618.42,0.0,618.42,0,618.42
677,400,1598,3,3087.47,185.04,9077.37,0,3087.47
678,400,913,1,1299.34,62.81,1236.53,10,1169.406
679,401,1389,1,2657.25,212.97,2444.28,0,2657.25
680,402,1153,1,145864.75,21292.29,124572.46,30,102105.325
681,402,266,2,2692.51,58.18,5326.84,30,1884.757
682,403,910,1,112070.62,5244.41,106826.21,20,89656.496
683,403,177,1,1395.34,51.43,1343.91,0,1395.34
684,403,408,1,1535.98,35.2,1500.78,10,1382.382
685,403,999,3,3833.28,951.31,10548.53,30,2683.296
686,403,907,2,1423.0,395.62,2450.38,20,1138.4
687,404,1003,1,3138.55,0.0,3138.55,20,2510.84
688,405,1049,1,26000.8,2626.73,23374.07,10,23400.72
689,406,666,1,996.62,0.0,996.62,20,797.296
690,406,268,1,112481.7,0.0,112481.7,10,101233.53
691,407,1409,1,4364.77,0.0,4364.77,30,3055.339
692,408,279,1,41417.49,0.0,41417.49,10,37275.741
693,409,1315,2,1184.81,0.0,2369.62,20,947.848
694,409,955,1,3121.71,0.0,3121.71,0,3121.71
695,410,1459,1,3227.95,254.09,2973.86,10,2905.155
696,410,1381,2,41371.29,6172.36,76570.22,20,33097.032
697,410,1304,1,940.86,58.38,882.48,20,752.6880000000001
698,410,69,1,2387.51,228.57,2158.94,10,2148.7590000000005
699,411,1361,1,4756.92,525.45,4231.47,0,4756.92
700,412,1380,1,42520.46,3852.82,38667.64,10,38268.414
701,413,1372,2,5456.54,1024.51,9888.57,0,5456.54
702,414,466,1,92637.16,13552.89,79084.27,0,92637.16
703,415,825,1,25418.66,2674.41,22744.25,20,20334.928
704,416,82,1,2097.58,10.84,2086.74,0,2097.58
705,417,823,1,24569.14,1611.48,22957.66,20,19655.312
706,417,369,1,124766.67,4063.81,120702.86,0,124766.67
707,417,356,1,5467.85,334.4,5133.45,0,5467.85
708,417,617,1,3079.68,409.28,2670.4,30,2155.776
709,417,1313,1,1131.03,142.43,988.6,30,791.7209999999999
710,418,1498,1,2948.83,253.75,2695.08,0,2948.83
711,418,910,1,112070.62,6587.27,105483.35,10,100863.558
712,418,727,1,12540.84,48.29,12492.55,30,8778.588
713,419,1154,1,77226.75,9278.85,67947.9,20,61781.4
714,419,1342,2,2246.14,374.81,4117.47,0,2246.14
715,419,907,1,1423.0,98.48,1324.52,10,1280.7
716,419,1343,1,1805.81,122.46,1683.35,0,1805.81
717,419,623,2,4342.57,355.05,8330.09,20,3474.056
718,420,1013,1,2832.66,73.86,2758.8,20,2266.128
719,421,1501,1,31743.02,3634.98,28108.04,30,22220.114
720,421,1449,1,1798.6,267.5,1531.1,10,1618.74
721,421,817,1,2091.51,130.34,1961.17,10,1882.359
722,422,846,1,3823.36,0.0,3823.36,30,2676.352
723,422,1034,2,32492.4,0.0,64984.8,30,22744.68
724,422,217,1,39439.67,0.0,39439.67,10,35495.703
725,422,1211,2,3864.77,0.0,7729.54,10,3478.293
726,422,1327,1,26530.9,0.0,26530.9,30,18571.63
727,423,685,1,2479.15,0.0,2479.15,30,1735.405
728,423,128,1,2134.53,0.0,2134.53,0,2134.53
729,424,1396,1,4528.45,593.45,3935.0,0,4528.45
730,424,1119,1,7175.29,15.0,7160.29,0,7175.29
731,425,231,2,3736.97,1026.49,6447.45,20,2989.576
732,426,118,1,29857.44,0.0,29857.44,10,26871.696
733,427,80,1,5102.56,191.86,4910.7,0,5102.56
734,427,1135,1,22063.27,1053.28,21009.99,10,19856.943
735,428,38,2,175329.35,8887.33,341771.37,20,140263.48
736,429,134,1,11908.53,405.2,11503.33,30,8335.971
737,430,1584,1,750.13,62.32,687.81,30,525.091
738,431,991,1,6557.76,562.21,5995.55,30,4590.432
739,432,1475,1,57952.35,7590.88,50361.47,10,52157.115
740,433,47,1,4499.83,8.17,4491.66,30,3149.881
741,434,471,1,1279.56,82.33,1197.23,0,1279.56
742,434,343,1,62248.1,2457.18,59790.92,30,43573.67
743,435,444,2,3621.4,300.89,6941.91,20,2897.1200000000003
744,436,663,1,4145.53,398.11,3747.42,30,2901.871
745,437,1356,1,19747.45,196.59,19550.86,0,19747.45
746,438,770,2,86438.74,0.0,172877.48,0,86438.74
747,438,46,1,4876.53,0.0,4876.53,10,4388.877
748,439,1187,2,175626.18,27391.48,323860.88,30,122938.326
749,439,1421,1,343.43,7.17,336.26,30,240.401
750,440,1204,1,122881.84,0.0,122881.84,30,86017.28799999999
751,441,66,1,2441.02,0.0,2441.02,30,1708.714
752,442,853,1,2122.25,0.0,2122.25,10,1910.025
753,443,1152,1,1784.61,193.37,1591.24,10,1606.149
754,444,1101,2,2240.73,156.95,4324.51,0,2240.73
755,445,194,1,2698.45,80.51,2617.94,30,1888.915
756,446,229,1,3924.91,194.04,3730.87,20,3139.928
757,447,1504,1,1103.31,43.99,1059.32,10,992.979
758,448,650,2,17350.56,4108.34,30592.78,30,12145.392
759,449,445,1,550.01,0.0,550.01,0,550.01
760,449,1351,1,1256.09,0.0,1256.09,20,1004.872
761,449,918,1,3505.07,0.0,3505.07,30,2453.549
762,450,1158,3,973.98,0.0,2921.94,20,779.1840000000001
763,451,1544,1,5232.67,0.0,5232.67,30,3662.869
764,451,981,1,999.21,0.0,999.21,20,799.368
765,452,710,1,32724.34,0.0,32724.34,30,22907.038
766,453,1056,1,2409.82,0.0,2409.82,0,2409.82
767,454,731,1,3899.67,0.0,3899.67,30,2729.769
768,454,1048,2,71604.88,0.0,143209.76,20,57283.90400000001
769,454,992,2,768.3,0.0,1536.6,20,614.64
770,454,414,1,6207.38,0.0,6207.38,20,4965.904
771,454,320,3,1023.82,0.0,3071.46,10,921.438
772,455,357,1,94442.75,12539.61,81903.14,0,94442.75
773,456,357,1,94442.75,0.0,94442.75,0,94442.75
774,457,391,2,134.99,8.8,261.18,30,94.493
775,457,24,1,143987.71,1351.98,142635.73,10,129588.939
776,458,634,1,128711.83,16078.97,112632.86,20,102969.464
777,459,890,1,930.52,87.34,843.18,30,651.3639999999999
778,459,1149,1,99668.46,7256.21,92412.25,20,79734.76800000001
779,459,1353,1,2813.37,169.5,2643.87,10,2532.033
780,460,1459,2,3227.95,0.0,6455.9,20,2582.36
781,461,869,3,1297.86,115.91,3777.67,30,908.5019999999998
782,462,1575,2,1239.06,350.53,2127.59,0,1239.06
783,462,1219,2,1611.72,228.47,2994.97,30,1128.204
784,463,337,1,4173.88,571.11,3602.77,20,3339.1040000000003
785,464,991,1,6557.76,431.83,6125.93,20,5246.2080000000005
786,465,870,1,2862.61,297.98,2564.63,10,2576.349
787,465,549,1,36173.12,4534.52,31638.6,0,36173.12
788,466,1294,1,31639.3,3320.62,28318.68,20,25311.44
789,466,1295,1,4110.18,177.87,3932.31,10,3699.162
790,467,379,1,231.54,10.46,221.08,30,162.07799999999995
791,468,1161,1,165567.2,11928.94,153638.26,10,149010.48
792,469,383,1,1151.25,0.0,1151.25,0,1151.25
793,469,1157,2,4990.11,0.0,9980.22,10,4491.099
794,470,729,2,68134.25,0.0,136268.5,0,68134.25
795,470,872,1,369.78,0.0,369.78,20,295.824
796,470,1292,1,848.45,0.0,848.45,0,848.45
797,471,802,1,2548.8,0.0,2548.8,30,1784.16
798,472,305,1,3492.14,0.0,3492.14,10,3142.926
799,472,624,2,2799.12,0.0,5598.24,10,2519.208
800,473,536,1,2418.45,275.32,2143.13,20,1934.76
801,474,889,1,3143.04,0.0,3143.04,20,2514.432
802,474,144,1,2699.16,0.0,2699.16,10,2429.244
803,475,644,1,2644.87,349.13,2295.74,20,2115.896
804,476,1375,1,3435.74,0.0,3435.74,0,3435.74
805,477,482,1,7050.68,0.0,7050.68,10,6345.612
806,477,1129,1,42340.3,0.0,42340.3,30,29638.21
807,477,826,1,1971.53,0.0,1971.53,10,1774.377
808,477,750,1,4599.92,0.0,4599.92,30,3219.944
809,478,1409,1,4364.77,345.23,4019.54,20,3491.8160000000007
810,479,383,2,1151.25,180.61,2121.89,20,921.0
811,480,1068,1,2832.17,0.0,2832.17,10,2548.953
812,481,293,1,40759.07,0.0,40759.07,30,28531.349
813,481,758,1,122743.75,0.0,122743.75,20,98195.0
814,482,1320,1,44898.72,1901.15,42997.57,10,40408.848000000005
815,483,421,1,468.23,28.28,439.95,10,421.407
816,483,215,1,8966.72,830.23,8136.49,30,6276.703999999999
817,484,888,1,3404.87,317.93,3086.94,20,2723.896
818,484,1083,1,384.05,23.24,360.81,0,384.05
819,485,1254,2,93864.59,22151.25,165577.93,10,84478.131
820,486,568,1,163028.84,11384.81,151644.03,10,146725.956
821,486,137,1,1739.85,79.48,1660.37,10,1565.865
822,486,1212,1,157753.88,5989.53,151764.35,0,157753.88
823,486,1387,1,859.88,9.29,850.59,20,687.904
824,487,954,1,9901.09,0.0,9901.09,0,9901.09
825,488,159,1,332.72,0.0,332.72,10,299.44800000000004
826,488,1089,1,76783.54,0.0,76783.54,20,61426.832
827,488,869,3,1297.86,0.0,3893.58,30,908.5019999999998
828,488,1099,1,28507.26,0.0,28507.26,20,22805.808
829,489,1077,1,40938.16,0.0,40938.16,0,40938.16
830,489,185,2,987.57,0.0,1975.14,20,790.056
831,490,800,2,308.13,67.01,549.25,30,215.691
832,490,366,1,1689.79,14.51,1675.28,20,1351.832
833,491,469,1,1668.67,184.47,1484.2,20,1334.936
834,491,1295,1,4110.18,121.19,3988.99,0,4110.18
835,492,784,1,2840.63,404.75,2435.88,10,2556.567
836,493,201,1,1291.43,158.29,1133.14,0,1291.43
837,494,374,2,3079.52,0.0,6159.04,20,2463.616
838,495,1477,1,1834.8,0.0,1834.8,30,1284.36
839,496,1054,2,1342.53,234.24,2450.82,20,1074.024
840,496,731,2,3899.67,17.28,7782.06,20,3119.7360000000003
841,497,1500,1,3078.22,375.63,2702.59,30,2154.754
842,498,1589,1,103645.76,0.0,103645.76,0,103645.76
843,499,1560,2,77206.12,15987.47,138424.77,30,54044.28399999999
844,499,991,3,6557.76,1596.38,18076.9,0,6557.76
845,500,37,1,1893.59,216.65,1676.94,30,1325.513
846,500,350,1,667.72,21.42,646.3,10,600.9480000000001
847,501,1533,1,2523.95,161.68,2362.27,10,2271.555
848,502,1494,1,18167.06,1643.73,16523.33,30,12716.942
849,503,608,1,39712.41,3065.77,36646.64,30,27798.687
850,503,1165,1,452.74,59.18,393.56,30,316.918
851,503,623,1,4342.57,462.18,3880.39,30,3039.7989999999995
852,503,1206,1,2044.94,134.13,1910.81,20,1635.9520000000002
853,503,203,1,543.78,50.79,492.99,20,435.024
854,504,7,1,2327.69,0.0,2327.69,0,2327.69
855,505,1020,1,1546.51,18.54,1527.97,10,1391.859
856,506,374,1,3079.52,0.0,3079.52,10,2771.568
857,506,984,1,79210.58,0.0,79210.58,20,63368.46400000001
858,506,592,1,1067.91,0.0,1067.91,10,961.119
859,506,848,1,2664.89,0.0,2664.89,0,2664.89
860,506,601,1,131194.89,0.0,131194.89,10,118075.401
861,507,371,1,8486.38,0.0,8486.38,0,8486.38
862,507,294,3,41961.75,0.0,125885.25,0,41961.75
863,508,47,2,4499.83,0.0,8999.66,30,3149.881
864,509,342,1,4315.91,0.0,4315.91,20,3452.728
865,510,482,1,7050.68,988.64,6062.04,0,7050.68
866,511,923,1,79445.58,8655.74,70789.84,30,55611.906
867,512,843,1,1184.98,98.41,1086.57,0,1184.98
868,512,787,1,2387.75,329.77,2057.98,10,2148.975
869,512,930,2,225.23,28.38,422.08,30,157.66099999999997
870,512,656,1,1650.33,98.29,1552.04,30,1155.2309999999998
871,512,1272,1,126747.72,17453.09,109294.63,30,88723.404
872,513,353,1,2714.1,0.0,2714.1,10,2442.69
873,514,1569,2,109637.89,0.0,219275.78,20,87710.312
874,515,594,1,1492.9,0.0,1492.9,30,1045.03
875,516,54,1,86418.7,6454.66,79964.04,30,60493.09
876,517,419,1,4089.03,583.72,3505.31,20,3271.224
877,518,96,1,2121.52,0.0,2121.52,20,1697.216
878,518,1100,1,7209.62,0.0,7209.62,30,5046.734
879,519,762,1,1588.39,0.0,1588.39,10,1429.5510000000002
880,520,540,1,107051.36,10361.97,96689.39,0,107051.36
881,521,1234,1,108776.14,6151.63,102624.51,30,76143.298
882,522,64,1,27489.86,0.0,27489.86,10,24740.874
883,523,1249,1,2813.36,346.69,2466.67,10,2532.0240000000003
884,523,731,1,3899.67,479.22,3420.45,20,3119.7360000000003
885,524,616,2,120778.74,5572.26,235985.22,30,84545.118
886,524,221,1,1862.88,166.98,1695.9,20,1490.304
887,525,1556,1,53821.39,5045.87,48775.52,0,53821.39
888,526,559,1,7185.86,900.26,6285.6,30,5030.102
889,527,809,1,36231.4,0.0,36231.4,30,25361.98
890,528,702,1,2389.45,314.29,2075.16,30,1672.6149999999998
891,529,381,1,1083.08,0.0,1083.08,20,866.4639999999999
892,529,1524,1,4935.26,0.0,4935.26,20,3948.208000000001
893,530,348,1,162.1,1.99,160.11,30,113.46999999999998
894,531,474,3,2113.22,0.0,6339.66,30,1479.2539999999997
895,531,1160,1,3385.71,0.0,3385.71,20,2708.568
896,531,1564,2,87286.27,0.0,174572.54,10,78557.64300000001
897,531,153,1,39307.26,0.0,39307.26,10,35376.534
898,532,876,1,99791.13,0.0,99791.13,30,69853.791
899,532,77,1,375.9,0.0,375.9,30,263.13
900,533,949,1,2388.11,350.77,2037.34,0,2388.11
901,533,616,1,120778.74,10959.31,109819.43,30,84545.118
902,534,1407,1,43168.92,0.0,43168.92,0,43168.92
903,534,1414,2,605.84,0.0,1211.68,30,424.088
904,535,877,1,1082.87,61.23,1021.64,10,974.583
905,536,621,1,2134.64,142.43,1992.21,0,2134.64
906,537,1286,2,41910.79,8683.49,75138.09,20,33528.632000000005
907,538,736,2,784.34,1.4,1567.28,10,705.9060000000001
908,539,618,1,3480.15,0.0,3480.15,30,2436.105
909,540,920,1,44354.36,3725.14,40629.22,0,44354.36
910,541,696,1,74127.77,0.0,74127.77,0,74127.77
911,542,928,1,2851.06,0.0,2851.06,30,1995.742
912,543,1033,3,6964.85,0.0,20894.55,20,5571.880000000001
913,544,865,1,22469.84,206.18,22263.66,10,20222.856
914,544,692,1,2423.69,80.26,2343.43,10,2181.321
915,544,18,1,219.13,18.02,201.11,10,197.217
916,544,496,1,28606.14,4085.1,24521.04,10,25745.526
917,545,1436,1,415.76,0.0,415.76,10,374.184
918,546,116,1,2413.81,0.0,2413.81,20,1931.048
919,547,815,3,30194.05,0.0,90582.15,0,30194.05
920,547,1385,1,22894.15,0.0,22894.15,30,16025.905
921,548,178,1,145568.91,3950.54,141618.37,20,116455.128
922,549,673,1,94567.66,0.0,94567.66,10,85110.894
923,549,403,1,170966.64,0.0,170966.64,10,153869.97600000002
924,549,765,1,4477.1,0.0,4477.1,0,4477.1
925,549,153,1,39307.26,0.0,39307.26,0,39307.26
926,550,916,1,433.67,0.0,433.67,30,303.569
927,551,1328,3,2127.08,721.77,5659.47,30,1488.956
928,552,649,1,975.94,0.0,975.94,30,683.158
929,553,1324,1,70919.44,76.99,70842.45,30,49643.608
930,553,84,1,2164.95,109.36,2055.59,10,1948.455
931,554,775,2,1623.11,250.67,2995.55,0,1623.11
932,555,1214,1,84155.3,8581.33,75573.97,20,67324.24
933,555,485,1,5877.6,403.36,5474.24,10,5289.84
934,556,319,1,6678.03,453.34,6224.69,30,4674.620999999999
935,556,423,1,2704.23,188.54,2515.69,30,1892.961
936,557,362,1,122309.51,0.0,122309.51,0,122309.51
937,558,225,1,1280.27,91.63,1188.64,0,1280.27
938,559,163,1,44768.27,5569.39,39198.88,30,31337.789
939,559,1471,1,3182.48,104.68,3077.8,30,2227.736
940,560,1440,1,357.51,32.03,325.48,10,321.759
941,560,1161,1,165567.2,14660.11,150907.09,0,165567.2
942,561,4,1,121078.87,10050.93,111027.94,20,96863.096
943,562,1294,1,31639.3,1252.15,30387.15,10,28475.37
944,563,511,3,621.58,183.71,1681.03,10,559.422
945,563,1579,3,2698.3,961.94,7132.96,10,2428.4700000000003
946,564,703,1,2132.29,209.4,1922.89,20,1705.832
947,565,1367,2,1115.97,0.0,2231.94,30,781.179
948,566,283,1,4572.45,0.0,4572.45,0,4572.45
949,567,1054,1,1342.53,0.0,1342.53,10,1208.277
950,568,500,1,4108.13,405.35,3702.78,20,3286.5040000000004
951,569,1263,2,5431.26,0.0,10862.52,10,4888.134
952,569,541,1,43654.41,0.0,43654.41,30,30558.087
953,570,966,1,411.04,0.0,411.04,0,411.04
954,571,1284,1,102271.11,5182.84,97088.27,30,71589.777
955,571,1222,1,5286.96,135.4,5151.56,0,5286.96
956,571,1595,2,18497.48,2181.52,34813.44,10,16647.732
957,571,290,1,32947.49,1486.32,31461.17,20,26357.992
958,572,1316,1,343.7,0.0,343.7,0,343.7
959,573,542,1,62378.47,0.0,62378.47,30,43664.929
960,574,40,1,29011.05,0.0,29011.05,30,20307.735
961,575,1224,2,3160.05,545.9,5774.2,10,2844.045
962,576,1555,1,2372.47,43.52,2328.95,0,2372.47
963,576,925,1,405.11,56.42,348.69,30,283.577
964,577,271,1,9634.51,0.0,9634.51,20,7707.608
965,577,1228,1,8753.11,0.0,8753.11,0,8753.11
966,578,1267,1,2049.76,140.29,1909.47,10,1844.7840000000003
967,578,1245,1,40671.19,2703.52,37967.67,0,40671.19
968,578,990,2,79255.34,7171.39,151339.29,0,79255.34
969,579,1403,1,2570.65,345.76,2224.89,20,2056.52
970,580,1588,1,3756.94,142.04,3614.9,10,3381.246
971,581,1350,1,1796.88,155.19,1641.69,30,1257.816
972,582,836,1,2325.57,0.0,2325.57,20,1860.456
973,582,99,1,2052.78,0.0,2052.78,10,1847.502
974,583,1181,1,3639.55,28.41,3611.14,30,2547.685
975,583,410,1,3297.12,4.75,3292.37,30,2307.984
976,584,333,2,71887.84,7094.24,136681.44,10,64699.056
977,584,833,1,3282.57,40.01,3242.56,10,2954.313
978,584,846,1,3823.36,545.07,3278.29,20,3058.688
979,584,1439,1,8502.05,946.8,7555.25,20,6801.639999999999
980,584,1494,1,18167.06,506.67,17660.39,30,12716.942
981,585,114,1,46974.46,3288.17,43686.29,10,42277.014
982,586,1557,1,4550.75,124.41,4426.34,0,4550.75
983,586,20,1,21536.92,2328.3,19208.62,10,19383.228
984,586,727,2,12540.84,1173.92,23907.76,30,8778.588
985,587,1167,1,3045.6,0.0,3045.6,20,2436.48
986,588,830,1,37463.22,0.0,37463.22,20,29970.576
987,588,467,2,34229.7,0.0,68459.4,0,34229.7
988,588,331,1,24483.71,0.0,24483.71,20,19586.968
989,588,204,3,443.43,0.0,1330.29,0,443.43
990,589,635,2,3970.58,385.59,7555.57,0,3970.58
991,589,836,1,2325.57,211.03,2114.54,30,1627.899
992,589,114,1,46974.46,1830.02,45144.44,0,46974.46
993,589,365,1,4019.88,49.76,3970.12,30,2813.916
994,589,745,2,64361.62,11770.82,116952.42,10,57925.458000000006
995,590,1175,1,1647.24,234.18,1413.06,20,1317.792
996,591,825,1,25418.66,0.0,25418.66,30,17793.061999999998
997,592,148,1,60801.41,8027.81,52773.6,0,60801.41
998,592,570,1,21654.56,1038.87,20615.69,10,19489.104000000003
999,593,265,1,1326.78,0.0,1326.78,30,928.746
1000,594,4,1,121078.87,10497.9,110580.97,0,121078.87
1001,595,148,1,60801.41,0.0,60801.41,20,48641.128
1002,596,993,1,17976.7,2295.03,15681.67,10,16179.03
1003,596,622,1,135527.88,18729.7,116798.18,30,94869.516
1004,596,1347,3,1641.29,586.85,4337.02,0,1641.29
1005,596,451,3,767.82,324.39,1979.07,0,767.82
1006,596,347,1,38655.66,4790.05,33865.61,30,27058.962
1007,597,718,1,7664.54,0.0,7664.54,10,6898.086
1008,597,1413,1,3338.33,0.0,3338.33,0,3338.33
1009,598,567,3,3731.6,79.9,11114.9,0,3731.6
1010,599,1278,1,110118.08,3771.58,106346.5,10,99106.272
1011,599,782,1,32396.84,200.97,32195.87,20,25917.472
1012,599,691,1,1776.03,10.86,1765.17,30,1243.221
1013,600,1021,1,77339.97,0.0,77339.97,0,77339.97
1014,601,1216,1,82298.09,0.0,82298.09,20,65838.472
1015,602,175,1,579.09,61.6,517.49,0,579.09
1016,603,928,1,2851.06,0.0,2851.06,0,2851.06
1017,603,537,1,127206.42,0.0,127206.42,10,114485.778
1018,603,1427,1,1223.85,0.0,1223.85,30,856.6949999999999
1019,604,614,1,1468.78,0.0,1468.78,30,1028.146
1020,605,525,2,2675.87,0.0,5351.74,20,2140.696
1021,605,1571,1,365.21,0.0,365.21,20,292.168
1022,605,1326,2,1936.13,0.0,3872.26,10,1742.517
1023,606,1136,1,11889.97,1538.88,10351.09,10,10700.973
1024,607,428,1,13300.7,1933.69,11367.01,30,9310.49
1025,608,836,3,2325.57,0.0,6976.71,30,1627.899
1026,608,791,1,1322.37,0.0,1322.37,10,1190.133
1027,608,390,2,48086.5,0.0,96173.0,0,48086.5
1028,608,102,1,47452.25,0.0,47452.25,20,37961.8
1029,608,1594,1,1943.32,0.0,1943.32,20,1554.656
1030,609,818,2,1924.73,551.65,3297.81,20,1539.784
1031,609,803,1,3375.08,18.88,3356.2,10,3037.572
1032,610,247,1,2539.27,0.0,2539.27,0,2539.27
1033,610,648,1,44986.01,0.0,44986.01,20,35988.808000000005
1034,611,38,1,175329.35,0.0,175329.35,20,140263.48
1035,612,572,2,2920.51,340.11,5500.91,30,2044.357
1036,612,447,1,2160.35,167.29,1993.06,30,1512.245
1037,613,93,1,26807.56,0.0,26807.56,30,18765.292
1038,614,186,1,118273.99,0.0,118273.99,30,82791.793
1039,615,1133,2,750.52,0.0,1501.04,0,750.52
1040,616,1557,1,4550.75,0.0,4550.75,20,3640.6
1041,616,529,2,2902.91,0.0,5805.82,20,2322.328
1042,617,1560,1,77206.12,0.0,77206.12,20,61764.896
1043,618,869,2,1297.86,357.77,2237.95,30,908.5019999999998
1044,619,341,2,48560.82,0.0,97121.64,0,48560.82
1045,619,1293,1,1046.89,0.0,1046.89,10,942.201
1046,620,210,1,1699.58,0.0,1699.58,0,1699.58
1047,621,216,1,3406.16,232.11,3174.05,0,3406.16
1048,622,1056,1,2409.82,205.87,2203.95,0,2409.82
1049,623,48,2,29841.27,420.01,59262.53,0,29841.27
1050,623,350,1,667.72,64.5,603.22,0,667.72
1051,624,848,1,2664.89,0.0,2664.89,0,2664.89
1052,624,534,1,1012.79,0.0,1012.79,10,911.511
1053,624,445,1,550.01,0.0,550.01,30,385.007
1054,624,477,1,1565.23,0.0,1565.23,10,1408.707
1055,625,298,1,54274.29,2484.53,51789.76,20,43419.432
1056,625,1393,1,36343.46,1355.91,34987.55,10,32709.114
1057,626,536,1,2418.45,337.1,2081.35,10,2176.605
1058,627,179,1,71832.87,0.0,71832.87,30,50283.00899999999
1059,628,1148,2,35366.0,847.93,69884.07,10,31829.4
1060,628,1498,1,2948.83,250.33,2698.5,0,2948.83
1061,629,421,1,468.23,51.66,416.57,30,327.761
1062,630,1214,1,84155.3,0.0,84155.3,20,67324.24
1063,631,1162,1,5062.81,306.81,4756.0,30,3543.967
1064,632,467,1,34229.7,0.0,34229.7,10,30806.73
1065,632,168,1,24098.28,0.0,24098.28,30,16868.796
1066,632,374,1,3079.52,0.0,3079.52,20,2463.616
1067,633,1058,1,1092.55,154.88,937.67,30,764.785
1068,634,744,1,2778.95,416.65,2362.3,10,2501.055
1069,635,1594,1,1943.32,283.56,1659.76,10,1748.988
1070,636,347,1,38655.66,4802.37,33853.29,20,30924.52800000001
1071,637,716,1,710.73,0.0,710.73,30,497.511
1072,638,630,1,646.69,0.0,646.69,0,646.69
1073,638,1044,1,9021.21,0.0,9021.21,30,6314.846999999999
1074,638,1541,1,22410.21,0.0,22410.21,10,20169.189
1075,638,396,1,2865.73,0.0,2865.73,10,2579.157
1076,639,1184,1,1670.78,112.52,1558.26,30,1169.5459999999998
1077,639,109,1,1838.39,274.77,1563.62,30,1286.873
1078,640,1223,1,11259.67,56.06,11203.61,30,7881.768999999999
1079,641,64,1,27489.86,0.0,27489.86,0,27489.86
1080,641,249,2,2119.28,0.0,4238.56,0,2119.28
1081,642,309,1,47983.47,276.78,47706.69,0,47983.47
1082,642,741,1,2631.03,278.15,2352.88,0,2631.03
1083,643,324,1,112608.37,8890.45,103717.92,10,101347.533
1084,644,1162,1,5062.81,0.0,5062.81,30,3543.967
1085,645,567,2,3731.6,545.86,6917.34,30,2612.12
1086,646,160,1,589.97,31.61,558.36,0,589.97
1087,646,1194,1,1471.98,121.48,1350.5,30,1030.386
1088,646,1307,1,2847.02,147.8,2699.22,10,2562.318
1089,647,607,1,3784.6,388.49,3396.11,30,2649.22
1090,648,610,1,1489.26,99.19,1390.07,20,1191.408
1091,649,1367,1,1115.97,0.0,1115.97,10,1004.373
1092,650,348,1,162.1,8.13,153.97,10,145.89
1093,651,1490,1,516.42,0.0,516.42,30,361.494
1094,652,1365,1,75380.11,1831.27,73548.84,10,67842.099
1095,652,41,1,990.24,14.89,975.35,30,693.168
1096,653,815,1,30194.05,3240.07,26953.98,30,21135.835
1097,654,1093,3,20431.66,0.0,61294.98,30,14302.161999999998
1098,654,1308,1,1123.17,0.0,1123.17,10,1010.853
1099,655,930,1,225.23,31.07,194.16,20,180.184
1100,655,726,1,117534.69,5098.33,112436.36,20,94027.752
1101,655,1517,1,3093.55,309.8,2783.75,10,2784.195
1102,655,526,1,69280.39,7678.57,61601.82,20,55424.312000000005
1103,656,1002,1,67301.61,5994.21,61307.4,10,60571.449
1104,656,920,2,44354.36,947.38,87761.34,30,31048.052
1105,657,589,1,2374.59,0.0,2374.59,20,1899.6720000000005
1106,658,750,1,4599.92,0.98,4598.94,30,3219.944
1107,658,74,1,2354.49,1.09,2353.4,0,2354.49
1108,659,1491,2,2236.47,0.0,4472.94,0,2236.47
1109,659,1527,2,6369.71,0.0,12739.42,30,4458.797
1110,660,305,1,3492.14,0.0,3492.14,10,3142.926
1111,661,1434,1,758.95,106.32,652.63,20,607.1600000000001
1112,661,94,1,43997.06,6093.2,37903.86,0,43997.06
1113,661,293,1,40759.07,3596.09,37162.98,20,32607.256
1114,662,409,1,1326.94,21.33,1305.61,20,1061.552
1115,662,234,1,47459.41,2278.9,45180.51,20,37967.528000000006
1116,663,1557,2,4550.75,159.63,8941.87,20,3640.6
1117,663,38,1,175329.35,9206.43,166122.92,0,175329.35
1118,663,759,1,2014.33,234.78,1779.55,0,2014.33
1119,663,336,1,31831.67,4394.78,27436.89,10,28648.503
1120,664,874,1,331.29,0.0,331.29,10,298.161
1121,665,37,1,1893.59,0.0,1893.59,30,1325.513
1122,665,1265,1,753.76,0.0,753.76,10,678.384
1123,666,1396,1,4528.45,216.58,4311.87,30,3169.9149999999995
1124,666,102,3,47452.25,20291.84,122064.91,30,33216.575
1125,666,487,1,30451.12,1176.13,29274.99,10,27406.008
1126,666,402,1,1513.62,173.03,1340.59,0,1513.62
1127,666,1027,3,37556.23,7922.81,104745.88,30,26289.361
1128,667,550,1,2021.43,150.86,1870.57,20,1617.1440000000002
1129,667,607,1,3784.6,371.6,3413.0,0,3784.6
1130,667,1133,2,750.52,97.85,1403.19,30,525.3639999999999
1131,667,1078,1,2235.87,61.6,2174.27,0,2235.87
1132,668,410,1,3297.12,445.81,2851.31,20,2637.696
1133,668,1152,1,1784.61,42.82,1741.79,20,1427.688
1134,669,9,2,36017.37,787.99,71246.75,20,28813.896000000004
1135,670,531,1,58790.28,1393.15,57397.13,0,58790.28
1136,671,159,1,332.72,23.03,309.69,0,332.72
1137,672,1469,1,3359.54,0.0,3359.54,20,2687.632
1138,673,1130,1,96459.24,8124.4,88334.84,20,77167.392
1139,674,257,1,3692.66,71.0,3621.66,10,3323.394
1140,674,434,1,3512.59,323.53,3189.06,0,3512.59
1141,674,896,2,1901.81,389.54,3414.08,30,1331.2669999999998
1142,674,1442,3,547.89,245.63,1398.04,20,438.312
1143,674,1127,1,4770.92,310.17,4460.75,20,3816.736
1144,675,1570,1,40567.16,0.0,40567.16,20,32453.728000000003
1145,676,308,2,93084.78,17095.35,169074.21,10,83776.302
1146,676,385,1,1018.09,15.23,1002.86,20,814.4720000000001
1147,677,21,1,417.88,9.8,408.08,20,334.30400000000003
1148,677,1357,3,30982.51,11547.57,81399.96,0,30982.51
1149,678,994,2,526.86,0.0,1053.72,0,526.86
1150,678,860,1,3024.94,0.0,3024.94,20,2419.952
1151,679,1427,1,1223.85,0.0,1223.85,10,1101.465
1152,680,1044,1,9021.21,230.97,8790.24,30,6314.846999999999
1153,680,993,1,17976.7,1144.39,16832.31,10,16179.03
1154,680,1430,1,1397.61,181.02,1216.59,0,1397.61
1155,680,1334,3,1811.5,805.7,4628.8,20,1449.2
1156,680,1475,1,57952.35,5973.08,51979.27,30,40566.645
1157,681,1599,1,4254.12,267.14,3986.98,30,2977.884
1158,681,40,2,29011.05,3387.82,54634.28,30,20307.735
1159,681,1508,1,2634.42,233.05,2401.37,30,1844.094
1160,682,1011,1,105248.63,0.0,105248.63,20,84198.90400000001
1161,682,980,1,1563.36,0.0,1563.36,0,1563.36
1162,682,427,1,51715.55,0.0,51715.55,30,36200.885
1163,683,1584,3,750.13,74.17,2176.22,0,750.13
1164,683,717,1,30043.14,1820.78,28222.36,20,24034.512
1165,684,140,1,2580.55,0.0,2580.55,30,1806.385
1166,685,348,1,162.1,0.0,162.1,0,162.1
1167,685,782,1,32396.84,0.0,32396.84,0,32396.84
1168,686,1271,1,414.51,58.73,355.78,10,373.059
1169,687,1016,2,36631.13,5065.95,68196.31,30,25641.791
1170,688,684,2,2183.03,369.43,3996.63,10,1964.7270000000003
1171,688,1034,1,32492.4,4803.46,27688.94,20,25993.92
1172,689,11,1,23533.14,0.0,23533.14,30,16473.198
1173,689,120,1,127274.2,0.0,127274.2,0,127274.2
1174,689,708,2,71148.88,0.0,142297.76,10,64033.992000000006
1175,689,1233,1,3456.57,0.0,3456.57,10,3110.913
1176,690,451,1,767.82,68.76,699.06,30,537.474
1177,691,1563,1,30864.11,3603.64,27260.47,30,21604.877
1178,692,1114,1,1971.55,63.73,1907.82,0,1971.55
1179,693,659,2,70554.19,16785.87,124322.51,10,63498.771
1180,693,654,1,1894.03,219.42,1674.61,10,1704.627
1181,694,1207,1,144.94,0.0,144.94,20,115.952
1182,695,988,3,2273.35,0.0,6820.05,0,2273.35
1183,695,93,1,26807.56,0.0,26807.56,30,18765.292
1184,696,415,1,663.18,59.97,603.21,10,596.862
1185,697,924,1,3898.29,0.0,3898.29,30,2728.803
1186,697,73,1,3258.39,0.0,3258.39,30,2280.873
1187,698,737,1,25069.29,2959.08,22110.21,10,22562.361
1188,698,1193,1,7680.86,161.26,7519.6,10,6912.773999999999
1189,699,913,1,1299.34,0.0,1299.34,20,1039.472
1190,699,503,1,44508.15,0.0,44508.15,20,35606.520000000004
1191,700,607,2,3784.6,0.0,7569.2,30,2649.22
1192,700,1549,2,1129.63,0.0,2259.26,30,790.741
1193,700,875,1,28152.68,0.0,28152.68,20,22522.144
1194,700,1173,1,33473.5,0.0,33473.5,10,30126.15
1195,701,1,1,3822.34,0.0,3822.34,10,3440.106
1196,701,1445,1,1339.23,0.0,1339.23,30,937.461
1197,702,570,1,21654.56,2525.51,19129.05,0,21654.56
1198,703,1462,1,8081.65,933.18,7148.47,20,6465.32
1199,704,514,1,417.37,52.56,364.81,0,417.37
1200,705,628,1,175107.4,17168.92,157938.48,30,122575.18
1201,706,1064,2,1731.13,453.95,3008.31,10,1558.017
1202,706,816,2,3330.84,611.01,6050.67,10,2997.7560000000003
1203,707,829,1,5385.17,5.13,5380.04,0,5385.17
1204,708,775,1,1623.11,0.0,1623.11,20,1298.488
1205,709,692,1,2423.69,294.92,2128.77,10,2181.321
1206,709,700,1,7717.28,10.0,7707.28,20,6173.8240000000005
1207,710,1108,1,145328.64,17399.61,127929.03,20,116262.912
1208,711,636,2,915.13,57.42,1772.84,0,915.13
1209,712,1520,1,2002.68,0.0,2002.68,20,1602.1440000000002
1210,712,680,1,237.17,0.0,237.17,20,189.736
1211,712,372,2,174277.93,0.0,348555.86,0,174277.93
1212,712,160,1,589.97,0.0,589.97,20,471.97600000000006
1213,712,779,1,1855.31,0.0,1855.31,20,1484.248
1214,713,300,1,180650.08,25014.2,155635.88,0,180650.08
1215,714,118,1,29857.44,1216.76,28640.68,10,26871.696
1216,715,318,1,151206.66,15775.94,135430.72,10,136085.994
1217,715,443,1,20303.01,2701.4,17601.61,10,18272.709
1218,716,349,1,1459.37,193.38,1265.99,0,1459.37
1219,717,721,1,1671.74,108.06,1563.68,30,1170.2179999999998
1220,718,946,1,69896.98,665.54,69231.44,0,69896.98
1221,718,715,2,114670.41,13032.71,216308.11,0,114670.41
1222,718,116,2,2413.81,202.48,4625.14,30,1689.667
1223,718,1313,2,1131.03,121.81,2140.25,30,791.7209999999999
1224,718,838,1,1056.26,13.67,1042.59,20,845.008
1225,719,1136,2,11889.97,0.0,23779.94,10,10700.973
1226,719,891,3,2855.61,0.0,8566.83,0,2855.61
1227,719,1172,2,3297.12,0.0,6594.24,30,2307.984
1228,719,402,1,1513.62,0.0,1513.62,10,1362.258
1229,719,1372,1,5456.54,0.0,5456.54,20,4365.232
1230,720,1334,1,1811.5,269.21,1542.29,10,1630.35
1231,721,343,1,62248.1,4804.99,57443.11,0,62248.1
1232,721,1576,1,2033.33,114.74,1918.59,30,1423.331
1233,722,22,2,4507.04,210.68,8803.4,30,3154.928
1234,722,897,1,1844.43,67.87,1776.56,20,1475.544
1235,723,794,1,2509.16,34.02,2475.14,30,1756.4119999999998
1236,724,256,1,1894.02,0.0,1894.02,0,1894.02
1237,725,446,1,2938.62,89.91,2848.71,20,2350.896
1238,726,1222,1,5286.96,333.58,4953.38,30,3700.872
1239,727,571,1,136354.08,0.0,136354.08,20,109083.264
1240,727,392,1,3400.93,0.0,3400.93,0,3400.93
1241,728,852,1,2573.04,293.27,2279.77,20,2058.432
1242,729,232,1,38831.08,0.0,38831.08,30,27181.756
1243,729,385,1,1018.09,0.0,1018.09,10,916.281
1244,730,82,1,2097.58,0.0,2097.58,30,1468.3059999999998
1245,731,114,1,46974.46,0.0,46974.46,20,37579.568
1246,731,720,2,342.29,0.0,684.58,0,342.29
1247,731,1453,1,35984.99,0.0,35984.99,0,35984.99
1248,732,564,1,2777.89,317.11,2460.78,10,2500.101
1249,733,118,2,29857.44,0.0,59714.88,30,20900.208
1250,733,714,1,2767.25,0.0,2767.25,30,1937.075
1251,733,909,1,9271.61,0.0,9271.61,20,7417.288
1252,733,1324,1,70919.44,0.0,70919.44,30,49643.608
1253,734,498,1,6323.41,747.07,5576.34,10,5691.069
1254,735,540,1,107051.36,5169.48,101881.88,0,107051.36
1255,736,994,1,526.86,69.02,457.84,30,368.802
1256,736,604,1,31737.7,2590.0,29147.7,30,22216.39
1257,737,533,1,32637.56,4744.78,27892.78,20,26110.048000000003
1258,738,804,1,3599.24,0.0,3599.24,20,2879.392
1259,738,384,1,4128.03,0.0,4128.03,20,3302.424
1260,739,1141,1,2583.37,201.21,2382.16,20,2066.696
1261,740,987,1,719.67,96.68,622.99,10,647.703
1262,741,162,1,1247.4,0.0,1247.4,30,873.1800000000001
1263,742,511,2,621.58,0.0,1243.16,20,497.26400000000007
1264,743,397,1,31159.3,2773.63,28385.67,0,31159.3
1265,744,651,1,82264.94,10069.37,72195.57,30,57585.458
1266,744,1095,1,2693.75,204.96,2488.79,10,2424.375
1267,744,846,1,3823.36,181.17,3642.19,0,3823.36
1268,744,578,2,41356.77,1629.31,81084.23,0,41356.77
1269,745,933,1,1968.53,128.87,1839.66,30,1377.971
1270,745,544,1,28257.91,3349.66,24908.25,30,19780.537
1271,746,952,1,28872.88,4316.4,24556.48,10,25985.592
1272,747,438,2,4222.79,0.0,8445.58,0,4222.79
1273,748,781,2,78876.75,12188.22,145565.28,0,78876.75
1274,748,634,1,128711.83,7767.27,120944.56,10,115840.647
1275,749,1227,1,2155.48,0.0,2155.48,0,2155.48
1276,749,472,1,46739.78,0.0,46739.78,30,32717.846
1277,749,349,1,1459.37,0.0,1459.37,30,1021.559
1278,750,1290,1,485.49,0.0,485.49,0,485.49
1279,750,951,1,909.66,0.0,909.66,20,727.7280000000001
1280,751,1265,1,753.76,0.0,753.76,0,753.76
1281,751,1135,1,22063.27,0.0,22063.27,20,17650.616
1282,751,1089,1,76783.54,0.0,76783.54,20,61426.832
1283,752,828,1,957.7,59.63,898.07,20,766.1600000000001
1284,753,311,1,5092.96,0.0,5092.96,0,5092.96
1285,754,551,1,2682.04,0.0,2682.04,0,2682.04
1286,754,425,1,4814.38,0.0,4814.38,0,4814.38
1287,755,1003,2,3138.55,637.66,5639.44,20,2510.84
1288,755,311,1,5092.96,390.04,4702.92,30,3565.072
1289,755,191,1,1689.13,62.64,1626.49,10,1520.217
1290,756,605,1,3237.95,0.0,3237.95,0,3237.95
1291,757,1195,1,84848.75,5677.25,79171.5,0,84848.75
1292,757,1468,1,3913.73,332.0,3581.73,20,3130.9840000000004
1293,757,986,1,57564.41,3892.5,53671.91,0,57564.41
1294,757,1122,2,3238.36,414.04,6062.68,0,3238.36
1295,757,826,1,1971.53,293.3,1678.23,0,1971.53
1296,758,1513,2,2099.25,218.98,3979.52,10,1889.325
1297,759,713,1,1957.25,0.0,1957.25,10,1761.525
1298,759,701,2,47197.58,0.0,94395.16,10,42477.822
1299,759,1200,1,2190.69,0.0,2190.69,0,2190.69
1300,759,502,1,9519.47,0.0,9519.47,0,9519.47
1301,759,652,1,40194.62,0.0,40194.62,0,40194.62
1302,760,664,1,1666.41,98.91,1567.5,0,1666.41
1303,761,1061,1,182372.8,3142.3,179230.5,0,182372.8
1304,761,1485,1,31524.8,2846.71,28678.09,30,22067.36
1305,762,904,1,1779.5,0.0,1779.5,0,1779.5
1306,762,1599,1,4254.12,0.0,4254.12,20,3403.2960000000003
1307,762,931,1,2958.87,0.0,2958.87,20,2367.096
1308,762,631,1,1700.48,0.0,1700.48,30,1190.336
1309,763,188,1,43239.04,0.0,43239.04,20,34591.232
1310,763,448,1,1698.53,0.0,1698.53,0,1698.53
1311,764,570,1,21654.56,1079.27,20575.29,10,19489.104000000003
1312,765,414,2,6207.38,392.12,12022.64,20,4965.904
1313,766,967,1,87744.71,7383.66,80361.05,30,61421.297
1314,767,1237,1,94515.4,0.0,94515.4,10,85063.86
1315,768,1252,1,4619.51,0.0,4619.51,20,3695.608
1316,768,163,3,44768.27,0.0,134304.81,20,35814.616
1317,769,690,1,2245.24,192.49,2052.75,30,1571.6679999999997
1318,770,602,1,3153.82,188.2,2965.62,0,3153.82
1319,770,1384,1,2175.55,176.96,1998.59,20,1740.4400000000005
1320,771,865,3,22469.84,10041.26,57368.26,20,17975.872
1321,771,343,1,62248.1,8578.08,53670.02,20,49798.48
1322,771,681,2,766.31,158.83,1373.79,10,689.679
1323,771,257,2,3692.66,1075.2,6310.12,10,3323.394
1324,772,658,1,5224.75,143.13,5081.62,10,4702.275000000001
1325,773,220,1,3360.14,0.0,3360.14,0,3360.14
1326,774,625,1,334.12,48.08,286.04,20,267.296
1327,775,1284,1,102271.11,0.0,102271.11,0,102271.11
1328,775,500,1,4108.13,0.0,4108.13,0,4108.13
1329,776,1365,1,75380.11,8053.01,67327.1,20,60304.088
1330,777,1333,1,2421.09,21.92,2399.17,10,2178.981
1331,778,1466,1,536.2,11.15,525.05,30,375.34
1332,778,164,1,5969.19,302.51,5666.68,30,4178.432999999999
1333,779,1009,2,3746.51,160.66,7332.36,30,2622.557
1334,780,145,1,274.73,22.65,252.08,0,274.73
1335,781,1052,1,96906.19,0.0,96906.19,30,67834.333
1336,782,138,2,350.95,0.0,701.9,0,350.95
1337,782,559,1,7185.86,0.0,7185.86,20,5748.688
1338,782,1154,1,77226.75,0.0,77226.75,30,54058.725
1339,782,1130,1,96459.24,0.0,96459.24,20,77167.392
1340,783,959,1,2008.67,10.33,1998.34,10,1807.803
1341,783,821,1,81761.55,6290.92,75470.63,30,57233.085
1342,784,1346,2,3515.07,0.0,7030.14,20,2812.0560000000005
1343,784,609,2,3352.06,0.0,6704.12,30,2346.442
1344,785,387,1,538.52,0.0,538.52,10,484.668
1345,786,491,1,529.3,19.37,509.93,20,423.44
1346,787,732,2,29208.99,0.0,58417.98,10,26288.091
1347,788,646,1,1812.4,1.54,1810.86,10,1631.16
1348,788,1042,1,90516.75,1021.37,89495.38,10,81465.075
1349,789,963,1,121884.72,9910.61,111974.11,30,85319.30399999999
1350,789,1349,1,1367.29,49.05,1318.24,30,957.103
1351,789,1518,1,13829.56,1845.92,11983.64,0,13829.56
1352,789,20,3,21536.92,5737.02,58873.74,10,19383.228
1353,789,1436,1,415.76,7.41,408.35,0,415.76
1354,790,487,1,30451.12,0.0,30451.12,20,24360.896
1355,790,585,1,1310.79,0.0,1310.79,10,1179.711
1356,791,1096,1,6155.76,0.0,6155.76,20,4924.608
1357,791,279,1,41417.49,0.0,41417.49,10,37275.741
1358,792,952,1,28872.88,2675.5,26197.38,30,20211.016
1359,792,56,1,174294.31,20407.99,153886.32,10,156864.87900000002
1360,792,181,1,40273.05,2371.93,37901.12,10,36245.745
1361,792,946,2,69896.98,1690.58,138103.38,10,62907.282
1362,792,539,1,3567.48,18.84,3548.64,30,2497.236
1363,793,853,1,2122.25,299.06,1823.19,30,1485.5749999999998
1364,794,86,2,3175.74,0.0,6351.48,20,2540.592
1365,794,45,1,5292.4,0.0,5292.4,0,5292.4
1366,795,257,1,3692.66,476.84,3215.82,20,2954.128
1367,796,307,3,4585.11,0.0,13755.33,0,4585.11
1368,797,1462,1,8081.65,0.0,8081.65,0,8081.65
1369,797,940,1,35187.89,0.0,35187.89,10,31669.101
1370,797,1244,1,3810.15,0.0,3810.15,10,3429.135
1371,798,1005,2,5455.75,0.0,10911.5,10,4910.175
1372,798,607,2,3784.6,0.0,7569.2,10,3406.14
1373,799,56,1,174294.31,0.0,174294.31,0,174294.31
1374,799,1261,1,516.29,0.0,516.29,30,361.403
1375,799,1436,2,415.76,0.0,831.52,20,332.608
1376,799,116,1,2413.81,0.0,2413.81,10,2172.429
1377,799,289,1,2410.54,0.0,2410.54,30,1687.378
1378,800,1397,1,18699.32,0.0,18699.32,20,14959.456
1379,800,1129,1,42340.3,0.0,42340.3,10,38106.27
1380,801,1146,1,1018.85,147.07,871.78,10,916.965
1381,801,1435,1,155364.8,14232.61,141132.19,30,108755.36
1382,802,1376,2,901.13,247.91,1554.35,10,811.017
1383,802,1292,1,848.45,4.72,843.73,30,593.915
1384,803,1451,2,397.42,0.0,794.84,30,278.194
1385,803,1357,1,30982.51,0.0,30982.51,30,21687.757
1386,804,1143,1,761.45,0.0,761.45,30,533.015
1387,805,614,1,1468.78,131.88,1336.9,0,1468.78
1388,805,461,1,2133.9,183.96,1949.94,20,1707.12
1389,805,1119,1,7175.29,1043.39,6131.9,0,7175.29
1390,806,218,1,6415.67,6.1,6409.57,0,6415.67
1391,806,838,1,1056.26,40.64,1015.62,20,845.008
1392,807,1148,1,35366.0,3442.45,31923.55,20,28292.800000000003
1393,808,1423,3,183.64,42.14,508.78,10,165.27599999999998
1394,808,1223,1,11259.67,1170.33,10089.34,10,10133.703
1395,808,1281,1,25227.32,3456.29,21771.03,10,22704.588
1396,809,1213,1,56227.35,0.0,56227.35,10,50604.615
1397,810,191,1,1689.13,224.47,1464.66,30,1182.391
1398,810,1371,2,316.58,8.95,624.21,10,284.922
1399,811,1161,1,165567.2,0.0,165567.2,10,149010.48
1400,812,1157,1,4990.11,0.0,4990.11,30,3493.077
1401,813,1152,2,1784.61,286.86,3282.36,20,1427.688
1402,813,1207,1,144.94,3.76,141.18,20,115.952
1403,814,1269,1,2326.75,150.71,2176.04,30,1628.725
1404,814,981,1,999.21,79.4,919.81,20,799.368
1405,814,1230,2,994.26,171.6,1816.92,0,994.26
1406,814,1028,1,108995.56,343.61,108651.95,20,87196.448
1407,815,433,1,93895.84,11055.47,82840.37,30,65727.08799999999
1408,816,576,1,152207.42,13238.57,138968.85,0,152207.42
1409,817,821,3,81761.55,1852.33,243432.32,20,65409.240000000005
1410,818,572,1,2920.51,245.81,2674.7,10,2628.4590000000003
1411,819,796,2,1566.44,214.33,2918.55,10,1409.796
1412,820,1598,1,3087.47,105.74,2981.73,20,2469.976
1413,821,1263,1,5431.26,0.0,5431.26,0,5431.26
1414,821,965,1,1353.94,0.0,1353.94,0,1353.94
1415,821,661,1,31896.24,0.0,31896.24,0,31896.24
1416,821,1348,1,3802.67,0.0,3802.67,10,3422.403
1417,822,199,1,26074.89,648.75,25426.14,10,23467.401
1418,822,1217,1,2877.25,355.84,2521.41,0,2877.25
1419,822,873,1,1037.71,149.48,888.23,0,1037.71
1420,822,1517,3,3093.55,211.08,9069.57,10,2784.195
1421,822,1556,1,53821.39,6108.98,47712.41,10,48439.251
1422,823,516,1,27901.07,3485.57,24415.5,10,25110.963
1423,824,145,1,274.73,0.0,274.73,0,274.73
1424,824,70,1,2559.4,0.0,2559.4,0,2559.4
1425,825,1557,1,4550.75,364.27,4186.48,10,4095.675
1426,825,1066,1,25768.02,1081.95,24686.07,20,20614.416
1427,826,9,1,36017.37,0.0,36017.37,30,25212.159
1428,827,823,2,24569.14,0.0,49138.28,30,17198.397999999997
1429,828,89,1,700.33,39.13,661.2,10,630.297
1430,828,1229,1,32064.71,3838.87,28225.84,30,22445.297
1431,829,1202,1,54005.3,3377.94,50627.36,30,37803.71
1432,829,516,1,27901.07,2634.53,25266.54,20,22320.856
1433,830,1378,2,1742.34,0.0,3484.68,10,1568.106
1434,831,1396,1,4528.45,241.17,4287.28,0,4528.45
1435,831,998,1,2566.35,114.08,2452.27,10,2309.715
1436,831,594,1,1492.9,193.13,1299.77,30,1045.03
1437,831,975,1,17084.55,696.28,16388.27,10,15376.095
1438,831,837,2,157966.42,6450.67,309482.17,0,157966.42
1439,832,1328,1,2127.08,0.0,2127.08,20,1701.664
1440,832,1363,1,3136.2,0.0,3136.2,30,2195.34
1441,832,873,1,1037.71,0.0,1037.71,30,726.3969999999999
1442,832,635,1,3970.58,0.0,3970.58,20,3176.464
1443,833,1527,1,6369.71,262.06,6107.65,0,6369.71
1444,834,1134,1,79315.25,11686.87,67628.38,10,71383.725
1445,834,1386,1,932.68,98.7,833.98,20,746.144
1446,835,795,3,14011.76,4898.87,37136.41,0,14011.76
1447,835,81,2,1588.45,3.26,3173.64,30,1111.915
1448,836,632,1,2584.26,0.0,2584.26,30,1808.982
1449,836,324,1,112608.37,0.0,112608.37,0,112608.37
1450,836,369,1,124766.67,0.0,124766.67,10,112290.003
1451,837,529,3,2902.91,765.76,7942.97,10,2612.619
1452,838,1115,1,116186.43,0.0,116186.43,20,92949.144
1453,839,1086,1,1518.57,216.4,1302.17,10,1366.713
1454,839,296,1,13792.96,1068.48,12724.48,30,9655.071999999998
1455,840,688,3,8747.72,0.0,26243.16,10,7872.947999999999
1456,840,746,1,118090.14,0.0,118090.14,20,94472.112
1457,841,1006,1,2865.1,46.56,2818.54,10,2578.59
1458,841,1008,2,237.87,65.29,410.45,30,166.509
1459,842,1400,2,92951.15,11709.14,174193.16,10,83656.035
1460,843,422,1,477.95,23.78,454.17,10,430.155
1461,844,1109,1,84890.72,0.0,84890.72,30,59423.50399999999
1462,845,888,1,3404.87,0.0,3404.87,0,3404.87
1463,845,776,1,1435.82,0.0,1435.82,20,1148.656
1464,846,21,1,417.88,0.0,417.88,30,292.516
1465,846,238,1,1757.87,0.0,1757.87,20,1406.296
1466,846,994,1,526.86,0.0,526.86,10,474.174
1467,846,965,1,1353.94,0.0,1353.94,0,1353.94
1468,846,1177,1,1318.54,0.0,1318.54,30,922.978
1469,847,1239,1,1812.2,113.87,1698.33,10,1630.98
1470,848,1003,1,3138.55,0.0,3138.55,10,2824.695
1471,849,1107,1,112320.64,11883.92,100436.72,20,89856.512
1472,850,885,1,51233.09,1641.84,49591.25,10,46109.781
1473,851,599,1,119654.07,2281.18,117372.89,0,119654.07
1474,852,1048,1,71604.88,6848.55,64756.33,0,71604.88
1475,853,185,1,987.57,58.59,928.98,0,987.57
1476,854,847,2,1450.17,4.11,2896.23,20,1160.1360000000002
1477,855,1574,1,969.18,118.73,850.45,20,775.344
1478,856,227,2,54300.88,10789.68,97812.08,0,54300.88
1479,856,678,2,2482.88,104.04,4861.72,20,1986.304
1480,857,893,2,1487.95,366.96,2608.94,20,1190.36
1481,857,1343,1,1805.81,243.97,1561.84,10,1625.229
1482,858,888,1,3404.87,395.18,3009.69,10,3064.383
1483,858,458,2,8217.39,1918.72,14516.06,30,5752.172999999999
1484,859,1278,2,110118.08,21612.55,198623.61,0,110118.08
1485,860,1580,1,21552.31,357.44,21194.87,0,21552.31
1486,861,1266,1,60887.16,0.0,60887.16,20,48709.728
1487,862,1482,1,3329.89,42.84,3287.05,20,2663.9120000000003
1488,863,1265,1,753.76,103.31,650.45,10,678.384
1489,864,399,1,2809.7,182.36,2627.34,0,2809.7
1490,864,905,1,7124.42,473.61,6650.81,0,7124.42
1491,865,442,2,1278.0,63.3,2492.7,0,1278.0
1492,866,618,1,3480.15,0.0,3480.15,30,2436.105
1493,866,1136,1,11889.97,0.0,11889.97,30,8322.979
1494,866,1565,1,3314.16,0.0,3314.16,10,2982.744
1495,867,1295,1,4110.18,0.0,4110.18,10,3699.162
1496,867,662,1,1180.85,0.0,1180.85,10,1062.765
1497,867,978,1,2725.86,0.0,2725.86,20,2180.688
1498,868,478,1,108976.92,0.0,108976.92,0,108976.92
1499,868,1179,1,2777.87,0.0,2777.87,20,2222.296
1500,869,1072,1,40911.57,2342.08,38569.49,30,28638.099
1501,870,787,2,2387.75,38.23,4737.27,0,2387.75
1502,870,800,1,308.13,25.71,282.42,10,277.317
1503,871,625,2,334.12,92.83,575.41,10,300.708
1504,871,447,1,2160.35,292.12,1868.23,20,1728.28
1505,872,892,1,1931.15,33.8,1897.35,30,1351.805
1506,873,62,1,1751.48,5.77,1745.71,0,1751.48
1507,874,1260,1,664.92,50.41,614.51,10,598.428
1508,875,724,1,625.35,0.0,625.35,10,562.815
1509,876,1447,1,1595.48,156.13,1439.35,10,1435.932
1510,876,387,1,538.52,59.73,478.79,0,538.52
1511,877,204,1,443.43,12.19,431.24,0,443.43
1512,878,1587,1,67506.72,1847.12,65659.6,30,47254.704
1513,878,234,2,47459.41,13279.17,81639.65,20,37967.528000000006
1514,878,1435,2,155364.8,21365.59,289364.01,10,139828.32
1515,878,973,1,30788.48,3693.88,27094.6,30,21551.936
1516,879,121,1,250.81,14.81,236.0,10,225.729
1517,879,338,1,991.94,92.4,899.54,20,793.5520000000001
1518,879,321,1,14713.75,1382.94,13330.81,30,10299.625
1519,879,618,1,3480.15,456.82,3023.33,20,2784.1200000000003
1520,879,448,1,1698.53,220.61,1477.92,0,1698.53
1521,880,813,1,46231.71,4633.19,41598.52,20,36985.368
1522,881,1082,2,3419.64,100.54,6738.74,0,3419.64
1523,881,1585,1,1472.08,84.74,1387.34,0,1472.08
1524,882,167,1,90813.43,8983.36,81830.07,30,63569.40099999999
1525,883,828,1,957.7,0.0,957.7,10,861.9300000000001
1526,884,55,1,38559.98,5609.57,32950.41,10,34703.982
1527,884,27,1,594.98,87.23,507.75,0,594.98
1528,884,303,1,3839.35,117.82,3721.53,30,2687.545
1529,885,1150,2,2765.55,357.0,5174.1,10,2488.9950000000003
1530,886,702,2,2389.45,555.27,4223.63,0,2389.45
1531,886,1482,1,3329.89,242.86,3087.03,0,3329.89
1532,887,586,1,1501.47,0.0,1501.47,30,1051.029
1533,888,1160,2,3385.71,838.2,5933.22,0,3385.71
1534,889,699,1,3048.78,346.87,2701.91,20,2439.0240000000003
1535,890,232,1,38831.08,0.0,38831.08,0,38831.08
1536,891,137,1,1739.85,243.71,1496.14,30,1217.8949999999998
1537,892,504,1,1042.0,97.01,944.99,20,833.6
1538,893,1277,1,48882.84,0.0,48882.84,30,34217.988
1539,894,1078,1,2235.87,120.01,2115.86,0,2235.87
1540,894,210,1,1699.58,83.39,1616.19,10,1529.622
1541,895,1510,1,5438.97,0.0,5438.97,0,5438.97
1542,895,616,1,120778.74,0.0,120778.74,30,84545.118
1543,895,531,1,58790.28,0.0,58790.28,20,47032.224
1544,895,138,1,350.95,0.0,350.95,10,315.855
1545,895,1511,1,26635.3,0.0,26635.3,10,23971.77
1546,896,1467,2,74.8,6.54,143.06,0,74.8
1547,896,1536,1,26543.86,1711.92,24831.94,30,18580.702
1548,896,1367,1,1115.97,61.55,1054.42,10,1004.373
1549,896,118,1,29857.44,2977.99,26879.45,30,20900.208
1550,896,524,1,37908.59,4114.8,33793.79,10,34117.731
1551,897,1280,2,8871.08,0.0,17742.16,10,7983.972
1552,897,347,1,38655.66,0.0,38655.66,20,30924.52800000001
1553,898,851,1,752.31,90.06,662.25,30,526.617
1554,898,951,1,909.66,57.61,852.05,10,818.694
1555,899,213,2,25465.76,1334.42,49597.1,10,22919.184
1556,899,549,1,36173.12,1023.75,35149.37,10,32555.808000000005
1557,900,979,2,4138.39,837.68,7439.1,10,3724.551
1558,901,729,1,68134.25,1308.66,66825.59,0,68134.25
1559,902,951,1,909.66,124.99,784.67,10,818.694
1560,903,1279,1,4693.11,386.89,4306.22,30,3285.177
1561,903,556,1,959.6,4.32,955.28,20,767.6800000000001
1562,904,1134,1,79315.25,9085.23,70230.02,0,79315.25
1563,904,351,1,1015.46,118.14,897.32,0,1015.46
1564,905,1258,1,8683.79,0.0,8683.79,0,8683.79
1565,905,1193,3,7680.86,0.0,23042.58,30,5376.602
1566,906,1152,1,1784.61,0.0,1784.61,0,1784.61
1567,907,719,1,17225.88,1211.28,16014.6,30,12058.116
1568,908,1474,1,74873.86,3696.57,71177.29,0,74873.86
1569,909,384,1,4128.03,347.27,3780.76,10,3715.227
1570,910,833,2,3282.57,395.25,6169.89,20,2626.0560000000005
1571,910,216,3,3406.16,840.16,9378.32,20,2724.928
1572,910,1262,1,643.39,23.92,619.47,0,643.39
1573,910,949,1,2388.11,264.32,2123.79,20,1910.4880000000005
1574,911,1590,1,154961.7,16999.97,137961.73,10,139465.53000000003
1575,911,521,1,322.75,5.41,317.34,20,258.2
1576,912,16,1,85267.12,9949.36,75317.76,20,68213.696
1577,912,337,2,4173.88,841.64,7506.12,10,3756.492
1578,912,457,1,805.01,44.76,760.25,30,563.507
1579,912,97,1,286.42,36.63,249.79,30,200.494
1580,912,1527,2,6369.71,1678.87,11060.55,20,5095.768
1581,913,971,1,489.72,0.0,489.72,30,342.804
1582,914,390,1,48086.5,6117.84,41968.66,20,38469.2
1583,915,76,3,14993.91,2153.24,42828.49,20,11995.128
1584,915,1059,3,3113.14,475.88,8863.54,30,2179.198
1585,916,499,1,2538.2,328.75,2209.45,0,2538.2
1586,917,620,1,172365.66,0.0,172365.66,30,120655.962
1587,917,1485,1,31524.8,0.0,31524.8,20,25219.84
1588,917,589,1,2374.59,0.0,2374.59,20,1899.6720000000005
1589,917,297,2,10115.63,0.0,20231.26,0,10115.63
1590,918,724,2,625.35,0.0,1250.7,30,437.745
1591,918,325,1,1424.65,0.0,1424.65,20,1139.72
1592,919,733,1,9342.39,775.07,8567.32,20,7473.912
1593,919,1279,1,4693.11,455.82,4237.29,0,4693.11
1594,919,200,1,3189.27,78.71,3110.56,0,3189.27
1595,920,464,3,92357.26,0.0,277071.78,20,73885.808
1596,921,440,3,1285.35,299.01,3557.04,10,1156.815
1597,922,883,1,5242.7,0.0,5242.7,10,4718.43
1598,923,818,1,1924.73,86.44,1838.29,30,1347.311
1599,923,8,1,822.97,16.19,806.78,0,822.97
1600,923,931,1,2958.87,13.11,2945.76,0,2958.87
1601,924,219,3,4417.46,0.0,13252.38,10,3975.714
1602,924,1523,2,398.9,0.0,797.8,30,279.23
1603,924,1039,1,2221.48,0.0,2221.48,10,1999.332
1604,925,612,1,1008.02,81.22,926.8,30,705.6139999999999
1605,925,820,1,5798.58,173.14,5625.44,30,4059.006
1606,926,978,1,2725.86,148.02,2577.84,30,1908.102
1607,927,1494,3,18167.06,0.0,54501.18,0,18167.06
1608,928,1091,1,88617.11,7899.46,80717.65,30,62031.977
1609,928,538,1,636.0,81.89,554.11,30,445.2
1610,929,1304,1,940.86,0.0,940.86,0,940.86
1611,930,1040,1,7278.08,0.0,7278.08,30,5094.656
1612,931,23,1,2254.98,0.0,2254.98,30,1578.486
1613,932,50,1,7178.02,60.03,7117.99,20,5742.416000000001
1614,932,1411,1,114539.75,15119.5,99420.25,20,91631.8
1615,933,142,1,1981.3,0.0,1981.3,10,1783.17
1616,933,619,1,33190.64,0.0,33190.64,0,33190.64
1617,934,1449,1,1798.6,0.0,1798.6,0,1798.6
1618,935,1130,1,96459.24,5228.36,91230.88,10,86813.316
1619,936,1506,1,4761.53,128.42,4633.11,30,3333.0709999999995
1620,937,1113,1,4930.52,624.27,4306.25,0,4930.52
1621,937,49,1,4516.01,184.52,4331.49,20,3612.808
1622,938,830,1,37463.22,0.0,37463.22,10,33716.898
1623,939,1573,1,3177.29,182.19,2995.1,30,2224.103
1624,940,586,1,1501.47,213.33,1288.14,20,1201.1760000000002
1625,940,614,1,1468.78,200.88,1267.9,30,1028.146
1626,941,450,1,162867.91,10859.93,152007.98,30,114007.537
1627,941,525,1,2675.87,237.37,2438.5,30,1873.109
1628,942,88,2,1758.72,245.73,3271.71,20,1406.976
1629,943,1132,1,3635.19,156.69,3478.5,0,3635.19
1630,944,842,1,44095.41,6026.82,38068.59,30,30866.787
1631,945,511,1,621.58,14.6,606.98,20,497.26400000000007
1632,946,487,1,30451.12,582.93,29868.19,0,30451.12
1633,946,284,1,1532.5,143.52,1388.98,10,1379.25
1634,946,497,2,3615.69,224.09,7007.29,0,3615.69
1635,946,486,1,2457.37,159.02,2298.35,30,1720.159
1636,946,339,1,706.67,69.86,636.81,30,494.6689999999999
1637,947,969,1,72166.51,809.88,71356.63,30,50516.55699999999
1638,947,300,1,180650.08,20943.8,159706.28,10,162585.072
1639,948,472,1,46739.78,0.0,46739.78,10,42065.802
1640,949,1454,1,2482.25,36.08,2446.17,20,1985.8
1641,949,602,1,3153.82,263.23,2890.59,30,2207.674
1642,950,929,1,30089.57,0.0,30089.57,0,30089.57
1643,951,1377,1,24652.74,0.0,24652.74,30,17256.918
1644,951,754,1,2211.94,0.0,2211.94,30,1548.358
1645,951,147,1,3458.77,0.0,3458.77,20,2767.016
1646,951,620,3,172365.66,0.0,517096.98,20,137892.52800000002
1647,952,1025,1,2450.74,240.43,2210.31,20,1960.592
1648,953,661,1,31896.24,2591.97,29304.27,30,22327.368
1649,954,41,1,990.24,11.2,979.04,10,891.216
1650,955,991,1,6557.76,0.0,6557.76,30,4590.432
1651,955,339,1,706.67,0.0,706.67,30,494.6689999999999
1652,956,1188,1,81653.1,197.38,81455.72,10,73487.79000000001
1653,956,1019,1,321.92,26.14,295.78,20,257.536
1654,957,234,1,47459.41,0.0,47459.41,0,47459.41
1655,958,1488,1,62639.65,8070.6,54569.05,30,43847.755
1656,958,1146,1,1018.85,56.41,962.44,30,713.1949999999999
1657,959,1357,1,30982.51,2527.02,28455.49,30,21687.757
1658,959,1099,1,28507.26,857.65,27649.61,20,22805.808
1659,959,284,1,1532.5,201.31,1331.19,0,1532.5
1660,960,755,1,118973.39,9008.99,109964.4,10,107076.051
1661,960,582,1,5287.79,783.89,4503.9,10,4759.011
1662,961,1353,1,2813.37,377.26,2436.11,20,2250.696
1663,961,271,1,9634.51,396.74,9237.77,20,7707.608
1664,962,1087,1,1167.58,0.0,1167.58,20,934.064
1665,963,1455,1,1924.18,92.09,1832.09,10,1731.7620000000002
1666,964,138,2,350.95,0.0,701.9,10,315.855
1667,964,769,1,4790.79,0.0,4790.79,20,3832.632
1668,965,1546,1,5167.64,99.34,5068.3,30,3617.348
1669,965,595,3,42135.25,12136.54,114269.21,20,33708.200000000004
1670,966,1176,3,70122.26,16970.47,193396.31,0,70122.26
1671,967,968,1,4831.61,0.0,4831.61,10,4348.449
1672,967,1397,1,18699.32,0.0,18699.32,30,13089.524
1673,968,1442,1,547.89,0.0,547.89,0,547.89
1674,969,480,1,3056.45,191.0,2865.45,20,2445.16
1675,969,1183,3,393.77,146.88,1034.43,10,354.393
1676,970,1365,1,75380.11,0.0,75380.11,10,67842.099
1677,970,773,1,1553.01,0.0,1553.01,0,1553.01
1678,970,419,1,4089.03,0.0,4089.03,30,2862.321
1679,971,936,1,30096.25,205.52,29890.73,10,27086.625
1680,972,1173,1,33473.5,0.0,33473.5,30,23431.45
1681,973,1097,1,57166.17,1816.7,55349.47,10,51449.553
1682,974,136,1,646.44,0.0,646.44,0,646.44
1683,975,237,1,1747.18,161.33,1585.85,30,1223.026
1684,975,325,1,1424.65,151.13,1273.52,20,1139.72
1685,976,1023,2,36297.55,0.0,72595.1,30,25408.285
1686,976,220,1,3360.14,0.0,3360.14,20,2688.112
1687,976,367,1,39011.03,0.0,39011.03,10,35109.927
1688,976,879,2,1776.89,0.0,3553.78,20,1421.5120000000002
1689,976,535,1,1119.88,0.0,1119.88,10,1007.8920000000002
1690,977,909,1,9271.61,94.36,9177.25,20,7417.288
1691,978,652,1,40194.62,4772.84,35421.78,30,28136.234
1692,979,1546,1,5167.64,358.86,4808.78,30,3617.348
1693,979,904,1,1779.5,234.8,1544.7,30,1245.65
1694,980,89,1,700.33,7.23,693.1,30,490.231
1695,980,773,1,1553.01,93.5,1459.51,20,1242.408
1696,980,1090,1,117469.55,7878.65,109590.9,10,105722.595
1697,980,784,1,2840.63,150.4,2690.23,0,2840.63
1698,980,1400,1,92951.15,13937.88,79013.27,0,92951.15
1699,981,600,1,1808.13,81.02,1727.11,0,1808.13
1700,982,1101,1,2240.73,327.15,1913.58,20,1792.584
1701,983,1595,1,18497.48,1488.35,17009.13,0,18497.48
1702,983,491,1,529.3,45.29,484.01,20,423.44
1703,984,531,1,58790.28,0.0,58790.28,30,41153.196
1704,984,1555,1,2372.47,0.0,2372.47,20,1897.976
1705,985,691,1,1776.03,0.0,1776.03,20,1420.824
1706,986,337,1,4173.88,0.0,4173.88,20,3339.1040000000003
1707,987,1083,1,384.05,0.0,384.05,30,268.835
1708,988,144,1,2699.16,114.92,2584.24,30,1889.412
1709,988,477,1,1565.23,29.81,1535.42,30,1095.6609999999998
1710,988,1264,2,2920.35,323.12,5517.58,20,2336.28
1711,988,1331,2,2122.62,573.87,3671.37,20,1698.096
1712,989,93,1,26807.56,1431.13,25376.43,20,21446.048000000003
1713,990,564,1,2777.89,401.78,2376.11,10,2500.101
1714,991,953,1,1650.81,0.0,1650.81,10,1485.729
1715,991,681,2,766.31,0.0,1532.62,10,689.679
1716,992,1044,1,9021.21,0.0,9021.21,30,6314.846999999999
1717,992,1230,1,994.26,0.0,994.26,10,894.8340000000001
1718,993,35,1,1495.14,0.0,1495.14,30,1046.598
1719,994,923,1,79445.58,9768.83,69676.75,20,63556.46400000001
1720,994,951,1,909.66,33.65,876.01,20,727.7280000000001
1721,994,703,1,2132.29,101.88,2030.41,20,1705.832
1722,994,1206,1,2044.94,2.36,2042.58,10,1840.446
1723,994,680,1,237.17,34.29,202.88,0,237.17
1724,995,1431,1,949.29,0.0,949.29,20,759.432
1725,996,822,1,28372.98,0.0,28372.98,20,22698.384
1726,997,1330,1,14735.58,952.8,13782.78,0,14735.58
1727,997,695,2,887.94,126.75,1649.13,30,621.558
1728,998,508,1,93055.46,5727.87,87327.59,20,74444.368
1729,999,481,1,1789.37,0.0,1789.37,0,1789.37
1730,1000,335,2,3243.97,944.9,5543.04,10,2919.573
1731,1000,769,1,4790.79,107.52,4683.27,10,4311.711
1732,1001,825,2,25418.66,0.0,50837.32,10,22876.794
1733,1002,42,1,7358.23,96.53,7261.7,0,7358.23
1734,1002,429,1,121237.34,932.79,120304.55,20,96989.872
1735,1002,503,1,44508.15,4645.72,39862.43,20,35606.520000000004
1736,1003,171,1,2900.67,422.17,2478.5,10,2610.603
1737,1004,569,1,1937.28,0.0,1937.28,30,1356.096
1738,1005,40,1,29011.05,1226.59,27784.46,10,26109.945
1739,1006,612,2,1008.02,0.0,2016.04,30,705.6139999999999
1740,1007,814,1,1391.2,99.57,1291.63,0,1391.2
1741,1008,142,1,1981.3,0.0,1981.3,0,1981.3
1742,1009,700,1,7717.28,0.0,7717.28,20,6173.8240000000005
1743,1010,1420,1,1349.54,0.0,1349.54,20,1079.632
1744,1011,308,1,93084.78,5713.39,87371.39,30,65159.346
1745,1012,1413,1,3338.33,0.0,3338.33,20,2670.664
1746,1012,1117,1,628.26,0.0,628.26,10,565.434
1747,1013,1009,1,3746.51,0.0,3746.51,30,2622.557
1748,1014,101,1,68775.54,8163.32,60612.22,30,48142.87799999999
1749,1015,788,1,3542.11,103.41,3438.7,10,3187.8990000000003
1750,1015,623,1,4342.57,544.86,3797.71,10,3908.313
1751,1016,1063,1,2532.13,60.9,2471.23,20,2025.704
1752,1017,849,2,44704.26,0.0,89408.52,10,40233.834
1753,1018,1266,2,60887.16,13385.73,108388.59,20,48709.728
1754,1018,361,2,670.56,24.3,1316.82,30,469.392
1755,1018,700,2,7717.28,1867.12,13567.44,20,6173.8240000000005
1756,1019,1382,1,42827.29,1979.15,40848.14,20,34261.832
1757,1019,491,1,529.3,53.59,475.71,10,476.37
1758,1019,1001,1,47120.94,317.11,46803.83,30,32984.658
1759,1019,555,1,49699.72,4579.69,45120.03,20,39759.776000000005
1760,1020,774,1,91105.66,0.0,91105.66,20,72884.528
1761,1021,1209,1,3547.28,436.23,3111.05,30,2483.096
1762,1021,1230,2,994.26,127.43,1861.09,30,695.982
1763,1022,1369,1,1514.51,60.35,1454.16,0,1514.51
1764,1023,196,2,61624.8,0.0,123249.6,20,49299.84
1765,1023,518,1,2482.37,0.0,2482.37,0,2482.37
1766,1024,974,1,1464.98,49.36,1415.62,0,1464.98
1767,1025,1113,2,4930.52,0.0,9861.04,30,3451.364
1768,1026,254,1,1161.26,0.0,1161.26,20,929.008
1769,1027,815,1,30194.05,0.0,30194.05,0,30194.05
1770,1028,632,1,2584.26,276.29,2307.97,10,2325.8340000000003
1771,1029,1551,1,2108.02,0.0,2108.02,30,1475.6139999999998
1772,1030,1316,1,343.7,10.54,333.16,10,309.33
1773,1031,328,1,1446.76,0.0,1446.76,10,1302.084
1774,1031,1509,1,39314.87,0.0,39314.87,10,35383.383
1775,1031,651,1,82264.94,0.0,82264.94,10,74038.44600000001
1776,1032,502,1,9519.47,0.0,9519.47,0,9519.47
1777,1033,1101,1,2240.73,0.0,2240.73,30,1568.511
1778,1033,1218,1,143821.79,0.0,143821.79,10,129439.611
1779,1033,1230,1,994.26,0.0,994.26,20,795.408
1780,1034,318,1,151206.66,19899.35,131307.31,0,151206.66
1781,1035,816,1,3330.84,207.64,3123.2,0,3330.84
1782,1035,1388,1,44645.42,3396.6,41248.82,10,40180.878
1783,1036,1133,2,750.52,0.0,1501.04,10,675.468
1784,1036,1224,2,3160.05,0.0,6320.1,30,2212.035
1785,1037,380,1,2644.48,0.0,2644.48,10,2380.032
1786,1038,376,1,1921.2,221.09,1700.11,20,1536.96
1787,1039,940,1,35187.89,0.0,35187.89,10,31669.101
1788,1040,1524,1,4935.26,695.91,4239.35,0,4935.26
1789,1041,388,1,3732.52,0.0,3732.52,20,2986.016
1790,1042,705,2,34487.91,0.0,68975.82,10,31039.119
1791,1043,1246,1,1880.46,0.0,1880.46,30,1316.322
1792,1043,654,1,1894.03,0.0,1894.03,20,1515.2240000000002
1793,1044,1152,1,1784.61,0.0,1784.61,10,1606.149
1794,1045,1310,1,35413.03,4773.11,30639.92,10,31871.727
1795,1045,21,1,417.88,15.36,402.52,20,334.30400000000003
1796,1046,279,1,41417.49,2484.63,38932.86,20,33133.992
1797,1046,891,1,2855.61,359.86,2495.75,10,2570.049
1798,1047,556,2,959.6,276.16,1643.04,0,959.6
1799,1047,215,1,8966.72,283.27,8683.45,30,6276.703999999999
1800,1047,157,2,39923.68,10719.48,69127.88,20,31938.944000000003
1801,1048,239,1,2760.99,71.11,2689.88,30,1932.693
1802,1048,171,1,2900.67,328.49,2572.18,30,2030.469
1803,1048,615,2,513.46,35.59,991.33,0,513.46
1804,1048,1437,1,889.31,102.86,786.45,10,800.379
1805,1049,616,1,120778.74,3639.86,117138.88,30,84545.118
1806,1050,769,1,4790.79,0.0,4790.79,30,3353.553
1807,1050,1490,1,516.42,0.0,516.42,20,413.136
1808,1050,832,2,422.4,0.0,844.8,30,295.67999999999995
1809,1050,1460,1,2215.95,0.0,2215.95,0,2215.95
1810,1050,1481,1,22590.89,0.0,22590.89,20,18072.712
1811,1051,453,2,2582.33,416.61,4748.05,30,1807.631
1812,1052,700,1,7717.28,18.56,7698.72,10,6945.552
1813,1052,1326,2,1936.13,254.93,3617.33,0,1936.13
1814,1052,1150,1,2765.55,242.61,2522.94,10,2488.9950000000003
1815,1053,1062,1,29542.18,970.4,28571.78,20,23633.744
1816,1054,1386,1,932.68,43.68,889.0,10,839.4119999999999
1817,1055,1599,1,4254.12,60.02,4194.1,30,2977.884
1818,1055,620,1,172365.66,3999.32,168366.34,0,172365.66
1819,1056,133,1,2306.36,207.58,2098.78,0,2306.36
1820,1057,76,2,14993.91,1233.75,28754.07,30,10495.737
1821,1058,1346,1,3515.07,0.0,3515.07,0,3515.07
1822,1059,681,1,766.31,0.0,766.31,20,613.048
1823,1060,1323,1,7044.95,0.0,7044.95,10,6340.455
1824,1061,669,1,22639.24,2689.09,19950.15,0,22639.24
1825,1062,687,1,1968.64,0.0,1968.64,10,1771.776
1826,1062,1136,1,11889.97,0.0,11889.97,10,10700.973
1827,1062,809,1,36231.4,0.0,36231.4,10,32608.26
1828,1062,1098,2,48652.71,0.0,97305.42,20,38922.168
1829,1063,258,1,1648.24,222.09,1426.15,30,1153.768
1830,1064,1166,3,2881.52,0.0,8644.56,30,2017.064
1831,1064,945,1,1136.14,0.0,1136.14,10,1022.526
1832,1065,192,1,32254.74,2214.61,30040.13,10,29029.266000000003
1833,1065,409,1,1326.94,178.59,1148.35,0,1326.94
1834,1065,1543,1,3269.88,1.16,3268.72,30,2288.916
1835,1065,550,1,2021.43,4.52,2016.91,10,1819.287
1836,1065,94,1,43997.06,4776.85,39220.21,30,30797.941999999995
1837,1066,292,1,42595.72,0.0,42595.72,20,34076.576
1838,1067,995,1,3973.98,0.0,3973.98,20,3179.184
1839,1068,991,2,6557.76,1915.02,11200.5,20,5246.2080000000005
1840,1068,165,1,4937.72,678.92,4258.8,30,3456.404
1841,1069,106,1,23476.97,1460.55,22016.42,20,18781.576
1842,1069,614,2,1468.78,151.74,2785.82,30,1028.146
1843,1070,741,1,2631.03,0.0,2631.03,10,2367.927
1844,1070,767,1,2061.1,0.0,2061.1,10,1854.99
1845,1071,296,1,13792.96,0.0,13792.96,30,9655.071999999998
1846,1072,921,1,158189.7,17324.95,140864.75,30,110732.79
1847,1072,907,1,1423.0,170.56,1252.44,10,1280.7
1848,1072,1475,1,57952.35,402.73,57549.62,30,40566.645
1849,1073,989,1,673.12,29.6,643.52,30,471.184
1850,1073,1272,1,126747.72,18829.7,107918.02,0,126747.72
1851,1074,1392,2,14134.24,1538.81,26729.67,20,11307.392
1852,1075,1007,1,7088.49,305.83,6782.66,30,4961.942999999999
1853,1075,679,1,3603.31,126.56,3476.75,30,2522.317
1854,1076,873,1,1037.71,84.07,953.64,20,830.1680000000001
1855,1076,5,1,331.76,23.17,308.59,10,298.584
1856,1076,1433,2,5322.5,1049.55,9595.45,20,4258.0
1857,1077,1432,1,1342.16,0.0,1342.16,30,939.512
1858,1078,934,3,3198.99,1046.13,8550.84,10,2879.091
1859,1078,1228,1,8753.11,511.79,8241.32,0,8753.11
1860,1079,189,2,2123.95,309.41,3938.49,10,1911.555
1861,1079,1413,1,3338.33,158.02,3180.31,0,3338.33
1862,1080,914,1,3732.26,147.91,3584.35,10,3359.034
1863,1081,912,1,767.48,0.0,767.48,10,690.7320000000001
1864,1081,352,1,93433.5,0.0,93433.5,20,74746.8
1865,1082,1028,1,108995.56,1363.54,107632.02,20,87196.448
1866,1083,306,1,223.24,1.42,221.82,0,223.24
1867,1083,603,1,1974.14,262.38,1711.76,20,1579.312
1868,1083,752,1,9440.91,629.28,8811.63,10,8496.819
1869,1084,140,1,2580.55,64.12,2516.43,30,1806.385
1870,1085,1113,1,4930.52,687.05,4243.47,0,4930.52
1871,1085,1341,3,36074.93,3736.19,104488.6,30,25252.451
1872,1086,1042,1,90516.75,0.0,90516.75,30,63361.725
1873,1086,1478,1,730.4,0.0,730.4,20,584.32
1874,1087,576,1,152207.42,14638.15,137569.27,30,106545.194
1875,1088,1566,1,2317.3,12.16,2305.14,30,1622.11
1876,1089,766,1,77346.82,11573.87,65772.95,30,54142.774000000005
1877,1090,975,1,17084.55,0.0,17084.55,0,17084.55
1878,1091,1118,1,2926.02,85.36,2840.66,30,2048.214
1879,1091,444,1,3621.4,214.98,3406.42,10,3259.26
1880,1092,33,1,2675.61,95.9,2579.71,10,2408.049
1881,1092,1408,2,4470.06,960.75,7979.37,30,3129.042
1882,1093,1563,1,30864.11,0.0,30864.11,10,27777.699
1883,1094,541,1,43654.41,0.0,43654.41,0,43654.41
1884,1094,731,2,3899.67,0.0,7799.34,20,3119.7360000000003
1885,1094,435,1,1009.65,0.0,1009.65,0,1009.65
1886,1095,292,1,42595.72,389.79,42205.93,20,34076.576
1887,1095,617,1,3079.68,199.95,2879.73,0,3079.68
1888,1095,806,1,147721.74,10764.61,136957.13,0,147721.74
1889,1095,1154,1,77226.75,10111.94,67114.81,20,61781.4
1890,1096,1474,1,74873.86,10300.0,64573.86,20,59899.088
1891,1097,321,3,14713.75,0.0,44141.25,30,10299.625
1892,1098,1048,1,71604.88,0.0,71604.88,20,57283.90400000001
1893,1098,1396,1,4528.45,0.0,4528.45,30,3169.9149999999995
1894,1098,985,1,3261.61,0.0,3261.61,0,3261.61
1895,1099,1379,1,78359.54,5313.92,73045.62,20,62687.632
1896,1099,1066,1,25768.02,2752.79,23015.23,30,18037.614
1897,1099,549,1,36173.12,170.27,36002.85,0,36173.12
1898,1099,311,1,5092.96,324.91,4768.05,20,4074.368
1899,1099,295,2,2098.64,407.34,3789.94,20,1678.912
1900,1100,282,1,2944.8,250.75,2694.05,20,2355.84
1901,1100,404,1,47358.62,4220.53,43138.09,20,37886.896
1902,1101,538,1,636.0,0.0,636.0,30,445.2
1903,1101,1212,1,157753.88,0.0,157753.88,30,110427.716
1904,1102,961,1,89733.28,0.0,89733.28,0,89733.28
1905,1103,1481,1,22590.89,835.81,21755.08,0,22590.89
1906,1104,197,1,4870.47,329.51,4540.96,0,4870.47
1907,1105,1239,1,1812.2,0.0,1812.2,0,1812.2
1908,1106,101,1,68775.54,0.0,68775.54,10,61897.986
1909,1107,1564,1,87286.27,0.0,87286.27,0,87286.27
1910,1108,702,1,2389.45,0.0,2389.45,30,1672.6149999999998
1911,1108,1567,1,119671.35,0.0,119671.35,0,119671.35
1912,1108,1165,2,452.74,0.0,905.48,10,407.466
1913,1109,1017,2,2847.67,0.0,5695.34,20,2278.136
1914,1110,990,1,79255.34,0.0,79255.34,30,55478.738
1915,1111,1309,1,1320.81,126.75,1194.06,10,1188.729
1916,1111,341,2,48560.82,12270.7,84850.94,30,33992.574
1917,1112,1553,1,2742.09,137.93,2604.16,20,2193.672
1918,1112,1534,1,8395.14,796.32,7598.82,0,8395.14
1919,1113,1572,1,2427.87,0.0,2427.87,30,1699.5089999999998
1920,1113,210,1,1699.58,0.0,1699.58,30,1189.706
1921,1113,340,2,652.5,0.0,1305.0,30,456.75
1922,1114,1141,2,2583.37,596.62,4570.12,20,2066.696
1923,1114,745,1,64361.62,6725.86,57635.76,30,45053.134
1924,1114,1130,1,96459.24,8693.86,87765.38,0,96459.24
1925,1114,1479,1,948.68,129.62,819.06,10,853.812
1926,1114,264,1,1134.64,97.3,1037.34,30,794.248
1927,1115,1210,1,769.6,0.0,769.6,0,769.6
1928,1116,1527,1,6369.71,0.0,6369.71,10,5732.7390000000005
1929,1117,1089,1,76783.54,831.02,75952.52,10,69105.186
1930,1117,1481,1,22590.89,1536.38,21054.51,10,20331.801
1931,1118,1296,1,1446.41,95.29,1351.12,10,1301.769
1932,1118,1011,1,105248.63,402.05,104846.58,30,73674.041
1933,1118,917,1,974.63,22.8,951.83,0,974.63
1934,1118,346,1,1214.52,0.39,1214.13,0,1214.52
1935,1119,1509,1,39314.87,0.0,39314.87,30,27520.409
1936,1120,690,2,2245.24,0.0,4490.48,30,1571.6679999999997
1937,1120,838,1,1056.26,0.0,1056.26,10,950.634
1938,1121,477,1,1565.23,0.0,1565.23,10,1408.707
1939,1121,753,1,1238.31,0.0,1238.31,0,1238.31
1940,1121,150,1,43135.57,0.0,43135.57,20,34508.456
1941,1121,1501,1,31743.02,0.0,31743.02,10,28568.718
1942,1121,955,1,3121.71,0.0,3121.71,20,2497.3680000000004
1943,1122,115,1,362.06,0.0,362.06,0,362.06
1944,1123,677,1,1113.35,0.0,1113.35,20,890.68
1945,1123,852,2,2573.04,0.0,5146.08,20,2058.432
1946,1124,1344,1,765.13,78.28,686.85,20,612.104
1947,1124,560,1,30947.74,3130.36,27817.38,0,30947.74
1948,1125,1231,3,2323.31,0.0,6969.93,0,2323.31
1949,1126,615,1,513.46,49.15,464.31,0,513.46
1950,1127,99,1,2052.78,0.0,2052.78,0,2052.78
1951,1127,1065,1,3958.62,0.0,3958.62,30,2771.034
1952,1128,660,1,41679.89,4737.38,36942.51,0,41679.89
1953,1128,385,1,1018.09,64.78,953.31,0,1018.09
1954,1128,165,1,4937.72,312.88,4624.84,10,4443.948
1955,1128,988,1,2273.35,326.09,1947.26,0,2273.35
1956,1128,1025,1,2450.74,152.01,2298.73,0,2450.74
1957,1129,985,1,3261.61,159.44,3102.17,10,2935.449
1958,1129,413,2,2455.33,550.96,4359.7,0,2455.33
1959,1130,1473,1,1456.73,0.0,1456.73,20,1165.384
1960,1130,326,1,1199.33,0.0,1199.33,10,1079.397
1961,1131,312,2,1612.79,0.0,3225.58,10,1451.511
1962,1131,522,1,664.42,0.0,664.42,10,597.978
1963,1132,460,1,25787.51,1958.5,23829.01,20,20630.008
1964,1133,677,1,1113.35,5.27,1108.08,30,779.3449999999999
1965,1134,153,1,39307.26,0.0,39307.26,10,35376.534
1966,1135,1373,1,21018.4,0.0,21018.4,30,14712.88
1967,1136,1005,3,5455.75,2052.58,14314.67,10,4910.175
1968,1137,1405,1,2466.18,94.2,2371.98,20,1972.944
1969,1138,1403,1,2570.65,52.89,2517.76,20,2056.52
1970,1138,21,2,417.88,6.06,829.7,20,334.30400000000003
1971,1138,639,1,1460.92,2.56,1458.36,0,1460.92
1972,1138,501,2,2459.62,174.18,4745.06,30,1721.734
1973,1138,1186,1,2233.01,101.01,2132.0,30,1563.107
1974,1139,24,1,143987.71,0.0,143987.71,10,129588.939
1975,1140,1550,1,1412.93,43.48,1369.45,10,1271.6370000000002
1976,1140,588,1,2898.84,206.21,2692.63,0,2898.84
1977,1140,888,2,3404.87,317.27,6492.47,30,2383.409
1978,1140,1482,1,3329.89,352.32,2977.57,20,2663.9120000000003
1979,1141,28,1,101663.1,7566.57,94096.53,30,71164.17
1980,1142,1431,1,949.29,87.61,861.68,10,854.361
1981,1143,965,1,1353.94,94.26,1259.68,0,1353.94
1982,1144,23,1,2254.98,269.46,1985.52,20,1803.984
1983,1144,1157,1,4990.11,512.31,4477.8,0,4990.11
1984,1145,97,1,286.42,0.0,286.42,10,257.778
1985,1145,1196,1,4357.76,0.0,4357.76,20,3486.2080000000005
1986,1145,992,1,768.3,0.0,768.3,10,691.47
1987,1146,1541,1,22410.21,0.0,22410.21,20,17928.168
1988,1146,26,2,4152.23,0.0,8304.46,10,3737.007
1989,1146,610,3,1489.26,0.0,4467.78,30,1042.482
1990,1147,255,1,109573.83,1501.15,108072.68,0,109573.83
1991,1147,275,1,33185.93,2561.62,30624.31,0,33185.93
1992,1147,1455,2,1924.18,94.17,3754.19,10,1731.7620000000002
1993,1147,1393,2,36343.46,788.44,71898.48,30,25440.422
1994,1148,1059,1,3113.14,0.0,3113.14,30,2179.198
1995,1148,457,2,805.01,0.0,1610.02,0,805.01
1996,1148,522,2,664.42,0.0,1328.84,10,597.978
1997,1148,53,1,2531.12,0.0,2531.12,10,2278.008
1998,1149,175,1,579.09,43.87,535.22,20,463.2720000000001
1999,1150,490,1,119759.19,5123.91,114635.28,10,107783.271
2000,1150,1000,1,116356.97,9477.25,106879.72,30,81449.879
2001,1151,1159,1,285.32,0.0,285.32,0,285.32
2002,1151,1422,1,1818.34,0.0,1818.34,0,1818.34
2003,1151,1160,1,3385.71,0.0,3385.71,10,3047.139
2004,1152,697,1,415.23,0.0,415.23,30,290.661
2005,1152,134,1,11908.53,0.0,11908.53,30,8335.971
2006,1153,1171,1,14343.47,1788.09,12555.38,20,11474.776
2007,1153,290,1,32947.49,3735.0,29212.49,30,23063.243
2008,1154,165,1,4937.72,419.49,4518.23,0,4937.72
2009,1155,144,1,2699.16,289.64,2409.52,10,2429.244
2010,1156,1209,1,3547.28,0.0,3547.28,10,3192.552
2011,1156,1168,1,918.19,0.0,918.19,10,826.3710000000001
2012,1157,602,1,3153.82,75.96,3077.86,30,2207.674
2013,1158,848,1,2664.89,240.03,2424.86,10,2398.401
2014,1159,66,1,2441.02,24.98,2416.04,20,1952.816
2015,1160,946,1,69896.98,4174.62,65722.36,10,62907.282
2016,1161,143,1,2617.21,0.0,2617.21,20,2093.768
2017,1161,570,1,21654.56,0.0,21654.56,10,19489.104000000003
2018,1161,739,1,79788.12,0.0,79788.12,20,63830.496
2019,1162,1585,1,1472.08,0.0,1472.08,30,1030.456
2020,1163,863,1,3692.9,304.47,3388.43,0,3692.9
2021,1163,501,2,2459.62,598.72,4320.52,30,1721.734
2022,1163,666,1,996.62,10.53,986.09,10,896.958
2023,1163,117,1,19742.72,1392.1,18350.62,0,19742.72
2024,1164,708,1,71148.88,8999.97,62148.91,20,56919.10400000001
2025,1165,1521,1,2652.67,118.2,2534.47,30,1856.869
2026,1166,1145,1,539.28,0.0,539.28,0,539.28
2027,1167,359,2,35865.56,775.51,70955.61,0,35865.56
2028,1168,1366,1,40406.93,2992.29,37414.64,30,28284.851
2029,1169,436,2,147796.0,0.0,295592.0,20,118236.8
2030,1169,162,1,1247.4,0.0,1247.4,0,1247.4
2031,1170,346,1,1214.52,72.53,1141.99,10,1093.068
2032,1170,913,1,1299.34,193.64,1105.7,0,1299.34
2033,1171,1427,1,1223.85,84.54,1139.31,30,856.6949999999999
2034,1172,39,1,15502.07,690.44,14811.63,0,15502.07
2035,1173,978,1,2725.86,369.64,2356.22,0,2725.86
2036,1173,1323,1,7044.95,310.73,6734.22,10,6340.455
2037,1174,839,1,289.42,42.92,246.5,30,202.594
2038,1175,248,1,1908.15,0.0,1908.15,30,1335.705
2039,1175,338,1,991.94,0.0,991.94,10,892.7460000000001
2040,1175,1490,1,516.42,0.0,516.42,20,413.136
2041,1175,498,1,6323.41,0.0,6323.41,10,5691.069
2042,1175,1215,1,3634.8,0.0,3634.8,30,2544.36
2043,1176,1346,1,3515.07,0.0,3515.07,10,3163.563
2044,1177,223,1,986.9,52.24,934.66,20,789.52
2045,1178,412,1,5380.91,91.23,5289.68,10,4842.819
2046,1178,617,1,3079.68,109.35,2970.33,30,2155.776
2047,1179,1411,2,114539.75,23888.29,205191.21,20,91631.8
2048,1179,177,1,1395.34,138.49,1256.85,0,1395.34
2049,1180,1473,1,1456.73,100.16,1356.57,10,1311.057
2050,1181,323,1,87171.31,0.0,87171.31,0,87171.31
2051,1182,634,1,128711.83,3537.48,125174.35,20,102969.464
2052,1183,1440,1,357.51,0.0,357.51,10,321.759
2053,1184,199,1,26074.89,3628.3,22446.59,20,20859.912
2054,1185,1032,1,3691.19,0.0,3691.19,30,2583.833
2055,1186,154,1,3811.09,0.0,3811.09,20,3048.8720000000003
2056,1187,570,1,21654.56,1308.67,20345.89,30,15158.192
2057,1188,999,1,3833.28,501.09,3332.19,10,3449.952
2058,1189,362,3,122309.51,13111.44,353817.09,20,97847.608
2059,1190,1378,1,1742.34,51.78,1690.56,0,1742.34
2060,1191,50,1,7178.02,154.8,7023.22,0,7178.02
2061,1191,922,1,1939.57,61.56,1878.01,10,1745.613
2062,1191,1595,1,18497.48,1738.07,16759.41,10,16647.732
2063,1191,1571,1,365.21,31.27,333.94,30,255.647
2064,1192,623,1,4342.57,0.0,4342.57,0,4342.57
2065,1193,359,3,35865.56,0.0,107596.68,0,35865.56
2066,1193,1083,1,384.05,0.0,384.05,20,307.24
2067,1194,554,1,1946.28,0.0,1946.28,20,1557.024
2068,1195,1033,1,6964.85,0.0,6964.85,30,4875.395
2069,1196,1557,1,4550.75,575.24,3975.51,10,4095.675
2070,1196,1450,1,2010.76,271.23,1739.53,20,1608.6080000000002
2071,1197,1297,1,1036.51,148.79,887.72,30,725.5569999999999
2072,1198,316,3,4284.75,784.24,12070.01,30,2999.325
2073,1199,679,1,3603.31,0.0,3603.31,10,3242.979
2074,1200,414,1,6207.38,0.0,6207.38,0,6207.38
2075,1201,1127,1,4770.92,0.0,4770.92,30,3339.644
2076,1202,1498,1,2948.83,0.0,2948.83,30,2064.181
2077,1203,552,1,2589.95,374.8,2215.15,20,2071.96
2078,1204,907,1,1423.0,50.85,1372.15,10,1280.7
2079,1205,1000,2,116356.97,0.0,232713.94,0,116356.97
2080,1205,1219,1,1611.72,0.0,1611.72,20,1289.3760000000002
2081,1206,840,2,162782.38,3452.97,322111.79,10,146504.14200000002
2082,1206,1539,2,1510.58,53.1,2968.06,20,1208.464
2083,1207,779,1,1855.31,273.58,1581.73,30,1298.717
2084,1208,363,1,3377.19,58.46,3318.73,30,2364.033
2085,1208,466,1,92637.16,6701.85,85935.31,0,92637.16
2086,1209,347,1,38655.66,5341.15,33314.51,20,30924.52800000001
2087,1210,1397,1,18699.32,0.0,18699.32,0,18699.32
2088,1211,532,1,3702.86,282.57,3420.29,20,2962.2880000000005
2089,1211,1367,1,1115.97,93.34,1022.63,0,1115.97
2090,1212,54,1,86418.7,6545.53,79873.17,0,86418.7
2091,1213,1278,1,110118.08,0.0,110118.08,20,88094.464
2092,1214,801,1,13055.24,780.73,12274.51,30,9138.668
2093,1215,1131,2,1576.54,0.0,3153.08,0,1576.54
2094,1215,322,1,8789.14,0.0,8789.14,30,6152.397999999999
2095,1215,1001,1,47120.94,0.0,47120.94,0,47120.94
2096,1216,708,1,71148.88,5263.23,65885.65,20,56919.10400000001
2097,1216,186,2,118273.99,6151.55,230396.43,0,118273.99
2098,1217,449,1,35199.45,0.0,35199.45,10,31679.505
2099,1218,893,1,1487.95,85.56,1402.39,20,1190.36
2100,1219,1123,2,3390.11,548.49,6231.73,10,3051.099
2101,1219,1599,1,4254.12,107.21,4146.91,30,2977.884
2102,1220,497,1,3615.69,535.91,3079.78,30,2530.983
2103,1220,707,1,2710.38,24.67,2685.71,10,2439.342
2104,1220,509,1,131134.7,18607.92,112526.78,30,91794.29
2105,1220,1254,1,93864.59,8246.04,85618.55,20,75091.672
2106,1221,247,2,2539.27,0.0,5078.54,0,2539.27
2107,1221,1113,2,4930.52,0.0,9861.04,30,3451.364
2108,1222,1049,1,26000.8,325.82,25674.98,30,18200.56
2109,1223,1285,1,571.66,0.0,571.66,10,514.494
2110,1223,161,1,1230.1,0.0,1230.1,0,1230.1
2111,1224,724,1,625.35,22.51,602.84,30,437.745
2112,1225,386,1,5216.92,0.0,5216.92,20,4173.536
2113,1225,291,1,21975.24,0.0,21975.24,30,15382.668
2114,1225,831,1,3180.63,0.0,3180.63,10,2862.567
2115,1226,936,1,30096.25,3250.63,26845.62,20,24077.0
2116,1227,260,1,631.42,0.0,631.42,20,505.136
2117,1228,1004,2,2995.17,723.02,5267.32,0,2995.17
2118,1229,51,1,467.19,0.0,467.19,20,373.752
2119,1229,262,1,2826.04,0.0,2826.04,20,2260.832
2120,1229,103,1,3868.11,0.0,3868.11,20,3094.4880000000003
2121,1230,1118,1,2926.02,380.62,2545.4,0,2926.02
2122,1231,657,1,60338.17,6685.34,53652.83,30,42236.719
2123,1232,1202,2,54005.3,2499.65,105510.95,0,54005.3
2124,1232,322,3,8789.14,2141.66,24225.76,10,7910.226
2125,1233,1250,1,42939.79,354.87,42584.92,10,38645.811
2126,1234,1144,1,1149.43,101.39,1048.04,10,1034.487
2127,1235,492,2,705.8,8.55,1403.05,20,564.64
2128,1236,141,2,1702.25,0.0,3404.5,10,1532.025
2129,1237,1157,1,4990.11,0.0,4990.11,20,3992.088
2130,1237,632,1,2584.26,0.0,2584.26,20,2067.4080000000004
2131,1238,345,1,1234.99,149.4,1085.59,30,864.4929999999999
2132,1239,216,1,3406.16,0.0,3406.16,10,3065.544
2133,1240,184,1,392.62,0.0,392.62,10,353.358
2134,1240,1102,1,124939.04,0.0,124939.04,0,124939.04
2135,1241,1598,1,3087.47,16.69,3070.78,30,2161.229
2136,1242,1143,1,761.45,0.32,761.13,30,533.015
2137,1243,236,1,4589.61,403.99,4185.62,10,4130.648999999999
2138,1243,1027,3,37556.23,8078.92,104589.77,20,30044.984000000004
2139,1243,189,1,2123.95,250.25,1873.7,20,1699.16
2140,1243,468,1,22472.15,1383.31,21088.84,0,22472.15
2141,1244,1397,1,18699.32,855.64,17843.68,0,18699.32
2142,1245,1218,1,143821.79,0.0,143821.79,20,115057.43200000002
2143,1246,1542,3,1880.53,212.53,5429.06,20,1504.424
2144,1246,400,1,767.7,72.85,694.85,20,614.1600000000001
2145,1246,1551,1,2108.02,286.4,1821.62,20,1686.4160000000002
2146,1246,159,1,332.72,30.93,301.79,10,299.44800000000004
2147,1247,735,1,70211.49,5973.67,64237.82,30,49148.043
2148,1248,440,1,1285.35,0.0,1285.35,0,1285.35
2149,1248,749,1,5523.77,0.0,5523.77,0,5523.77
2150,1249,1159,1,285.32,0.0,285.32,20,228.256
2151,1250,1248,1,1795.23,73.86,1721.37,20,1436.1840000000002
2152,1251,347,1,38655.66,3815.71,34839.95,10,34790.094000000005
2153,1251,1509,2,39314.87,3106.18,75523.56,10,35383.383
2154,1252,1459,1,3227.95,440.14,2787.81,0,3227.95
2155,1252,366,2,1689.79,410.12,2969.46,30,1182.8529999999998
2156,1252,1223,1,11259.67,513.54,10746.13,0,11259.67
2157,1252,831,1,3180.63,211.08,2969.55,30,2226.441
2158,1253,534,1,1012.79,135.89,876.9,30,708.953
2159,1253,1087,1,1167.58,23.59,1143.99,30,817.3059999999999
2160,1253,274,2,61941.5,2.02,123880.98,0,61941.5
2161,1254,1276,1,5685.06,0.0,5685.06,30,3979.542
2162,1254,598,3,3271.1,0.0,9813.3,30,2289.77
2163,1255,861,1,36518.21,401.1,36117.11,0,36518.21
2164,1256,982,3,1009.34,109.77,2918.25,0,1009.34
2165,1256,601,1,131194.89,10852.3,120342.59,20,104955.912
2166,1257,1198,1,2934.15,345.55,2588.6,0,2934.15
2167,1258,1382,1,42827.29,3824.15,39003.14,30,29979.103
2168,1258,989,1,673.12,82.78,590.34,20,538.496
2169,1258,835,3,522.2,151.12,1415.48,10,469.9800000000001
2170,1258,731,1,3899.67,413.73,3485.94,30,2729.769
2171,1259,1095,1,2693.75,347.8,2345.95,0,2693.75
2172,1260,1555,1,2372.47,312.02,2060.45,10,2135.223
2173,1260,642,1,42255.27,1623.4,40631.87,10,38029.743
2174,1260,104,1,1053.46,59.85,993.61,30,737.422
2175,1260,155,2,6759.98,184.32,13335.64,30,4731.985999999999
2176,1261,1234,2,108776.14,16774.63,200777.65,20,87020.91200000001
2177,1261,216,1,3406.16,108.14,3298.02,20,2724.928
2178,1261,655,2,1461.36,40.18,2882.54,20,1169.088
2179,1261,459,1,2056.03,256.21,1799.82,30,1439.221
2180,1261,346,1,1214.52,148.17,1066.35,20,971.616
2181,1262,609,1,3352.06,199.11,3152.95,30,2346.442
2182,1263,772,1,1518.07,148.7,1369.37,10,1366.263
2183,1263,857,1,119370.94,7804.96,111565.98,0,119370.94
2184,1263,147,1,3458.77,463.08,2995.69,20,2767.016
2185,1263,234,2,47459.41,2710.4,92208.42,30,33221.587
2186,1264,830,1,37463.22,2931.08,34532.14,20,29970.576
2187,1265,944,1,9096.72,1276.84,7819.88,20,7277.376
2188,1265,90,1,664.2,31.44,632.76,10,597.7800000000001
2189,1266,362,1,122309.51,2333.49,119976.02,10,110078.559
2190,1266,935,1,1851.82,105.5,1746.32,20,1481.456
2191,1267,329,1,110700.38,0.0,110700.38,30,77490.266
2192,1267,334,1,1881.36,0.0,1881.36,0,1881.36
2193,1267,1107,1,112320.64,0.0,112320.64,10,101088.576
2194,1268,888,1,3404.87,0.0,3404.87,10,3064.383
2195,1268,1343,1,1805.81,0.0,1805.81,0,1805.81
2196,1269,1044,1,9021.21,2.24,9018.97,20,7216.968
2197,1269,979,1,4138.39,226.36,3912.03,0,4138.39
2198,1269,886,1,293.19,0.57,292.62,10,263.871
2199,1269,465,1,3059.86,386.1,2673.76,20,2447.8880000000004
2200,1269,1086,1,1518.57,10.52,1508.05,20,1214.856
2201,1270,1190,2,2241.66,0.0,4483.32,10,2017.494
2202,1270,1222,1,5286.96,0.0,5286.96,20,4229.568
2203,1271,895,2,2219.6,0.0,4439.2,30,1553.7199999999998
2204,1272,258,1,1648.24,78.8,1569.44,30,1153.768
2205,1273,897,1,1844.43,75.34,1769.09,10,1659.987
2206,1274,191,1,1689.13,0.0,1689.13,10,1520.217
2207,1275,1545,2,82188.32,0.0,164376.64,20,65750.656
2208,1276,62,1,1751.48,3.96,1747.52,20,1401.1840000000002
2209,1277,549,1,36173.12,1450.99,34722.13,0,36173.12
2210,1277,662,1,1180.85,80.1,1100.75,10,1062.765
2211,1278,514,1,417.37,0.0,417.37,10,375.633
2212,1279,1489,1,877.0,126.47,750.53,30,613.9
2213,1280,99,1,2052.78,0.0,2052.78,20,1642.2240000000002
2214,1281,408,1,1535.98,137.16,1398.82,0,1535.98
2215,1281,703,1,2132.29,59.86,2072.43,20,1705.832
2216,1282,872,1,369.78,13.02,356.76,0,369.78
2217,1283,210,1,1699.58,72.6,1626.98,30,1189.706
2218,1283,283,2,4572.45,301.03,8843.87,20,3657.96
2219,1283,1061,1,182372.8,22905.48,159467.32,30,127660.95999999998
2220,1283,1498,1,2948.83,272.81,2676.02,0,2948.83
2221,1284,343,1,62248.1,0.0,62248.1,0,62248.1
2222,1285,1280,1,8871.08,0.0,8871.08,0,8871.08
2223,1286,321,1,14713.75,1431.03,13282.72,20,11771.0
2224,1287,1581,1,148976.59,0.0,148976.59,30,104283.613
2225,1287,308,2,93084.78,0.0,186169.56,30,65159.346
2226,1288,886,1,293.19,26.79,266.4,20,234.552
2227,1289,1150,1,2765.55,140.23,2625.32,0,2765.55
2228,1290,1369,1,1514.51,142.64,1371.87,20,1211.608
2229,1291,1414,1,605.84,0.0,605.84,30,424.088
2230,1291,247,2,2539.27,0.0,5078.54,20,2031.416
2231,1291,1498,1,2948.83,0.0,2948.83,10,2653.947
2232,1292,442,1,1278.0,0.0,1278.0,20,1022.4
2233,1293,1118,1,2926.02,0.0,2926.02,10,2633.418
2234,1294,741,1,2631.03,193.61,2437.42,30,1841.721
2235,1295,404,3,47358.62,11116.28,130959.58,0,47358.62
2236,1296,661,1,31896.24,0.0,31896.24,20,25516.992
2237,1296,444,2,3621.4,0.0,7242.8,20,2897.1200000000003
2238,1297,1594,2,1943.32,361.84,3524.8,30,1360.3239999999998
2239,1297,1066,1,25768.02,3694.37,22073.65,0,25768.02
2240,1298,1111,3,92338.19,21763.93,255250.64,10,83104.371
2241,1298,39,1,15502.07,1085.03,14417.04,30,10851.449
2242,1299,1544,2,5232.67,0.0,10465.34,30,3662.869
2243,1300,708,1,71148.88,0.0,71148.88,0,71148.88
2244,1301,988,1,2273.35,182.45,2090.9,10,2046.015
2245,1301,1256,1,3347.61,79.47,3268.14,30,2343.327
2246,1301,465,1,3059.86,230.35,2829.51,0,3059.86
2247,1301,1581,1,148976.59,12463.77,136512.82,0,148976.59
2248,1302,168,1,24098.28,0.0,24098.28,10,21688.452
2249,1303,56,1,174294.31,8041.0,166253.31,10,156864.87900000002
2250,1304,848,1,2664.89,325.89,2339.0,10,2398.401
2251,1305,1391,1,4780.43,0.0,4780.43,30,3346.301
2252,1306,839,1,289.42,0.13,289.29,30,202.594
2253,1306,71,1,75515.31,4129.82,71385.49,0,75515.31
2254,1307,574,1,2746.95,367.57,2379.38,20,2197.56
2255,1307,957,1,20246.89,3021.07,17225.82,20,16197.512
2256,1307,1202,1,54005.3,2077.29,51928.01,10,48604.77
2257,1307,1101,1,2240.73,10.64,2230.09,0,2240.73
2258,1308,325,1,1424.65,21.79,1402.86,30,997.255
2259,1308,1222,1,5286.96,68.4,5218.56,30,3700.872
2260,1309,601,1,131194.89,12992.19,118202.7,0,131194.89
2261,1310,434,1,3512.59,0.0,3512.59,10,3161.331
2262,1310,1251,1,5415.24,0.0,5415.24,20,4332.192
2263,1310,963,3,121884.72,0.0,365654.16,20,97507.776
2264,1310,1339,1,21281.34,0.0,21281.34,10,19153.206
2265,1310,1463,1,77244.61,0.0,77244.61,10,69520.149
2266,1311,1003,1,3138.55,0.0,3138.55,20,2510.84
2267,1311,852,1,2573.04,0.0,2573.04,10,2315.736
2268,1312,1320,1,44898.72,0.0,44898.72,30,31429.104
2269,1313,1428,1,1939.56,0.0,1939.56,30,1357.6919999999998
2270,1313,373,1,2258.78,0.0,2258.78,10,2032.9020000000005
2271,1314,526,1,69280.39,2683.59,66596.8,0,69280.39
2272,1314,644,1,2644.87,31.36,2613.51,30,1851.409
2273,1315,889,1,3143.04,326.72,2816.32,20,2514.432
2274,1315,353,1,2714.1,126.94,2587.16,30,1899.87
2275,1316,1217,1,2877.25,262.12,2615.13,30,2014.075
2276,1317,535,1,1119.88,24.88,1095.0,10,1007.8920000000002
2277,1317,1340,1,4036.45,136.84,3899.61,30,2825.515
2278,1318,807,1,39492.14,0.0,39492.14,10,35542.926
2279,1318,597,3,2650.0,0.0,7950.0,10,2385.0
2280,1319,944,1,9096.72,0.0,9096.72,20,7277.376
2281,1320,50,1,7178.02,292.16,6885.86,30,5024.614
2282,1320,249,2,2119.28,26.19,4212.37,10,1907.3520000000003
2283,1321,376,2,1921.2,239.94,3602.46,20,1536.96
2284,1321,1394,2,2331.14,638.73,4023.55,10,2098.026
2285,1322,194,1,2698.45,0.0,2698.45,20,2158.76
2286,1323,539,3,3567.48,0.0,10702.44,0,3567.48
2287,1324,786,1,521.58,12.9,508.68,0,521.58
2288,1325,694,1,16383.26,1816.65,14566.61,0,16383.26
2289,1326,80,1,5102.56,0.0,5102.56,0,5102.56
2290,1327,1026,1,16347.09,855.21,15491.88,0,16347.09
2291,1328,208,1,7944.3,0.0,7944.3,0,7944.3
2292,1328,248,1,1908.15,0.0,1908.15,30,1335.705
2293,1328,444,1,3621.4,0.0,3621.4,0,3621.4
2294,1329,499,1,2538.2,204.09,2334.11,30,1776.7399999999998
2295,1330,1494,1,18167.06,0.0,18167.06,0,18167.06
2296,1331,1316,1,343.7,0.0,343.7,10,309.33
2297,1332,265,1,1326.78,0.0,1326.78,0,1326.78
2298,1332,987,1,719.67,0.0,719.67,20,575.736
2299,1332,1588,1,3756.94,0.0,3756.94,10,3381.246
2300,1332,1317,1,2594.28,0.0,2594.28,30,1815.996
2301,1333,888,1,3404.87,126.0,3278.87,0,3404.87
2302,1333,97,1,286.42,0.09,286.33,20,229.136
2303,1334,1219,2,1611.72,25.0,3198.44,20,1289.3760000000002
2304,1335,233,3,2640.21,134.83,7785.8,0,2640.21
2305,1335,755,2,118973.39,35453.58,202493.2,30,83281.37299999999
2306,1336,361,1,670.56,58.58,611.98,10,603.504
2307,1337,1,1,3822.34,451.46,3370.88,20,3057.8720000000003
2308,1338,914,1,3732.26,244.96,3487.3,0,3732.26
2309,1338,239,1,2760.99,182.47,2578.52,20,2208.792
2310,1339,1305,1,2759.94,0.0,2759.94,10,2483.946
2311,1340,560,1,30947.74,2308.84,28638.9,20,24758.192000000003
2312,1340,139,3,1485.23,138.33,4317.36,0,1485.23
2313,1341,462,3,80667.3,24853.58,217148.32,20,64533.84
2314,1342,1299,3,3414.72,18.69,10225.47,30,2390.304
2315,1343,1091,1,88617.11,0.0,88617.11,0,88617.11
2316,1343,708,3,71148.88,0.0,213446.64,10,64033.992000000006
2317,1343,1454,2,2482.25,0.0,4964.5,20,1985.8
2318,1344,132,3,2548.46,653.67,6991.71,30,1783.922
2319,1345,812,1,24603.28,3021.36,21581.92,30,17222.296
2320,1346,435,1,1009.65,0.0,1009.65,10,908.685
2321,1346,911,1,108679.97,0.0,108679.97,0,108679.97
2322,1346,812,1,24603.28,0.0,24603.28,10,22142.952
2323,1346,968,1,4831.61,0.0,4831.61,0,4831.61
2324,1346,1218,1,143821.79,0.0,143821.79,20,115057.43200000002
2325,1347,1286,1,41910.79,0.0,41910.79,30,29337.553
2326,1348,1513,2,2099.25,45.83,4152.67,0,2099.25
2327,1348,240,1,138590.82,11865.91,126724.91,10,124731.738
2328,1349,1391,1,4780.43,272.76,4507.67,30,3346.301
2329,1350,165,1,4937.72,383.91,4553.81,0,4937.72
2330,1351,1393,2,36343.46,7842.33,64844.59,0,36343.46
2331,1352,1244,2,3810.15,235.91,7384.39,10,3429.135
2332,1352,1481,1,22590.89,524.38,22066.51,20,18072.712
2333,1353,841,1,81685.68,1735.83,79949.85,30,57179.976
2334,1353,1446,1,9412.43,1128.94,8283.49,10,8471.187
2335,1354,603,1,1974.14,107.48,1866.66,10,1776.726
2336,1354,105,1,172880.36,705.64,172174.72,30,121016.25199999998
2337,1355,1168,1,918.19,129.01,789.18,10,826.3710000000001
2338,1356,264,2,1134.64,0.0,2269.28,10,1021.1760000000002
2339,1356,990,2,79255.34,0.0,158510.68,30,55478.738
2340,1356,1237,1,94515.4,0.0,94515.4,0,94515.4
2341,1357,220,1,3360.14,0.0,3360.14,20,2688.112
2342,1357,79,1,37609.6,0.0,37609.6,0,37609.6
2343,1358,1234,1,108776.14,0.0,108776.14,10,97898.526
2344,1359,1301,1,4881.31,0.0,4881.31,20,3905.0480000000007
2345,1359,1236,2,529.36,0.0,1058.72,20,423.48800000000006
2346,1360,907,2,1423.0,0.0,2846.0,20,1138.4
2347,1360,1043,1,1164.22,0.0,1164.22,20,931.376
2348,1360,1221,1,979.8,0.0,979.8,30,685.8599999999999
2349,1361,1286,1,41910.79,5236.82,36673.97,0,41910.79
2350,1361,1010,1,51993.79,5784.21,46209.58,30,36395.653
2351,1361,27,1,594.98,14.76,580.22,0,594.98
2352,1362,466,1,92637.16,0.0,92637.16,0,92637.16
2353,1362,1313,1,1131.03,0.0,1131.03,20,904.824
2354,1362,458,1,8217.39,0.0,8217.39,10,7395.651
2355,1362,354,1,2738.94,0.0,2738.94,0,2738.94
2356,1362,738,2,47701.21,0.0,95402.42,10,42931.089
2357,1363,974,1,1464.98,113.31,1351.67,0,1464.98
2358,1363,911,2,108679.97,28773.72,188586.22,20,86943.97600000001
2359,1363,374,2,3079.52,47.92,6111.12,0,3079.52
2360,1364,942,1,913.32,0.0,913.32,30,639.324
2361,1364,1203,2,3371.04,0.0,6742.08,0,3371.04
2362,1364,679,1,3603.31,0.0,3603.31,30,2522.317
2363,1364,1357,2,30982.51,0.0,61965.02,30,21687.757
2364,1364,1110,2,1968.96,0.0,3937.92,10,1772.064
2365,1365,900,1,1911.43,75.16,1836.27,0,1911.43
2366,1365,10,3,661.22,188.14,1795.52,0,661.22
2367,1366,687,2,1968.64,0.0,3937.28,30,1378.048
2368,1367,565,1,823.08,120.51,702.57,20,658.464
2369,1368,426,1,804.21,0.0,804.21,20,643.368
2370,1368,100,1,2961.16,0.0,2961.16,0,2961.16
2371,1369,902,1,4514.4,340.17,4174.23,10,4062.96
2372,1369,99,3,2052.78,379.07,5779.27,30,1436.946
2373,1370,383,1,1151.25,0.0,1151.25,20,921.0
2374,1371,1029,1,4067.39,603.71,3463.68,30,2847.173
2375,1372,1333,1,2421.09,357.35,2063.74,30,1694.763
2376,1372,326,1,1199.33,35.05,1164.28,30,839.531
2377,1373,888,1,3404.87,0.0,3404.87,0,3404.87
2378,1374,118,2,29857.44,2991.78,56723.1,30,20900.208
2379,1374,759,1,2014.33,56.26,1958.07,30,1410.031
2380,1375,1371,1,316.58,4.22,312.36,20,253.264
2381,1375,386,1,5216.92,263.61,4953.31,30,3651.844
2382,1375,1147,1,14582.77,794.05,13788.72,20,11666.216
2383,1376,1014,1,1806.34,77.2,1729.14,10,1625.706
2384,1377,265,1,1326.78,18.11,1308.67,10,1194.102
2385,1378,169,1,6619.4,343.45,6275.95,30,4633.579999999999
2386,1379,1130,2,96459.24,6014.45,186904.03,10,86813.316
2387,1379,1540,1,113226.73,10457.54,102769.19,30,79258.711
2388,1380,726,1,117534.69,0.0,117534.69,10,105781.221
2389,1381,108,1,108060.7,0.0,108060.7,30,75642.48999999999
2390,1382,1283,1,1043.73,0.0,1043.73,30,730.611
2391,1383,1522,1,1156.68,0.0,1156.68,10,1041.0120000000002
2392,1384,54,1,86418.7,5784.77,80633.93,10,77776.83
2393,1384,1478,3,730.4,236.79,1954.41,20,584.32
2394,1385,1162,1,5062.81,0.0,5062.81,30,3543.967
2395,1385,1287,1,87310.61,0.0,87310.61,0,87310.61
2396,1385,94,1,43997.06,0.0,43997.06,0,43997.06
2397,1385,117,1,19742.72,0.0,19742.72,10,17768.448
2398,1385,676,1,2284.87,0.0,2284.87,30,1599.409
2399,1386,629,2,8978.53,295.12,17661.94,10,8080.677000000001
2400,1387,588,1,2898.84,406.31,2492.53,20,2319.072
2401,1388,580,1,870.31,60.74,809.57,10,783.279
2402,1388,717,2,30043.14,1373.94,58712.34,20,24034.512
2403,1389,222,1,129577.13,13203.93,116373.2,20,103661.704
2404,1390,613,1,2400.73,358.06,2042.67,10,2160.657
2405,1391,1068,2,2832.17,0.0,5664.34,10,2548.953
2406,1392,750,2,4599.92,539.24,8660.6,10,4139.928
2407,1392,1311,1,5198.45,510.08,4688.37,20,4158.76
2408,1393,913,1,1299.34,0.0,1299.34,20,1039.472
2409,1394,859,1,1010.17,0.0,1010.17,20,808.136
2410,1395,598,1,3271.1,0.0,3271.1,20,2616.88
2411,1396,1146,1,1018.85,134.97,883.88,20,815.08
2412,1396,1105,1,14005.91,1003.84,13002.07,20,11204.728
2413,1397,487,2,30451.12,0.0,60902.24,30,21315.784
2414,1398,1052,1,96906.19,0.0,96906.19,30,67834.333
2415,1399,1499,1,29009.65,0.0,29009.65,30,20306.755
2416,1400,672,1,2275.78,0.0,2275.78,0,2275.78
2417,1400,1296,1,1446.41,0.0,1446.41,10,1301.769
2418,1400,310,1,4017.89,0.0,4017.89,10,3616.101
2419,1400,1295,1,4110.18,0.0,4110.18,30,2877.126
2420,1400,1244,1,3810.15,0.0,3810.15,0,3810.15
2421,1401,510,1,2532.26,363.26,2169.0,0,2532.26
2422,1402,1021,2,77339.97,1190.06,153489.88,10,69605.973
2423,1402,755,1,118973.39,6500.61,112472.78,20,95178.712
2424,1403,302,1,16886.71,502.23,16384.48,20,13509.368
2425,1404,193,1,129172.73,0.0,129172.73,10,116255.457
2426,1405,1576,1,2033.33,148.06,1885.27,30,1423.331
2427,1405,60,1,1296.99,24.77,1272.22,30,907.893
2428,1406,776,2,1435.82,0.0,2871.64,30,1005.0739999999998
2429,1407,797,2,40285.16,0.0,80570.32,0,40285.16
2430,1407,951,1,909.66,0.0,909.66,20,727.7280000000001
2431,1408,52,1,23600.44,0.0,23600.44,20,18880.352
2432,1409,82,1,2097.58,0.0,2097.58,10,1887.822
2433,1410,1054,1,1342.53,0.0,1342.53,20,1074.024
2434,1411,1238,1,916.17,22.14,894.03,0,916.17
2435,1412,1166,1,2881.52,148.3,2733.22,30,2017.064
2436,1413,664,1,1666.41,46.72,1619.69,0,1666.41
2437,1414,1480,1,4188.58,239.3,3949.28,30,2932.006
2438,1415,1497,1,9582.92,861.83,8721.09,10,8624.628
2439,1416,63,1,58822.41,2841.59,55980.82,10,52940.169
2440,1416,702,1,2389.45,20.02,2369.43,20,1911.56
2441,1417,1340,1,4036.45,122.53,3913.92,20,3229.16
2442,1418,187,1,3239.79,230.53,3009.26,30,2267.853
2443,1419,527,1,1152.55,0.0,1152.55,20,922.04
2444,1419,280,1,30594.49,0.0,30594.49,0,30594.49
2445,1419,1040,3,7278.08,0.0,21834.24,0,7278.08
2446,1419,745,1,64361.62,0.0,64361.62,20,51489.296
2447,1419,1372,1,5456.54,0.0,5456.54,20,4365.232
2448,1420,1306,1,55531.46,0.0,55531.46,0,55531.46
2449,1421,206,1,1614.43,0.0,1614.43,10,1452.987
2450,1422,1582,1,1221.76,110.57,1111.19,10,1099.584
2451,1423,887,1,91887.4,3135.38,88752.02,0,91887.4
2452,1424,1454,1,2482.25,228.7,2253.55,10,2234.025
2453,1424,853,1,2122.25,306.09,1816.16,20,1697.8000000000002
2454,1425,1536,1,26543.86,202.31,26341.55,0,26543.86
2455,1426,1577,1,499.74,43.14,456.6,0,499.74
2456,1427,364,1,996.71,146.82,849.89,30,697.697
2457,1428,1333,2,2421.09,0.0,4842.18,20,1936.8720000000003
2458,1429,1298,2,2653.12,298.94,5007.3,10,2387.808
2459,1430,1385,1,22894.15,0.0,22894.15,20,18315.320000000003
2460,1431,1305,2,2759.94,30.37,5489.51,0,2759.94
2461,1432,1373,1,21018.4,328.58,20689.82,20,16814.72
2462,1432,1507,1,1058.2,53.87,1004.33,20,846.5600000000001
2463,1432,1209,1,3547.28,129.5,3417.78,0,3547.28
2464,1432,417,1,2364.31,65.32,2298.99,10,2127.879
2465,1433,651,1,82264.94,0.0,82264.94,10,74038.44600000001
2466,1434,748,1,1603.07,198.65,1404.42,30,1122.149
2467,1434,792,2,3233.42,705.68,5761.16,10,2910.078
2468,1434,1068,1,2832.17,344.59,2487.58,20,2265.7360000000003
2469,1434,1444,1,1761.67,201.66,1560.01,30,1233.169
2470,1435,1213,2,56227.35,0.0,112454.7,30,39359.145
2471,1435,976,1,2919.89,0.0,2919.89,10,2627.901
2472,1436,1445,1,1339.23,47.46,1291.77,20,1071.384
2473,1437,896,1,1901.81,222.27,1679.54,30,1331.2669999999998
2474,1437,796,1,1566.44,2.41,1564.03,10,1409.796
2475,1438,1102,2,124939.04,25069.37,224808.71,20,99951.232
2476,1439,1048,1,71604.88,4927.88,66677.0,20,57283.90400000001
2477,1440,746,2,118090.14,7490.64,228689.64,10,106281.126
2478,1441,1185,1,5187.12,284.16,4902.96,30,3630.984
2479,1442,1370,1,62115.24,0.0,62115.24,20,49692.192
2480,1443,724,1,625.35,0.0,625.35,20,500.28
2481,1444,295,1,2098.64,0.0,2098.64,0,2098.64
2482,1445,39,1,15502.07,1048.35,14453.72,20,12401.656
2483,1445,1128,1,2674.52,205.62,2468.9,30,1872.164
2484,1446,843,1,1184.98,83.67,1101.31,10,1066.482
2485,1447,925,1,405.11,1.46,403.65,0,405.11
2486,1447,1578,2,6158.02,1521.61,10794.43,10,5542.218000000001
2487,1448,94,1,43997.06,4356.75,39640.31,10,39597.354
2488,1448,353,1,2714.1,196.64,2517.46,30,1899.87
2489,1448,652,1,40194.62,5535.13,34659.49,30,28136.234
2490,1449,674,1,2535.97,0.0,2535.97,20,2028.776
2491,1449,898,1,4375.33,0.0,4375.33,10,3937.797
2492,1450,1060,1,2050.27,93.23,1957.04,0,2050.27
2493,1450,631,1,1700.48,88.84,1611.64,20,1360.384
2494,1450,827,1,1826.44,240.13,1586.31,30,1278.508
2495,1451,571,3,136354.08,59472.48,349589.76,20,109083.264
2496,1452,162,3,1247.4,79.78,3662.42,20,997.92
2497,1452,963,2,121884.72,9049.96,234719.48,0,121884.72
2498,1452,746,1,118090.14,15905.43,102184.71,20,94472.112
2499,1453,1392,1,14134.24,635.42,13498.82,10,12720.816
2500,1453,1184,1,1670.78,156.49,1514.29,30,1169.5459999999998
2501,1454,845,1,746.19,0.0,746.19,30,522.333
2502,1455,908,1,3981.14,126.92,3854.22,10,3583.026
2503,1455,631,1,1700.48,236.31,1464.17,30,1190.336
2504,1455,302,1,16886.71,338.53,16548.18,0,16886.71
2505,1455,148,1,60801.41,2432.27,58369.14,20,48641.128
2506,1456,386,1,5216.92,388.08,4828.84,10,4695.228
2507,1456,904,1,1779.5,56.68,1722.82,20,1423.6
2508,1457,45,1,5292.4,0.0,5292.4,10,4763.16
2509,1457,181,2,40273.05,0.0,80546.1,10,36245.745
2510,1458,97,1,286.42,40.03,246.39,30,200.494
2511,1458,1497,1,9582.92,86.29,9496.63,20,7666.336
2512,1459,174,1,30123.15,1519.18,28603.97,0,30123.15
2513,1459,713,1,1957.25,207.87,1749.38,20,1565.8000000000002
2514,1460,79,3,37609.6,0.0,112828.8,30,26326.72
2515,1460,108,2,108060.7,0.0,216121.4,20,86448.56
2516,1461,1198,1,2934.15,30.81,2903.34,10,2640.735
2517,1461,1070,3,64942.02,13850.64,180975.42,20,51953.616
2518,1461,605,1,3237.95,198.69,3039.26,0,3237.95
2519,1462,385,1,1018.09,46.79,971.3,10,916.281
2520,1463,410,1,3297.12,0.0,3297.12,10,2967.408
2521,1464,577,1,44786.03,1118.77,43667.26,0,44786.03
2522,1465,140,1,2580.55,0.0,2580.55,10,2322.4950000000003
2523,1466,860,1,3024.94,0.0,3024.94,0,3024.94
2524,1467,352,1,93433.5,9157.47,84276.03,20,74746.8
2525,1468,353,1,2714.1,232.55,2481.55,30,1899.87
2526,1468,155,1,6759.98,448.92,6311.06,0,6759.98
2527,1469,1407,1,43168.92,1933.0,41235.92,0,43168.92
2528,1470,329,1,110700.38,14802.99,95897.39,20,88560.304
2529,1470,1439,1,8502.05,1154.48,7347.57,30,5951.435
2530,1471,59,1,3388.26,253.07,3135.19,30,2371.782
2531,1471,1490,1,516.42,27.11,489.31,0,516.42
2532,1472,614,2,1468.78,236.33,2701.23,20,1175.024
2533,1473,1251,1,5415.24,320.53,5094.71,30,3790.668
2534,1474,164,1,5969.19,253.04,5716.15,10,5372.271
2535,1475,233,1,2640.21,216.83,2423.38,30,1848.147
2536,1475,1266,1,60887.16,7391.0,53496.16,30,42621.012
2537,1475,99,1,2052.78,192.48,1860.3,0,2052.78
2538,1476,533,1,32637.56,1164.18,31473.38,10,29373.804
2539,1476,1434,1,758.95,28.86,730.09,10,683.0550000000001
2540,1476,1269,1,2326.75,67.16,2259.59,20,1861.4
2541,1477,956,2,2547.65,462.57,4632.73,0,2547.65
2542,1478,597,1,2650.0,326.57,2323.43,30,1855.0
2543,1479,1594,1,1943.32,0.0,1943.32,10,1748.988
2544,1480,862,1,68245.35,2348.09,65897.26,30,47771.745
2545,1481,1571,1,365.21,24.44,340.77,10,328.689
2546,1482,123,1,246.09,0.0,246.09,20,196.872
2547,1482,1363,1,3136.2,0.0,3136.2,10,2822.58
2548,1483,1535,1,4110.59,129.24,3981.35,20,3288.472
2549,1484,483,2,14895.15,500.49,29289.81,0,14895.15
2550,1484,557,1,40353.14,5699.46,34653.68,30,28247.198
2551,1484,1405,2,2466.18,272.15,4660.21,30,1726.3259999999998
2552,1485,875,1,28152.68,3840.71,24311.97,20,22522.144
2553,1485,1397,1,18699.32,1311.75,17387.57,30,13089.524
2554,1485,1569,1,109637.89,5125.87,104512.02,30,76746.523
2555,1485,378,1,8651.16,897.97,7753.19,30,6055.812
2556,1485,107,1,284.52,13.43,271.09,10,256.068
2557,1486,137,1,1739.85,0.62,1739.23,10,1565.865
2558,1486,669,1,22639.24,1631.63,21007.61,30,15847.468
2559,1487,973,1,30788.48,201.2,30587.28,20,24630.784
2560,1487,1372,1,5456.54,589.67,4866.87,10,4910.886
2561,1487,1348,2,3802.67,228.49,7376.85,30,2661.869
2562,1487,321,3,14713.75,4196.07,39945.18,0,14713.75
2563,1487,933,1,1968.53,210.43,1758.1,30,1377.971
2564,1488,121,2,250.81,0.0,501.62,30,175.56699999999998
2565,1489,433,1,93895.84,6891.07,87004.77,30,65727.08799999999
2566,1490,166,1,26144.85,1812.97,24331.88,20,20915.88
2567,1491,832,2,422.4,16.49,828.31,20,337.92
2568,1492,1138,1,3203.49,259.25,2944.24,0,3203.49
2569,1492,442,1,1278.0,10.16,1267.84,30,894.5999999999999
2570,1492,546,1,90167.22,4921.45,85245.77,20,72133.776
2571,1492,1289,1,84561.66,4673.95,79887.71,10,76105.494
2572,1493,1426,1,2854.6,66.46,2788.14,10,2569.14
2573,1494,1534,1,8395.14,370.19,8024.95,0,8395.14
2574,1494,188,1,43239.04,4964.21,38274.83,0,43239.04
2575,1495,1457,1,60301.61,0.0,60301.61,20,48241.288
2576,1495,367,1,39011.03,0.0,39011.03,10,35109.927
2577,1496,584,1,2326.41,233.98,2092.43,30,1628.487
2578,1496,47,1,4499.83,33.24,4466.59,0,4499.83
2579,1496,728,2,36071.09,9411.82,62730.36,0,36071.09
2580,1496,224,1,1977.53,85.24,1892.29,30,1384.271
2581,1497,754,1,2211.94,103.77,2108.17,30,1548.358
2582,1497,769,1,4790.79,144.86,4645.93,10,4311.711
2583,1498,631,1,1700.48,0.0,1700.48,10,1530.432
2584,1499,241,1,1647.81,21.15,1626.66,0,1647.81
2585,1500,235,1,1536.81,184.43,1352.38,10,1383.129
2586,1500,1235,2,553.98,141.09,966.87,20,443.184
2587,1501,319,1,6678.03,813.96,5864.07,0,6678.03
2588,1501,18,1,219.13,9.98,209.15,0,219.13
2589,1502,841,1,81685.68,0.0,81685.68,30,57179.976
2590,1503,670,1,1896.46,106.05,1790.41,30,1327.522
2591,1503,1392,1,14134.24,1228.91,12905.33,30,9893.968
2592,1504,1520,1,2002.68,89.31,1913.37,0,2002.68
2593,1505,368,1,53610.72,3802.8,49807.92,10,48249.648
2594,1506,93,1,26807.56,3756.51,23051.05,30,18765.292
2595,1507,1093,1,20431.66,0.0,20431.66,0,20431.66
2596,1507,967,1,87744.71,0.0,87744.71,20,70195.76800000001
2597,1507,52,1,23600.44,0.0,23600.44,0,23600.44
2598,1507,399,1,2809.7,0.0,2809.7,30,1966.79
2599,1507,1481,1,22590.89,0.0,22590.89,10,20331.801
2600,1508,712,1,14513.0,0.0,14513.0,10,13061.7
2601,1509,1468,1,3913.73,348.84,3564.89,10,3522.357
2602,1509,43,2,6086.88,701.89,11471.87,20,4869.504
2603,1509,890,1,930.52,109.13,821.39,10,837.468
2604,1510,193,1,129172.73,9775.3,119397.43,30,90420.911
2605,1511,667,1,2282.98,267.85,2015.13,0,2282.98
2606,1511,51,1,467.19,62.01,405.18,20,373.752
2607,1511,1290,1,485.49,6.85,478.64,30,339.843
2608,1511,1245,2,40671.19,10373.16,70969.22,0,40671.19
2609,1511,163,1,44768.27,2163.36,42604.91,10,40291.443
2610,1512,38,1,175329.35,3308.47,172020.88,10,157796.415
2611,1513,342,3,4315.91,687.98,12259.75,20,3452.728
2612,1514,1351,1,1256.09,18.27,1237.82,0,1256.09
2613,1514,30,1,2584.77,66.8,2517.97,10,2326.293
2614,1515,517,1,2456.82,0.0,2456.82,10,2211.1380000000004
2615,1515,77,1,375.9,0.0,375.9,10,338.31
2616,1516,546,1,90167.22,0.0,90167.22,10,81150.498
2617,1517,308,1,93084.78,0.0,93084.78,20,74467.82400000001
2618,1517,412,1,5380.91,0.0,5380.91,10,4842.819
2619,1517,1296,1,1446.41,0.0,1446.41,0,1446.41
2620,1517,1342,1,2246.14,0.0,2246.14,30,1572.2979999999998
2621,1518,1502,1,1302.32,0.0,1302.32,0,1302.32
2622,1518,1434,2,758.95,0.0,1517.9,0,758.95
2623,1519,150,1,43135.57,6159.45,36976.12,10,38822.013
2624,1520,1045,1,3767.71,0.0,3767.71,0,3767.71
2625,1520,666,2,996.62,0.0,1993.24,10,896.958
2626,1520,1403,1,2570.65,0.0,2570.65,0,2570.65
2627,1520,85,1,422.79,0.0,422.79,10,380.511
2628,1520,1228,1,8753.11,0.0,8753.11,0,8753.11
2629,1521,360,1,32907.0,0.0,32907.0,20,26325.6
2630,1521,831,1,3180.63,0.0,3180.63,10,2862.567
2631,1521,1101,1,2240.73,0.0,2240.73,20,1792.584
2632,1522,745,1,64361.62,7113.43,57248.19,0,64361.62
2633,1522,131,1,26403.44,3520.14,22883.3,20,21122.752
2634,1522,1094,1,24047.77,3283.05,20764.72,0,24047.77
2635,1522,332,1,1578.22,224.81,1353.41,0,1578.22
2636,1523,1474,1,74873.86,5026.19,69847.67,30,52411.702
2637,1524,1449,3,1798.6,133.66,5262.14,0,1798.6
2638,1525,229,1,3924.91,181.15,3743.76,10,3532.419
2639,1525,789,1,83642.73,11397.87,72244.86,30,58549.91099999999
2640,1525,805,1,1899.4,274.08,1625.32,0,1899.4
2641,1526,947,1,3401.84,0.0,3401.84,30,2381.288
2642,1527,251,1,2367.88,344.72,2023.16,10,2131.092
2643,1528,1491,3,2236.47,760.4,5949.01,10,2012.823
2644,1529,226,1,44766.35,0.0,44766.35,20,35813.08
2645,1530,910,2,112070.62,27113.77,197027.47,0,112070.62
2646,1531,18,2,219.13,15.06,423.2,30,153.391
2647,1531,724,1,625.35,45.72,579.63,20,500.28
2648,1532,245,1,3184.05,0.0,3184.05,30,2228.835
2649,1532,65,1,1669.44,0.0,1669.44,20,1335.552
2650,1533,386,2,5216.92,0.0,10433.84,30,3651.844
2651,1534,352,1,93433.5,6793.42,86640.08,10,84090.15000000001
2652,1535,408,1,1535.98,0.0,1535.98,10,1382.382
2653,1535,174,2,30123.15,0.0,60246.3,30,21086.205
2654,1536,231,2,3736.97,283.47,7190.47,0,3736.97
2655,1537,1299,1,3414.72,458.57,2956.15,10,3073.248
2656,1537,939,2,2627.03,595.19,4658.87,30,1838.921
2657,1538,149,1,3820.3,97.42,3722.88,20,3056.24
2658,1538,891,1,2855.61,296.11,2559.5,30,1998.927
2659,1539,1439,1,8502.05,297.47,8204.58,0,8502.05
2660,1539,1466,1,536.2,29.17,507.03,30,375.34
2661,1539,438,1,4222.79,418.71,3804.08,30,2955.953
2662,1539,1450,1,2010.76,118.03,1892.73,30,1407.532
2663,1540,1430,2,1397.61,219.13,2576.09,20,1118.088
2664,1541,1596,1,4337.02,0.0,4337.02,10,3903.3180000000007
2665,1542,1157,1,4990.11,0.0,4990.11,10,4491.099
2666,1543,1026,2,16347.09,0.0,32694.18,10,14712.381
2667,1543,1558,1,1952.71,0.0,1952.71,30,1366.897
2668,1544,1108,1,145328.64,0.0,145328.64,10,130795.776
2669,1544,742,1,3902.24,0.0,3902.24,30,2731.568
2670,1545,1265,1,753.76,9.53,744.23,30,527.632
2671,1545,509,1,131134.7,18822.63,112312.07,20,104907.76
2672,1546,1331,1,2122.62,202.89,1919.73,10,1910.358
2673,1547,96,1,2121.52,0.0,2121.52,30,1485.064
2674,1548,247,1,2539.27,331.95,2207.32,30,1777.4889999999998
2675,1549,1320,1,44898.72,0.0,44898.72,0,44898.72
2676,1550,1152,1,1784.61,0.0,1784.61,0,1784.61
2677,1551,75,1,8157.48,0.0,8157.48,0,8157.48
2678,1551,910,1,112070.62,0.0,112070.62,10,100863.558
2679,1552,313,1,4982.63,297.05,4685.58,20,3986.104
2680,1553,258,1,1648.24,234.61,1413.63,0,1648.24
2681,1554,1183,1,393.77,55.26,338.51,20,315.016
2682,1555,1046,1,9087.52,0.0,9087.52,20,7270.016
2683,1556,1480,1,4188.58,124.09,4064.49,0,4188.58
2684,1556,773,1,1553.01,156.81,1396.2,20,1242.408
2685,1557,1156,1,96292.57,4270.92,92021.65,20,77034.05600000001
2686,1557,1467,2,74.8,11.61,137.99,30,52.35999999999999
2687,1557,1172,1,3297.12,83.46,3213.66,0,3297.12
2688,1557,635,2,3970.58,663.07,7278.09,0,3970.58
2689,1557,1239,1,1812.2,114.99,1697.21,30,1268.54
2690,1558,1001,1,47120.94,0.0,47120.94,20,37696.752
2691,1559,1127,1,4770.92,142.89,4628.03,10,4293.828
2692,1560,118,1,29857.44,0.0,29857.44,30,20900.208
2693,1560,330,1,4170.82,0.0,4170.82,20,3336.656
2694,1561,526,1,69280.39,0.0,69280.39,10,62352.351
2695,1561,753,3,1238.31,0.0,3714.93,10,1114.479
2696,1562,624,1,2799.12,300.12,2499.0,20,2239.296
2697,1563,593,2,47231.85,7890.1,86573.6,0,47231.85
2698,1564,8,1,822.97,0.0,822.97,10,740.673
2699,1565,24,1,143987.71,16935.46,127052.25,10,129588.939
2700,1566,555,1,49699.72,4526.25,45173.47,20,39759.776000000005
2701,1567,770,2,86438.74,14606.01,158271.47,20,69150.99200000001
2702,1568,1324,1,70919.44,0.0,70919.44,0,70919.44
2703,1569,344,2,1068.92,304.4,1833.44,20,855.1360000000001
2704,1569,775,1,1623.11,16.24,1606.87,20,1298.488
2705,1570,1449,1,1798.6,88.78,1709.82,0,1798.6
2706,1571,1331,1,2122.62,262.48,1860.14,30,1485.8339999999998
2707,1572,1343,1,1805.81,65.93,1739.88,0,1805.81
2708,1572,1523,1,398.9,19.93,378.97,10,359.01
2709,1572,394,1,2706.99,39.82,2667.17,30,1894.893
2710,1572,1506,1,4761.53,272.24,4489.29,20,3809.224
2711,1572,1063,1,2532.13,119.21,2412.92,0,2532.13
2712,1573,871,2,2192.25,367.44,4017.06,30,1534.5749999999998
2713,1574,499,1,2538.2,0.0,2538.2,20,2030.56
2714,1575,65,2,1669.44,0.0,3338.88,20,1335.552
2715,1575,863,1,3692.9,0.0,3692.9,20,2954.32
2716,1575,188,1,43239.04,0.0,43239.04,30,30267.328
2717,1576,221,1,1862.88,168.61,1694.27,10,1676.592
2718,1577,2,1,6733.54,652.5,6081.04,10,6060.186
2719,1578,1289,2,84561.66,14701.65,154421.67,20,67649.32800000001
2720,1579,1382,1,42827.29,0.0,42827.29,0,42827.29
2721,1580,1167,3,3045.6,0.0,9136.8,10,2741.04
2722,1581,786,1,521.58,67.11,454.47,30,365.106
2723,1581,598,1,3271.1,71.49,3199.61,10,2943.99
2724,1582,1553,1,2742.09,0.0,2742.09,30,1919.463
2725,1583,731,2,3899.67,235.66,7563.68,10,3509.703
2726,1584,1542,1,1880.53,2.86,1877.67,10,1692.477
2727,1585,170,2,100878.51,0.0,201757.02,10,90790.659
2728,1586,1138,1,3203.49,218.02,2985.47,10,2883.141
2729,1586,423,1,2704.23,306.72,2397.51,10,2433.807
2730,1587,836,1,2325.57,318.23,2007.34,30,1627.899
2731,1587,289,1,2410.54,120.27,2290.27,20,1928.432
2732,1588,1464,1,11752.88,0.0,11752.88,0,11752.88
2733,1589,231,1,3736.97,119.46,3617.51,30,2615.879
2734,1590,1175,3,1647.24,0.0,4941.72,0,1647.24
2735,1591,985,1,3261.61,363.29,2898.32,20,2609.2880000000005
2736,1592,1262,1,643.39,0.0,643.39,20,514.712
2737,1593,272,1,8822.9,923.52,7899.38,20,7058.32
2738,1593,1555,1,2372.47,152.9,2219.57,0,2372.47
2739,1594,1305,1,2759.94,281.28,2478.66,10,2483.946
2740,1595,1398,1,2940.48,354.13,2586.35,20,2352.384
2741,1596,1297,1,1036.51,0.0,1036.51,30,725.5569999999999
2742,1597,343,1,62248.1,3008.21,59239.89,0,62248.1
2743,1597,1254,3,93864.59,7968.75,273625.02,0,93864.59
2744,1598,1367,1,1115.97,12.14,1103.83,0,1115.97
2745,1599,1324,1,70919.44,9999.64,60919.8,20,56735.552
2746,1600,596,1,1371.16,24.17,1346.99,20,1096.928
2747,1600,668,1,734.86,6.01,728.85,10,661.374
2748,1601,1031,1,356.88,0.0,356.88,30,249.816
2749,1601,796,1,1566.44,0.0,1566.44,30,1096.508
2750,1602,1086,1,1518.57,123.38,1395.19,10,1366.713
2751,1603,639,1,1460.92,0.0,1460.92,20,1168.736
2752,1603,1565,1,3314.16,0.0,3314.16,0,3314.16
2753,1603,808,1,124999.97,0.0,124999.97,0,124999.97
2754,1603,1263,1,5431.26,0.0,5431.26,0,5431.26
2755,1603,614,1,1468.78,0.0,1468.78,0,1468.78
2756,1604,286,1,2792.23,7.89,2784.34,0,2792.23
2757,1605,1563,1,30864.11,672.28,30191.83,20,24691.288
2758,1606,114,2,46974.46,3072.62,90876.3,20,37579.568
2759,1607,449,1,35199.45,3579.66,31619.79,20,28159.56
2760,1608,1187,1,175626.18,25288.04,150338.14,30,122938.326
2761,1608,1305,1,2759.94,334.43,2425.51,20,2207.952
2762,1609,895,2,2219.6,342.27,4096.93,10,1997.64
2763,1610,120,1,127274.2,3615.1,123659.1,10,114546.78
2764,1610,1389,1,2657.25,278.03,2379.22,10,2391.525
2765,1611,1278,1,110118.08,12189.72,97928.36,30,77082.656
2766,1611,1413,1,3338.33,111.8,3226.53,30,2336.831
2767,1611,1040,1,7278.08,885.9,6392.18,20,5822.464
2768,1612,1372,3,5456.54,1630.89,14738.73,30,3819.578
2769,1613,748,1,1603.07,114.79,1488.28,30,1122.149
2770,1614,5,2,331.76,0.0,663.52,30,232.232
2771,1615,1171,2,14343.47,1405.38,27281.56,20,11474.776
2772,1615,112,1,86793.43,4083.42,82710.01,30,60755.40099999999
2773,1616,992,1,768.3,0.0,768.3,0,768.3
2774,1617,836,1,2325.57,268.91,2056.66,0,2325.57
2775,1618,972,2,58923.09,11312.75,106533.43,10,53030.781
2776,1619,1323,1,7044.95,435.42,6609.53,20,5635.96
2777,1620,788,2,3542.11,223.58,6860.64,30,2479.477
2778,1620,950,1,2629.74,303.29,2326.45,0,2629.74
2779,1621,1357,1,30982.51,102.67,30879.84,10,27884.259
2780,1622,348,3,162.1,50.94,435.36,20,129.68
2781,1622,75,1,8157.48,817.65,7339.83,10,7341.732
2782,1623,77,1,375.9,0.0,375.9,30,263.13
2783,1623,770,1,86438.74,0.0,86438.74,20,69150.99200000001
2784,1624,596,1,1371.16,0.0,1371.16,10,1234.044
2785,1625,877,1,1082.87,0.0,1082.87,0,1082.87
2786,1626,1340,2,4036.45,757.31,7315.59,20,3229.16
2787,1627,110,1,118575.77,0.0,118575.77,20,94860.616
2788,1627,1506,1,4761.53,0.0,4761.53,0,4761.53
2789,1628,773,1,1553.01,0.0,1553.01,20,1242.408
2790,1629,1591,1,89157.48,1755.84,87401.64,30,62410.23599999999
2791,1630,1369,1,1514.51,0.0,1514.51,10,1363.059
2792,1631,1432,1,1342.16,146.02,1196.14,20,1073.728
2793,1632,588,1,2898.84,410.87,2487.97,30,2029.188
2794,1632,1056,1,2409.82,156.09,2253.73,0,2409.82
2795,1633,1086,1,1518.57,141.6,1376.97,20,1214.856
2796,1633,553,1,620.66,48.77,571.89,0,620.66
2797,1634,948,1,3718.48,380.83,3337.65,20,2974.784
2798,1635,354,1,2738.94,165.81,2573.13,0,2738.94
2799,1636,442,3,1278.0,164.05,3669.95,0,1278.0
2800,1637,1353,1,2813.37,30.5,2782.87,10,2532.033
2801,1638,540,1,107051.36,11912.7,95138.66,20,85641.088
2802,1638,207,1,796.08,60.98,735.1,20,636.864
2803,1639,372,1,174277.93,0.0,174277.93,0,174277.93
2804,1640,1098,1,48652.71,6733.78,41918.93,10,43787.439
2805,1640,1173,1,33473.5,1198.19,32275.31,20,26778.800000000003
2806,1641,219,1,4417.46,456.77,3960.69,10,3975.714
2807,1642,412,3,5380.91,870.28,15272.45,20,4304.728
2808,1643,809,2,36231.4,8029.76,64433.04,30,25361.98
2809,1644,863,1,3692.9,352.42,3340.48,10,3323.61
2810,1645,325,1,1424.65,201.61,1223.04,20,1139.72
2811,1646,666,2,996.62,0.0,1993.24,20,797.296
2812,1647,920,1,44354.36,0.0,44354.36,0,44354.36
2813,1648,1169,1,2642.98,282.82,2360.16,20,2114.384
2814,1649,27,1,594.98,34.44,560.54,0,594.98
2815,1650,143,2,2617.21,0.0,5234.42,10,2355.489
2816,1651,1226,1,55280.49,5800.78,49479.71,0,55280.49
2817,1652,1204,1,122881.84,12399.95,110481.89,0,122881.84
2818,1653,1581,1,148976.59,0.0,148976.59,10,134078.931
2819,1654,1392,1,14134.24,0.0,14134.24,10,12720.816
2820,1654,772,1,1518.07,0.0,1518.07,20,1214.456
2821,1654,118,1,29857.44,0.0,29857.44,20,23885.952
2822,1655,1362,1,288.96,26.39,262.57,10,260.064
2823,1655,906,2,52750.88,13169.17,92332.59,0,52750.88
2824,1655,600,1,1808.13,167.21,1640.92,10,1627.3170000000002
2825,1655,698,1,38785.26,2719.24,36066.02,0,38785.26
2826,1656,1226,1,55280.49,5158.48,50122.01,10,49752.441
2827,1656,625,1,334.12,11.37,322.75,30,233.884
2828,1656,1264,1,2920.35,412.02,2508.33,0,2920.35
2829,1656,1557,1,4550.75,207.95,4342.8,20,3640.6
2830,1656,278,1,28596.87,2865.28,25731.59,20,22877.496
2831,1657,1539,1,1510.58,82.31,1428.27,0,1510.58
2832,1658,1570,1,40567.16,1406.68,39160.48,10,36510.444
2833,1658,510,2,2532.26,698.71,4365.81,30,1772.582
2834,1659,1309,2,1320.81,0.0,2641.62,10,1188.729
2835,1660,796,1,1566.44,0.0,1566.44,10,1409.796
2836,1661,1564,2,87286.27,0.0,174572.54,10,78557.64300000001
2837,1662,1294,1,31639.3,0.0,31639.3,10,28475.37
2838,1663,853,1,2122.25,96.7,2025.55,10,1910.025
2839,1664,612,1,1008.02,87.36,920.66,10,907.218
2840,1665,1414,1,605.84,0.0,605.84,30,424.088
2841,1665,956,1,2547.65,0.0,2547.65,20,2038.12
2842,1666,892,1,1931.15,110.33,1820.82,0,1931.15
2843,1667,172,3,348.87,106.19,940.42,0,348.87
2844,1667,1330,1,14735.58,338.16,14397.42,20,11788.464
2845,1667,878,1,26128.07,2422.62,23705.45,30,18289.649
2846,1668,718,1,7664.54,224.4,7440.14,0,7664.54
2847,1669,1397,1,18699.32,186.84,18512.48,20,14959.456
2848,1669,1127,1,4770.92,540.7,4230.22,10,4293.828
2849,1669,257,1,3692.66,376.25,3316.41,20,2954.128
2850,1669,1143,1,761.45,100.6,660.85,30,533.015
2851,1670,676,2,2284.87,0.0,4569.74,0,2284.87
2852,1670,793,1,78038.07,0.0,78038.07,30,54626.649000000005
2853,1671,1197,3,2785.23,133.29,8222.4,10,2506.707
2854,1672,144,1,2699.16,0.0,2699.16,10,2429.244
2855,1672,1205,1,1480.79,0.0,1480.79,20,1184.632
2856,1672,1574,1,969.18,0.0,969.18,20,775.344
2857,1672,869,1,1297.86,0.0,1297.86,30,908.5019999999998
2858,1673,34,1,3014.06,0.0,3014.06,20,2411.248
2859,1674,565,1,823.08,88.8,734.28,10,740.772
2860,1674,173,1,1351.37,56.87,1294.5,10,1216.233
2861,1674,413,1,2455.33,345.55,2109.78,10,2209.797
2862,1674,1322,1,21785.34,949.13,20836.21,30,15249.738
2863,1675,1167,1,3045.6,281.15,2764.45,20,2436.48
2864,1675,490,1,119759.19,11171.76,108587.43,0,119759.19
2865,1676,796,1,1566.44,0.0,1566.44,10,1409.796
2866,1676,261,1,38676.18,0.0,38676.18,20,30940.944000000003
2867,1677,18,1,219.13,31.65,187.48,30,153.391
2868,1677,836,1,2325.57,108.15,2217.42,10,2093.0130000000004
2869,1678,790,1,88440.69,473.92,87966.77,20,70752.55200000001
2870,1678,1183,1,393.77,41.19,352.58,10,354.393
2871,1679,1032,1,3691.19,478.54,3212.65,20,2952.952
2872,1680,836,1,2325.57,245.47,2080.1,30,1627.899
2873,1681,487,1,30451.12,2208.56,28242.56,20,24360.896
2874,1682,1011,2,105248.63,23025.92,187471.34,0,105248.63
2875,1683,868,1,2801.32,206.44,2594.88,0,2801.32
2876,1684,880,1,3054.09,97.85,2956.24,20,2443.2720000000004
2877,1685,1471,2,3182.48,0.0,6364.96,10,2864.232
2878,1686,453,1,2582.33,0.0,2582.33,30,1807.631
2879,1687,1248,1,1795.23,127.6,1667.63,30,1256.6609999999998
2880,1687,171,1,2900.67,422.88,2477.79,30,2030.469
2881,1688,1391,1,4780.43,30.51,4749.92,20,3824.344000000001
2882,1688,1466,1,536.2,19.16,517.04,30,375.34
2883,1689,1513,2,2099.25,578.47,3620.03,20,1679.4
2884,1690,1407,2,43168.92,294.9,86042.94,20,34535.136
2885,1690,915,1,40160.77,633.52,39527.25,30,28112.539
2886,1691,1458,1,3481.03,142.23,3338.8,0,3481.03
2887,1692,789,1,83642.73,0.0,83642.73,0,83642.73
2888,1693,73,2,3258.39,0.0,6516.78,20,2606.712
2889,1694,83,1,67349.49,8950.42,58399.07,30,47144.643
2890,1695,1097,1,57166.17,2826.47,54339.7,10,51449.553
2891,1696,144,1,2699.16,0.0,2699.16,0,2699.16
2892,1697,1370,2,62115.24,0.0,124230.48,0,62115.24
2893,1697,280,1,30594.49,0.0,30594.49,10,27535.041
2894,1698,542,1,62378.47,1118.08,61260.39,30,43664.929
2895,1699,202,1,83953.83,6192.24,77761.59,20,67163.064
2896,1700,216,1,3406.16,325.98,3080.18,0,3406.16
2897,1700,199,1,26074.89,3713.07,22361.82,20,20859.912
2898,1700,456,1,3419.83,371.72,3048.11,20,2735.864
2899,1701,918,2,3505.07,1007.19,6002.95,30,2453.549
2900,1702,1446,1,9412.43,0.0,9412.43,20,7529.944
2901,1702,1328,1,2127.08,0.0,2127.08,0,2127.08
2902,1703,1133,3,750.52,0.0,2251.56,0,750.52
2903,1703,1017,1,2847.67,0.0,2847.67,20,2278.136
2904,1704,61,1,765.87,25.51,740.36,20,612.696
2905,1704,167,3,90813.43,9204.5,263235.79,30,63569.40099999999
2906,1704,445,2,550.01,63.23,1036.79,0,550.01
2907,1704,1030,2,4144.31,358.16,7930.46,0,4144.31
2908,1705,949,1,2388.11,0.0,2388.11,30,1671.677
2909,1705,1360,1,2586.67,0.0,2586.67,10,2328.003
2910,1706,34,1,3014.06,0.0,3014.06,0,3014.06
2911,1707,162,1,1247.4,0.0,1247.4,30,873.1800000000001
2912,1708,786,2,521.58,96.03,947.13,20,417.26400000000007
2913,1709,1383,1,1971.98,0.0,1971.98,30,1380.386
2914,1710,335,1,3243.97,430.1,2813.87,10,2919.573
2915,1710,495,2,61768.34,15574.94,107961.74,20,49414.672
2916,1710,898,1,4375.33,295.12,4080.21,10,3937.797
2917,1710,542,1,62378.47,6612.05,55766.42,30,43664.929
2918,1711,69,1,2387.51,0.0,2387.51,30,1671.257
2919,1712,96,1,2121.52,217.88,1903.64,30,1485.064
2920,1713,868,1,2801.32,228.7,2572.62,10,2521.188
2921,1713,1040,1,7278.08,665.66,6612.42,0,7278.08
2922,1714,1295,1,4110.18,32.2,4077.98,20,3288.144
2923,1715,958,1,1318.24,99.49,1218.75,20,1054.592
2924,1715,820,2,5798.58,1188.66,10408.5,30,4059.006
2925,1715,669,1,22639.24,1345.49,21293.75,20,18111.392000000003
2926,1715,788,1,3542.11,265.61,3276.5,0,3542.11
2927,1715,680,1,237.17,7.31,229.86,0,237.17
2928,1716,422,1,477.95,33.79,444.16,30,334.565
2929,1716,1065,1,3958.62,377.91,3580.71,30,2771.034
2930,1717,323,1,87171.31,9206.59,77964.72,0,87171.31
2931,1718,1462,1,8081.65,903.47,7178.18,0,8081.65
2932,1718,1302,1,52798.3,6628.71,46169.59,10,47518.47
2933,1718,308,1,93084.78,1583.63,91501.15,10,83776.302
2934,1718,735,1,70211.49,3010.0,67201.49,0,70211.49
2935,1719,604,2,31737.7,0.0,63475.4,20,25390.160000000003
2936,1720,1150,2,2765.55,590.02,4941.08,30,1935.885
2937,1720,1413,1,3338.33,304.96,3033.37,10,3004.497
2938,1721,1271,1,414.51,0.0,414.51,10,373.059
2939,1721,206,2,1614.43,0.0,3228.86,20,1291.544
2940,1722,290,1,32947.49,4467.22,28480.27,0,32947.49
2941,1722,980,1,1563.36,30.48,1532.88,20,1250.688
2942,1723,834,1,2103.24,104.14,1999.1,10,1892.916
2943,1724,1335,1,33011.51,4329.32,28682.19,0,33011.51
2944,1725,175,1,579.09,0.0,579.09,0,579.09
2945,1726,926,1,1593.68,0.0,1593.68,30,1115.576
2946,1727,623,2,4342.57,828.28,7856.86,10,3908.313
2947,1727,235,1,1536.81,112.37,1424.44,0,1536.81
2948,1727,757,2,2559.79,374.42,4745.16,0,2559.79
2949,1727,1455,1,1924.18,73.67,1850.51,30,1346.926
2950,1727,371,2,8486.38,1759.83,15212.93,30,5940.465999999999
2951,1728,392,1,3400.93,0.0,3400.93,30,2380.651
2952,1729,72,1,743.74,82.94,660.8,20,594.9920000000001
2953,1730,692,1,2423.69,0.0,2423.69,30,1696.583
2954,1731,773,3,1553.01,665.91,3993.12,20,1242.408
2955,1732,1029,1,4067.39,0.0,4067.39,30,2847.173
2956,1732,301,1,3075.11,0.0,3075.11,0,3075.11
2957,1732,762,1,1588.39,0.0,1588.39,0,1588.39
2958,1732,149,1,3820.3,0.0,3820.3,0,3820.3
2959,1733,314,2,1524.32,0.0,3048.64,30,1067.024
2960,1734,1361,1,4756.92,128.06,4628.86,10,4281.228
2961,1734,505,1,2649.54,133.54,2516.0,30,1854.678
2962,1735,18,2,219.13,39.04,399.22,10,197.217
2963,1736,1363,1,3136.2,0.0,3136.2,10,2822.58
2964,1737,694,1,16383.26,134.07,16249.19,30,11468.282
2965,1738,930,1,225.23,2.4,222.83,10,202.707
2966,1738,1199,1,1211.39,48.11,1163.28,20,969.112
2967,1739,377,1,53405.16,0.0,53405.16,20,42724.128
2968,1740,244,1,3669.05,0.0,3669.05,10,3302.1450000000004
2969,1740,340,1,652.5,0.0,652.5,20,522.0
2970,1741,333,3,71887.84,0.0,215663.52,10,64699.056
2971,1741,976,1,2919.89,0.0,2919.89,30,2043.923
2972,1741,276,1,64431.04,0.0,64431.04,20,51544.832
2973,1741,1407,1,43168.92,0.0,43168.92,0,43168.92
2974,1742,261,1,38676.18,554.34,38121.84,0,38676.18
2975,1743,482,1,7050.68,0.0,7050.68,10,6345.612
2976,1743,1054,1,1342.53,0.0,1342.53,30,939.771
2977,1744,105,1,172880.36,12598.73,160281.63,0,172880.36
2978,1744,56,1,174294.31,3459.83,170834.48,30,122006.017
2979,1745,230,1,32147.34,0.0,32147.34,20,25717.872000000003
2980,1746,282,1,2944.8,0.0,2944.8,20,2355.84
2981,1746,1079,1,8886.97,0.0,8886.97,30,6220.878999999999
2982,1746,1331,3,2122.62,0.0,6367.86,0,2122.62
2983,1746,908,1,3981.14,0.0,3981.14,30,2786.798
2984,1746,895,1,2219.6,0.0,2219.6,20,1775.68
2985,1747,228,1,1579.03,118.69,1460.34,0,1579.03
2986,1748,24,1,143987.71,0.0,143987.71,30,100791.39699999998
2987,1749,1167,1,3045.6,78.13,2967.47,20,2436.48
2988,1749,858,1,1887.65,163.75,1723.9,0,1887.65
2989,1750,78,1,24058.57,474.35,23584.22,30,16840.999
2990,1751,1089,1,76783.54,6995.51,69788.03,10,69105.186
2991,1751,388,1,3732.52,122.73,3609.79,0,3732.52
2992,1752,1416,1,158592.95,4080.13,154512.82,0,158592.95
2993,1753,253,1,13060.79,523.45,12537.34,10,11754.711
2994,1754,911,1,108679.97,13878.64,94801.33,20,86943.97600000001
2995,1755,1231,2,2323.31,18.79,4627.83,30,1626.3169999999998
2996,1756,1019,1,321.92,13.09,308.83,30,225.344
2997,1756,591,1,1912.99,28.6,1884.39,10,1721.691
2998,1757,565,3,823.08,0.0,2469.24,0,823.08
2999,1758,75,1,8157.48,354.24,7803.24,20,6525.984
3000,1758,204,1,443.43,2.8,440.63,0,443.43
3001,1759,95,3,24006.46,0.0,72019.38,10,21605.814
3002,1759,1008,1,237.87,0.0,237.87,10,214.083
3003,1760,1584,2,750.13,59.78,1440.48,0,750.13
3004,1760,311,2,5092.96,1325.91,8860.01,20,4074.368
3005,1761,1202,1,54005.3,1970.26,52035.04,30,37803.71
3006,1762,755,1,118973.39,5406.68,113566.71,20,95178.712
3007,1763,1592,1,91342.6,5499.4,85843.2,30,63939.82
3008,1764,1053,1,24845.69,0.0,24845.69,10,22361.121
3009,1765,951,1,909.66,50.12,859.54,0,909.66
3010,1766,1390,1,32277.62,0.0,32277.62,10,29049.858
3011,1767,1426,1,2854.6,384.05,2470.55,10,2569.14
3012,1768,1326,1,1936.13,284.18,1651.95,30,1355.291
3013,1768,582,1,5287.79,680.51,4607.28,0,5287.79
3014,1769,724,1,625.35,0.0,625.35,20,500.28
3015,1769,74,1,2354.49,0.0,2354.49,30,1648.1429999999998
3016,1770,554,1,1946.28,0.0,1946.28,0,1946.28
3017,1770,1340,1,4036.45,0.0,4036.45,30,2825.515
3018,1771,163,2,44768.27,5306.69,84229.85,0,44768.27
3019,1772,58,2,2642.32,0.0,5284.64,0,2642.32
3020,1772,1048,1,71604.88,0.0,71604.88,0,71604.88
3021,1773,733,2,9342.39,2618.69,16066.09,10,8408.151
3022,1773,442,3,1278.0,412.56,3421.44,10,1150.2
3023,1774,1516,2,71517.42,3060.18,139974.66,30,50062.194
3024,1775,239,1,2760.99,0.0,2760.99,20,2208.792
3025,1776,1073,1,959.8,0.0,959.8,0,959.8
3026,1777,622,1,135527.88,14188.83,121339.05,10,121975.092
3027,1778,657,2,60338.17,0.0,120676.34,10,54304.353
3028,1779,1436,1,415.76,3.03,412.73,20,332.608
3029,1779,282,1,2944.8,140.44,2804.36,30,2061.36
3030,1780,625,1,334.12,0.0,334.12,10,300.708
3031,1780,109,1,1838.39,0.0,1838.39,30,1286.873
3032,1780,553,2,620.66,0.0,1241.32,10,558.5939999999999
3033,1780,1546,1,5167.64,0.0,5167.64,0,5167.64
3034,1781,842,1,44095.41,0.0,44095.41,0,44095.41
3035,1782,724,1,625.35,0.0,625.35,20,500.28
3036,1783,1477,1,1834.8,0.0,1834.8,30,1284.36
3037,1784,318,1,151206.66,19783.06,131423.6,10,136085.994
3038,1785,1216,3,82298.09,9646.24,237248.03,20,65838.472
3039,1786,639,1,1460.92,63.18,1397.74,20,1168.736
3040,1786,198,1,2056.64,82.68,1973.96,30,1439.648
3041,1786,294,1,41961.75,6188.96,35772.79,0,41961.75
3042,1786,564,1,2777.89,134.42,2643.47,20,2222.312
3043,1787,1338,2,2238.46,232.07,4244.85,0,2238.46
3044,1787,384,1,4128.03,410.25,3717.78,20,3302.424
3045,1788,204,1,443.43,33.81,409.62,10,399.087
3046,1788,648,1,44986.01,814.83,44171.18,20,35988.808000000005
3047,1788,183,1,2735.6,70.59,2665.01,10,2462.04
3048,1788,1252,1,4619.51,176.52,4442.99,10,4157.559
3049,1789,1410,1,25912.99,0.0,25912.99,20,20730.392000000003
3050,1790,1294,1,31639.3,4718.8,26920.5,30,22147.51
3051,1791,893,2,1487.95,20.3,2955.6,10,1339.155
3052,1791,1097,1,57166.17,7397.27,49768.9,20,45732.936
3053,1791,1396,3,4528.45,1926.9,11658.45,0,4528.45
3054,1791,1248,1,1795.23,210.18,1585.05,30,1256.6609999999998
3055,1792,1193,3,7680.86,2673.51,20369.07,10,6912.773999999999
3056,1792,330,1,4170.82,191.41,3979.41,10,3753.738
3057,1792,979,2,4138.39,1208.25,7068.53,30,2896.873
3058,1793,31,1,419.17,7.59,411.58,20,335.336
3059,1794,1405,1,2466.18,178.29,2287.89,20,1972.944
3060,1795,38,1,175329.35,15269.09,160060.26,10,157796.415
3061,1796,1511,1,26635.3,3578.49,23056.81,30,18644.71
3062,1797,553,1,620.66,47.23,573.43,30,434.46199999999993
3063,1797,1598,1,3087.47,201.38,2886.09,0,3087.47
3064,1798,753,1,1238.31,0.0,1238.31,30,866.8169999999999
3065,1799,744,1,2778.95,0.0,2778.95,0,2778.95
3066,1799,499,3,2538.2,0.0,7614.6,0,2538.2
3067,1799,1138,1,3203.49,0.0,3203.49,10,2883.141
3068,1799,511,1,621.58,0.0,621.58,30,435.106
3069,1800,1283,1,1043.73,0.0,1043.73,10,939.357
3070,1801,1129,1,42340.3,1488.03,40852.27,0,42340.3
3071,1801,1359,2,2874.86,454.12,5295.6,20,2299.8880000000004
3072,1802,840,1,162782.38,0.0,162782.38,0,162782.38
3073,1803,278,2,28596.87,2834.61,54359.13,10,25737.183
3074,1804,389,1,1198.04,144.96,1053.08,0,1198.04
3075,1805,496,1,28606.14,2554.5,26051.64,20,22884.912
3076,1806,215,1,8966.72,1061.96,7904.76,10,8070.048
3077,1807,654,1,1894.03,0.0,1894.03,10,1704.627
3078,1807,944,1,9096.72,0.0,9096.72,20,7277.376
3079,1808,1485,2,31524.8,4314.93,58734.67,10,28372.32
3080,1809,112,2,86793.43,23908.2,149678.66,0,86793.43
3081,1810,1569,1,109637.89,0.0,109637.89,0,109637.89
3082,1810,674,1,2535.97,0.0,2535.97,30,1775.179
3083,1811,79,2,37609.6,1217.25,74001.95,30,26326.72
3084,1811,1016,1,36631.13,3779.11,32852.02,0,36631.13
3085,1811,690,3,2245.24,919.99,5815.73,30,1571.6679999999997
3086,1811,1282,1,41855.8,1498.91,40356.89,30,29299.06
3087,1811,1341,1,36074.93,2004.18,34070.75,30,25252.451
3088,1812,1402,2,66573.21,0.0,133146.42,20,53258.56800000001
3089,1812,1404,1,172878.97,0.0,172878.97,20,138303.176
3090,1812,1062,1,29542.18,0.0,29542.18,10,26587.962
3091,1813,440,1,1285.35,0.0,1285.35,30,899.7449999999999
3092,1813,318,2,151206.66,0.0,302413.32,20,120965.328
3093,1814,219,1,4417.46,0.0,4417.46,0,4417.46
3094,1814,513,1,35628.09,0.0,35628.09,30,24939.663
3095,1814,968,3,4831.61,0.0,14494.83,0,4831.61
3096,1814,907,1,1423.0,0.0,1423.0,20,1138.4
3097,1814,443,1,20303.01,0.0,20303.01,20,16242.408
3098,1815,462,2,80667.3,0.0,161334.6,30,56467.11
3099,1815,403,1,170966.64,0.0,170966.64,30,119676.648
3100,1816,679,1,3603.31,452.76,3150.55,30,2522.317
3101,1816,681,1,766.31,17.26,749.05,0,766.31
3102,1817,1431,1,949.29,0.0,949.29,0,949.29
3103,1817,457,1,805.01,0.0,805.01,30,563.507
3104,1818,753,3,1238.31,383.48,3331.45,10,1114.479
3105,1818,1535,2,4110.59,888.94,7332.24,20,3288.472
3106,1819,648,1,44986.01,0.0,44986.01,30,31490.207
3107,1819,91,1,1351.15,0.0,1351.15,30,945.805
3108,1820,1264,1,2920.35,12.19,2908.16,20,2336.28
3109,1820,211,2,1481.21,205.92,2756.5,10,1333.0890000000002
3110,1820,480,3,3056.45,130.45,9038.9,10,2750.805
3111,1821,1115,1,116186.43,12776.7,103409.73,20,92949.144
3112,1821,467,1,34229.7,5042.59,29187.11,30,23960.79
3113,1821,546,2,90167.22,18897.62,161436.82,30,63117.054
3114,1821,298,1,54274.29,4990.98,49283.31,30,37992.003
3115,1822,170,1,100878.51,12600.95,88277.56,30,70614.957
3116,1823,52,1,23600.44,3509.26,20091.18,30,16520.307999999997
3117,1824,593,1,47231.85,6646.21,40585.64,20,37785.48
3118,1825,1584,1,750.13,74.42,675.71,0,750.13
3119,1826,220,1,3360.14,313.85,3046.29,20,2688.112
3120,1826,641,1,1430.27,13.73,1416.54,0,1430.27
3121,1826,423,1,2704.23,132.73,2571.5,30,1892.961
3122,1826,371,1,8486.38,264.4,8221.98,30,5940.465999999999
3123,1827,522,1,664.42,91.36,573.06,10,597.978
3124,1828,1030,1,4144.31,408.07,3736.24,0,4144.31
3125,1829,18,1,219.13,0.84,218.29,20,175.304
3126,1830,50,1,7178.02,950.83,6227.19,30,5024.614
3127,1831,757,1,2559.79,0.0,2559.79,0,2559.79
3128,1832,955,1,3121.71,380.53,2741.18,0,3121.71
3129,1833,551,1,2682.04,325.12,2356.92,20,2145.632
3130,1834,1336,1,4092.74,191.09,3901.65,10,3683.466
3131,1835,238,1,1757.87,0.0,1757.87,20,1406.296
3132,1835,445,1,550.01,0.0,550.01,30,385.007
3133,1836,1350,1,1796.88,0.0,1796.88,20,1437.504
3134,1837,453,1,2582.33,20.51,2561.82,10,2324.097
3135,1838,916,1,433.67,6.87,426.8,20,346.93600000000004
3136,1839,473,2,2980.81,313.74,5647.88,10,2682.729
3137,1840,750,3,4599.92,852.9,12946.86,0,4599.92
3138,1840,1030,1,4144.31,206.18,3938.13,20,3315.4480000000003
3139,1840,424,1,2557.15,347.87,2209.28,10,2301.435
3140,1840,1050,1,2146.23,61.33,2084.9,30,1502.361
3141,1840,663,1,4145.53,286.16,3859.37,10,3730.977
3142,1841,248,1,1908.15,73.7,1834.45,0,1908.15
3143,1842,439,1,1595.52,31.73,1563.79,20,1276.4160000000002
3144,1842,992,1,768.3,26.06,742.24,30,537.81
3145,1842,735,3,70211.49,8469.83,202164.64,30,49148.043
3146,1842,1391,2,4780.43,942.32,8618.54,20,3824.344000000001
3147,1843,383,1,1151.25,147.63,1003.62,0,1151.25
3148,1844,1583,1,1683.61,232.48,1451.13,30,1178.5269999999998
3149,1844,798,1,3718.85,58.27,3660.58,20,2975.08
3150,1844,877,2,1082.87,224.03,1941.71,30,758.0089999999999
3151,1844,1389,1,2657.25,44.39,2612.86,20,2125.8
3152,1844,935,1,1851.82,5.04,1846.78,10,1666.638
3153,1845,555,2,49699.72,0.0,99399.44,0,49699.72
3154,1846,479,1,721.06,91.74,629.32,10,648.954
3155,1847,755,2,118973.39,0.0,237946.78,10,107076.051
3156,1848,675,1,1350.25,81.5,1268.75,20,1080.2
3157,1849,1357,1,30982.51,2492.04,28490.47,0,30982.51
3158,1849,984,1,79210.58,5028.52,74182.06,30,55447.406
3159,1849,196,1,61624.8,7891.18,53733.62,30,43137.36
3160,1849,1488,1,62639.65,5223.9,57415.75,30,43847.755
3161,1850,210,1,1699.58,133.44,1566.14,20,1359.664
3162,1851,519,1,35380.31,0.0,35380.31,10,31842.279
3163,1851,1230,1,994.26,0.0,994.26,0,994.26
3164,1851,1484,1,86983.02,0.0,86983.02,0,86983.02
3165,1851,1307,1,2847.02,0.0,2847.02,10,2562.318
3166,1852,410,1,3297.12,296.81,3000.31,30,2307.984
3167,1853,172,1,348.87,19.77,329.1,10,313.983
3168,1853,638,2,414.26,84.88,743.64,10,372.834
3169,1854,741,1,2631.03,149.34,2481.69,20,2104.824
3170,1854,1384,1,2175.55,159.06,2016.49,20,1740.4400000000005
3171,1855,15,1,1095.25,137.76,957.49,0,1095.25
3172,1855,1306,3,55531.46,24031.55,142562.83,0,55531.46
3173,1856,1577,2,499.74,97.46,902.02,20,399.792
3174,1857,1104,1,1846.11,151.88,1694.23,0,1846.11
3175,1858,383,1,1151.25,133.26,1017.99,0,1151.25
3176,1859,992,1,768.3,0.0,768.3,30,537.81
3177,1860,496,1,28606.14,0.0,28606.14,10,25745.526
3178,1861,19,1,2902.38,0.0,2902.38,20,2321.904
3179,1861,24,1,143987.71,0.0,143987.71,20,115190.168
3180,1861,1326,1,1936.13,0.0,1936.13,0,1936.13
3181,1861,310,1,4017.89,0.0,4017.89,20,3214.312
3182,1861,358,1,1436.42,0.0,1436.42,0,1436.42
3183,1862,372,3,174277.93,1257.02,521576.77,10,156850.137
3184,1863,1184,1,1670.78,222.5,1448.28,20,1336.624
3185,1864,653,2,818.29,0.0,1636.58,20,654.6320000000001
3186,1865,1043,1,1164.22,0.0,1164.22,0,1164.22
3187,1865,249,1,2119.28,0.0,2119.28,10,1907.3520000000003
3188,1866,1060,1,2050.27,0.0,2050.27,30,1435.189
3189,1867,691,1,1776.03,37.56,1738.47,0,1776.03
3190,1868,611,1,19135.21,2599.32,16535.89,20,15308.168
3191,1869,69,1,2387.51,0.0,2387.51,10,2148.7590000000005
3192,1870,1489,1,877.0,0.0,877.0,10,789.3000000000001
3193,1870,1260,1,664.92,0.0,664.92,0,664.92
3194,1871,1068,1,2832.17,69.79,2762.38,10,2548.953
3195,1872,991,2,6557.76,886.13,12229.39,20,5246.2080000000005
3196,1873,350,2,667.72,57.34,1278.1,30,467.404
3197,1874,34,1,3014.06,33.65,2980.41,20,2411.248
3198,1875,460,1,25787.51,0.0,25787.51,10,23208.759
3199,1876,190,2,3339.03,0.0,6678.06,10,3005.1270000000004
3200,1876,541,1,43654.41,0.0,43654.41,10,39288.969000000005
3201,1877,290,1,32947.49,0.0,32947.49,30,23063.243
3202,1877,10,1,661.22,0.0,661.22,10,595.0980000000001
3203,1877,1482,1,3329.89,0.0,3329.89,30,2330.923
3204,1878,968,1,4831.61,91.89,4739.72,0,4831.61
3205,1879,930,1,225.23,27.81,197.42,10,202.707
3206,1880,1015,1,2376.2,0.0,2376.2,20,1900.96
3207,1881,1169,2,2642.98,377.36,4908.6,20,2114.384
3208,1881,582,2,5287.79,239.49,10336.09,20,4230.232
3209,1882,743,1,2269.05,157.46,2111.59,30,1588.335
3210,1883,362,2,122309.51,0.0,244619.02,0,122309.51
3211,1883,1560,2,77206.12,0.0,154412.24,0,77206.12
3212,1884,784,1,2840.63,0.0,2840.63,0,2840.63
3213,1885,834,1,2103.24,78.68,2024.56,10,1892.916
3214,1886,1524,1,4935.26,222.47,4712.79,10,4441.734
3215,1886,726,1,117534.69,2977.03,114557.66,0,117534.69
3216,1886,215,1,8966.72,794.34,8172.38,0,8966.72
3217,1886,379,1,231.54,20.76,210.78,10,208.386
3218,1886,367,2,39011.03,4025.95,73996.11,0,39011.03
3219,1887,1448,2,35381.82,4067.06,66696.58,20,28305.456
3220,1887,400,1,767.7,2.66,765.04,10,690.9300000000001
3221,1888,1452,1,71498.52,5956.96,65541.56,30,50048.964
3222,1888,191,2,1689.13,436.69,2941.57,10,1520.217
3223,1889,1092,1,48077.53,2457.46,45620.07,20,38462.024
3224,1890,532,1,3702.86,0.0,3702.86,10,3332.574
3225,1891,807,2,39492.14,11440.54,67543.74,30,27644.498
3226,1891,393,2,28510.23,742.33,56278.13,0,28510.23
3227,1891,357,1,94442.75,9797.76,84644.99,10,84998.475
3228,1891,423,1,2704.23,224.1,2480.13,20,2163.384
3229,1892,696,1,74127.77,0.0,74127.77,20,59302.21600000001
3230,1893,604,1,31737.7,3157.09,28580.61,10,28563.93
3231,1893,375,1,1217.82,180.21,1037.61,30,852.4739999999999
3232,1894,1306,1,55531.46,7646.4,47885.06,30,38872.022
3233,1894,561,1,23226.57,1909.83,21316.74,0,23226.57
3234,1894,301,1,3075.11,262.22,2812.89,20,2460.088
3235,1894,239,1,2760.99,333.13,2427.86,10,2484.891
3236,1895,677,1,1113.35,68.79,1044.56,0,1113.35
3237,1895,990,1,79255.34,11660.59,67594.75,20,63404.272
3238,1895,272,3,8822.9,1773.34,24695.36,30,6176.03
3239,1895,620,1,172365.66,15693.38,156672.28,10,155129.094
3240,1895,1437,1,889.31,66.04,823.27,20,711.448
3241,1896,742,1,3902.24,511.69,3390.55,20,3121.792
3242,1897,1424,1,63487.87,0.0,63487.87,20,50790.296
3243,1897,1503,1,49950.6,0.0,49950.6,20,39960.48
3244,1898,295,1,2098.64,0.0,2098.64,30,1469.0479999999998
3245,1898,350,1,667.72,0.0,667.72,30,467.404
3246,1898,170,1,100878.51,0.0,100878.51,30,70614.957
3247,1899,910,1,112070.62,11506.94,100563.68,10,100863.558
3248,1900,262,3,2826.04,908.32,7569.8,10,2543.436
3249,1901,1455,2,1924.18,298.9,3549.46,10,1731.7620000000002
3250,1902,50,2,7178.02,920.52,13435.52,0,7178.02
3251,1903,1161,1,165567.2,0.0,165567.2,30,115897.04
3252,1904,1043,1,1164.22,0.0,1164.22,20,931.376
3253,1905,920,2,44354.36,0.0,88708.72,0,44354.36
3254,1906,398,1,2421.46,355.94,2065.52,10,2179.3140000000003
3255,1906,673,2,94567.66,14542.48,174592.84,30,66197.362
3256,1907,1235,3,553.98,0.0,1661.94,10,498.5820000000001
3257,1908,1006,3,2865.1,625.03,7970.27,10,2578.59
3258,1909,1490,2,516.42,0.0,1032.84,10,464.778
3259,1910,1395,1,2489.72,43.49,2446.23,10,2240.748
3260,1911,481,1,1789.37,183.55,1605.82,10,1610.433
3261,1912,1554,1,2832.89,114.48,2718.41,0,2832.89
3262,1913,1217,1,2877.25,398.27,2478.98,30,2014.075
3263,1914,1400,1,92951.15,6988.89,85962.26,20,74360.92
3264,1914,1542,1,1880.53,201.64,1678.89,10,1692.477
3265,1914,1559,1,2127.33,3.65,2123.68,10,1914.597
3266,1914,310,1,4017.89,543.11,3474.78,30,2812.523
3267,1915,128,1,2134.53,0.0,2134.53,20,1707.6240000000005
3268,1916,682,1,1436.09,108.41,1327.68,30,1005.263
3269,1917,1447,1,1595.48,0.0,1595.48,30,1116.836
3270,1917,18,2,219.13,0.0,438.26,0,219.13
3271,1918,826,1,1971.53,281.12,1690.41,0,1971.53
3272,1919,1400,1,92951.15,5009.76,87941.39,30,65065.80499999999
3273,1919,1252,1,4619.51,329.74,4289.77,0,4619.51
3274,1919,610,1,1489.26,147.94,1341.32,30,1042.482
3275,1919,1028,1,108995.56,10865.39,98130.17,30,76296.89199999999
3276,1919,1004,2,2995.17,762.25,5228.09,30,2096.619
3277,1920,511,1,621.58,38.75,582.83,10,559.422
3278,1920,1235,1,553.98,57.79,496.19,10,498.5820000000001
3279,1921,347,1,38655.66,4391.24,34264.42,10,34790.094000000005
3280,1922,868,1,2801.32,244.06,2557.26,20,2241.056
3281,1923,539,1,3567.48,186.5,3380.98,0,3567.48
3282,1923,1542,2,1880.53,291.91,3469.15,0,1880.53
3283,1924,790,1,88440.69,307.39,88133.3,0,88440.69
3284,1924,700,3,7717.28,2925.25,20226.59,0,7717.28
3285,1924,755,1,118973.39,8105.34,110868.05,10,107076.051
3286,1925,212,1,9813.12,599.01,9214.11,0,9813.12
3287,1925,647,1,27236.09,3867.6,23368.49,30,19065.263
3288,1925,439,1,1595.52,118.29,1477.23,30,1116.8639999999998
3289,1925,1383,1,1971.98,114.85,1857.13,10,1774.7820000000002
3290,1926,169,1,6619.4,550.91,6068.49,20,5295.52
3291,1927,999,1,3833.28,0.0,3833.28,30,2683.296
3292,1927,1573,1,3177.29,0.0,3177.29,10,2859.561
3293,1927,860,2,3024.94,0.0,6049.88,10,2722.446
3294,1928,404,1,47358.62,0.0,47358.62,0,47358.62
3295,1929,1541,1,22410.21,1183.0,21227.21,20,17928.168
3296,1929,802,1,2548.8,129.95,2418.85,0,2548.8
3297,1930,1252,1,4619.51,0.0,4619.51,0,4619.51
3298,1931,163,1,44768.27,0.0,44768.27,30,31337.789
3299,1932,1360,1,2586.67,0.0,2586.67,30,1810.669
3300,1933,1441,1,119515.93,8245.4,111270.53,0,119515.93
3301,1933,33,1,2675.61,393.9,2281.71,20,2140.4880000000003
3302,1934,486,1,2457.37,302.62,2154.75,20,1965.896
3303,1935,416,1,2498.44,0.0,2498.44,0,2498.44
3304,1936,1187,1,175626.18,24659.46,150966.72,0,175626.18
3305,1936,351,1,1015.46,25.57,989.89,20,812.368
3306,1936,1345,3,100402.53,44561.6,256645.99,10,90362.277
3307,1936,649,1,975.94,96.78,879.16,10,878.3460000000001
3308,1936,1003,1,3138.55,299.11,2839.44,0,3138.55
3309,1937,567,2,3731.6,0.0,7463.2,20,2985.28
3310,1937,352,1,93433.5,0.0,93433.5,10,84090.15000000001
3311,1938,1198,1,2934.15,342.67,2591.48,0,2934.15
3312,1939,1282,1,41855.8,0.0,41855.8,0,41855.8
3313,1940,866,1,28151.71,2637.52,25514.19,30,19706.197
3314,1941,1223,1,11259.67,964.19,10295.48,10,10133.703
3315,1942,1273,1,82929.26,0.0,82929.26,20,66343.408
3316,1943,82,1,2097.58,0.0,2097.58,30,1468.3059999999998
3317,1944,882,1,151.22,8.15,143.07,20,120.976
3318,1945,1130,2,96459.24,18952.78,173965.7,10,86813.316
3319,1946,130,1,7348.9,0.0,7348.9,0,7348.9
3320,1946,10,2,661.22,0.0,1322.44,20,528.976
3321,1946,373,1,2258.78,0.0,2258.78,20,1807.0240000000003
3322,1947,1521,1,2652.67,0.0,2652.67,30,1856.869
3323,1948,142,1,1981.3,270.01,1711.29,20,1585.04
3324,1949,376,1,1921.2,258.35,1662.85,0,1921.2
3325,1950,417,1,2364.31,0.0,2364.31,30,1655.0169999999998
3326,1951,475,1,1480.29,0.0,1480.29,30,1036.203
3327,1952,908,1,3981.14,168.61,3812.53,30,2786.798
3328,1953,494,1,2127.83,0.0,2127.83,0,2127.83
3329,1954,54,1,86418.7,2222.75,84195.95,20,69134.96
3330,1954,835,1,522.2,2.88,519.32,30,365.54
3331,1955,1205,1,1480.79,0.0,1480.79,20,1184.632
3332,1955,719,1,17225.88,0.0,17225.88,0,17225.88
3333,1956,836,1,2325.57,188.15,2137.42,10,2093.0130000000004
3334,1957,867,1,26390.91,334.04,26056.87,30,18473.637
3335,1958,1164,2,1609.85,0.0,3219.7,30,1126.8949999999998
3336,1959,479,1,721.06,0.0,721.06,0,721.06
3337,1960,1277,1,48882.84,0.0,48882.84,20,39106.272
3338,1960,319,1,6678.03,0.0,6678.03,30,4674.620999999999
3339,1960,1514,1,411.96,0.0,411.96,30,288.372
3340,1960,349,1,1459.37,0.0,1459.37,10,1313.433
3341,1961,141,2,1702.25,0.0,3404.5,0,1702.25
3342,1962,819,1,5857.66,0.0,5857.66,30,4100.362
3343,1963,739,1,79788.12,3471.71,76316.41,10,71809.308
3344,1963,1047,1,1308.14,119.88,1188.26,0,1308.14
3345,1963,352,1,93433.5,13754.59,79678.91,10,84090.15000000001
3346,1963,1163,1,46301.19,1501.45,44799.74,20,37040.952000000005
3347,1963,480,1,3056.45,83.46,2972.99,30,2139.515
3348,1964,1285,1,571.66,0.0,571.66,30,400.162
3349,1965,1195,1,84848.75,2015.93,82832.82,0,84848.75
3350,1965,76,1,14993.91,1955.72,13038.19,0,14993.91
3351,1966,1273,1,82929.26,9727.53,73201.73,30,58050.48199999999
3352,1967,64,1,27489.86,3416.5,24073.36,0,27489.86
3353,1967,208,1,7944.3,1149.04,6795.26,30,5561.01
3354,1968,1316,1,343.7,0.0,343.7,20,274.96
3355,1968,537,1,127206.42,0.0,127206.42,10,114485.778
3356,1968,1290,1,485.49,0.0,485.49,30,339.843
3357,1968,1312,3,45576.24,0.0,136728.72,10,41018.616
3358,1968,776,1,1435.82,0.0,1435.82,20,1148.656
3359,1969,1423,1,183.64,0.0,183.64,10,165.27599999999998
3360,1969,203,1,543.78,0.0,543.78,30,380.646
3361,1969,1259,1,420.62,0.0,420.62,0,420.62
3362,1969,524,1,37908.59,0.0,37908.59,10,34117.731
3363,1969,1028,1,108995.56,0.0,108995.56,30,76296.89199999999
3364,1970,952,1,28872.88,2639.65,26233.23,20,23098.304000000004
3365,1971,1212,1,157753.88,0.0,157753.88,0,157753.88
3366,1971,1382,1,42827.29,0.0,42827.29,10,38544.561
3367,1971,741,2,2631.03,0.0,5262.06,0,2631.03
3368,1971,915,1,40160.77,0.0,40160.77,20,32128.616
3369,1972,675,1,1350.25,202.09,1148.16,30,945.175
3370,1973,1507,1,1058.2,1.92,1056.28,0,1058.2
3371,1974,902,1,4514.4,469.29,4045.11,30,3160.0799999999995
3372,1975,1016,1,36631.13,2438.97,34192.16,0,36631.13
3373,1976,1222,1,5286.96,479.59,4807.37,0,5286.96
3374,1976,769,1,4790.79,564.11,4226.68,20,3832.632
3375,1977,873,2,1037.71,0.0,2075.42,30,726.3969999999999
3376,1978,1175,1,1647.24,0.0,1647.24,10,1482.516
3377,1979,360,2,32907.0,222.63,65591.37,0,32907.0
3378,1980,1109,1,84890.72,5064.38,79826.34,10,76401.648
3379,1980,921,1,158189.7,23497.48,134692.22,10,142370.73
3380,1980,1355,1,7004.87,544.76,6460.11,20,5603.896000000001
3381,1981,1563,1,30864.11,0.0,30864.11,30,21604.877
3382,1982,971,1,489.72,0.0,489.72,20,391.77600000000007
3383,1982,1220,1,37492.11,0.0,37492.11,20,29993.688
3384,1983,1436,1,415.76,0.0,415.76,20,332.608
3385,1983,225,2,1280.27,0.0,2560.54,20,1024.216
3386,1984,393,2,28510.23,0.0,57020.46,10,25659.207
3387,1985,1017,1,2847.67,0.0,2847.67,10,2562.903
3388,1986,404,1,47358.62,0.0,47358.62,20,37886.896
3389,1987,234,1,47459.41,0.0,47459.41,20,37967.528000000006
3390,1988,116,1,2413.81,157.82,2255.99,20,1931.048
3391,1989,59,1,3388.26,418.87,2969.39,10,3049.434
3392,1990,568,3,163028.84,58464.75,430621.77,30,114120.188
3393,1990,551,1,2682.04,390.72,2291.32,10,2413.836
3394,1990,594,1,1492.9,197.07,1295.83,0,1492.9
3395,1990,1242,1,120746.52,3311.79,117434.73,10,108671.868
3396,1990,907,1,1423.0,95.58,1327.42,30,996.1
3397,1991,1210,1,769.6,26.12,743.48,0,769.6
3398,1991,724,2,625.35,57.04,1193.66,10,562.815
3399,1992,623,1,4342.57,86.96,4255.61,0,4342.57
3400,1992,1199,1,1211.39,95.38,1116.01,10,1090.2510000000002
3401,1993,262,1,2826.04,0.0,2826.04,0,2826.04
3402,1994,13,1,3885.29,416.18,3469.11,0,3885.29
3403,1994,760,1,3059.27,51.24,3008.03,10,2753.343
3404,1995,957,1,20246.89,0.0,20246.89,30,14172.823
3405,1996,943,1,1254.75,119.0,1135.75,30,878.3249999999999
3406,1997,342,1,4315.91,30.94,4284.97,30,3021.137
3407,1998,813,2,46231.71,0.0,92463.42,20,36985.368
3408,1999,857,2,119370.94,0.0,238741.88,0,119370.94
3409,2000,606,2,87181.18,20251.37,154110.99,10,78463.06199999999
3410,2001,25,1,6849.54,485.42,6364.12,20,5479.6320000000005
3411,2002,1053,1,24845.69,0.0,24845.69,0,24845.69
3412,2003,609,1,3352.06,280.66,3071.4,0,3352.06
3413,2004,768,1,50561.03,2831.06,47729.97,10,45504.927
3414,2004,16,1,85267.12,5194.84,80072.28,20,68213.696
3415,2004,681,1,766.31,39.06,727.25,30,536.4169999999999
3416,2004,1514,1,411.96,39.84,372.12,20,329.568
3417,2004,36,1,627.76,71.76,556.0,30,439.432
3418,2005,825,1,25418.66,0.0,25418.66,20,20334.928
3419,2005,714,3,2767.25,0.0,8301.75,30,1937.075
3420,2006,803,1,3375.08,0.0,3375.08,10,3037.572
3421,2006,1374,1,39316.48,0.0,39316.48,10,35384.832
3422,2007,608,1,39712.41,0.0,39712.41,30,27798.687
3423,2007,812,1,24603.28,0.0,24603.28,0,24603.28
3424,2007,244,1,3669.05,0.0,3669.05,20,2935.24
3425,2008,844,1,3208.7,0.0,3208.7,20,2566.96
3426,2009,592,1,1067.91,0.0,1067.91,10,961.119
3427,2010,119,2,77500.66,0.0,155001.32,20,62000.528000000006
3428,2011,499,1,2538.2,310.31,2227.89,0,2538.2
3429,2012,241,1,1647.81,90.47,1557.34,30,1153.467
3430,2012,1512,1,10568.45,903.04,9665.41,30,7397.915
3431,2012,319,1,6678.03,811.3,5866.73,0,6678.03
3432,2012,488,1,7124.84,261.81,6863.03,0,7124.84
3433,2013,1135,1,22063.27,61.04,22002.23,10,19856.943
3434,2014,996,1,7148.19,0.0,7148.19,30,5003.732999999999
3435,2014,874,1,331.29,0.0,331.29,20,265.03200000000004
3436,2014,357,2,94442.75,0.0,188885.5,30,66109.925
3437,2014,546,1,90167.22,0.0,90167.22,0,90167.22
3438,2015,251,1,2367.88,120.5,2247.38,0,2367.88
3439,2015,1136,1,11889.97,1764.85,10125.12,20,9511.976
3440,2016,116,1,2413.81,328.73,2085.08,20,1931.048
3441,2017,808,3,124999.97,34151.34,340848.57,20,99999.976
3442,2018,129,1,879.21,0.0,879.21,10,791.2890000000001
3443,2019,352,2,93433.5,26391.29,160475.71,20,74746.8
3444,2020,1029,3,4067.39,692.13,11510.04,0,4067.39
3445,2020,921,1,158189.7,17770.36,140419.34,0,158189.7
3446,2021,1213,1,56227.35,4914.48,51312.87,0,56227.35
3447,2021,341,1,48560.82,4581.26,43979.56,20,38848.656
3448,2022,1358,1,5886.45,0.0,5886.45,20,4709.16
3449,2023,724,1,625.35,68.22,557.13,0,625.35
3450,2023,260,3,631.42,203.64,1690.62,10,568.278
3451,2024,1306,1,55531.46,7218.03,48313.43,20,44425.168000000005
3452,2024,1161,1,165567.2,21667.73,143899.47,20,132453.76
3453,2025,970,1,120.23,0.0,120.23,20,96.184
3454,2026,1053,2,24845.69,0.0,49691.38,30,17391.982999999997
3455,2027,408,1,1535.98,0.0,1535.98,0,1535.98
3456,2028,1420,1,1349.54,0.0,1349.54,30,944.678
3457,2029,1038,1,2419.9,104.7,2315.2,10,2177.9100000000003
3458,2029,171,3,2900.67,360.55,8341.46,0,2900.67
3459,2029,69,1,2387.51,194.42,2193.09,30,1671.257
3460,2029,1368,2,2174.86,380.3,3969.42,30,1522.402
3461,2029,488,1,7124.84,120.51,7004.33,10,6412.356000000001
3462,2030,915,1,40160.77,0.0,40160.77,20,32128.616
3463,2031,1153,1,145864.75,11603.9,134260.85,20,116691.8
3464,2031,1161,3,165567.2,52757.57,443944.03,0,165567.2
3465,2031,595,1,42135.25,979.35,41155.9,0,42135.25
3466,2032,780,3,3912.69,939.77,10798.3,20,3130.152
3467,2032,13,1,3885.29,436.86,3448.43,30,2719.703
3468,2033,246,1,1755.56,161.29,1594.27,30,1228.8919999999998
3469,2034,1511,3,26635.3,8897.95,71007.95,10,23971.77
3470,2034,1295,1,4110.18,224.31,3885.87,30,2877.126
3471,2035,1491,1,2236.47,183.1,2053.37,10,2012.823
3472,2036,987,2,719.67,31.12,1408.22,0,719.67
3473,2037,918,1,3505.07,0.0,3505.07,20,2804.0560000000005
3474,2037,19,1,2902.38,0.0,2902.38,30,2031.666
3475,2038,1555,1,2372.47,8.7,2363.77,10,2135.223
3476,2038,1278,1,110118.08,12897.07,97221.01,30,77082.656
3477,2039,272,1,8822.9,10.96,8811.94,20,7058.32
3478,2040,252,1,2068.04,0.0,2068.04,20,1654.432
3479,2040,942,1,913.32,0.0,913.32,0,913.32
3480,2041,702,1,2389.45,246.58,2142.87,30,1672.6149999999998
3481,2041,1009,2,3746.51,379.37,7113.65,10,3371.8590000000004
3482,2042,1110,1,1968.96,291.84,1677.12,10,1772.064
3483,2043,424,1,2557.15,329.1,2228.05,20,2045.7200000000005
3484,2044,1414,1,605.84,21.53,584.31,0,605.84
3485,2045,260,1,631.42,78.22,553.2,30,441.994
3486,2046,1434,1,758.95,0.0,758.95,30,531.265
3487,2046,814,2,1391.2,0.0,2782.4,30,973.84
3488,2047,1171,2,14343.47,1026.86,27660.08,0,14343.47
3489,2047,207,2,796.08,218.75,1373.41,0,796.08
3490,2048,442,1,1278.0,105.51,1172.49,30,894.5999999999999
3491,2049,1413,1,3338.33,223.28,3115.05,0,3338.33
3492,2049,149,1,3820.3,340.89,3479.41,10,3438.2700000000004
3493,2050,354,3,2738.94,741.91,7474.91,30,1917.258
3494,2050,582,1,5287.79,42.25,5245.54,10,4759.011
3495,2050,1018,1,376.18,5.44,370.74,10,338.562
3496,2050,1190,1,2241.66,124.33,2117.33,30,1569.1619999999998
3497,2051,180,1,112845.7,9489.47,103356.23,20,90276.56
3498,2052,265,2,1326.78,290.57,2362.99,30,928.746
3499,2053,521,1,322.75,16.92,305.83,30,225.925
3500,2054,804,2,3599.24,0.0,7198.48,10,3239.316
3501,2055,1256,1,3347.61,369.99,2977.62,20,2678.088
3502,2055,950,1,2629.74,296.55,2333.19,10,2366.766
3503,2055,889,1,3143.04,442.05,2700.99,30,2200.128
3504,2055,749,1,5523.77,754.43,4769.34,20,4419.0160000000005
3505,2055,1064,1,1731.13,9.59,1721.54,20,1384.9040000000002
3506,2056,735,1,70211.49,6112.41,64099.08,0,70211.49
3507,2056,654,1,1894.03,105.83,1788.2,10,1704.627
3508,2057,1476,1,52371.93,0.0,52371.93,10,47134.737
3509,2058,573,1,2677.84,229.72,2448.12,10,2410.056
3510,2058,1084,3,70352.07,23359.3,187696.91,0,70352.07
3511,2059,779,1,1855.31,0.0,1855.31,20,1484.248
3512,2060,809,1,36231.4,2976.75,33254.65,10,32608.26
3513,2061,821,1,81761.55,0.0,81761.55,30,57233.085
3514,2062,881,1,3117.76,85.17,3032.59,30,2182.432
3515,2063,45,1,5292.4,0.0,5292.4,10,4763.16
3516,2064,99,1,2052.78,0.0,2052.78,10,1847.502
3517,2065,823,1,24569.14,502.14,24067.0,10,22112.226
3518,2065,73,1,3258.39,361.88,2896.51,10,2932.551
3519,2066,1137,1,1817.59,0.0,1817.59,10,1635.831
3520,2066,158,1,2038.97,0.0,2038.97,0,2038.97
3521,2067,332,1,1578.22,0.0,1578.22,20,1262.576
3522,2068,1118,1,2926.02,0.0,2926.02,30,2048.214
3523,2069,74,1,2354.49,325.54,2028.95,10,2119.041
3524,2070,746,2,118090.14,2688.96,233491.32,0,118090.14
3525,2070,81,1,1588.45,173.0,1415.45,0,1588.45
3526,2070,423,1,2704.23,341.93,2362.3,30,1892.961
3527,2071,498,2,6323.41,637.03,12009.79,0,6323.41
3528,2071,313,1,4982.63,456.23,4526.4,10,4484.367
3529,2072,555,1,49699.72,97.2,49602.52,0,49699.72
3530,2072,470,1,2088.11,293.56,1794.55,0,2088.11
3531,2073,90,1,664.2,86.18,578.02,30,464.94
3532,2073,586,1,1501.47,138.65,1362.82,20,1201.1760000000002
3533,2074,384,1,4128.03,450.46,3677.57,30,2889.621
3534,2075,679,1,3603.31,0.0,3603.31,10,3242.979
3535,2076,501,1,2459.62,224.04,2235.58,30,1721.734
3536,2076,221,1,1862.88,53.99,1808.89,30,1304.016
3537,2076,150,1,43135.57,5753.48,37382.09,30,30194.899
3538,2076,1235,2,553.98,104.13,1003.83,30,387.786
3539,2077,915,1,40160.77,0.0,40160.77,0,40160.77
3540,2077,396,1,2865.73,0.0,2865.73,0,2865.73
3541,2078,803,2,3375.08,411.05,6339.11,10,3037.572
3542,2078,1053,1,24845.69,3646.18,21199.51,20,19876.552
3543,2078,563,1,2298.67,298.76,1999.91,0,2298.67
3544,2078,771,1,2630.46,262.6,2367.86,30,1841.322
3545,2079,356,1,5467.85,0.0,5467.85,30,3827.495
3546,2080,448,2,1698.53,0.0,3397.06,0,1698.53
3547,2081,571,1,136354.08,4317.07,132037.01,30,95447.856
3548,2081,100,1,2961.16,432.0,2529.16,20,2368.928
3549,2081,1414,2,605.84,25.27,1186.41,30,424.088
3550,2081,1256,1,3347.61,375.31,2972.3,0,3347.61
3551,2081,1318,1,2903.92,363.93,2539.99,30,2032.744
3552,2082,13,1,3885.29,0.0,3885.29,0,3885.29
3553,2082,490,1,119759.19,0.0,119759.19,0,119759.19
3554,2082,796,1,1566.44,0.0,1566.44,20,1253.152
3555,2082,1325,1,33748.2,0.0,33748.2,10,30373.38
3556,2083,332,1,1578.22,176.23,1401.99,30,1104.754
3557,2083,1470,1,1649.73,164.21,1485.52,20,1319.784
3558,2084,145,1,274.73,22.26,252.47,30,192.311
3559,2085,243,1,67752.1,4562.58,63189.52,30,47426.47
3560,2086,392,1,3400.93,390.21,3010.72,30,2380.651
3561,2087,847,1,1450.17,126.14,1324.03,10,1305.153
3562,2087,218,1,6415.67,345.27,6070.4,30,4490.969
3563,2087,128,1,2134.53,90.17,2044.36,10,1921.077
3564,2088,809,1,36231.4,0.0,36231.4,30,25361.98
3565,2089,1454,1,2482.25,62.85,2419.4,30,1737.5749999999998
3566,2090,153,1,39307.26,2130.32,37176.94,20,31445.808000000005
3567,2091,493,1,3440.64,0.0,3440.64,30,2408.448
3568,2092,1035,2,2051.19,0.0,4102.38,20,1640.9520000000002
3569,2092,1531,1,90650.62,0.0,90650.62,10,81585.558
3570,2092,63,1,58822.41,0.0,58822.41,20,47057.92800000001
3571,2092,461,1,2133.9,0.0,2133.9,10,1920.51
3572,2093,1487,1,2520.21,0.0,2520.21,0,2520.21
3573,2094,395,1,2765.23,286.09,2479.14,0,2765.23
3574,2095,254,2,1161.26,159.21,2163.31,0,1161.26
3575,2096,415,1,663.18,85.19,577.99,30,464.226
3576,2097,1441,1,119515.93,9415.89,110100.04,30,83661.15099999998
3577,2098,51,1,467.19,61.26,405.93,20,373.752
3578,2099,1230,1,994.26,147.63,846.63,30,695.982
3579,2100,1313,1,1131.03,75.33,1055.7,30,791.7209999999999
3580,2100,894,1,3863.24,554.92,3308.32,0,3863.24
3581,2101,60,1,1296.99,0.0,1296.99,30,907.893
3582,2102,213,1,25465.76,0.0,25465.76,20,20372.608
3583,2103,1350,1,1796.88,197.57,1599.31,30,1257.816
3584,2104,490,3,119759.19,17726.96,341550.61,20,95807.352
3585,2105,1325,2,33748.2,0.0,67496.4,10,30373.38
3586,2106,756,1,3804.36,0.0,3804.36,0,3804.36
3587,2106,179,1,71832.87,0.0,71832.87,0,71832.87
3588,2107,1548,1,174.01,0.0,174.01,0,174.01
3589,2107,608,2,39712.41,0.0,79424.82,20,31769.928000000004
3590,2107,883,1,5242.7,0.0,5242.7,0,5242.7
3591,2107,186,1,118273.99,0.0,118273.99,30,82791.793
3592,2107,927,1,181542.75,0.0,181542.75,30,127079.925
3593,2108,262,1,2826.04,0.0,2826.04,0,2826.04
3594,2108,132,1,2548.46,0.0,2548.46,30,1783.922
3595,2108,1187,1,175626.18,0.0,175626.18,30,122938.326
3596,2109,1008,1,237.87,0.0,237.87,0,237.87
3597,2110,269,1,130385.87,3298.68,127087.19,30,91270.109
3598,2110,1391,1,4780.43,503.3,4277.13,30,3346.301
3599,2111,1287,1,87310.61,1798.75,85511.86,30,61117.427
3600,2111,454,1,79042.42,7200.78,71841.64,10,71138.178
3601,2112,247,2,2539.27,600.51,4478.03,0,2539.27
3602,2112,732,1,29208.99,2488.34,26720.65,10,26288.091
3603,2113,934,1,3198.99,184.19,3014.8,30,2239.293
3604,2114,1279,1,4693.11,0.0,4693.11,0,4693.11
3605,2115,728,1,36071.09,5254.19,30816.9,20,28856.872
3606,2115,216,2,3406.16,809.72,6002.6,30,2384.312
3607,2115,526,1,69280.39,61.86,69218.53,10,62352.351
3608,2116,177,1,1395.34,183.69,1211.65,10,1255.806
3609,2116,1301,1,4881.31,452.12,4429.19,0,4881.31
3610,2116,966,1,411.04,49.97,361.07,10,369.936
3611,2116,148,1,60801.41,7405.36,53396.05,0,60801.41
3612,2116,408,1,1535.98,94.3,1441.68,30,1075.186
3613,2117,619,1,33190.64,1672.65,31517.99,20,26552.512
3614,2118,1040,3,7278.08,2713.44,19120.8,30,5094.656
3615,2118,388,1,3732.52,114.28,3618.24,30,2612.764
3616,2119,873,1,1037.71,16.34,1021.37,30,726.3969999999999
3617,2120,456,1,3419.83,103.19,3316.64,10,3077.847
3618,2121,266,2,2692.51,106.83,5278.19,0,2692.51
3619,2121,462,1,80667.3,8257.92,72409.38,20,64533.84
3620,2122,1536,1,26543.86,2081.69,24462.17,0,26543.86
3621,2122,369,1,124766.67,3343.13,121423.54,30,87336.669
3622,2123,904,1,1779.5,32.14,1747.36,20,1423.6
3623,2123,167,1,90813.43,6924.81,83888.62,20,72650.74399999999
3624,2124,969,1,72166.51,1912.85,70253.66,0,72166.51
3625,2125,478,1,108976.92,2523.06,106453.86,10,98079.228
3626,2126,1058,1,1092.55,0.0,1092.55,10,983.295
3627,2127,767,1,2061.1,0.0,2061.1,0,2061.1
3628,2127,1585,2,1472.08,0.0,2944.16,10,1324.872
3629,2127,610,1,1489.26,0.0,1489.26,10,1340.334
3630,2127,1209,1,3547.28,0.0,3547.28,10,3192.552
3631,2127,1136,1,11889.97,0.0,11889.97,10,10700.973
3632,2128,1060,1,2050.27,262.21,1788.06,0,2050.27
3633,2129,356,2,5467.85,0.0,10935.7,30,3827.495
3634,2130,1581,3,148976.59,51398.24,395531.53,30,104283.613
3635,2131,82,1,2097.58,100.77,1996.81,30,1468.3059999999998
3636,2132,1338,2,2238.46,214.18,4262.74,0,2238.46
3637,2133,1303,1,15195.95,0.0,15195.95,30,10637.165
3638,2134,652,1,40194.62,2692.82,37501.8,30,28136.234
3639,2135,962,1,1108.44,0.0,1108.44,20,886.7520000000001
3640,2135,91,1,1351.15,0.0,1351.15,20,1080.92
3641,2135,1011,1,105248.63,0.0,105248.63,30,73674.041
3642,2135,883,1,5242.7,0.0,5242.7,0,5242.7
3643,2135,1142,1,99.91,0.0,99.91,20,79.928
3644,2136,133,1,2306.36,267.23,2039.13,30,1614.452
3645,2137,807,1,39492.14,211.31,39280.83,0,39492.14
3646,2137,865,1,22469.84,2017.98,20451.86,30,15728.888
3647,2137,1156,1,96292.57,6173.26,90119.31,0,96292.57
3648,2137,748,1,1603.07,218.09,1384.98,30,1122.149
3649,2137,1035,1,2051.19,239.45,1811.74,30,1435.833
3650,2138,1197,1,2785.23,0.0,2785.23,0,2785.23
3651,2139,475,1,1480.29,19.86,1460.43,20,1184.232
3652,2140,351,1,1015.46,0.0,1015.46,10,913.914
3653,2141,1206,2,2044.94,0.0,4089.88,0,2044.94
3654,2142,1369,1,1514.51,87.01,1427.5,30,1060.157
3655,2142,242,1,1239.27,142.78,1096.49,30,867.4889999999999
3656,2142,1380,2,42520.46,7088.96,77951.96,10,38268.414
3657,2142,1410,2,25912.99,917.66,50908.32,30,18139.093
3658,2143,674,1,2535.97,0.0,2535.97,10,2282.373
3659,2144,1418,1,4295.24,250.28,4044.96,0,4295.24
3660,2144,551,2,2682.04,22.91,5341.17,30,1877.428
3661,2145,1578,1,6158.02,605.84,5552.18,10,5542.218000000001
3662,2146,571,1,136354.08,11351.49,125002.59,0,136354.08
3663,2147,454,1,79042.42,0.0,79042.42,10,71138.178
3664,2147,332,1,1578.22,0.0,1578.22,10,1420.398
3665,2148,1156,1,96292.57,3866.76,92425.81,10,86663.31300000001
3666,2148,1166,1,2881.52,287.31,2594.21,10,2593.368
3667,2148,1312,1,45576.24,3242.86,42333.38,0,45576.24
3668,2148,886,2,293.19,18.11,568.27,20,234.552
3669,2149,314,1,1524.32,166.13,1358.19,10,1371.888
3670,2150,410,1,3297.12,51.67,3245.45,10,2967.408
3671,2150,198,1,2056.64,70.07,1986.57,20,1645.312
3672,2150,1212,1,157753.88,10336.39,147417.49,20,126203.104
3673,2150,1446,2,9412.43,1999.91,16824.95,30,6588.701
3674,2150,542,1,62378.47,4909.31,57469.16,0,62378.47
3675,2151,430,1,2897.39,0.0,2897.39,30,2028.173
3676,2152,805,2,1899.4,553.21,3245.59,30,1329.58
3677,2153,976,3,2919.89,0.0,8759.67,20,2335.912
3678,2153,1109,1,84890.72,0.0,84890.72,30,59423.50399999999
3679,2154,110,1,118575.77,17580.04,100995.73,20,94860.616
3680,2154,76,1,14993.91,591.97,14401.94,0,14993.91
3681,2155,1543,1,3269.88,0.0,3269.88,30,2288.916
3682,2156,1401,1,3069.45,146.99,2922.46,30,2148.615
3683,2157,1057,1,1611.27,201.76,1409.51,10,1450.143
3684,2157,1183,3,393.77,49.28,1132.03,30,275.63899999999995
3685,2158,1476,2,52371.93,179.8,104564.06,20,41897.544
3686,2158,1289,1,84561.66,6893.73,77667.93,10,76105.494
3687,2159,1308,1,1123.17,26.86,1096.31,10,1010.853
3688,2159,896,1,1901.81,92.2,1809.61,20,1521.448
3689,2160,1011,1,105248.63,5485.21,99763.42,30,73674.041
3690,2160,1234,1,108776.14,1839.43,106936.71,0,108776.14
3691,2161,1400,1,92951.15,0.0,92951.15,30,65065.80499999999
3692,2162,957,1,20246.89,0.0,20246.89,10,18222.201
3693,2163,1359,1,2874.86,94.98,2779.88,20,2299.8880000000004
3694,2164,1046,1,9087.52,123.63,8963.89,10,8178.768000000001
3695,2165,1281,1,25227.32,1901.25,23326.07,30,17659.124
3696,2166,818,2,1924.73,83.05,3766.41,30,1347.311
3697,2167,1302,3,52798.3,23427.93,134966.97,0,52798.3
3698,2167,1508,1,2634.42,68.16,2566.26,20,2107.536
3699,2168,267,1,825.8,27.81,797.99,0,825.8
3700,2169,776,2,1435.82,0.0,2871.64,10,1292.238
3701,2169,1570,1,40567.16,0.0,40567.16,20,32453.728000000003
3702,2169,727,1,12540.84,0.0,12540.84,30,8778.588
3703,2169,1132,1,3635.19,0.0,3635.19,30,2544.633
3704,2169,957,2,20246.89,0.0,40493.78,20,16197.512
3705,2170,247,1,2539.27,292.14,2247.13,0,2539.27
3706,2170,304,1,2314.39,54.8,2259.59,20,1851.512
3707,2171,452,1,8006.2,1136.61,6869.59,30,5604.339999999999
3708,2171,790,1,88440.69,12386.42,76054.27,10,79596.621
3709,2172,1319,1,143495.9,20572.97,122922.93,30,100447.13
3710,2173,513,1,35628.09,5311.45,30316.64,0,35628.09
3711,2174,424,1,2557.15,118.55,2438.6,10,2301.435
3712,2174,721,1,1671.74,213.08,1458.66,0,1671.74
3713,2175,1050,1,2146.23,0.0,2146.23,10,1931.607
3714,2175,638,1,414.26,0.0,414.26,20,331.408
3715,2176,1580,2,21552.31,0.0,43104.62,30,15086.617
3716,2176,872,1,369.78,0.0,369.78,0,369.78
3717,2176,759,3,2014.33,0.0,6042.99,20,1611.464
3718,2176,1541,1,22410.21,0.0,22410.21,10,20169.189
3719,2176,1190,2,2241.66,0.0,4483.32,20,1793.328
3720,2177,474,1,2113.22,0.0,2113.22,0,2113.22
3721,2177,691,1,1776.03,0.0,1776.03,0,1776.03
3722,2178,1139,2,1288.36,0.0,2576.72,10,1159.524
3723,2178,756,1,3804.36,0.0,3804.36,20,3043.4880000000003
3724,2179,791,1,1322.37,192.44,1129.93,20,1057.896
3725,2180,942,1,913.32,0.0,913.32,0,913.32
3726,2181,1377,1,24652.74,2328.1,22324.64,30,17256.918
3727,2182,1043,1,1164.22,121.27,1042.95,0,1164.22
3728,2183,303,1,3839.35,574.33,3265.02,0,3839.35
3729,2183,536,1,2418.45,297.47,2120.98,20,1934.76
3730,2184,1125,1,38562.36,0.0,38562.36,20,30849.888000000003
3731,2185,1243,1,2783.2,333.13,2450.07,10,2504.88
3732,2186,311,1,5092.96,659.0,4433.96,10,4583.664
3733,2186,326,1,1199.33,38.84,1160.49,20,959.464
3734,2187,389,1,1198.04,102.14,1095.9,20,958.432
3735,2187,1338,1,2238.46,135.14,2103.32,10,2014.614
3736,2187,387,2,538.52,113.15,963.89,10,484.668
3737,2187,188,3,43239.04,16108.26,113608.86,20,34591.232
3738,2188,199,3,26074.89,7106.79,71117.88,30,18252.423
3739,2189,682,2,1436.09,119.31,2752.87,10,1292.481
3740,2190,28,1,101663.1,5861.02,95802.08,30,71164.17
3741,2191,260,1,631.42,0.0,631.42,30,441.994
3742,2192,831,2,3180.63,220.32,6140.94,0,3180.63
3743,2193,679,1,3603.31,0.0,3603.31,20,2882.648
3744,2194,115,1,362.06,43.18,318.88,20,289.648
3745,2195,614,1,1468.78,0.0,1468.78,30,1028.146
3746,2195,924,2,3898.29,0.0,7796.58,30,2728.803
3747,2195,745,2,64361.62,0.0,128723.24,0,64361.62
3748,2196,406,1,4920.1,67.79,4852.31,20,3936.08
3749,2197,568,1,163028.84,14146.08,148882.76,20,130423.072
3750,2197,408,1,1535.98,23.56,1512.42,30,1075.186
3751,2197,784,1,2840.63,115.82,2724.81,0,2840.63
3752,2198,924,1,3898.29,334.37,3563.92,30,2728.803
3753,2199,897,1,1844.43,0.0,1844.43,20,1475.544
3754,2200,1495,1,92165.84,0.0,92165.84,30,64516.088
3755,2201,1242,1,120746.52,0.0,120746.52,20,96597.216
3756,2201,1370,1,62115.24,0.0,62115.24,20,49692.192
3757,2202,1296,2,1446.41,232.22,2660.6,30,1012.487
3758,2203,389,1,1198.04,16.48,1181.56,30,838.6279999999999
3759,2204,643,1,3058.33,118.77,2939.56,10,2752.497
3760,2205,1303,1,15195.95,0.0,15195.95,10,13676.355
3761,2206,1388,1,44645.42,0.0,44645.42,30,31251.794
3762,2207,1042,2,90516.75,16573.2,164460.3,30,63361.725
3763,2208,472,1,46739.78,0.0,46739.78,30,32717.846
3764,2208,678,1,2482.88,0.0,2482.88,0,2482.88
3765,2209,331,1,24483.71,3090.99,21392.72,10,22035.339
3766,2210,531,1,58790.28,7468.5,51321.78,20,47032.224
3767,2211,968,1,4831.61,83.51,4748.1,0,4831.61
3768,2212,1458,1,3481.03,0.0,3481.03,30,2436.721
3769,2213,473,1,2980.81,33.89,2946.92,0,2980.81
3770,2214,1390,1,32277.62,0.0,32277.62,10,29049.858
3771,2215,403,1,170966.64,4438.76,166527.88,30,119676.648
3772,2215,865,3,22469.84,6683.72,60725.8,0,22469.84
3773,2216,884,1,82430.4,1534.3,80896.1,0,82430.4
3774,2217,1532,1,52783.97,1250.27,51533.7,30,36948.779
3775,2218,910,1,112070.62,0.0,112070.62,20,89656.496
3776,2218,1148,3,35366.0,0.0,106098.0,30,24756.2
3777,2218,1478,1,730.4,0.0,730.4,0,730.4
3778,2218,15,1,1095.25,0.0,1095.25,30,766.675
3779,2219,541,1,43654.41,4543.2,39111.21,20,34923.528000000006
3780,2220,445,1,550.01,19.79,530.22,20,440.008
3781,2220,71,1,75515.31,9618.34,65896.97,10,67963.779
3782,2220,1050,1,2146.23,208.21,1938.02,10,1931.607
3783,2220,850,1,2717.09,115.21,2601.88,10,2445.3810000000003
3784,2220,1595,1,18497.48,488.68,18008.8,0,18497.48
3785,2221,1313,1,1131.03,43.89,1087.14,0,1131.03
3786,2222,932,1,66425.97,0.0,66425.97,20,53140.776000000005
3787,2222,394,1,2706.99,0.0,2706.99,30,1894.893
3788,2223,850,1,2717.09,331.92,2385.17,20,2173.672
3789,2224,106,1,23476.97,3060.73,20416.24,20,18781.576
3790,2224,747,1,8474.0,1230.36,7243.64,0,8474.0
3791,2225,321,1,14713.75,112.86,14600.89,20,11771.0
3792,2225,976,1,2919.89,240.71,2679.18,20,2335.912
3793,2225,217,2,39439.67,3693.6,75185.74,30,27607.769
3794,2225,359,1,35865.56,1044.09,34821.47,10,32279.004
3795,2225,1447,2,1595.48,319.91,2871.05,20,1276.384
3796,2226,1141,1,2583.37,65.16,2518.21,20,2066.696
3797,2227,1351,1,1256.09,0.0,1256.09,30,879.2629999999999
3798,2228,1321,1,10565.62,0.0,10565.62,30,7395.934
3799,2229,980,1,1563.36,0.0,1563.36,30,1094.352
3800,2230,524,1,37908.59,0.0,37908.59,20,30326.872
3801,2230,1335,1,33011.51,0.0,33011.51,30,23108.057
3802,2230,404,1,47358.62,0.0,47358.62,30,33151.034
3803,2231,649,2,975.94,0.0,1951.88,0,975.94
3804,2232,618,1,3480.15,312.61,3167.54,20,2784.1200000000003
3805,2233,1054,2,1342.53,43.24,2641.82,10,1208.277
3806,2234,627,1,43230.9,0.0,43230.9,10,38907.810000000005
3807,2235,356,1,5467.85,0.0,5467.85,20,4374.280000000001
3808,2236,359,1,35865.56,973.76,34891.8,10,32279.004
3809,2237,460,2,25787.51,617.93,50957.09,20,20630.008
3810,2238,1243,1,2783.2,267.06,2516.14,30,1948.24
3811,2239,1236,1,529.36,42.19,487.17,20,423.48800000000006
3812,2240,826,2,1971.53,498.52,3444.54,20,1577.2240000000002
3813,2240,1163,2,46301.19,6025.24,86577.14,20,37040.952000000005
3814,2241,1165,1,452.74,0.0,452.74,30,316.918
3815,2241,243,1,67752.1,0.0,67752.1,20,54201.68000000001
3816,2242,1220,1,37492.11,3904.23,33587.88,30,26244.477
3817,2242,761,3,11092.68,4104.06,29173.98,20,8874.144
3818,2242,516,2,27901.07,413.43,55388.71,30,19530.749
3819,2242,1430,1,1397.61,115.7,1281.91,30,978.327
3820,2242,1150,1,2765.55,224.33,2541.22,20,2212.44
3821,2243,11,1,23533.14,2477.01,21056.13,30,16473.198
3822,2244,809,1,36231.4,0.0,36231.4,30,25361.98
3823,2245,40,1,29011.05,0.0,29011.05,30,20307.735
3824,2245,905,1,7124.42,0.0,7124.42,10,6411.978
3825,2246,94,1,43997.06,5455.97,38541.09,0,43997.06
3826,2247,1360,1,2586.67,42.75,2543.92,30,1810.669
3827,2248,994,1,526.86,59.25,467.61,30,368.802
3828,2249,507,1,55812.59,2502.49,53310.1,0,55812.59
3829,2249,95,1,24006.46,1823.65,22182.81,30,16804.521999999997
3830,2249,956,1,2547.65,51.81,2495.84,30,1783.355
3831,2250,1585,1,1472.08,20.62,1451.46,0,1472.08
3832,2250,1158,1,973.98,36.44,937.54,0,973.98
3833,2250,1515,1,2940.55,88.19,2852.36,10,2646.4950000000003
3834,2251,694,2,16383.26,3631.25,29135.27,30,11468.282
3835,2251,1286,1,41910.79,3068.79,38842.0,10,37719.711
3836,2251,1076,1,439.99,12.23,427.76,10,395.991
3837,2251,1018,1,376.18,20.99,355.19,0,376.18
3838,2251,609,1,3352.06,187.61,3164.45,10,3016.854
3839,2252,963,2,121884.72,0.0,243769.44,20,97507.776
3840,2253,1314,1,2752.88,300.62,2452.26,20,2202.304
3841,2254,112,1,86793.43,6128.59,80664.84,10,78114.087
3842,2255,308,2,93084.78,26789.59,159379.97,30,65159.346
3843,2255,1496,1,1656.55,78.65,1577.9,10,1490.895
3844,2256,762,1,1588.39,38.65,1549.74,0,1588.39
3845,2257,433,1,93895.84,8083.59,85812.25,0,93895.84
3846,2258,1400,1,92951.15,12764.95,80186.2,10,83656.035
3847,2259,388,1,3732.52,426.54,3305.98,0,3732.52
3848,2260,1327,1,26530.9,734.21,25796.69,20,21224.72
3849,2261,774,1,91105.66,0.0,91105.66,10,81995.09400000001
3850,2262,287,1,5144.9,744.07,4400.83,0,5144.9
3851,2262,1447,2,1595.48,363.06,2827.9,10,1435.932
3852,2262,1380,1,42520.46,2138.08,40382.38,30,29764.322
3853,2262,1554,1,2832.89,358.51,2474.38,30,1983.023
3854,2262,1495,1,92165.84,7213.76,84952.08,30,64516.088
3855,2263,798,1,3718.85,0.0,3718.85,30,2603.195
3856,2263,921,1,158189.7,0.0,158189.7,10,142370.73
3857,2264,1564,1,87286.27,0.0,87286.27,0,87286.27
3858,2265,350,2,667.72,181.12,1154.32,30,467.404
3859,2266,955,1,3121.71,0.0,3121.71,0,3121.71
3860,2267,420,1,39796.63,77.18,39719.45,30,27857.641
3861,2267,1182,1,2775.93,355.38,2420.55,10,2498.337
3862,2268,595,1,42135.25,1526.04,40609.21,0,42135.25
3863,2269,1108,1,145328.64,5443.79,139884.85,20,116262.912
3864,2270,295,1,2098.64,0.0,2098.64,30,1469.0479999999998
3865,2271,1407,1,43168.92,0.0,43168.92,20,34535.136
3866,2271,1320,1,44898.72,0.0,44898.72,10,40408.848000000005
3867,2272,151,1,3701.2,0.0,3701.2,0,3701.2
3868,2273,467,3,34229.7,0.0,102689.1,30,23960.79
3869,2274,1497,1,9582.92,388.07,9194.85,20,7666.336
3870,2275,886,1,293.19,0.0,293.19,0,293.19
3871,2275,1334,2,1811.5,0.0,3623.0,10,1630.35
3872,2276,825,1,25418.66,0.0,25418.66,0,25418.66
3873,2276,1262,1,643.39,0.0,643.39,30,450.37299999999993
3874,2276,764,1,2664.12,0.0,2664.12,20,2131.296
3875,2276,910,1,112070.62,0.0,112070.62,30,78449.434
3876,2277,34,1,3014.06,0.0,3014.06,30,2109.842
3877,2278,41,1,990.24,85.06,905.18,0,990.24
3878,2278,909,2,9271.61,691.21,17852.01,30,6490.127
3879,2279,21,1,417.88,46.89,370.99,10,376.092
3880,2279,768,1,50561.03,2573.0,47988.03,20,40448.824
3881,2280,107,1,284.52,3.62,280.9,20,227.616
3882,2281,1111,2,92338.19,1685.05,182991.33,30,64636.733
3883,2281,1260,1,664.92,93.78,571.14,0,664.92
3884,2282,819,1,5857.66,0.0,5857.66,30,4100.362
3885,2283,1265,1,753.76,43.54,710.22,10,678.384
3886,2284,578,1,41356.77,3121.91,38234.86,10,37221.093
3887,2285,1036,1,4064.58,475.48,3589.1,30,2845.206
3888,2285,174,1,30123.15,2143.84,27979.31,20,24098.520000000004
3889,2286,1274,1,118948.19,0.0,118948.19,20,95158.552
3890,2286,363,1,3377.19,0.0,3377.19,0,3377.19
3891,2286,83,1,67349.49,0.0,67349.49,20,53879.592
3892,2287,1567,1,119671.35,0.0,119671.35,0,119671.35
3893,2287,1104,1,1846.11,0.0,1846.11,30,1292.2769999999998
3894,2288,1255,1,45338.1,1310.81,44027.29,20,36270.48
3895,2289,560,2,30947.74,0.0,61895.48,0,30947.74
3896,2289,137,1,1739.85,0.0,1739.85,20,1391.88
3897,2290,479,1,721.06,0.0,721.06,10,648.954
3898,2290,1021,1,77339.97,0.0,77339.97,20,61871.976
3899,2291,808,1,124999.97,13215.42,111784.55,20,99999.976
3900,2292,421,1,468.23,0.0,468.23,30,327.761
3901,2293,107,1,284.52,0.0,284.52,0,284.52
3902,2294,1114,1,1971.55,149.12,1822.43,30,1380.0849999999998
3903,2295,569,1,1937.28,9.62,1927.66,30,1356.096
3904,2296,1276,1,5685.06,822.03,4863.03,10,5116.554
3905,2297,895,1,2219.6,0.0,2219.6,20,1775.68
3906,2298,1202,1,54005.3,7779.31,46225.99,20,43204.240000000005
3907,2299,898,1,4375.33,316.36,4058.97,10,3937.797
3908,2300,1317,1,2594.28,73.21,2521.07,30,1815.996
3909,2301,425,1,4814.38,533.34,4281.04,10,4332.942
3910,2301,1407,1,43168.92,2044.48,41124.44,10,38852.028
3911,2302,1332,1,29617.39,665.68,28951.71,0,29617.39
3912,2303,789,1,83642.73,10368.84,73273.89,30,58549.91099999999
3913,2304,1294,1,31639.3,0.0,31639.3,30,22147.51
3914,2305,794,1,2509.16,0.0,2509.16,0,2509.16
3915,2306,112,2,86793.43,0.0,173586.86,20,69434.74399999999
3916,2307,1278,1,110118.08,0.0,110118.08,10,99106.272
3917,2308,1176,1,70122.26,5798.74,64323.52,30,49085.582
3918,2309,580,1,870.31,82.91,787.4,20,696.248
3919,2310,798,3,3718.85,479.61,10676.94,20,2975.08
3920,2310,806,1,147721.74,7241.41,140480.33,20,118177.392
3921,2310,1332,1,29617.39,4222.12,25395.27,10,26655.651
3922,2310,733,1,9342.39,1042.84,8299.55,0,9342.39
3923,2310,188,1,43239.04,770.18,42468.86,30,30267.328
3924,2311,1347,1,1641.29,86.89,1554.4,10,1477.161
3925,2311,43,1,6086.88,361.96,5724.92,10,5478.192
3926,2312,1344,1,765.13,8.42,756.71,0,765.13
3927,2312,77,1,375.9,17.05,358.85,0,375.9
3928,2313,651,1,82264.94,1639.92,80625.02,0,82264.94
3929,2314,756,1,3804.36,264.29,3540.07,0,3804.36
3930,2315,1545,1,82188.32,3111.24,79077.08,20,65750.656
3931,2316,369,3,124766.67,26459.1,347840.91,10,112290.003
3932,2316,1554,1,2832.89,49.09,2783.8,10,2549.601
3933,2316,14,1,2125.0,124.32,2000.68,30,1487.5
3934,2316,1026,1,16347.09,1571.96,14775.13,20,13077.672
3935,2316,1326,2,1936.13,214.59,3657.67,20,1548.9040000000002
3936,2317,230,2,32147.34,7055.95,57238.73,10,28932.606
3937,2317,1136,1,11889.97,144.51,11745.46,0,11889.97
3938,2317,1551,3,2108.02,186.75,6137.31,30,1475.6139999999998
3939,2318,375,2,1217.82,0.0,2435.64,30,852.4739999999999
3940,2318,1176,1,70122.26,0.0,70122.26,20,56097.808
3941,2319,209,1,44783.42,5868.29,38915.13,10,40305.078
3942,2319,132,2,2548.46,1.2,5095.72,20,2038.768
3943,2319,321,1,14713.75,1116.25,13597.5,0,14713.75
3944,2319,322,1,8789.14,813.63,7975.51,20,7031.312
3945,2319,678,1,2482.88,38.26,2444.62,30,1738.016
3946,2320,833,1,3282.57,47.85,3234.72,30,2297.799
3947,2321,237,1,1747.18,0.0,1747.18,0,1747.18
3948,2321,612,1,1008.02,0.0,1008.02,0,1008.02
3949,2322,1313,1,1131.03,80.44,1050.59,30,791.7209999999999
3950,2323,1576,1,2033.33,53.46,1979.87,0,2033.33
3951,2323,1488,1,62639.65,8900.57,53739.08,30,43847.755
3952,2323,1148,1,35366.0,1619.8,33746.2,20,28292.800000000003
3953,2323,189,1,2123.95,315.36,1808.59,20,1699.16
3954,2324,1262,3,643.39,0.0,1930.17,30,450.37299999999993
3955,2325,1105,1,14005.91,0.0,14005.91,0,14005.91
3956,2326,1012,1,1697.86,178.27,1519.59,30,1188.502
3957,2326,1113,1,4930.52,344.79,4585.73,20,3944.4160000000006
3958,2327,1224,1,3160.05,0.0,3160.05,0,3160.05
3959,2328,555,1,49699.72,0.0,49699.72,10,44729.748
3960,2329,1582,1,1221.76,0.0,1221.76,10,1099.584
3961,2330,972,1,58923.09,4706.75,54216.34,0,58923.09
3962,2330,1262,1,643.39,86.75,556.64,20,514.712
3963,2331,1590,1,154961.7,7048.0,147913.7,20,123969.36000000002
3964,2332,782,1,32396.84,0.0,32396.84,20,25917.472
3965,2333,1134,1,79315.25,0.0,79315.25,10,71383.725
3966,2334,12,1,13993.18,0.0,13993.18,20,11194.544000000002
3967,2335,1565,1,3314.16,266.52,3047.64,20,2651.328
3968,2335,945,1,1136.14,139.73,996.41,20,908.912
3969,2335,1148,1,35366.0,90.81,35275.19,0,35366.0
3970,2335,1098,2,48652.71,628.33,96677.09,0,48652.71
3971,2335,1444,2,1761.67,311.37,3211.97,0,1761.67
3972,2336,1551,1,2108.02,181.48,1926.54,20,1686.4160000000002
3973,2336,1571,1,365.21,47.71,317.5,10,328.689
3974,2337,41,1,990.24,44.7,945.54,10,891.216
3975,2337,1459,1,3227.95,95.14,3132.81,0,3227.95
3976,2337,1469,2,3359.54,755.81,5963.27,10,3023.586
3977,2337,457,1,805.01,32.64,772.37,10,724.509
3978,2337,1116,1,9372.19,1127.22,8244.97,30,6560.533
3979,2338,1390,1,32277.62,2224.29,30053.33,30,22594.334
3980,2338,327,1,29823.32,3280.67,26542.65,30,20876.324
3981,2339,446,1,2938.62,133.08,2805.54,20,2350.896
3982,2340,521,1,322.75,28.25,294.5,10,290.475
3983,2341,556,2,959.6,41.38,1877.82,0,959.6
3984,2342,1527,1,6369.71,272.05,6097.66,20,5095.768
3985,2343,1595,1,18497.48,1095.04,17402.44,30,12948.236
3986,2343,1018,1,376.18,25.9,350.28,30,263.326
3987,2344,1499,1,29009.65,0.0,29009.65,10,26108.685
3988,2344,1062,1,29542.18,0.0,29542.18,30,20679.526
3989,2345,1562,1,1492.59,43.55,1449.04,10,1343.331
3990,2346,442,1,1278.0,109.35,1168.65,30,894.5999999999999
3991,2346,1211,1,3864.77,333.65,3531.12,20,3091.8160000000003
3992,2347,1338,2,2238.46,450.81,4026.11,0,2238.46
3993,2348,255,1,109573.83,0.0,109573.83,0,109573.83
3994,2349,1581,1,148976.59,0.0,148976.59,0,148976.59
3995,2350,157,1,39923.68,0.0,39923.68,0,39923.68
3996,2351,1535,2,4110.59,596.23,7624.95,0,4110.59
3997,2352,1388,2,44645.42,1351.66,87939.18,10,40180.878
3998,2353,334,2,1881.36,547.15,3215.57,10,1693.224
3999,2354,977,1,1685.73,0.0,1685.73,30,1180.011
4000,2355,234,1,47459.41,553.41,46906.0,20,37967.528000000006
4001,2356,1536,1,26543.86,3042.95,23500.91,30,18580.702
4002,2356,1286,1,41910.79,5152.02,36758.77,10,37719.711
4003,2357,228,1,1579.03,0.0,1579.03,30,1105.321
4004,2357,7,1,2327.69,0.0,2327.69,10,2094.9210000000003
4005,2358,1001,1,47120.94,6155.57,40965.37,30,32984.658
4006,2359,808,1,124999.97,7225.31,117774.66,0,124999.97
4007,2359,46,2,4876.53,11.89,9741.17,10,4388.877
4008,2360,1020,1,1546.51,214.67,1331.84,0,1546.51
4009,2360,484,1,3780.52,371.34,3409.18,30,2646.364
4010,2361,1298,1,2653.12,0.0,2653.12,10,2387.808
4011,2362,303,1,3839.35,0.0,3839.35,20,3071.48
4012,2363,842,1,44095.41,2408.61,41686.8,0,44095.41
4013,2364,1014,1,1806.34,261.52,1544.82,20,1445.072
4014,2364,898,1,4375.33,391.27,3984.06,10,3937.797
4015,2364,1451,1,397.42,8.89,388.53,20,317.93600000000004
4016,2364,807,1,39492.14,4500.01,34992.13,10,35542.926
4017,2364,438,1,4222.79,0.55,4222.24,10,3800.511
4018,2365,708,1,71148.88,647.97,70500.91,20,56919.10400000001
4019,2366,758,2,122743.75,0.0,245487.5,10,110469.375
4020,2366,553,1,620.66,0.0,620.66,20,496.528
4021,2367,890,1,930.52,0.0,930.52,0,930.52
4022,2368,58,1,2642.32,201.6,2440.72,0,2642.32
4023,2368,1547,2,658.88,164.67,1153.09,30,461.216
4024,2368,352,1,93433.5,2585.72,90847.78,20,74746.8
4025,2368,1101,1,2240.73,314.86,1925.87,10,2016.657
4026,2369,782,1,32396.84,755.05,31641.79,30,22677.788
4027,2369,1517,2,3093.55,398.15,5788.95,0,3093.55
4028,2369,636,1,915.13,34.92,880.21,0,915.13
4029,2369,1508,1,2634.42,84.25,2550.17,10,2370.978
4030,2369,670,1,1896.46,105.9,1790.56,20,1517.168
4031,2370,804,2,3599.24,858.16,6340.32,20,2879.392
4032,2370,1487,1,2520.21,337.28,2182.93,20,2016.168
4033,2371,386,1,5216.92,234.2,4982.72,30,3651.844
4034,2372,108,1,108060.7,3154.55,104906.15,10,97254.63
4035,2373,1316,2,343.7,22.2,665.2,30,240.59
4036,2374,721,1,1671.74,0.0,1671.74,20,1337.392
4037,2375,73,2,3258.39,672.8,5843.98,30,2280.873
4038,2376,1481,1,22590.89,2610.21,19980.68,20,18072.712
4039,2376,89,3,700.33,154.92,1946.07,10,630.297
4040,2376,1434,1,758.95,106.09,652.86,30,531.265
4041,2376,670,1,1896.46,18.57,1877.89,30,1327.522
4042,2376,665,2,2040.79,267.27,3814.31,30,1428.553
4043,2377,1041,3,441.29,0.0,1323.87,30,308.903
4044,2378,561,1,23226.57,2015.31,21211.26,0,23226.57
4045,2379,1010,1,51993.79,5150.49,46843.3,20,41595.03200000001
4046,2380,785,1,703.23,0.0,703.23,30,492.261
4047,2380,1281,1,25227.32,0.0,25227.32,0,25227.32
4048,2381,1301,1,4881.31,0.0,4881.31,10,4393.179
4049,2382,288,1,6762.4,0.0,6762.4,0,6762.4
4050,2382,1375,1,3435.74,0.0,3435.74,0,3435.74
4051,2382,532,1,3702.86,0.0,3702.86,30,2592.002
4052,2383,551,1,2682.04,244.32,2437.72,0,2682.04
4053,2384,90,1,664.2,19.07,645.13,10,597.7800000000001
4054,2384,668,3,734.86,171.2,2033.38,0,734.86
4055,2385,114,1,46974.46,6594.42,40380.04,20,37579.568
4056,2385,160,1,589.97,23.35,566.62,10,530.9730000000001
4057,2386,1245,2,40671.19,714.45,80627.93,0,40671.19
4058,2387,1041,1,441.29,0.0,441.29,30,308.903
4059,2388,1087,1,1167.58,0.0,1167.58,0,1167.58
4060,2389,10,1,661.22,0.0,661.22,30,462.854
4061,2390,1562,1,1492.59,39.62,1452.97,30,1044.813
4062,2391,1576,2,2033.33,0.0,4066.66,30,1423.331
4063,2392,678,1,2482.88,0.0,2482.88,10,2234.592
4064,2392,1548,1,174.01,0.0,174.01,30,121.807
4065,2393,1220,1,37492.11,0.0,37492.11,0,37492.11
4066,2394,447,3,2160.35,0.0,6481.05,0,2160.35
4067,2395,172,1,348.87,0.0,348.87,0,348.87
4068,2396,1222,3,5286.96,642.74,15218.14,10,4758.264
4069,2396,1270,1,4276.25,422.58,3853.67,0,4276.25
4070,2397,747,1,8474.0,0.0,8474.0,20,6779.200000000001
4071,2397,194,1,2698.45,0.0,2698.45,10,2428.605
4072,2398,152,1,110450.49,12289.45,98161.04,10,99405.441
4073,2399,590,1,19908.38,0.0,19908.38,10,17917.542
4074,2399,1375,1,3435.74,0.0,3435.74,10,3092.166
4075,2400,1093,2,20431.66,0.0,40863.32,30,14302.161999999998
4076,2400,322,1,8789.14,0.0,8789.14,10,7910.226
4077,2401,1525,1,368.87,0.0,368.87,10,331.983
4078,2401,535,1,1119.88,0.0,1119.88,30,783.916
4079,2401,1544,3,5232.67,0.0,15698.01,0,5232.67
4080,2402,644,1,2644.87,107.61,2537.26,20,2115.896
4081,2402,1258,1,8683.79,991.49,7692.3,10,7815.411000000001
4082,2403,627,1,43230.9,0.0,43230.9,0,43230.9
4083,2404,980,1,1563.36,0.0,1563.36,30,1094.352
4084,2404,997,1,389.19,0.0,389.19,10,350.271
4085,2405,1183,1,393.77,0.0,393.77,10,354.393
4086,2406,1500,1,3078.22,427.97,2650.25,20,2462.576
4087,2406,1187,2,175626.18,23847.94,327404.42,30,122938.326
4088,2406,317,1,5082.23,137.6,4944.63,30,3557.561
4089,2407,1133,1,750.52,0.0,750.52,0,750.52
4090,2407,1434,1,758.95,0.0,758.95,0,758.95
4091,2408,918,1,3505.07,0.0,3505.07,10,3154.563
4092,2409,147,2,3458.77,0.0,6917.54,10,3112.893
4093,2409,1024,1,2654.56,0.0,2654.56,0,2654.56
4094,2410,1169,1,2642.98,57.46,2585.52,30,1850.086
4095,2411,1534,2,8395.14,1299.22,15491.06,30,5876.597999999999
4096,2411,386,1,5216.92,779.62,4437.3,10,4695.228
4097,2412,1594,1,1943.32,129.94,1813.38,0,1943.32
4098,2412,616,1,120778.74,3498.14,117280.6,30,84545.118
4099,2412,557,3,40353.14,1489.48,119569.94,0,40353.14
4100,2413,448,1,1698.53,235.16,1463.37,30,1188.971
4101,2413,284,2,1532.5,168.04,2896.96,30,1072.75
4102,2413,1517,1,3093.55,47.59,3045.96,30,2165.485
4103,2413,1192,1,70917.05,9264.73,61652.32,0,70917.05
4104,2413,622,1,135527.88,2335.64,133192.24,0,135527.88
4105,2414,827,2,1826.44,399.82,3253.06,10,1643.796
4106,2415,339,1,706.67,56.83,649.84,10,636.0029999999999
4107,2416,1005,1,5455.75,540.66,4915.09,10,4910.175
4108,2417,788,1,3542.11,0.0,3542.11,20,2833.688
4109,2417,850,1,2717.09,0.0,2717.09,20,2173.672
4110,2417,195,1,31411.94,0.0,31411.94,0,31411.94
4111,2417,1500,1,3078.22,0.0,3078.22,20,2462.576
4112,2417,950,1,2629.74,0.0,2629.74,10,2366.766
4113,2418,1164,1,1609.85,0.0,1609.85,10,1448.865
4114,2418,959,1,2008.67,0.0,2008.67,10,1807.803
4115,2419,1188,1,81653.1,10506.81,71146.29,0,81653.1
4116,2420,155,2,6759.98,1941.34,11578.62,0,6759.98
4117,2420,1505,1,43480.18,4918.97,38561.21,0,43480.18
4118,2421,496,1,28606.14,0.0,28606.14,0,28606.14
4119,2421,1150,1,2765.55,0.0,2765.55,30,1935.885
4120,2422,850,1,2717.09,17.82,2699.27,20,2173.672
4121,2422,1322,2,21785.34,3327.53,40243.15,10,19606.806
4122,2423,780,1,3912.69,0.0,3912.69,20,3130.152
4123,2424,941,1,2360.32,0.0,2360.32,30,1652.224
4124,2425,1166,1,2881.52,52.93,2828.59,30,2017.064
4125,2426,1348,1,3802.67,479.58,3323.09,30,2661.869
4126,2427,1467,2,74.8,17.64,131.96,20,59.84
4127,2428,1246,1,1880.46,246.11,1634.35,20,1504.3680000000002
4128,2428,552,1,2589.95,45.77,2544.18,20,2071.96
4129,2428,1533,1,2523.95,67.51,2456.44,20,2019.16
4130,2428,1582,1,1221.76,15.21,1206.55,30,855.232
4131,2429,136,1,646.44,93.66,552.78,10,581.796
4132,2429,1155,1,608.12,30.74,577.38,20,486.496
4133,2430,672,1,2275.78,0.0,2275.78,30,1593.046
4134,2431,1315,2,1184.81,321.58,2048.04,0,1184.81
4135,2431,706,1,2585.08,208.01,2377.07,0,2585.08
4136,2431,845,1,746.19,87.64,658.55,10,671.571
4137,2431,448,1,1698.53,70.06,1628.47,0,1698.53
4138,2431,464,2,92357.26,20907.78,163806.74,20,73885.808
4139,2432,1172,1,3297.12,0.0,3297.12,0,3297.12
4140,2433,318,2,151206.66,21937.51,280475.81,0,151206.66
4141,2434,1527,1,6369.71,288.1,6081.61,0,6369.71
4142,2435,320,1,1023.82,0.0,1023.82,20,819.056
4143,2436,1251,1,5415.24,59.79,5355.45,10,4873.716
4144,2437,1594,1,1943.32,153.53,1789.79,10,1748.988
4145,2438,1581,1,148976.59,0.0,148976.59,0,148976.59
4146,2439,1393,1,36343.46,4846.34,31497.12,30,25440.422
4147,2439,1074,1,3149.29,223.71,2925.58,30,2204.503
4148,2439,1559,1,2127.33,64.8,2062.53,20,1701.864
4149,2439,188,2,43239.04,2383.26,84094.82,20,34591.232
4150,2439,90,2,664.2,193.3,1135.1,10,597.7800000000001
4151,2440,787,1,2387.75,0.0,2387.75,30,1671.425
4152,2440,1536,1,26543.86,0.0,26543.86,30,18580.702
4153,2441,670,1,1896.46,0.0,1896.46,0,1896.46
4154,2442,1524,1,4935.26,28.71,4906.55,10,4441.734
4155,2442,1379,1,78359.54,11577.87,66781.67,0,78359.54
4156,2443,906,1,52750.88,4687.42,48063.46,20,42200.704
4157,2444,40,1,29011.05,4105.73,24905.32,0,29011.05
4158,2445,1496,1,1656.55,13.17,1643.38,0,1656.55
4159,2446,1033,1,6964.85,922.83,6042.02,0,6964.85
4160,2447,1199,1,1211.39,4.8,1206.59,30,847.9730000000001
4161,2448,391,1,134.99,14.05,120.94,0,134.99
4162,2449,376,1,1921.2,77.07,1844.13,0,1921.2
4163,2450,55,1,38559.98,0.0,38559.98,20,30847.984000000004
4164,2451,905,1,7124.42,645.57,6478.85,10,6411.978
4165,2452,265,1,1326.78,170.35,1156.43,0,1326.78
4166,2453,520,1,4941.54,730.67,4210.87,30,3459.078
4167,2454,303,1,3839.35,0.0,3839.35,20,3071.48
4168,2454,1269,1,2326.75,0.0,2326.75,20,1861.4
4169,2455,561,1,23226.57,1462.16,21764.41,10,20903.913
4170,2455,1218,1,143821.79,8173.26,135648.53,20,115057.43200000002
4171,2455,1258,1,8683.79,164.4,8519.39,20,6947.032000000001
4172,2456,929,1,30089.57,3124.92,26964.65,0,30089.57
4173,2457,295,1,2098.64,0.0,2098.64,0,2098.64
4174,2457,929,1,30089.57,0.0,30089.57,30,21062.699
4175,2458,392,1,3400.93,462.91,2938.02,30,2380.651
4176,2459,483,1,14895.15,120.48,14774.67,20,11916.12
4177,2460,1398,1,2940.48,0.0,2940.48,30,2058.336
4178,2460,1043,1,1164.22,0.0,1164.22,0,1164.22
4179,2461,828,1,957.7,0.0,957.7,20,766.1600000000001
4180,2462,953,1,1650.81,202.4,1448.41,30,1155.5669999999998
4181,2463,852,2,2573.04,460.51,4685.57,0,2573.04
4182,2464,1101,1,2240.73,0.0,2240.73,10,2016.657
4183,2464,1198,1,2934.15,0.0,2934.15,10,2640.735
4184,2465,205,1,400.88,0.0,400.88,10,360.792
4185,2466,1094,1,24047.77,260.82,23786.95,0,24047.77
4186,2467,340,1,652.5,53.84,598.66,30,456.75
4187,2467,562,1,2288.25,266.14,2022.11,30,1601.775
4188,2467,1037,1,110609.66,3452.65,107157.01,30,77426.762
4189,2467,912,1,767.48,42.95,724.53,10,690.7320000000001
4190,2468,480,1,3056.45,319.5,2736.95,20,2445.16
4191,2468,137,1,1739.85,203.72,1536.13,30,1217.8949999999998
4192,2468,712,1,14513.0,1248.87,13264.13,10,13061.7
4193,2468,909,1,9271.61,834.04,8437.57,20,7417.288
4194,2469,1178,2,88183.51,0.0,176367.02,0,88183.51
4195,2469,1494,1,18167.06,0.0,18167.06,10,16350.354
4196,2470,640,1,3083.27,159.39,2923.88,0,3083.27
4197,2470,1479,1,948.68,137.02,811.66,20,758.944
4198,2470,30,1,2584.77,160.89,2423.88,20,2067.8160000000003
4199,2470,1490,1,516.42,69.68,446.74,0,516.42
4200,2470,1452,3,71498.52,14714.22,199781.34,20,57198.816000000006
4201,2471,736,1,784.34,11.86,772.48,20,627.4720000000001
4202,2471,802,1,2548.8,154.78,2394.02,10,2293.92
4203,2471,1142,1,99.91,4.06,95.85,0,99.91
4204,2471,353,1,2714.1,35.08,2679.02,10,2442.69
4205,2472,1051,3,18311.46,1435.09,53499.29,30,12818.022
4206,2473,310,1,4017.89,0.0,4017.89,20,3214.312
4207,2473,223,1,986.9,0.0,986.9,20,789.52
4208,2474,1567,1,119671.35,0.0,119671.35,30,83769.94499999999
4209,2474,48,2,29841.27,0.0,59682.54,10,26857.143
4210,2475,551,1,2682.04,232.3,2449.74,10,2413.836
4211,2476,437,1,2583.87,96.48,2487.39,30,1808.709
4212,2477,544,2,28257.91,0.0,56515.82,10,25432.119
4213,2478,544,1,28257.91,686.25,27571.66,10,25432.119
4214,2479,1596,1,4337.02,100.16,4236.86,20,3469.6160000000004
4215,2480,1048,1,71604.88,6731.93,64872.95,20,57283.90400000001
4216,2481,1348,2,3802.67,298.95,7306.39,20,3042.1360000000004
4217,2482,657,1,60338.17,8228.53,52109.64,10,54304.353
4218,2483,665,2,2040.79,0.0,4081.58,20,1632.632
4219,2484,1204,1,122881.84,14376.43,108505.41,0,122881.84
4220,2485,684,1,2183.03,188.5,1994.53,20,1746.4240000000002
4221,2486,313,1,4982.63,404.12,4578.51,0,4982.63
4222,2486,308,1,93084.78,11522.95,81561.83,30,65159.346
4223,2487,128,1,2134.53,75.09,2059.44,10,1921.077
4224,2488,853,3,2122.25,0.0,6366.75,20,1697.8000000000002
4225,2489,177,1,1395.34,0.0,1395.34,20,1116.272
4226,2489,279,1,41417.49,0.0,41417.49,10,37275.741
4227,2489,321,2,14713.75,0.0,29427.5,0,14713.75
4228,2490,1550,1,1412.93,0.0,1412.93,10,1271.6370000000002
4229,2491,1311,2,5198.45,663.98,9732.92,30,3638.915
4230,2491,10,2,661.22,109.06,1213.38,30,462.854
4231,2491,660,1,41679.89,710.36,40969.53,0,41679.89
4232,2492,864,2,3913.42,0.0,7826.84,10,3522.078
4233,2492,313,1,4982.63,0.0,4982.63,0,4982.63
4234,2493,1135,1,22063.27,2580.95,19482.32,30,15444.289
4235,2493,759,1,2014.33,171.29,1843.04,0,2014.33
4236,2493,816,1,3330.84,497.46,2833.38,20,2664.6720000000005
4237,2494,602,2,3153.82,362.07,5945.57,10,2838.438
4238,2495,885,2,51233.09,14704.53,87761.65,0,51233.09
4239,2496,847,2,1450.17,0.0,2900.34,0,1450.17
4240,2497,1377,1,24652.74,3460.03,21192.71,20,19722.192000000003
4241,2497,555,1,49699.72,5133.76,44565.96,20,39759.776000000005
4242,2498,431,1,2733.95,24.34,2709.61,30,1913.765
4243,2498,1247,1,90898.31,10203.37,80694.94,20,72718.648
4244,2498,87,1,3322.65,99.15,3223.5,30,2325.855
4245,2498,980,2,1563.36,358.98,2767.74,20,1250.688
4246,2499,1371,1,316.58,4.12,312.46,0,316.58
4247,2499,747,1,8474.0,6.87,8467.13,30,5931.799999999999
4248,2500,1376,1,901.13,126.76,774.37,10,811.017
4249,2501,906,2,52750.88,11013.58,94488.18,20,42200.704
4250,2501,294,1,41961.75,3073.62,38888.13,20,33569.4
4251,2501,1453,1,35984.99,4577.67,31407.32,0,35984.99
4252,2501,354,1,2738.94,342.4,2396.54,30,1917.258
4253,2501,1217,1,2877.25,284.3,2592.95,20,2301.8
4254,2502,820,1,5798.58,353.84,5444.74,20,4638.8640000000005
4255,2503,649,1,975.94,133.03,842.91,30,683.158
4256,2504,385,1,1018.09,0.0,1018.09,0,1018.09
4257,2504,1429,2,1720.96,0.0,3441.92,20,1376.768
4258,2505,488,1,7124.84,0.0,7124.84,30,4987.388
4259,2505,473,1,2980.81,0.0,2980.81,30,2086.567
4260,2505,635,1,3970.58,0.0,3970.58,0,3970.58
4261,2505,1009,1,3746.51,0.0,3746.51,20,2997.2080000000005
4262,2506,412,1,5380.91,105.59,5275.32,10,4842.819
4263,2507,320,2,1023.82,0.0,2047.64,30,716.674
4264,2508,308,2,93084.78,13636.2,172533.36,30,65159.346
4265,2508,1263,1,5431.26,749.31,4681.95,20,4345.008000000001
4266,2509,1594,1,1943.32,223.72,1719.6,30,1360.3239999999998
4267,2509,1085,1,4236.56,422.51,3814.05,20,3389.2480000000005
4268,2509,766,1,77346.82,11507.14,65839.68,20,61877.456000000006
4269,2509,104,1,1053.46,65.43,988.03,10,948.114
4270,2509,1025,1,2450.74,160.63,2290.11,10,2205.666
4271,2510,1407,1,43168.92,0.0,43168.92,20,34535.136
4272,2511,662,1,1180.85,0.0,1180.85,20,944.68
4273,2512,1170,1,4694.51,0.0,4694.51,20,3755.608
4274,2512,1538,1,1905.21,0.0,1905.21,10,1714.689
4275,2512,1150,1,2765.55,0.0,2765.55,0,2765.55
4276,2513,190,1,3339.03,481.09,2857.94,0,3339.03
4277,2514,514,2,417.37,83.22,751.52,0,417.37
4278,2514,340,1,652.5,5.35,647.15,20,522.0
4279,2515,1077,1,40938.16,204.52,40733.64,20,32750.52800000001
4280,2515,897,1,1844.43,273.17,1571.26,0,1844.43
4281,2516,1129,1,42340.3,0.0,42340.3,10,38106.27
4282,2516,358,1,1436.42,0.0,1436.42,20,1149.1360000000002
4283,2517,269,1,130385.87,6855.14,123530.73,30,91270.109
4284,2517,1391,1,4780.43,174.52,4605.91,0,4780.43
4285,2517,1142,1,99.91,3.28,96.63,0,99.91
4286,2517,1077,1,40938.16,1583.46,39354.7,30,28656.712
4287,2517,1448,1,35381.82,75.15,35306.67,20,28305.456
4288,2518,811,1,1385.81,13.28,1372.53,30,970.067
4289,2518,1195,1,84848.75,4476.04,80372.71,30,59394.12499999999
4290,2518,245,2,3184.05,720.31,5647.79,20,2547.24
4291,2518,1150,1,2765.55,209.61,2555.94,20,2212.44
4292,2519,635,1,3970.58,311.6,3658.98,0,3970.58
4293,2519,641,1,1430.27,9.71,1420.56,0,1430.27
4294,2520,874,1,331.29,0.0,331.29,0,331.29
4295,2521,1341,1,36074.93,0.0,36074.93,20,28859.944000000003
4296,2522,111,1,38654.56,0.0,38654.56,0,38654.56
4297,2523,743,1,2269.05,321.83,1947.22,20,1815.24
4298,2524,1355,1,7004.87,0.0,7004.87,10,6304.383
4299,2524,248,1,1908.15,0.0,1908.15,30,1335.705
4300,2524,209,1,44783.42,0.0,44783.42,30,31348.394
4301,2525,1063,1,2532.13,282.88,2249.25,0,2532.13
4302,2525,1291,1,45103.84,1790.87,43312.97,10,40593.456
4303,2525,75,2,8157.48,277.89,16037.07,0,8157.48
4304,2526,332,1,1578.22,82.62,1495.6,30,1104.754
4305,2526,308,1,93084.78,6400.3,86684.48,30,65159.346
4306,2527,986,2,57564.41,919.08,114209.74,20,46051.528000000006
4307,2528,96,1,2121.52,283.6,1837.92,10,1909.368
4308,2529,151,1,3701.2,331.16,3370.04,20,2960.96
4309,2530,1493,1,625.05,79.85,545.2,10,562.545
4310,2531,869,1,1297.86,165.07,1132.79,30,908.5019999999998
4311,2532,1472,1,3429.31,11.9,3417.41,0,3429.31
4312,2533,220,1,3360.14,376.14,2984.0,10,3024.126
4313,2533,1475,2,57952.35,1058.83,114845.87,20,46361.880000000005
4314,2534,812,1,24603.28,1747.93,22855.35,30,17222.296
4315,2535,124,1,1916.25,235.11,1681.14,10,1724.625
4316,2536,1119,1,7175.29,740.15,6435.14,30,5022.703
4317,2536,1108,1,145328.64,4175.45,141153.19,20,116262.912
4318,2536,1427,1,1223.85,52.44,1171.41,20,979.08
4319,2536,950,1,2629.74,301.6,2328.14,20,2103.792
4320,2537,1379,2,78359.54,13684.12,143034.96,20,62687.632
4321,2537,1574,1,969.18,84.77,884.41,0,969.18
4322,2538,1512,1,10568.45,0.0,10568.45,10,9511.605
4323,2539,1267,1,2049.76,43.83,2005.93,30,1434.832
4324,2539,918,1,3505.07,402.3,3102.77,0,3505.07
4325,2539,1027,1,37556.23,3121.08,34435.15,0,37556.23
4326,2540,1504,1,1103.31,22.74,1080.57,10,992.979
4327,2541,540,1,107051.36,8107.24,98944.12,0,107051.36
4328,2541,384,1,4128.03,69.61,4058.42,20,3302.424
4329,2542,567,1,3731.6,328.47,3403.13,30,2612.12
4330,2542,679,1,3603.31,343.09,3260.22,20,2882.648
4331,2543,1388,1,44645.42,0.0,44645.42,0,44645.42
4332,2544,123,1,246.09,0.0,246.09,0,246.09
4333,2544,643,1,3058.33,0.0,3058.33,10,2752.497
4334,2544,938,1,9347.84,0.0,9347.84,20,7478.272000000001
4335,2544,1501,1,31743.02,0.0,31743.02,30,22220.114
4336,2545,1192,1,70917.05,0.0,70917.05,0,70917.05
4337,2546,645,1,754.4,1.25,753.15,10,678.96
4338,2546,918,1,3505.07,302.39,3202.68,10,3154.563
4339,2546,1173,1,33473.5,1160.35,32313.15,0,33473.5
4340,2546,868,1,2801.32,263.28,2538.04,30,1960.924
4341,2546,116,1,2413.81,204.31,2209.5,20,1931.048
4342,2547,1473,2,1456.73,48.98,2864.48,0,1456.73
4343,2548,690,1,2245.24,0.0,2245.24,10,2020.716
4344,2549,397,1,31159.3,0.0,31159.3,10,28043.37
4345,2549,323,1,87171.31,0.0,87171.31,30,61019.917
4346,2549,1093,1,20431.66,0.0,20431.66,30,14302.161999999998
4347,2550,11,1,23533.14,915.43,22617.71,20,18826.512
4348,2551,701,2,47197.58,0.0,94395.16,0,47197.58
4349,2551,246,1,1755.56,0.0,1755.56,10,1580.004
4350,2551,421,1,468.23,0.0,468.23,0,468.23
4351,2551,473,1,2980.81,0.0,2980.81,20,2384.648
4352,2551,259,1,1980.52,0.0,1980.52,0,1980.52
4353,2552,612,3,1008.02,207.08,2816.98,0,1008.02
4354,2553,144,1,2699.16,257.49,2441.67,30,1889.412
4355,2554,1185,1,5187.12,0.0,5187.12,20,4149.696
4356,2554,400,1,767.7,0.0,767.7,20,614.1600000000001
4357,2555,378,1,8651.16,0.0,8651.16,0,8651.16
4358,2556,278,3,28596.87,0.0,85790.61,20,22877.496
4359,2556,562,1,2288.25,0.0,2288.25,20,1830.6
4360,2557,178,1,145568.91,9742.62,135826.29,20,116455.128
4361,2558,1598,3,3087.47,541.88,8720.53,20,2469.976
4362,2558,348,1,162.1,13.42,148.68,0,162.1
4363,2559,836,3,2325.57,613.42,6363.29,30,1627.899
4364,2560,1053,2,24845.69,815.57,48875.81,10,22361.121
4365,2561,434,1,3512.59,164.09,3348.5,0,3512.59
4366,2562,679,2,3603.31,453.6,6753.02,0,3603.31
4367,2563,907,2,1423.0,0.0,2846.0,30,996.1
4368,2563,127,1,2230.56,0.0,2230.56,20,1784.448
4369,2564,179,1,71832.87,2336.7,69496.17,0,71832.87
4370,2564,779,2,1855.31,508.52,3202.1,0,1855.31
4371,2565,1586,1,4275.29,47.13,4228.16,20,3420.232
4372,2566,943,1,1254.75,0.0,1254.75,20,1003.8
4373,2567,941,1,2360.32,57.23,2303.09,10,2124.288
4374,2568,925,1,405.11,36.78,368.33,10,364.5990000000001
4375,2568,1192,2,70917.05,13572.0,128262.1,10,63825.345
4376,2568,813,1,46231.71,3144.91,43086.8,10,41608.539
4377,2569,700,1,7717.28,0.0,7717.28,20,6173.8240000000005
4378,2569,928,1,2851.06,0.0,2851.06,0,2851.06
4379,2570,477,1,1565.23,0.0,1565.23,10,1408.707
4380,2570,1356,1,19747.45,0.0,19747.45,0,19747.45
4381,2570,1374,1,39316.48,0.0,39316.48,10,35384.832
4382,2571,809,1,36231.4,49.52,36181.88,20,28985.120000000003
4383,2572,1586,2,4275.29,1001.73,7548.85,10,3847.761
4384,2572,1305,3,2759.94,1213.9,7065.92,30,1931.958
4385,2573,1170,1,4694.51,593.6,4100.91,20,3755.608
4386,2574,401,1,1312.43,0.0,1312.43,0,1312.43
4387,2575,375,1,1217.82,91.55,1126.27,20,974.256
4388,2575,394,1,2706.99,115.55,2591.44,20,2165.592
4389,2576,761,1,11092.68,0.0,11092.68,30,7764.875999999999
4390,2576,1247,1,90898.31,0.0,90898.31,20,72718.648
4391,2577,771,2,2630.46,590.22,4670.7,0,2630.46
4392,2578,1080,1,2562.42,0.0,2562.42,10,2306.1780000000003
4393,2578,598,1,3271.1,0.0,3271.1,20,2616.88
4394,2579,360,1,32907.0,0.0,32907.0,30,23034.9
4395,2579,1495,1,92165.84,0.0,92165.84,30,64516.088
4396,2579,2,2,6733.54,0.0,13467.08,0,6733.54
4397,2579,1192,2,70917.05,0.0,141834.1,30,49641.935
4398,2580,617,1,3079.68,0.0,3079.68,0,3079.68
4399,2580,1448,1,35381.82,0.0,35381.82,10,31843.638
4400,2581,357,1,94442.75,9791.03,84651.72,0,94442.75
4401,2582,1443,1,39621.43,945.32,38676.11,30,27735.001
4402,2583,1367,2,1115.97,270.97,1960.97,20,892.7760000000001
4403,2584,163,1,44768.27,3762.45,41005.82,10,40291.443
4404,2584,1424,2,63487.87,18426.11,108549.63,0,63487.87
4405,2584,551,1,2682.04,236.85,2445.19,30,1877.428
4406,2584,424,1,2557.15,323.33,2233.82,20,2045.7200000000005
4407,2585,442,1,1278.0,31.18,1246.82,10,1150.2
4408,2586,209,1,44783.42,3230.99,41552.43,0,44783.42
4409,2586,1358,1,5886.45,819.12,5067.33,30,4120.514999999999
4410,2586,935,1,1851.82,65.76,1786.06,0,1851.82
4411,2587,989,1,673.12,67.55,605.57,20,538.496
4412,2588,1516,1,71517.42,8552.18,62965.24,10,64365.678
4413,2589,1508,1,2634.42,248.55,2385.87,20,2107.536
4414,2590,1170,2,4694.51,1264.8,8124.22,20,3755.608
4415,2591,145,1,274.73,0.0,274.73,20,219.784
4416,2592,1517,1,3093.55,316.37,2777.18,30,2165.485
4417,2593,1316,1,343.7,24.1,319.6,20,274.96
4418,2594,721,1,1671.74,189.21,1482.53,20,1337.392
4419,2594,1374,1,39316.48,2177.25,37139.23,30,27521.536
4420,2594,1363,1,3136.2,459.69,2676.51,30,2195.34
4421,2595,539,1,3567.48,9.41,3558.07,30,2497.236
4422,2596,1117,2,628.26,0.0,1256.52,0,628.26
4423,2597,1437,1,889.31,67.13,822.18,0,889.31
4424,2598,742,1,3902.24,81.26,3820.98,10,3512.016
4425,2598,1273,1,82929.26,2323.77,80605.49,30,58050.48199999999
4426,2599,713,1,1957.25,0.0,1957.25,10,1761.525
4427,2599,133,1,2306.36,0.0,2306.36,10,2075.724
4428,2600,1364,1,23422.89,1870.39,21552.5,20,18738.312
4429,2601,140,2,2580.55,0.0,5161.1,20,2064.44
4430,2602,238,1,1757.87,0.0,1757.87,10,1582.083
4431,2603,862,1,68245.35,0.0,68245.35,0,68245.35
4432,2604,976,1,2919.89,119.46,2800.43,10,2627.901
4433,2604,883,1,5242.7,276.0,4966.7,0,5242.7
4434,2605,908,1,3981.14,349.89,3631.25,10,3583.026
4435,2606,989,3,673.12,75.12,1944.24,20,538.496
4436,2607,1069,1,40522.57,0.0,40522.57,20,32418.056
4437,2607,1357,1,30982.51,0.0,30982.51,20,24786.008
4438,2608,237,1,1747.18,0.0,1747.18,30,1223.026
4439,2608,13,1,3885.29,0.0,3885.29,20,3108.232
4440,2609,332,1,1578.22,0.0,1578.22,10,1420.398
4441,2610,879,3,1776.89,651.74,4678.93,20,1421.5120000000002
4442,2611,1180,1,35748.61,4069.07,31679.54,30,25024.027
4443,2611,703,1,2132.29,315.88,1816.41,0,2132.29
4444,2611,1590,1,154961.7,21152.68,133809.02,0,154961.7
4445,2612,1069,2,40522.57,0.0,81045.14,30,28365.799
4446,2613,538,1,636.0,42.19,593.81,10,572.4
4447,2614,1363,1,3136.2,0.0,3136.2,10,2822.58
4448,2614,285,1,3301.99,0.0,3301.99,10,2971.791
4449,2614,631,1,1700.48,0.0,1700.48,30,1190.336
4450,2614,854,1,70830.14,0.0,70830.14,0,70830.14
4451,2614,862,1,68245.35,0.0,68245.35,0,68245.35
4452,2615,1238,1,916.17,86.49,829.68,30,641.319
4453,2616,1216,2,82298.09,22118.31,142477.87,20,65838.472
4454,2616,461,1,2133.9,3.36,2130.54,10,1920.51
4455,2617,1572,1,2427.87,43.11,2384.76,0,2427.87
4456,2618,547,1,1846.34,194.56,1651.78,20,1477.072
4457,2618,140,1,2580.55,266.35,2314.2,30,1806.385
4458,2619,371,1,8486.38,983.39,7502.99,0,8486.38
4459,2620,518,1,2482.37,32.69,2449.68,30,1737.659
4460,2620,1513,1,2099.25,146.91,1952.34,0,2099.25
4461,2621,156,1,2305.14,0.0,2305.14,10,2074.626
4462,2622,377,1,53405.16,0.0,53405.16,10,48064.64400000001
4463,2623,762,1,1588.39,0.0,1588.39,0,1588.39
4464,2623,256,1,1894.02,0.0,1894.02,30,1325.814
4465,2623,356,1,5467.85,0.0,5467.85,10,4921.0650000000005
4466,2623,361,1,670.56,0.0,670.56,30,469.392
4467,2623,1274,1,118948.19,0.0,118948.19,30,83263.733
4468,2624,870,2,2862.61,0.0,5725.22,10,2576.349
4469,2624,1113,2,4930.52,0.0,9861.04,30,3451.364
4470,2625,468,1,22472.15,0.0,22472.15,10,20224.935
4471,2626,436,1,147796.0,2800.84,144995.16,10,133016.4
4472,2626,1172,2,3297.12,723.56,5870.68,0,3297.12
4473,2627,1287,1,87310.61,10393.38,76917.23,30,61117.427
4474,2627,841,2,81685.68,20002.72,143368.64,10,73517.112
4475,2628,943,2,1254.75,172.58,2336.92,20,1003.8
4476,2628,1071,1,4682.43,387.48,4294.95,0,4682.43
4477,2629,539,1,3567.48,442.9,3124.58,20,2853.9840000000004
4478,2630,464,1,92357.26,9084.36,83272.9,20,73885.808
4479,2631,866,1,28151.71,0.0,28151.71,10,25336.539
4480,2631,778,1,1267.98,0.0,1267.98,10,1141.182
4481,2632,1271,1,414.51,0.0,414.51,20,331.608
4482,2633,1048,1,71604.88,2953.86,68651.02,0,71604.88
4483,2633,1349,1,1367.29,201.0,1166.29,0,1367.29
4484,2634,1310,1,35413.03,0.0,35413.03,10,31871.727
4485,2635,420,1,39796.63,0.0,39796.63,10,35816.967
4486,2636,899,1,401.48,0.0,401.48,20,321.184
4487,2636,1279,1,4693.11,0.0,4693.11,10,4223.799
4488,2637,703,2,2132.29,0.0,4264.58,20,1705.832
4489,2638,315,1,29996.05,0.0,29996.05,30,20997.235
4490,2638,397,1,31159.3,0.0,31159.3,20,24927.44
4491,2639,1118,1,2926.02,74.99,2851.03,0,2926.02
4492,2640,1119,1,7175.29,661.03,6514.26,30,5022.703
4493,2641,1183,1,393.77,0.0,393.77,10,354.393
4494,2641,1433,1,5322.5,0.0,5322.5,0,5322.5
4495,2641,1513,1,2099.25,0.0,2099.25,20,1679.4
4496,2642,230,2,32147.34,8559.91,55734.77,20,25717.872000000003
4497,2642,627,1,43230.9,1138.69,42092.21,0,43230.9
4498,2643,367,1,39011.03,0.0,39011.03,0,39011.03
4499,2644,392,1,3400.93,24.67,3376.26,0,3400.93
4500,2645,103,1,3868.11,0.0,3868.11,30,2707.677
4501,2646,791,1,1322.37,105.57,1216.8,30,925.659
4502,2647,1378,1,1742.34,212.88,1529.46,30,1219.638
4503,2647,347,2,38655.66,2490.94,74820.38,10,34790.094000000005
4504,2648,1427,1,1223.85,179.19,1044.66,30,856.6949999999999
4505,2648,1179,2,2777.87,270.77,5284.97,20,2222.296
4506,2649,509,3,131134.7,0.0,393404.1,30,91794.29
4507,2650,1236,1,529.36,0.0,529.36,0,529.36
4508,2651,1267,1,2049.76,1.43,2048.33,10,1844.7840000000003
4509,2652,1121,1,3804.86,0.0,3804.86,10,3424.3740000000003
4510,2653,165,1,4937.72,350.93,4586.79,20,3950.176
4511,2654,12,1,13993.18,1858.72,12134.46,0,13993.18
4512,2654,705,1,34487.91,845.42,33642.49,20,27590.328000000005
4513,2655,1077,1,40938.16,1193.56,39744.6,0,40938.16
4514,2656,1485,2,31524.8,7744.73,55304.87,20,25219.84
4515,2657,583,1,129245.7,0.0,129245.7,10,116321.13
4516,2658,746,1,118090.14,11673.6,106416.54,30,82663.098
4517,2659,945,2,1136.14,290.9,1981.38,30,795.298
4518,2659,195,1,31411.94,957.33,30454.61,10,28270.746
4519,2660,802,1,2548.8,235.28,2313.52,20,2039.04
4520,2661,307,1,4585.11,0.0,4585.11,20,3668.088
4521,2662,257,2,3692.66,225.73,7159.59,20,2954.128
4522,2663,1078,1,2235.87,0.0,2235.87,20,1788.696
4523,2664,1190,2,2241.66,0.0,4483.32,10,2017.494
4524,2664,162,1,1247.4,0.0,1247.4,30,873.1800000000001
4525,2665,389,1,1198.04,19.02,1179.02,20,958.432
4526,2665,92,1,55734.91,245.3,55489.61,20,44587.92800000001
4527,2666,598,3,3271.1,0.0,9813.3,0,3271.1
4528,2667,616,1,120778.74,0.0,120778.74,10,108700.866
4529,2668,1238,1,916.17,109.72,806.45,20,732.936
4530,2668,850,1,2717.09,41.68,2675.41,10,2445.3810000000003
4531,2669,1267,1,2049.76,0.0,2049.76,0,2049.76
4532,2670,1164,1,1609.85,0.0,1609.85,10,1448.865
4533,2671,1189,1,5385.89,592.78,4793.11,10,4847.301
4534,2672,1435,1,155364.8,5859.57,149505.23,10,139828.32
4535,2673,1422,1,1818.34,0.0,1818.34,0,1818.34
4536,2673,305,2,3492.14,0.0,6984.28,20,2793.712
4537,2674,623,1,4342.57,101.06,4241.51,20,3474.056
4538,2675,207,1,796.08,0.0,796.08,20,636.864
4539,2675,1275,2,278.67,0.0,557.34,0,278.67
4540,2675,934,1,3198.99,0.0,3198.99,30,2239.293
4541,2675,966,1,411.04,0.0,411.04,20,328.83200000000005
4542,2675,532,1,3702.86,0.0,3702.86,0,3702.86
4543,2676,932,1,66425.97,0.0,66425.97,10,59783.373
4544,2677,431,1,2733.95,0.0,2733.95,30,1913.765
4545,2678,1072,1,40911.57,4096.71,36814.86,20,32729.256
4546,2679,239,2,2760.99,470.81,5051.17,20,2208.792
4547,2680,1366,1,40406.93,0.0,40406.93,0,40406.93
4548,2681,1489,1,877.0,110.23,766.77,0,877.0
4549,2682,1214,1,84155.3,0.0,84155.3,30,58908.71
4550,2682,239,1,2760.99,0.0,2760.99,20,2208.792
4551,2683,426,1,804.21,0.0,804.21,0,804.21
4552,2684,786,1,521.58,21.8,499.78,20,417.26400000000007
4553,2684,1292,1,848.45,94.47,753.98,0,848.45
4554,2685,1102,1,124939.04,0.0,124939.04,20,99951.232
4555,2686,1145,1,539.28,40.44,498.84,30,377.496
4556,2686,1167,1,3045.6,160.04,2885.56,0,3045.6
4557,2686,909,1,9271.61,974.71,8296.9,0,9271.61
4558,2686,772,1,1518.07,152.3,1365.77,30,1062.649
4559,2687,192,2,32254.74,0.0,64509.48,30,22578.318
4560,2688,444,1,3621.4,0.0,3621.4,30,2534.98
4561,2689,1213,1,56227.35,0.0,56227.35,30,39359.145
4562,2690,1349,1,1367.29,0.0,1367.29,0,1367.29
4563,2690,1383,1,1971.98,0.0,1971.98,10,1774.7820000000002
4564,2691,914,2,3732.26,1082.85,6381.67,10,3359.034
4565,2691,1071,2,4682.43,426.58,8938.28,20,3745.944
4566,2691,162,1,1247.4,161.92,1085.48,30,873.1800000000001
4567,2691,1462,1,8081.65,852.47,7229.18,30,5657.155
4568,2691,749,3,5523.77,55.35,16515.96,0,5523.77
4569,2692,621,1,2134.64,188.4,1946.24,30,1494.2479999999998
4570,2693,1482,2,3329.89,0.0,6659.78,0,3329.89
4571,2693,170,1,100878.51,0.0,100878.51,0,100878.51
4572,2694,44,2,35028.51,0.0,70057.02,20,28022.808000000005
4573,2694,663,1,4145.53,0.0,4145.53,10,3730.977
4574,2695,76,1,14993.91,730.84,14263.07,20,11995.128
4575,2696,1238,1,916.17,0.0,916.17,0,916.17
4576,2696,148,1,60801.41,0.0,60801.41,10,54721.26900000001
4577,2696,896,1,1901.81,0.0,1901.81,20,1521.448
4578,2697,459,1,2056.03,123.38,1932.65,0,2056.03
4579,2697,1004,1,2995.17,97.18,2897.99,20,2396.136
4580,2698,1359,2,2874.86,197.21,5552.51,30,2012.402
4581,2699,1007,1,7088.49,560.98,6527.51,0,7088.49
4582,2700,1287,1,87310.61,0.0,87310.61,0,87310.61
4583,2701,459,1,2056.03,0.0,2056.03,30,1439.221
4584,2701,609,2,3352.06,0.0,6704.12,0,3352.06
4585,2701,665,2,2040.79,0.0,4081.58,0,2040.79
4586,2701,1024,3,2654.56,0.0,7963.68,10,2389.104
4587,2702,1059,1,3113.14,0.0,3113.14,20,2490.512
4588,2703,1455,1,1924.18,1.61,1922.57,10,1731.7620000000002
4589,2704,1377,1,24652.74,1203.79,23448.95,20,19722.192000000003
4590,2704,792,1,3233.42,412.4,2821.02,20,2586.7360000000003
4591,2705,1329,1,2430.96,233.6,2197.36,10,2187.864
4592,2706,167,1,90813.43,0.0,90813.43,0,90813.43
4593,2706,597,1,2650.0,0.0,2650.0,30,1855.0
4594,2706,289,1,2410.54,0.0,2410.54,20,1928.432
4595,2706,378,1,8651.16,0.0,8651.16,0,8651.16
4596,2707,303,1,3839.35,440.25,3399.1,20,3071.48
4597,2708,281,1,1372.61,72.79,1299.82,20,1098.088
4598,2708,311,1,5092.96,99.78,4993.18,10,4583.664
4599,2708,1120,1,85415.3,9641.29,75774.01,0,85415.3
4600,2709,354,2,2738.94,68.87,5409.01,10,2465.0460000000003
4601,2709,510,1,2532.26,88.14,2444.12,30,1772.582
4602,2710,495,2,61768.34,0.0,123536.68,10,55591.506
4603,2711,927,2,181542.75,0.0,363085.5,10,163388.475
4604,2712,810,1,26333.87,1020.27,25313.6,20,21067.096
4605,2712,1137,1,1817.59,165.05,1652.54,10,1635.831
4606,2712,927,2,181542.75,23584.48,339501.02,0,181542.75
4607,2712,424,1,2557.15,142.48,2414.67,30,1790.005
4608,2713,510,1,2532.26,49.14,2483.12,30,1772.582
4609,2713,496,1,28606.14,3625.88,24980.26,0,28606.14
4610,2714,1282,2,41855.8,8645.35,75066.25,10,37670.22
4611,2715,615,1,513.46,45.57,467.89,10,462.114
4612,2715,413,2,2455.33,281.38,4629.28,20,1964.264
4613,2716,342,2,4315.91,1046.88,7584.94,10,3884.319
4614,2717,1383,1,1971.98,10.5,1961.48,30,1380.386
4615,2717,347,1,38655.66,255.54,38400.12,10,34790.094000000005
4616,2717,1314,1,2752.88,370.56,2382.32,20,2202.304
4617,2717,197,1,4870.47,528.59,4341.88,30,3409.329
4618,2717,786,1,521.58,16.07,505.51,30,365.106
4619,2718,882,2,151.22,0.0,302.44,30,105.854
4620,2719,565,1,823.08,0.0,823.08,10,740.772
4621,2719,110,1,118575.77,0.0,118575.77,30,83003.039
4622,2720,371,1,8486.38,511.65,7974.73,0,8486.38
4623,2721,665,1,2040.79,0.0,2040.79,10,1836.711
4624,2722,1348,1,3802.67,0.0,3802.67,0,3802.67
4625,2722,1432,1,1342.16,0.0,1342.16,30,939.512
4626,2723,1365,1,75380.11,9899.68,65480.43,20,60304.088
4627,2723,621,1,2134.64,126.85,2007.79,10,1921.176
4628,2723,1148,1,35366.0,2344.14,33021.86,30,24756.2
4629,2724,550,1,2021.43,38.51,1982.92,30,1415.001
4630,2725,93,1,26807.56,0.0,26807.56,20,21446.048000000003
4631,2726,948,1,3718.48,390.93,3327.55,30,2602.936
4632,2727,1024,1,2654.56,0.0,2654.56,30,1858.192
4633,2728,1526,1,111921.52,12476.09,99445.43,20,89537.21600000001
4634,2729,897,1,1844.43,239.51,1604.92,20,1475.544
4635,2729,573,1,2677.84,222.85,2454.99,10,2410.056
4636,2730,745,1,64361.62,0.0,64361.62,20,51489.296
4637,2731,1029,2,4067.39,0.0,8134.78,30,2847.173
4638,2732,632,1,2584.26,141.72,2442.54,30,1808.982
4639,2733,164,1,5969.19,719.66,5249.53,0,5969.19
4640,2734,356,1,5467.85,0.0,5467.85,0,5467.85
4641,2735,732,1,29208.99,0.0,29208.99,10,26288.091
4642,2735,1045,1,3767.71,0.0,3767.71,10,3390.9390000000003
4643,2736,103,1,3868.11,0.0,3868.11,10,3481.299
4644,2736,928,1,2851.06,0.0,2851.06,0,2851.06
4645,2737,87,1,3322.65,337.09,2985.56,20,2658.1200000000003
4646,2737,1300,2,1951.79,396.97,3506.61,20,1561.432
4647,2738,906,1,52750.88,0.0,52750.88,20,42200.704
4648,2738,1193,1,7680.86,0.0,7680.86,0,7680.86
4649,2739,454,1,79042.42,0.0,79042.42,20,63233.936
4650,2740,612,1,1008.02,73.83,934.19,0,1008.02
4651,2740,989,1,673.12,62.99,610.13,30,471.184
4652,2740,1350,1,1796.88,26.53,1770.35,0,1796.88
4653,2741,1268,1,30703.2,3709.81,26993.39,10,27632.88
4654,2742,276,1,64431.04,0.0,64431.04,30,45101.728
4655,2742,1225,1,100562.21,0.0,100562.21,20,80449.76800000001
4656,2742,446,1,2938.62,0.0,2938.62,30,2057.034
4657,2743,19,1,2902.38,0.0,2902.38,20,2321.904
4658,2743,1162,1,5062.81,0.0,5062.81,0,5062.81
4659,2743,223,3,986.9,0.0,2960.7,10,888.21
4660,2744,225,1,1280.27,0.0,1280.27,0,1280.27
4661,2745,912,1,767.48,0.0,767.48,10,690.7320000000001
4662,2746,498,1,6323.41,115.92,6207.49,20,5058.728
4663,2747,1029,1,4067.39,0.0,4067.39,10,3660.651
4664,2748,1542,2,1880.53,0.0,3761.06,10,1692.477
4665,2749,767,1,2061.1,0.0,2061.1,0,2061.1
4666,2749,1595,1,18497.48,0.0,18497.48,30,12948.236
4667,2750,261,1,38676.18,3280.86,35395.32,0,38676.18
4668,2750,51,2,467.19,71.79,862.59,0,467.19
4669,2751,1199,1,1211.39,103.28,1108.11,30,847.9730000000001
4670,2752,1236,2,529.36,33.3,1025.42,0,529.36
4671,2753,40,2,29011.05,5128.46,52893.64,20,23208.84
4672,2753,465,2,3059.86,766.48,5353.24,0,3059.86
4673,2754,1596,1,4337.02,446.74,3890.28,10,3903.3180000000007
4674,2754,712,1,14513.0,748.35,13764.65,30,10159.1
4675,2755,646,1,1812.4,227.42,1584.98,30,1268.68
4676,2755,1549,1,1129.63,47.03,1082.6,0,1129.63
4677,2755,160,1,589.97,65.56,524.41,30,412.979
4678,2755,1109,1,84890.72,5610.31,79280.41,20,67912.576
4679,2756,450,1,162867.91,7368.4,155499.51,0,162867.91
4680,2756,1572,1,2427.87,146.4,2281.47,20,1942.296
4681,2756,1220,1,37492.11,867.04,36625.07,20,29993.688
4682,2757,1069,1,40522.57,876.03,39646.54,10,36470.313
4683,2758,1201,1,74263.81,1427.78,72836.03,20,59411.048
4684,2759,1182,3,2775.93,0.0,8327.79,0,2775.93
4685,2760,713,1,1957.25,0.0,1957.25,30,1370.0749999999998
4686,2761,882,1,151.22,8.81,142.41,30,105.854
4687,2761,574,1,2746.95,294.4,2452.55,10,2472.255
4688,2762,396,1,2865.73,379.08,2486.65,30,2006.011
4689,2762,544,2,28257.91,8402.46,48113.36,10,25432.119
4690,2763,1571,1,365.21,4.4,360.81,10,328.689
4691,2764,1319,1,143495.9,8733.71,134762.19,20,114796.72
4692,2765,660,1,41679.89,0.0,41679.89,20,33343.912000000004
4693,2765,92,1,55734.91,0.0,55734.91,30,39014.437
4694,2765,480,1,3056.45,0.0,3056.45,20,2445.16
4695,2765,1421,1,343.43,0.0,343.43,20,274.744
4696,2766,1393,1,36343.46,2588.27,33755.19,20,29074.768
4697,2767,872,1,369.78,13.21,356.57,10,332.802
4698,2768,35,1,1495.14,0.0,1495.14,30,1046.598
4699,2769,1337,1,618.42,18.11,600.31,0,618.42
4700,2770,996,3,7148.19,2835.49,18609.08,0,7148.19
4701,2770,924,1,3898.29,357.89,3540.4,20,3118.632
4702,2770,333,1,71887.84,530.86,71356.98,30,50321.488
4703,2771,1558,1,1952.71,178.54,1774.17,0,1952.71
4704,2772,77,2,375.9,22.52,729.28,30,263.13
4705,2773,137,3,1739.85,729.56,4489.99,20,1391.88
4706,2773,1526,1,111921.52,2022.45,109899.07,10,100729.368
4707,2774,82,1,2097.58,0.0,2097.58,20,1678.064
4708,2774,506,2,1834.39,0.0,3668.78,0,1834.39
4709,2775,768,1,50561.03,4936.04,45624.99,0,50561.03
4710,2776,227,1,54300.88,4112.26,50188.62,20,43440.704
4711,2776,817,3,2091.51,868.85,5405.68,20,1673.2080000000003
4712,2777,363,1,3377.19,328.98,3048.21,10,3039.471
4713,2777,1001,1,47120.94,6475.7,40645.24,20,37696.752
4714,2777,93,1,26807.56,3100.57,23706.99,20,21446.048000000003
4715,2778,385,3,1018.09,114.72,2939.55,0,1018.09
4716,2779,667,1,2282.98,0.0,2282.98,0,2282.98
4717,2779,470,2,2088.11,0.0,4176.22,30,1461.677
4718,2779,867,1,26390.91,0.0,26390.91,0,26390.91
4719,2779,1275,1,278.67,0.0,278.67,0,278.67
4720,2780,1055,1,61678.24,5875.86,55802.38,20,49342.592
4721,2780,528,1,1071.66,55.92,1015.74,20,857.3280000000001
4722,2781,1267,2,2049.76,0.0,4099.52,10,1844.7840000000003
4723,2782,368,1,53610.72,874.92,52735.8,30,37527.504
4724,2783,960,3,1955.05,0.0,5865.15,20,1564.04
4725,2784,1045,1,3767.71,61.84,3705.87,0,3767.71
4726,2785,1115,1,116186.43,12476.47,103709.96,20,92949.144
4727,2786,679,2,3603.31,0.0,7206.62,30,2522.317
4728,2787,1110,2,1968.96,0.0,3937.92,20,1575.168
4729,2787,1234,1,108776.14,0.0,108776.14,30,76143.298
4730,2788,1599,3,4254.12,0.0,12762.36,10,3828.708
4731,2789,1105,1,14005.91,1883.21,12122.7,10,12605.319
4732,2789,1324,1,70919.44,2844.56,68074.88,20,56735.552
4733,2789,1275,1,278.67,5.98,272.69,0,278.67
4734,2789,331,1,24483.71,2503.38,21980.33,20,19586.968
4735,2789,1213,1,56227.35,6933.6,49293.75,10,50604.615
4736,2790,1066,1,25768.02,1963.77,23804.25,10,23191.218
4737,2791,278,1,28596.87,0.0,28596.87,30,20017.809
4738,2792,1549,1,1129.63,167.59,962.04,30,790.741
4739,2793,1105,1,14005.91,0.0,14005.91,0,14005.91
4740,2794,874,1,331.29,0.0,331.29,0,331.29
4741,2794,892,1,1931.15,0.0,1931.15,10,1738.035
4742,2794,1337,2,618.42,0.0,1236.84,0,618.42
4743,2795,1063,3,2532.13,179.98,7416.41,30,1772.491
4744,2796,1251,1,5415.24,0.0,5415.24,20,4332.192
4745,2797,1047,1,1308.14,0.0,1308.14,0,1308.14
4746,2798,1001,2,47120.94,0.0,94241.88,10,42408.846000000005
4747,2799,573,1,2677.84,0.0,2677.84,10,2410.056
4748,2800,1542,1,1880.53,0.0,1880.53,0,1880.53
4749,2801,1076,1,439.99,0.0,439.99,0,439.99
4750,2801,1199,1,1211.39,0.0,1211.39,10,1090.2510000000002
4751,2802,946,1,69896.98,4055.91,65841.07,20,55917.584
4752,2803,1519,1,2297.98,202.4,2095.58,10,2068.182
4753,2804,956,1,2547.65,357.36,2190.29,30,1783.355
4754,2804,849,1,44704.26,6633.0,38071.26,0,44704.26
4755,2805,1031,1,356.88,51.17,305.71,30,249.816
4756,2805,176,2,95686.66,17993.35,173379.97,20,76549.32800000001
4757,2806,1069,1,40522.57,1012.58,39509.99,20,32418.056
4758,2807,102,2,47452.25,1798.32,93106.18,0,47452.25
4759,2808,1529,1,90803.24,0.0,90803.24,10,81722.91600000001
4760,2809,1471,1,3182.48,187.74,2994.74,20,2545.9840000000004
4761,2810,1370,1,62115.24,6957.14,55158.1,0,62115.24
4762,2810,410,1,3297.12,165.02,3132.1,0,3297.12
4763,2810,181,1,40273.05,1073.03,39200.02,0,40273.05
4764,2810,207,1,796.08,52.95,743.13,30,557.256
4765,2811,810,2,26333.87,0.0,52667.74,10,23700.483
4766,2812,1236,1,529.36,36.57,492.79,20,423.48800000000006
4767,2813,183,2,2735.6,757.32,4713.88,10,2462.04
4768,2814,1238,1,916.17,0.0,916.17,10,824.553
4769,2815,1298,1,2653.12,0.0,2653.12,30,1857.184
4770,2816,1241,1,1430.84,168.03,1262.81,0,1430.84
4771,2816,1126,1,44621.09,6125.13,38495.96,20,35696.872
4772,2817,264,1,1134.64,0.0,1134.64,10,1021.1760000000002
4773,2818,1173,1,33473.5,0.0,33473.5,30,23431.45
4774,2819,830,1,37463.22,0.0,37463.22,0,37463.22
4775,2820,1161,1,165567.2,0.0,165567.2,20,132453.76
4776,2821,699,1,3048.78,0.0,3048.78,0,3048.78
4777,2821,833,1,3282.57,0.0,3282.57,20,2626.0560000000005
4778,2822,354,1,2738.94,134.56,2604.38,30,1917.258
4779,2823,155,2,6759.98,0.0,13519.96,10,6083.982
4780,2824,742,1,3902.24,557.24,3345.0,10,3512.016
4781,2824,1036,1,4064.58,386.06,3678.52,0,4064.58
4782,2825,1339,1,21281.34,0.0,21281.34,0,21281.34
4783,2826,986,1,57564.41,4728.58,52835.83,10,51807.969000000005
4784,2826,671,1,24780.62,874.81,23905.81,10,22302.558
4785,2827,942,1,913.32,56.94,856.38,10,821.988
4786,2828,813,1,46231.71,4486.85,41744.86,20,36985.368
4787,2829,1450,1,2010.76,301.08,1709.68,0,2010.76
4788,2829,841,1,81685.68,5331.14,76354.54,0,81685.68
4789,2829,1207,1,144.94,19.87,125.07,20,115.952
4790,2830,228,1,1579.03,0.0,1579.03,10,1421.127
4791,2831,80,1,5102.56,0.0,5102.56,10,4592.304
4792,2832,17,3,526.33,29.11,1549.88,30,368.431
4793,2833,80,1,5102.56,220.55,4882.01,30,3571.792
4794,2834,315,1,29996.05,1103.1,28892.95,30,20997.235
4795,2835,38,1,175329.35,0.0,175329.35,10,157796.415
4796,2835,1282,1,41855.8,0.0,41855.8,0,41855.8
4797,2836,547,1,1846.34,44.22,1802.12,10,1661.706
4798,2837,394,2,2706.99,0.0,5413.98,30,1894.893
4799,2838,301,1,3075.11,122.79,2952.32,30,2152.577
4800,2838,1249,1,2813.36,269.45,2543.91,20,2250.688
4801,2839,550,1,2021.43,0.0,2021.43,30,1415.001
4802,2839,77,1,375.9,0.0,375.9,10,338.31
4803,2839,833,1,3282.57,0.0,3282.57,10,2954.313
4804,2840,771,1,2630.46,236.12,2394.34,20,2104.368
4805,2841,80,1,5102.56,457.69,4644.87,10,4592.304
4806,2842,889,1,3143.04,137.75,3005.29,20,2514.432
4807,2843,137,1,1739.85,107.79,1632.06,10,1565.865
4808,2844,352,2,93433.5,23076.11,163790.89,20,74746.8
4809,2844,1427,1,1223.85,142.73,1081.12,10,1101.465
4810,2845,319,1,6678.03,0.0,6678.03,20,5342.424
4811,2846,1422,1,1818.34,0.0,1818.34,20,1454.672
4812,2847,990,1,79255.34,6732.47,72522.87,30,55478.738
4813,2847,605,1,3237.95,130.12,3107.83,30,2266.565
4814,2847,625,1,334.12,2.02,332.1,20,267.296
4815,2847,286,1,2792.23,57.18,2735.05,20,2233.784
4816,2847,857,1,119370.94,2869.89,116501.05,20,95496.752
4817,2848,359,3,35865.56,0.0,107596.68,20,28692.448
4818,2849,70,1,2559.4,17.58,2541.82,0,2559.4
4819,2850,1231,1,2323.31,0.0,2323.31,10,2090.979
4820,2850,179,1,71832.87,0.0,71832.87,30,50283.00899999999
4821,2850,218,1,6415.67,0.0,6415.67,10,5774.103
4822,2851,939,1,2627.03,0.0,2627.03,20,2101.6240000000003
4823,2851,274,2,61941.5,0.0,123883.0,30,43359.05
4824,2852,1363,1,3136.2,213.15,2923.05,10,2822.58
4825,2852,1530,1,2958.0,246.16,2711.84,30,2070.6
4826,2853,538,1,636.0,0.0,636.0,0,636.0
4827,2853,1032,1,3691.19,0.0,3691.19,10,3322.071
4828,2854,32,2,37169.45,6504.81,67834.09,0,37169.45
4829,2855,1561,2,2387.8,216.96,4558.64,0,2387.8
4830,2856,735,1,70211.49,1948.58,68262.91,0,70211.49
4831,2857,538,1,636.0,42.67,593.33,30,445.2
4832,2858,1505,1,43480.18,1612.4,41867.78,20,34784.144
4833,2859,965,1,1353.94,19.05,1334.89,0,1353.94
4834,2859,883,3,5242.7,947.6,14780.5,20,4194.16
4835,2860,1126,1,44621.09,3506.92,41114.17,10,40158.981
4836,2861,946,2,69896.98,14580.64,125213.32,10,62907.282
4837,2862,1353,2,2813.37,618.55,5008.19,20,2250.696
4838,2863,567,1,3731.6,359.17,3372.43,10,3358.44
4839,2863,590,1,19908.38,2661.91,17246.47,30,13935.866
4840,2864,1046,1,9087.52,0.0,9087.52,20,7270.016
4841,2865,1307,1,2847.02,235.98,2611.04,10,2562.318
4842,2866,1596,1,4337.02,37.56,4299.46,20,3469.6160000000004
4843,2866,411,1,2910.53,376.39,2534.14,0,2910.53
4844,2866,551,1,2682.04,143.3,2538.74,20,2145.632
4845,2867,377,1,53405.16,7747.23,45657.93,10,48064.64400000001
4846,2867,977,1,1685.73,248.34,1437.39,30,1180.011
4847,2868,214,2,16299.24,3460.75,29137.73,20,13039.392
4848,2868,1116,1,9372.19,1283.47,8088.72,30,6560.533
4849,2869,1013,1,2832.66,147.99,2684.67,30,1982.862
4850,2869,54,1,86418.7,5956.0,80462.7,20,69134.96
4851,2870,355,1,2452.28,188.3,2263.98,20,1961.8240000000003
4852,2870,626,1,2262.96,246.9,2016.06,0,2262.96
4853,2871,679,1,3603.31,0.0,3603.31,30,2522.317
4854,2872,170,1,100878.51,0.0,100878.51,0,100878.51
4855,2872,1283,1,1043.73,0.0,1043.73,30,730.611
4856,2873,659,1,70554.19,7689.96,62864.23,0,70554.19
4857,2873,162,1,1247.4,77.31,1170.09,20,997.92
4858,2874,255,2,109573.83,20398.35,198749.31,20,87659.06400000001
4859,2875,794,2,2509.16,514.7,4503.62,30,1756.4119999999998
4860,2876,1406,1,34181.12,0.0,34181.12,20,27344.896000000004
4861,2877,1048,1,71604.88,6759.91,64844.97,10,64444.39200000001
4862,2877,135,1,2028.61,201.9,1826.71,30,1420.0269999999998
4863,2878,1421,1,343.43,0.0,343.43,10,309.087
4864,2878,749,2,5523.77,0.0,11047.54,10,4971.393000000001
4865,2879,98,1,2400.3,76.51,2323.79,20,1920.24
4866,2880,853,1,2122.25,0.0,2122.25,20,1697.8000000000002
4867,2881,1156,2,96292.57,0.0,192585.14,10,86663.31300000001
4868,2881,4,1,121078.87,0.0,121078.87,30,84755.20899999999
4869,2881,70,1,2559.4,0.0,2559.4,30,1791.58
4870,2881,598,1,3271.1,0.0,3271.1,10,2943.99
4871,2882,192,1,32254.74,0.0,32254.74,0,32254.74
4872,2883,1511,1,26635.3,5.38,26629.92,0,26635.3
4873,2884,1518,1,13829.56,0.0,13829.56,0,13829.56
4874,2885,1294,2,31639.3,792.06,62486.54,0,31639.3
4875,2885,594,1,1492.9,161.41,1331.49,10,1343.61
4876,2886,1037,1,110609.66,0.0,110609.66,20,88487.728
4877,2886,1279,1,4693.11,0.0,4693.11,30,3285.177
4878,2887,1346,3,3515.07,75.26,10469.95,10,3163.563
4879,2888,1334,2,1811.5,0.0,3623.0,10,1630.35
4880,2889,1463,1,77244.61,0.0,77244.61,20,61795.688
4881,2890,131,1,26403.44,3634.24,22769.2,30,18482.408
4882,2891,963,1,121884.72,2011.57,119873.15,30,85319.30399999999
4883,2891,862,1,68245.35,10209.72,58035.63,20,54596.280000000006
4884,2891,1284,1,102271.11,12154.68,90116.43,20,81816.888
4885,2891,912,2,767.48,58.47,1476.49,10,690.7320000000001
4886,2892,719,2,17225.88,1210.49,33241.27,0,17225.88
4887,2892,115,1,362.06,0.2,361.86,30,253.442
4888,2892,615,1,513.46,4.6,508.86,0,513.46
4889,2892,832,1,422.4,2.02,420.38,0,422.4
4890,2892,1055,1,61678.24,6507.61,55170.63,0,61678.24
4891,2893,882,1,151.22,16.48,134.74,30,105.854
4892,2894,442,1,1278.0,0.0,1278.0,10,1150.2
4893,2895,209,3,44783.42,17909.45,116440.81,0,44783.42
4894,2895,1508,2,2634.42,494.58,4774.26,20,2107.536
4895,2896,548,1,1506.84,0.0,1506.84,10,1356.156
4896,2897,886,2,293.19,0.0,586.38,10,263.871
4897,2897,1092,1,48077.53,0.0,48077.53,20,38462.024
4898,2897,1116,2,9372.19,0.0,18744.38,20,7497.752
4899,2897,1383,1,1971.98,0.0,1971.98,20,1577.584
4900,2897,1335,1,33011.51,0.0,33011.51,20,26409.208
4901,2898,875,1,28152.68,2436.15,25716.53,20,22522.144
4902,2898,571,1,136354.08,14648.76,121705.32,30,95447.856
4903,2898,1583,1,1683.61,134.22,1549.39,20,1346.888
4904,2899,425,3,4814.38,0.0,14443.14,10,4332.942
4905,2899,725,1,38653.89,0.0,38653.89,10,34788.501000000004
4906,2900,831,1,3180.63,282.44,2898.19,30,2226.441
4907,2900,1393,1,36343.46,3008.32,33335.14,30,25440.422
4908,2901,243,1,67752.1,8298.02,59454.08,0,67752.1
4909,2902,371,1,8486.38,286.92,8199.46,30,5940.465999999999
4910,2902,1555,1,2372.47,35.71,2336.76,20,1897.976
4911,2903,135,1,2028.61,226.71,1801.9,0,2028.61
4912,2904,847,1,1450.17,11.0,1439.17,0,1450.17
4913,2904,978,1,2725.86,158.47,2567.39,10,2453.2740000000003
4914,2905,254,1,1161.26,0.0,1161.26,30,812.882
4915,2906,862,1,68245.35,0.0,68245.35,30,47771.745
4916,2907,1178,2,88183.51,0.0,176367.02,30,61728.457
4917,2908,726,1,117534.69,3591.32,113943.37,0,117534.69
4918,2908,316,1,4284.75,50.84,4233.91,30,2999.325
4919,2909,996,3,7148.19,0.0,21444.57,30,5003.732999999999
4920,2910,591,1,1912.99,21.16,1891.83,20,1530.392
4921,2911,1221,2,979.8,0.0,1959.6,10,881.8199999999999
4922,2911,1217,1,2877.25,0.0,2877.25,20,2301.8
4923,2912,1005,1,5455.75,761.71,4694.04,10,4910.175
4924,2913,604,1,31737.7,0.0,31737.7,10,28563.93
4925,2914,423,1,2704.23,17.51,2686.72,10,2433.807
4926,2914,1092,2,48077.53,13718.69,82436.37,30,33654.271
4927,2914,1401,1,3069.45,237.51,2831.94,30,2148.615
4928,2914,1004,1,2995.17,260.93,2734.24,20,2396.136
4929,2914,824,2,7090.32,1920.55,12260.09,30,4963.223999999999
4930,2915,665,1,2040.79,226.95,1813.84,10,1836.711
4931,2915,621,3,2134.64,515.17,5888.75,20,1707.712
4932,2915,609,1,3352.06,491.33,2860.73,0,3352.06
4933,2915,1514,1,411.96,1.16,410.8,10,370.764
4934,2916,141,1,1702.25,133.54,1568.71,10,1532.025
4935,2917,1092,2,48077.53,11571.2,84583.86,30,33654.271
4936,2918,752,1,9440.91,197.42,9243.49,30,6608.637
4937,2919,188,1,43239.04,3580.26,39658.78,20,34591.232
4938,2920,925,1,405.11,0.0,405.11,20,324.088
4939,2921,506,1,1834.39,0.0,1834.39,10,1650.951
4940,2922,1044,3,9021.21,0.0,27063.63,20,7216.968
4941,2922,1050,1,2146.23,0.0,2146.23,0,2146.23
4942,2922,45,1,5292.4,0.0,5292.4,0,5292.4
4943,2922,219,1,4417.46,0.0,4417.46,30,3092.222
4944,2923,962,1,1108.44,142.43,966.01,10,997.596
4945,2924,197,1,4870.47,619.66,4250.81,10,4383.423000000001
4946,2925,1184,2,1670.78,0.0,3341.56,20,1336.624
4947,2926,1492,2,2438.62,278.1,4599.14,10,2194.758
4948,2927,144,1,2699.16,0.0,2699.16,0,2699.16
4949,2928,1457,1,60301.61,3966.41,56335.2,10,54271.449
4950,2929,63,1,58822.41,2963.9,55858.51,20,47057.92800000001
4951,2929,597,2,2650.0,758.51,4541.49,20,2120.0
4952,2930,109,1,1838.39,0.0,1838.39,10,1654.5510000000002
4953,2930,263,1,4480.11,0.0,4480.11,20,3584.088
4954,2931,897,1,1844.43,0.0,1844.43,0,1844.43
4955,2932,697,1,415.23,48.24,366.99,20,332.184
4956,2932,1194,1,1471.98,21.25,1450.73,30,1030.386
4957,2933,1563,1,30864.11,289.7,30574.41,20,24691.288
4958,2934,602,1,3153.82,14.44,3139.38,0,3153.82
4959,2934,421,1,468.23,18.79,449.44,30,327.761
4960,2934,1241,1,1430.84,184.17,1246.67,20,1144.672
4961,2934,1253,1,1517.66,111.18,1406.48,0,1517.66
4962,2934,768,1,50561.03,472.75,50088.28,0,50561.03
4963,2935,1579,1,2698.3,0.0,2698.3,20,2158.6400000000003
4964,2935,1584,1,750.13,0.0,750.13,10,675.117
4965,2936,796,2,1566.44,375.15,2757.73,20,1253.152
4966,2937,14,1,2125.0,144.63,1980.37,0,2125.0
4967,2938,1155,2,608.12,0.0,1216.24,20,486.496
4968,2939,384,1,4128.03,563.92,3564.11,0,4128.03
4969,2940,252,3,2068.04,0.0,6204.12,20,1654.432
4970,2940,483,1,14895.15,0.0,14895.15,10,13405.635
4971,2940,950,1,2629.74,0.0,2629.74,20,2103.792
4972,2941,811,2,1385.81,391.21,2380.41,0,1385.81
4973,2942,1319,2,143495.9,0.0,286991.8,10,129146.31
4974,2943,1506,1,4761.53,160.32,4601.21,10,4285.377
4975,2944,620,1,172365.66,11019.47,161346.19,10,155129.094
4976,2945,781,1,78876.75,11006.61,67870.14,10,70989.075
4977,2946,10,1,661.22,0.0,661.22,20,528.976
4978,2946,728,1,36071.09,0.0,36071.09,0,36071.09
4979,2947,793,1,78038.07,0.0,78038.07,20,62430.456000000006
4980,2948,1590,1,154961.7,7289.05,147672.65,10,139465.53000000003
4981,2949,557,1,40353.14,146.61,40206.53,10,36317.826
4982,2950,1428,2,1939.56,0.0,3879.12,0,1939.56
4983,2951,822,1,28372.98,0.0,28372.98,30,19861.086
4984,2951,928,1,2851.06,0.0,2851.06,0,2851.06
4985,2952,9,1,36017.37,2218.36,33799.01,20,28813.896000000004
4986,2953,129,2,879.21,130.35,1628.07,10,791.2890000000001
4987,2954,196,1,61624.8,343.55,61281.25,10,55462.32000000001
4988,2955,74,2,2354.49,0.0,4708.98,0,2354.49
4989,2956,124,2,1916.25,0.0,3832.5,10,1724.625
4990,2956,602,1,3153.82,0.0,3153.82,10,2838.438
4991,2957,345,1,1234.99,176.07,1058.92,0,1234.99
4992,2958,1342,1,2246.14,0.0,2246.14,10,2021.526
4993,2958,1267,1,2049.76,0.0,2049.76,0,2049.76
4994,2959,1445,1,1339.23,170.43,1168.8,10,1205.307
4995,2960,954,1,9901.09,65.65,9835.44,20,7920.872
4996,2960,896,1,1901.81,166.47,1735.34,20,1521.448
4997,2960,1182,1,2775.93,408.27,2367.66,10,2498.337
4998,2960,24,1,143987.71,10626.89,133360.82,20,115190.168
4999,2960,941,1,2360.32,182.43,2177.89,30,1652.224
5000,2961,508,1,93055.46,4501.58,88553.88,20,74444.368
5001,2962,700,1,7717.28,0.0,7717.28,30,5402.096
5002,2963,663,1,4145.53,0.0,4145.53,10,3730.977
5003,2964,712,1,14513.0,810.35,13702.65,10,13061.7
5004,2965,900,1,1911.43,0.0,1911.43,30,1338.001
5005,2966,228,1,1579.03,169.71,1409.32,20,1263.2240000000002
5006,2967,1520,1,2002.68,244.41,1758.27,30,1401.876
5007,2968,301,1,3075.11,71.58,3003.53,20,2460.088
5008,2969,1256,1,3347.61,242.83,3104.78,20,2678.088
5009,2970,505,1,2649.54,0.0,2649.54,0,2649.54
5010,2971,1142,1,99.91,0.0,99.91,20,79.928
5011,2972,766,1,77346.82,0.0,77346.82,10,69612.138
5012,2973,182,1,143105.46,7823.05,135282.41,20,114484.368
5013,2973,135,2,2028.61,160.5,3896.72,0,2028.61
5014,2973,279,3,41417.49,12473.27,111779.2,0,41417.49
5015,2974,751,1,808.3,0.0,808.3,30,565.81
5016,2975,797,1,40285.16,3540.13,36745.03,30,28199.612
5017,2976,709,2,2013.15,0.0,4026.3,0,2013.15
5018,2977,1523,3,398.9,53.33,1143.37,30,279.23
5019,2978,1194,1,1471.98,113.69,1358.29,10,1324.7820000000002
5020,2978,598,1,3271.1,70.1,3201.0,10,2943.99
5021,2979,276,1,64431.04,6160.37,58270.67,0,64431.04
5022,2980,524,1,37908.59,763.89,37144.7,0,37908.59
5023,2980,385,1,1018.09,53.11,964.98,30,712.663
5024,2981,771,2,2630.46,217.84,5043.08,20,2104.368
5025,2982,1011,1,105248.63,14630.41,90618.22,20,84198.90400000001
5026,2983,1005,1,5455.75,0.0,5455.75,20,4364.6
5027,2983,565,1,823.08,0.0,823.08,0,823.08
5028,2983,293,1,40759.07,0.0,40759.07,10,36683.163
5029,2983,366,1,1689.79,0.0,1689.79,0,1689.79
5030,2983,1439,1,8502.05,0.0,8502.05,20,6801.639999999999
5031,2984,1418,1,4295.24,422.92,3872.32,30,3006.668
5032,2985,1008,1,237.87,0.0,237.87,20,190.296
5033,2986,1122,2,3238.36,0.0,6476.72,10,2914.5240000000003
5034,2986,1231,1,2323.31,0.0,2323.31,20,1858.648
5035,2986,1056,1,2409.82,0.0,2409.82,30,1686.874
5036,2986,797,1,40285.16,0.0,40285.16,10,36256.64400000001
5037,2986,858,1,1887.65,0.0,1887.65,30,1321.355
5038,2987,1412,1,4726.92,260.17,4466.75,20,3781.536
5039,2988,1502,1,1302.32,45.11,1257.21,10,1172.088
5040,2988,1167,1,3045.6,96.47,2949.13,10,2741.04
5041,2989,1509,1,39314.87,4203.32,35111.55,30,27520.409
5042,2990,393,1,28510.23,1680.74,26829.49,20,22808.184
5043,2991,1442,1,547.89,80.3,467.59,20,438.312
5044,2991,592,1,1067.91,42.71,1025.2,30,747.537
5045,2992,634,1,128711.83,18950.04,109761.79,30,90098.281
5046,2992,1434,1,758.95,60.64,698.31,0,758.95
5047,2992,174,2,30123.15,3286.6,56959.7,30,21086.205
5048,2993,659,1,70554.19,0.0,70554.19,10,63498.771
5049,2993,1035,2,2051.19,0.0,4102.38,30,1435.833
5050,2993,1225,1,100562.21,0.0,100562.21,20,80449.76800000001
5051,2993,586,1,1501.47,0.0,1501.47,10,1351.323
5052,2994,1109,1,84890.72,4411.6,80479.12,30,59423.50399999999
5053,2994,729,1,68134.25,8847.23,59287.02,0,68134.25
5054,2994,260,1,631.42,17.06,614.36,30,441.994
5055,2994,1223,1,11259.67,739.7,10519.97,30,7881.768999999999
5056,2995,169,1,6619.4,960.05,5659.35,20,5295.52
5057,2996,1527,1,6369.71,582.69,5787.02,10,5732.7390000000005
5058,2996,456,1,3419.83,27.19,3392.64,10,3077.847
5059,2997,941,1,2360.32,69.88,2290.44,20,1888.2560000000003
5060,2998,753,1,1238.31,0.0,1238.31,30,866.8169999999999
5061,2999,228,1,1579.03,115.52,1463.51,20,1263.2240000000002
5062,3000,106,1,23476.97,1261.03,22215.94,0,23476.97
5063,3001,1191,1,37568.14,5447.06,32121.08,20,30054.512
5064,3001,1032,1,3691.19,481.8,3209.39,30,2583.833
5065,3002,908,1,3981.14,561.93,3419.21,10,3583.026
5066,3003,1303,1,15195.95,882.26,14313.69,0,15195.95
5067,3003,1520,1,2002.68,257.01,1745.67,30,1401.876
5068,3003,658,2,5224.75,868.71,9580.79,0,5224.75
5069,3003,606,1,87181.18,7654.27,79526.91,10,78463.06199999999
5070,3004,634,2,128711.83,302.81,257120.85,20,102969.464
5071,3005,1452,1,71498.52,597.16,70901.36,10,64348.668000000005
5072,3005,42,1,7358.23,173.65,7184.58,10,6622.407
5073,3006,1014,1,1806.34,0.0,1806.34,30,1264.438
5074,3007,30,1,2584.77,0.0,2584.77,30,1809.339
5075,3007,938,1,9347.84,0.0,9347.84,20,7478.272000000001
5076,3008,696,1,74127.77,10577.46,63550.31,20,59302.21600000001
5077,3008,591,1,1912.99,88.58,1824.41,10,1721.691
5078,3008,726,1,117534.69,13451.27,104083.42,0,117534.69
5079,3009,914,2,3732.26,777.31,6687.21,30,2612.582
5080,3009,1434,1,758.95,90.84,668.11,0,758.95
5081,3009,1517,1,3093.55,290.97,2802.58,10,2784.195
5082,3010,466,1,92637.16,0.0,92637.16,10,83373.444
5083,3011,1150,1,2765.55,318.11,2447.44,10,2488.9950000000003
5084,3012,314,1,1524.32,222.17,1302.15,0,1524.32
5085,3012,1206,1,2044.94,199.16,1845.78,30,1431.458
5086,3012,930,1,225.23,1.04,224.19,0,225.23
5087,3013,1579,1,2698.3,286.47,2411.83,20,2158.6400000000003
5088,3014,917,1,974.63,93.31,881.32,10,877.167
5089,3014,710,1,32724.34,1712.37,31011.97,0,32724.34
5090,3014,437,1,2583.87,153.57,2430.3,20,2067.096
5091,3014,1422,3,1818.34,664.75,4790.27,20,1454.672
5092,3015,511,1,621.58,86.87,534.71,10,559.422
5093,3015,232,2,38831.08,4664.89,72997.27,20,31064.864
5094,3016,636,1,915.13,104.9,810.23,0,915.13
5095,3016,1017,1,2847.67,42.15,2805.52,0,2847.67
5096,3017,327,1,29823.32,0.0,29823.32,20,23858.656000000003
5097,3018,197,1,4870.47,0.0,4870.47,30,3409.329
5098,3018,305,2,3492.14,0.0,6984.28,10,3142.926
5099,3019,144,1,2699.16,0.0,2699.16,20,2159.328
5100,3020,1524,3,4935.26,0.0,14805.78,0,4935.26
5101,3020,623,1,4342.57,0.0,4342.57,10,3908.313
5102,3021,841,1,81685.68,6330.48,75355.2,30,57179.976
5103,3021,944,3,9096.72,1613.07,25677.09,10,8187.048
5104,3021,1535,1,4110.59,96.83,4013.76,20,3288.472
5105,3021,736,1,784.34,88.97,695.37,20,627.4720000000001
5106,3021,298,2,54274.29,14913.45,93635.13,20,43419.432
5107,3022,890,1,930.52,52.38,878.14,30,651.3639999999999
5108,3023,899,1,401.48,0.0,401.48,20,321.184
5109,3024,889,1,3143.04,338.36,2804.68,20,2514.432
5110,3024,361,1,670.56,18.14,652.42,30,469.392
5111,3025,1258,1,8683.79,0.0,8683.79,20,6947.032000000001
5112,3025,1451,1,397.42,0.0,397.42,20,317.93600000000004
5113,3025,1269,1,2326.75,0.0,2326.75,0,2326.75
5114,3025,1158,1,973.98,0.0,973.98,0,973.98
5115,3025,186,1,118273.99,0.0,118273.99,20,94619.192
5116,3026,984,1,79210.58,4608.94,74601.64,30,55447.406
5117,3027,1433,2,5322.5,38.64,10606.36,0,5322.5
5118,3027,1449,1,1798.6,152.55,1646.05,20,1438.88
5119,3027,1068,1,2832.17,183.17,2649.0,30,1982.519
5120,3027,749,1,5523.77,439.86,5083.91,10,4971.393000000001
5121,3027,904,1,1779.5,112.95,1666.55,20,1423.6
5122,3028,138,2,350.95,10.45,691.45,20,280.76
5123,3029,236,1,4589.61,456.85,4132.76,10,4130.648999999999
5124,3029,607,2,3784.6,1048.5,6520.7,10,3406.14
5125,3029,1562,1,1492.59,180.52,1312.07,10,1343.331
5126,3029,976,1,2919.89,36.19,2883.7,0,2919.89
5127,3029,250,1,47627.73,4065.59,43562.14,30,33339.411
5128,3030,1285,2,571.66,157.11,986.21,30,400.162
5129,3030,1592,1,91342.6,7124.44,84218.16,30,63939.82
5130,3031,381,2,1083.08,0.0,2166.16,10,974.772
5131,3031,1411,1,114539.75,0.0,114539.75,30,80177.825
5132,3032,899,1,401.48,32.65,368.83,10,361.3320000000001
5133,3033,1263,1,5431.26,217.99,5213.27,0,5431.26
5134,3033,1489,1,877.0,25.1,851.9,20,701.6
5135,3034,91,1,1351.15,99.06,1252.09,20,1080.92
5136,3034,735,1,70211.49,10281.86,59929.63,30,49148.043
5137,3035,1504,1,1103.31,161.59,941.72,0,1103.31
5138,3035,583,1,129245.7,76.9,129168.8,20,103396.56
5139,3035,1213,1,56227.35,6920.22,49307.13,10,50604.615
5140,3036,420,3,39796.63,12250.9,107138.99,0,39796.63
5141,3037,929,1,30089.57,3440.62,26648.95,10,27080.613
5142,3038,1090,1,117469.55,10574.97,106894.58,20,93975.64
5143,3038,602,1,3153.82,153.01,3000.81,30,2207.674
5144,3039,1585,1,1472.08,30.71,1441.37,30,1030.456
5145,3039,1446,1,9412.43,186.06,9226.37,0,9412.43
5146,3039,221,1,1862.88,118.19,1744.69,10,1676.592
5147,3040,677,2,1113.35,183.26,2043.44,10,1002.015
5148,3040,492,1,705.8,41.86,663.94,10,635.22
5149,3040,1160,1,3385.71,83.75,3301.96,0,3385.71
5150,3040,1352,1,10981.21,1257.63,9723.58,0,10981.21
5151,3040,1444,1,1761.67,79.65,1682.02,30,1233.169
5152,3041,1036,1,4064.58,0.0,4064.58,10,3658.122
5153,3042,1565,1,3314.16,0.0,3314.16,0,3314.16
5154,3042,1528,1,1302.21,0.0,1302.21,10,1171.989
5155,3042,1004,2,2995.17,0.0,5990.34,0,2995.17
5156,3042,311,1,5092.96,0.0,5092.96,0,5092.96
5157,3042,1391,2,4780.43,0.0,9560.86,0,4780.43
5158,3043,118,1,29857.44,4260.65,25596.79,30,20900.208
5159,3044,1135,1,22063.27,0.0,22063.27,0,22063.27
5160,3045,232,1,38831.08,2096.09,36734.99,20,31064.864
5161,3045,1300,1,1951.79,251.47,1700.32,30,1366.253
5162,3045,738,2,47701.21,9870.95,85531.47,30,33390.846999999994
5163,3045,1476,1,52371.93,5926.86,46445.07,0,52371.93
5164,3046,861,1,36518.21,2403.21,34115.0,10,32866.389
5165,3047,970,1,120.23,4.85,115.38,0,120.23
5166,3048,337,1,4173.88,322.23,3851.65,20,3339.1040000000003
5167,3048,9,3,36017.37,11048.09,97004.02,0,36017.37
5168,3048,31,1,419.17,3.19,415.98,10,377.253
5169,3049,567,1,3731.6,559.65,3171.95,30,2612.12
5170,3049,298,1,54274.29,6233.43,48040.86,30,37992.003
5171,3050,476,1,76487.54,2135.74,74351.8,20,61190.032
5172,3051,455,3,133508.92,17435.69,383091.07,20,106807.136
5173,3052,864,1,3913.42,506.01,3407.41,10,3522.078
5174,3052,174,2,30123.15,7695.41,52550.89,30,21086.205
5175,3053,1509,1,39314.87,2866.29,36448.58,20,31451.896000000004
5176,3053,650,2,17350.56,527.35,34173.77,10,15615.504
5177,3054,427,1,51715.55,5699.17,46016.38,30,36200.885
5178,3055,1042,2,90516.75,23919.61,157113.89,30,63361.725
5179,3055,1322,1,21785.34,2310.79,19474.55,0,21785.34
5180,3055,1305,1,2759.94,228.79,2531.15,10,2483.946
5181,3056,1296,2,1446.41,90.14,2802.68,30,1012.487
5182,3057,1559,1,2127.33,246.08,1881.25,20,1701.864
5183,3058,598,1,3271.1,257.57,3013.53,0,3271.1
5184,3059,965,2,1353.94,0.0,2707.88,30,947.758
5185,3059,144,2,2699.16,0.0,5398.32,20,2159.328
5186,3059,949,1,2388.11,0.0,2388.11,10,2149.299
5187,3060,1330,1,14735.58,1452.47,13283.11,20,11788.464
5188,3060,1044,2,9021.21,1401.19,16641.23,20,7216.968
5189,3060,464,1,92357.26,13058.99,79298.27,10,83121.534
5190,3060,1471,1,3182.48,163.44,3019.04,30,2227.736
5191,3060,1206,1,2044.94,172.84,1872.1,20,1635.9520000000002
5192,3061,1573,1,3177.29,302.5,2874.79,0,3177.29
5193,3062,452,1,8006.2,199.62,7806.58,0,8006.2
5194,3062,605,1,3237.95,324.91,2913.04,10,2914.155
5195,3063,661,1,31896.24,1375.46,30520.78,10,28706.616
5196,3063,1597,1,1676.63,213.23,1463.4,30,1173.641
5197,3063,1423,1,183.64,2.03,181.61,0,183.64
5198,3063,414,1,6207.38,849.02,5358.36,0,6207.38
5199,3064,1223,1,11259.67,701.8,10557.87,0,11259.67
5200,3064,251,1,2367.88,301.56,2066.32,10,2131.092
5201,3065,400,2,767.7,79.45,1455.95,10,690.9300000000001
5202,3066,482,2,7050.68,699.05,13402.31,30,4935.476
5203,3067,551,1,2682.04,233.57,2448.47,20,2145.632
5204,3068,971,1,489.72,0.0,489.72,10,440.7480000000001
5205,3069,1501,1,31743.02,0.0,31743.02,30,22220.114
5206,3069,834,2,2103.24,0.0,4206.48,10,1892.916
5207,3070,798,3,3718.85,0.0,11156.55,10,3346.965
5208,3071,772,1,1518.07,0.0,1518.07,20,1214.456
5209,3072,1234,1,108776.14,12092.69,96683.45,30,76143.298
5210,3072,1122,1,3238.36,51.95,3186.41,30,2266.852
5211,3073,782,1,32396.84,1990.47,30406.37,0,32396.84
5212,3073,308,1,93084.78,13533.84,79550.94,30,65159.346
5213,3074,454,1,79042.42,0.0,79042.42,20,63233.936
5214,3074,788,1,3542.11,0.0,3542.11,30,2479.477
5215,3075,528,2,1071.66,318.91,1824.41,20,857.3280000000001
5216,3076,45,1,5292.4,720.78,4571.62,30,3704.68
5217,3076,714,1,2767.25,370.41,2396.84,0,2767.25
5218,3076,544,1,28257.91,54.87,28203.04,20,22606.328
5219,3076,816,2,3330.84,187.53,6474.15,20,2664.6720000000005
5220,3077,1376,1,901.13,121.33,779.8,10,811.017
5221,3077,1495,3,92165.84,34345.83,242151.69,30,64516.088
5222,3078,939,1,2627.03,265.65,2361.38,10,2364.327
5223,3079,1320,2,44898.72,8334.96,81462.48,20,35918.976
5224,3080,767,2,2061.1,0.0,4122.2,30,1442.7699999999998
5225,3081,1473,1,1456.73,112.79,1343.94,10,1311.057
5226,3082,592,2,1067.91,96.45,2039.37,30,747.537
5227,3082,758,1,122743.75,6338.05,116405.7,10,110469.375
5228,3083,840,1,162782.38,0.0,162782.38,10,146504.14200000002
5229,3083,585,1,1310.79,0.0,1310.79,0,1310.79
5230,3083,153,2,39307.26,0.0,78614.52,10,35376.534
5231,3083,690,1,2245.24,0.0,2245.24,20,1796.192
5232,3084,1075,1,682.9,0.0,682.9,0,682.9
5233,3084,1201,2,74263.81,0.0,148527.62,10,66837.429
5234,3084,1358,1,5886.45,0.0,5886.45,0,5886.45
5235,3084,801,2,13055.24,0.0,26110.48,20,10444.192
5236,3084,1169,1,2642.98,0.0,2642.98,30,1850.086
5237,3085,1203,1,3371.04,501.95,2869.09,10,3033.936
5238,3085,1502,1,1302.32,54.81,1247.51,0,1302.32
5239,3085,687,1,1968.64,95.79,1872.85,30,1378.048
5240,3085,1465,1,2247.01,162.71,2084.3,10,2022.309
5241,3085,849,1,44704.26,3836.3,40867.96,20,35763.408
5242,3086,770,3,86438.74,615.45,258700.77,10,77794.86600000001
5243,3087,684,2,2183.03,0.0,4366.06,10,1964.7270000000003
5244,3088,401,1,1312.43,44.55,1267.88,10,1181.187
5245,3088,22,2,4507.04,1097.62,7916.46,30,3154.928
5246,3088,251,1,2367.88,234.7,2133.18,30,1657.516
5247,3089,271,1,9634.51,840.85,8793.66,10,8671.059000000001
5248,3090,493,1,3440.64,13.38,3427.26,0,3440.64
5249,3090,827,1,1826.44,99.81,1726.63,30,1278.508
5250,3091,953,1,1650.81,110.8,1540.01,10,1485.729
5251,3092,1479,1,948.68,139.84,808.84,20,758.944
5252,3093,773,1,1553.01,0.0,1553.01,0,1553.01
5253,3094,521,1,322.75,0.0,322.75,0,322.75
5254,3094,1307,3,2847.02,0.0,8541.06,30,1992.914
5255,3094,1565,1,3314.16,0.0,3314.16,30,2319.912
5256,3094,1572,1,2427.87,0.0,2427.87,0,2427.87
5257,3095,1277,3,48882.84,0.0,146648.52,30,34217.988
5258,3096,980,1,1563.36,0.0,1563.36,30,1094.352
5259,3097,620,1,172365.66,18541.88,153823.78,10,155129.094
5260,3097,1421,2,343.43,72.96,613.9,0,343.43
5261,3097,1520,1,2002.68,228.27,1774.41,10,1802.412
5262,3097,436,1,147796.0,12596.07,135199.93,30,103457.2
5263,3098,726,1,117534.69,9193.7,108340.99,10,105781.221
5264,3098,16,1,85267.12,2596.52,82670.6,0,85267.12
5265,3099,969,1,72166.51,0.0,72166.51,0,72166.51
5266,3099,215,1,8966.72,0.0,8966.72,20,7173.376
5267,3100,440,1,1285.35,0.0,1285.35,20,1028.28
5268,3101,1282,1,41855.8,963.13,40892.67,0,41855.8
5269,3101,784,1,2840.63,166.65,2673.98,30,1988.441
5270,3101,826,2,1971.53,258.43,3684.63,0,1971.53
5271,3101,1074,3,3149.29,455.12,8992.75,30,2204.503
5272,3102,929,1,30089.57,2119.53,27970.04,30,21062.699
5273,3102,126,1,1983.21,10.82,1972.39,20,1586.5680000000002
5274,3103,771,2,2630.46,3.04,5257.88,0,2630.46
5275,3103,790,2,88440.69,25140.05,151741.33,20,70752.55200000001
5276,3103,1403,1,2570.65,11.85,2558.8,10,2313.585
5277,3104,1215,1,3634.8,0.0,3634.8,10,3271.32
5278,3105,1022,1,7813.98,0.0,7813.98,10,7032.581999999999
5279,3106,1046,2,9087.52,2491.36,15683.68,10,8178.768000000001
5280,3106,1287,1,87310.61,4507.96,82802.65,30,61117.427
5281,3107,1476,1,52371.93,5700.48,46671.45,0,52371.93
5282,3107,1366,1,40406.93,1520.34,38886.59,0,40406.93
5283,3108,976,1,2919.89,0.0,2919.89,10,2627.901
5284,3108,392,1,3400.93,0.0,3400.93,30,2380.651
5285,3109,1029,1,4067.39,196.78,3870.61,20,3253.9120000000003
5286,3110,104,3,1053.46,0.0,3160.38,30,737.422
5287,3110,1109,1,84890.72,0.0,84890.72,0,84890.72
5288,3111,375,1,1217.82,51.68,1166.14,10,1096.038
5289,3111,74,1,2354.49,96.07,2258.42,0,2354.49
5290,3112,268,1,112481.7,8471.15,104010.55,10,101233.53
5291,3113,561,1,23226.57,1225.5,22001.07,20,18581.256
5292,3114,1148,3,35366.0,1116.92,104981.08,10,31829.4
5293,3114,1555,1,2372.47,187.26,2185.21,0,2372.47
5294,3115,46,1,4876.53,0.0,4876.53,20,3901.224
5295,3115,705,1,34487.91,0.0,34487.91,0,34487.91
5296,3116,331,2,24483.71,0.0,48967.42,0,24483.71
5297,3117,93,1,26807.56,1787.82,25019.74,10,24126.804
5298,3118,97,1,286.42,36.25,250.17,20,229.136
5299,3119,42,1,7358.23,794.6,6563.63,20,5886.584
5300,3120,1406,2,34181.12,6003.48,62358.76,10,30763.008
5301,3121,301,1,3075.11,294.88,2780.23,30,2152.577
5302,3122,528,2,1071.66,201.82,1941.5,30,750.162
5303,3122,170,1,100878.51,14684.29,86194.22,0,100878.51
5304,3123,1209,1,3547.28,0.0,3547.28,30,2483.096
5305,3124,659,2,70554.19,0.0,141108.38,10,63498.771
5306,3124,127,1,2230.56,0.0,2230.56,20,1784.448
5307,3124,1191,2,37568.14,0.0,75136.28,20,30054.512
5308,3124,421,1,468.23,0.0,468.23,10,421.407
5309,3124,1533,1,2523.95,0.0,2523.95,0,2523.95
5310,3125,439,3,1595.52,0.0,4786.56,10,1435.968
5311,3125,878,1,26128.07,0.0,26128.07,30,18289.649
5312,3126,967,2,87744.71,0.0,175489.42,10,78970.239
5313,3127,607,2,3784.6,0.0,7569.2,10,3406.14
5314,3128,692,1,2423.69,183.37,2240.32,30,1696.583
5315,3128,1294,1,31639.3,1339.7,30299.6,10,28475.37
5316,3129,1143,1,761.45,3.45,758.0,10,685.3050000000001
5317,3129,1008,1,237.87,12.24,225.63,30,166.509
5318,3129,55,1,38559.98,2941.34,35618.64,20,30847.984000000004
5319,3129,746,3,118090.14,8507.74,345762.68,0,118090.14
5320,3129,434,1,3512.59,420.31,3092.28,10,3161.331
5321,3130,400,1,767.7,0.0,767.7,30,537.39
5322,3130,665,1,2040.79,0.0,2040.79,0,2040.79
5323,3131,1246,1,1880.46,0.0,1880.46,20,1504.3680000000002
5324,3132,1196,1,4357.76,0.0,4357.76,30,3050.432
5325,3133,803,1,3375.08,0.0,3375.08,20,2700.0640000000003
5326,3134,1339,1,21281.34,1853.9,19427.44,10,19153.206
5327,3135,1261,1,516.29,3.34,512.95,20,413.032
5328,3136,938,2,9347.84,807.55,17888.13,30,6543.487999999999
5329,3136,566,1,601.7,57.31,544.39,10,541.5300000000001
5330,3137,617,1,3079.68,9.51,3070.17,0,3079.68
5331,3138,1317,1,2594.28,348.91,2245.37,10,2334.8520000000003
5332,3138,1266,1,60887.16,9063.89,51823.27,10,54798.444
5333,3138,213,1,25465.76,8.43,25457.33,20,20372.608
5334,3138,489,1,758.34,0.71,757.63,20,606.672
5335,3139,18,1,219.13,12.41,206.72,20,175.304
5336,3139,1164,1,1609.85,53.39,1556.46,0,1609.85
5337,3140,1208,1,115536.04,0.0,115536.04,30,80875.22799999999
5338,3140,1228,1,8753.11,0.0,8753.11,10,7877.799000000001
5339,3141,858,1,1887.65,0.0,1887.65,0,1887.65
5340,3142,1332,1,29617.39,0.0,29617.39,30,20732.173
5341,3142,1465,1,2247.01,0.0,2247.01,10,2022.309
5342,3142,721,1,1671.74,0.0,1671.74,30,1170.2179999999998
5343,3142,28,2,101663.1,0.0,203326.2,10,91496.79
5344,3142,645,1,754.4,0.0,754.4,0,754.4
5345,3143,303,1,3839.35,394.79,3444.56,20,3071.48
5346,3144,1149,1,99668.46,5857.92,93810.54,10,89701.614
5347,3144,958,1,1318.24,190.95,1127.29,10,1186.416
5348,3144,1093,1,20431.66,13.94,20417.72,30,14302.161999999998
5349,3145,403,1,170966.64,13504.92,157461.72,10,153869.97600000002
5350,3146,135,3,2028.61,442.44,5643.39,30,1420.0269999999998
5351,3147,746,1,118090.14,10412.11,107678.03,30,82663.098
5352,3147,1438,1,1797.41,262.17,1535.24,0,1797.41
5353,3147,808,1,124999.97,17774.47,107225.5,20,99999.976
5354,3147,497,1,3615.69,267.39,3348.3,30,2530.983
5355,3147,448,2,1698.53,183.91,3213.15,20,1358.824
5356,3148,271,1,9634.51,0.0,9634.51,30,6744.157
5357,3149,778,1,1267.98,128.17,1139.81,20,1014.384
5358,3149,1584,1,750.13,105.99,644.14,30,525.091
5359,3150,1066,1,25768.02,0.0,25768.02,30,18037.614
5360,3150,795,1,14011.76,0.0,14011.76,30,9808.232
5361,3151,370,1,659.72,0.0,659.72,20,527.7760000000001
5362,3152,398,1,2421.46,0.0,2421.46,20,1937.168
5363,3152,1483,1,3832.7,0.0,3832.7,30,2682.89
5364,3152,401,1,1312.43,0.0,1312.43,30,918.701
5365,3152,822,1,28372.98,0.0,28372.98,20,22698.384
5366,3153,55,2,38559.98,0.0,77119.96,10,34703.982
5367,3153,58,1,2642.32,0.0,2642.32,20,2113.856
5368,3153,201,1,1291.43,0.0,1291.43,10,1162.287
5369,3153,6,1,3858.92,0.0,3858.92,30,2701.244
5370,3154,1320,1,44898.72,0.0,44898.72,0,44898.72
5371,3154,253,1,13060.79,0.0,13060.79,10,11754.711
5372,3155,62,1,1751.48,108.51,1642.97,10,1576.332
5373,3155,213,1,25465.76,408.7,25057.06,30,17826.032
5374,3156,1159,2,285.32,28.06,542.58,10,256.788
5375,3157,1587,2,67506.72,0.0,135013.44,10,60756.048
5376,3158,439,1,1595.52,0.0,1595.52,30,1116.8639999999998
5377,3159,559,1,7185.86,0.0,7185.86,10,6467.273999999999
5378,3160,1446,1,9412.43,0.0,9412.43,10,8471.187
5379,3161,1562,1,1492.59,132.87,1359.72,10,1343.331
5380,3162,700,1,7717.28,724.12,6993.16,0,7717.28
5381,3162,131,1,26403.44,1360.54,25042.9,30,18482.408
5382,3163,957,1,20246.89,0.0,20246.89,20,16197.512
5383,3164,823,1,24569.14,0.0,24569.14,20,19655.312
5384,3164,191,2,1689.13,0.0,3378.26,30,1182.391
5385,3165,785,1,703.23,0.0,703.23,30,492.261
5386,3165,1340,1,4036.45,0.0,4036.45,30,2825.515
5387,3166,235,1,1536.81,6.1,1530.71,0,1536.81
5388,3167,591,1,1912.99,142.52,1770.47,30,1339.0929999999998
5389,3168,784,1,2840.63,352.89,2487.74,30,1988.441
5390,3169,1435,1,155364.8,0.0,155364.8,30,108755.36
5391,3169,523,1,53515.35,0.0,53515.35,20,42812.28
5392,3170,1468,1,3913.73,222.22,3691.51,20,3130.9840000000004
5393,3170,1482,1,3329.89,63.65,3266.24,20,2663.9120000000003
5394,3171,321,2,14713.75,3604.52,25822.98,30,10299.625
5395,3171,1100,1,7209.62,782.37,6427.25,10,6488.658
5396,3172,21,1,417.88,14.19,403.69,30,292.516
5397,3173,31,2,419.17,119.79,718.55,20,335.336
5398,3173,972,1,58923.09,3484.82,55438.27,0,58923.09
5399,3174,1446,1,9412.43,491.73,8920.7,0,9412.43
5400,3174,1187,1,175626.18,4128.31,171497.87,30,122938.326
5401,3175,808,2,124999.97,0.0,249999.94,10,112499.973
5402,3175,1369,1,1514.51,0.0,1514.51,20,1211.608
5403,3175,842,1,44095.41,0.0,44095.41,10,39685.869000000006
5404,3175,663,1,4145.53,0.0,4145.53,20,3316.424
5405,3175,1531,1,90650.62,0.0,90650.62,10,81585.558
5406,3176,433,1,93895.84,2154.14,91741.7,30,65727.08799999999
5407,3177,1325,1,33748.2,4690.59,29057.61,0,33748.2
5408,3177,92,1,55734.91,4225.46,51509.45,10,50161.419
5409,3177,231,1,3736.97,92.15,3644.82,0,3736.97
5410,3177,248,1,1908.15,147.38,1760.77,30,1335.705
5411,3178,1223,2,11259.67,0.0,22519.34,0,11259.67
5412,3178,1597,1,1676.63,0.0,1676.63,30,1173.641
5413,3179,296,1,13792.96,0.0,13792.96,10,12413.664
5414,3179,1568,1,113591.21,0.0,113591.21,10,102232.089
5415,3180,994,1,526.86,9.48,517.38,20,421.48800000000006
5416,3180,1055,3,61678.24,7501.06,177533.66,30,43174.768
5417,3181,816,1,3330.84,382.21,2948.63,20,2664.6720000000005
5418,3182,1096,1,6155.76,0.0,6155.76,30,4309.032
5419,3182,1103,1,55216.49,0.0,55216.49,20,44173.192
5420,3183,1164,1,1609.85,18.54,1591.31,20,1287.88
5421,3183,226,3,44766.35,17242.72,117056.33,0,44766.35
5422,3183,145,1,274.73,30.54,244.19,10,247.25700000000003
5423,3184,789,1,83642.73,8407.13,75235.6,10,75278.457
5424,3185,1074,1,3149.29,316.42,2832.87,30,2204.503
5425,3185,1459,1,3227.95,466.5,2761.45,20,2582.36
5426,3185,513,1,35628.09,3083.1,32544.99,10,32065.281
5427,3186,1363,1,3136.2,267.54,2868.66,10,2822.58
5428,3186,91,1,1351.15,134.34,1216.81,10,1216.035
5429,3187,1530,1,2958.0,293.52,2664.48,10,2662.2000000000003
5430,3188,695,1,887.94,30.37,857.57,0,887.94
5431,3188,880,1,3054.09,234.69,2819.4,30,2137.863
5432,3189,271,1,9634.51,0.0,9634.51,10,8671.059000000001
5433,3189,1333,3,2421.09,0.0,7263.27,20,1936.8720000000003
5434,3190,991,1,6557.76,0.0,6557.76,30,4590.432
5435,3191,1161,1,165567.2,0.0,165567.2,10,149010.48
5436,3192,1600,2,3483.91,811.39,6156.43,0,3483.91
5437,3193,1065,1,3958.62,0.0,3958.62,20,3166.896
5438,3194,823,1,24569.14,0.0,24569.14,20,19655.312
5439,3195,498,1,6323.41,493.94,5829.47,30,4426.387
5440,3196,1571,1,365.21,41.2,324.01,30,255.647
5441,3196,1396,1,4528.45,148.16,4380.29,30,3169.9149999999995
5442,3197,253,1,13060.79,616.79,12444.0,20,10448.632
5443,3198,889,1,3143.04,140.71,3002.33,0,3143.04
5444,3199,1279,2,4693.11,805.61,8580.61,20,3754.488
5445,3199,57,1,77663.62,197.3,77466.32,30,54364.53399999999
5446,3200,492,1,705.8,14.12,691.68,30,494.06
5447,3200,636,1,915.13,136.64,778.49,10,823.617
5448,3201,1159,1,285.32,41.09,244.23,10,256.788
5449,3201,530,1,318.6,45.72,272.88,10,286.74
5450,3201,637,2,24290.06,1060.63,47519.49,10,21861.054
5451,3201,1396,1,4528.45,527.29,4001.16,0,4528.45
5452,3202,933,1,1968.53,0.0,1968.53,10,1771.677
5453,3202,406,2,4920.1,0.0,9840.2,0,4920.1
5454,3203,1327,1,26530.9,0.0,26530.9,30,18571.63
5455,3203,1462,1,8081.65,0.0,8081.65,10,7273.485
5456,3204,81,1,1588.45,223.26,1365.19,0,1588.45
5457,3204,30,1,2584.77,58.02,2526.75,30,1809.339
5458,3204,204,1,443.43,35.9,407.53,0,443.43
5459,3204,1144,1,1149.43,70.81,1078.62,30,804.601
5460,3205,1466,2,536.2,26.28,1046.12,20,428.96
5461,3205,1257,1,518.04,52.83,465.21,10,466.236
5462,3205,934,3,3198.99,222.66,9374.31,10,2879.091
5463,3205,506,1,1834.39,227.27,1607.12,0,1834.39
5464,3206,997,1,389.19,0.0,389.19,30,272.433
5465,3206,19,1,2902.38,0.0,2902.38,0,2902.38
5466,3206,32,1,37169.45,0.0,37169.45,20,29735.56
5467,3207,959,1,2008.67,0.0,2008.67,0,2008.67
5468,3208,705,1,34487.91,592.25,33895.66,10,31039.119
5469,3209,498,1,6323.41,641.28,5682.13,30,4426.387
5470,3209,495,2,61768.34,16914.26,106622.42,30,43237.838
5471,3209,587,1,108314.66,5397.9,102916.76,10,97483.194
5472,3209,966,1,411.04,48.77,362.27,20,328.83200000000005
5473,3210,366,1,1689.79,119.0,1570.79,20,1351.832
5474,3211,506,1,1834.39,185.67,1648.72,10,1650.951
5475,3212,144,2,2699.16,0.0,5398.32,20,2159.328
5476,3213,398,1,2421.46,0.0,2421.46,30,1695.022
5477,3214,1543,1,3269.88,242.25,3027.63,10,2942.8920000000003
5478,3215,385,1,1018.09,3.49,1014.6,10,916.281
5479,3215,288,1,6762.4,379.75,6382.65,10,6086.16
5480,3215,360,2,32907.0,4918.84,60895.16,30,23034.9
5481,3216,14,1,2125.0,0.0,2125.0,10,1912.5
5482,3217,67,3,5611.24,0.0,16833.72,10,5050.116
5483,3218,700,2,7717.28,345.9,15088.66,20,6173.8240000000005
5484,3219,1309,3,1320.81,262.6,3699.83,0,1320.81
5485,3219,441,1,3621.08,145.81,3475.27,20,2896.864
5486,3219,1092,1,48077.53,5797.66,42279.87,0,48077.53
5487,3219,1550,1,1412.93,112.11,1300.82,30,989.051
5488,3220,1240,1,636.21,0.0,636.21,10,572.589
5489,3220,139,1,1485.23,0.0,1485.23,20,1188.184
5490,3220,970,1,120.23,0.0,120.23,10,108.207
5491,3220,488,1,7124.84,0.0,7124.84,10,6412.356000000001
5492,3221,1309,1,1320.81,67.14,1253.67,20,1056.648
5493,3222,735,1,70211.49,7910.82,62300.67,20,56169.19200000001
5494,3222,270,1,3203.45,179.32,3024.13,30,2242.4149999999995
5495,3222,551,2,2682.04,709.3,4654.78,0,2682.04
5496,3223,1375,1,3435.74,0.0,3435.74,20,2748.592
5497,3223,1429,1,1720.96,0.0,1720.96,20,1376.768
5498,3223,344,3,1068.92,0.0,3206.76,30,748.244
5499,3224,754,1,2211.94,110.96,2100.98,20,1769.552
5500,3225,1272,2,126747.72,18327.97,235167.47,0,126747.72
5501,3226,827,2,1826.44,0.0,3652.88,10,1643.796
5502,3226,802,1,2548.8,0.0,2548.8,0,2548.8
5503,3226,960,1,1955.05,0.0,1955.05,30,1368.535
5504,3226,1557,1,4550.75,0.0,4550.75,0,4550.75
5505,3227,499,1,2538.2,0.0,2538.2,30,1776.7399999999998
5506,3228,1364,1,23422.89,3083.13,20339.76,20,18738.312
5507,3228,759,1,2014.33,41.01,1973.32,10,1812.897
5508,3228,124,1,1916.25,75.72,1840.53,30,1341.375
5509,3228,809,1,36231.4,3812.65,32418.75,10,32608.26
5510,3229,257,1,3692.66,412.32,3280.34,10,3323.394
5511,3230,1329,1,2430.96,54.15,2376.81,20,1944.768
5512,3231,307,1,4585.11,124.43,4460.68,30,3209.577
5513,3232,1338,1,2238.46,35.17,2203.29,30,1566.922
5514,3233,703,1,2132.29,3.67,2128.62,30,1492.6029999999998
5515,3234,1035,1,2051.19,0.0,2051.19,20,1640.9520000000002
5516,3234,300,1,180650.08,0.0,180650.08,30,126455.05599999998
5517,3235,943,1,1254.75,0.0,1254.75,0,1254.75
5518,3235,1296,2,1446.41,0.0,2892.82,0,1446.41
5519,3236,756,1,3804.36,0.0,3804.36,0,3804.36
5520,3236,915,1,40160.77,0.0,40160.77,0,40160.77
5521,3237,267,1,825.8,94.25,731.55,30,578.06
5522,3237,1219,1,1611.72,184.42,1427.3,0,1611.72
5523,3238,1302,1,52798.3,6233.91,46564.39,10,47518.47
5524,3238,1514,2,411.96,62.96,760.96,20,329.568
5525,3239,615,1,513.46,20.49,492.97,20,410.768
5526,3240,436,2,147796.0,210.54,295381.46,10,133016.4
5527,3240,268,2,112481.7,33372.73,191590.67,30,78737.18999999999
5528,3241,299,1,1512.24,14.02,1498.22,30,1058.568
5529,3241,1066,1,25768.02,3282.07,22485.95,30,18037.614
5530,3242,1386,1,932.68,0.0,932.68,20,746.144
5531,3242,372,1,174277.93,0.0,174277.93,0,174277.93
5532,3243,1557,1,4550.75,236.03,4314.72,20,3640.6
5533,3244,1129,1,42340.3,0.0,42340.3,30,29638.21
5534,3245,1433,1,5322.5,11.46,5311.04,30,3725.75
5535,3246,742,1,3902.24,170.22,3732.02,30,2731.568
5536,3247,427,1,51715.55,5910.24,45805.31,10,46543.995
5537,3248,1386,1,932.68,0.0,932.68,20,746.144
5538,3248,473,1,2980.81,0.0,2980.81,10,2682.729
5539,3248,667,2,2282.98,0.0,4565.96,20,1826.384
5540,3248,1018,1,376.18,0.0,376.18,20,300.944
5541,3249,625,1,334.12,18.13,315.99,20,267.296
5542,3250,715,1,114670.41,0.0,114670.41,0,114670.41
5543,3250,1206,1,2044.94,0.0,2044.94,30,1431.458
5544,3251,1575,1,1239.06,59.64,1179.42,30,867.3419999999999
5545,3251,1181,1,3639.55,403.75,3235.8,30,2547.685
5546,3252,224,2,1977.53,75.03,3880.03,0,1977.53
5547,3252,739,1,79788.12,8819.32,70968.8,10,71809.308
5548,3252,94,1,43997.06,2025.4,41971.66,20,35197.648
5549,3252,503,2,44508.15,6861.94,82154.36,10,40057.335
5550,3252,359,1,35865.56,2696.47,33169.09,0,35865.56
5551,3253,390,1,48086.5,5559.7,42526.8,0,48086.5
5552,3253,1235,1,553.98,4.86,549.12,30,387.786
5553,3254,1430,1,1397.61,108.19,1289.42,10,1257.849
5554,3255,272,1,8822.9,0.0,8822.9,10,7940.61
5555,3255,1342,1,2246.14,0.0,2246.14,20,1796.912
5556,3256,326,1,1199.33,58.16,1141.17,10,1079.397
5557,3256,803,1,3375.08,259.51,3115.57,10,3037.572
5558,3257,778,1,1267.98,48.83,1219.15,0,1267.98
5559,3258,845,1,746.19,50.12,696.07,0,746.19
5560,3258,1100,2,7209.62,911.83,13507.41,0,7209.62
5561,3259,161,1,1230.1,110.26,1119.84,0,1230.1
5562,3259,922,1,1939.57,218.46,1721.11,20,1551.656
5563,3260,789,1,83642.73,9489.23,74153.5,30,58549.91099999999
5564,3260,97,1,286.42,28.65,257.77,10,257.778
5565,3260,243,1,67752.1,8010.09,59742.01,20,54201.68000000001
5566,3260,1542,2,1880.53,18.21,3742.85,30,1316.371
5567,3260,939,1,2627.03,302.54,2324.49,20,2101.6240000000003
5568,3261,563,1,2298.67,205.47,2093.2,30,1609.069
5569,3262,1370,1,62115.24,4417.82,57697.42,20,49692.192
5570,3262,117,2,19742.72,5535.24,33950.2,0,19742.72
5571,3263,1045,1,3767.71,50.99,3716.72,20,3014.168
5572,3264,656,1,1650.33,45.51,1604.82,10,1485.297
5573,3264,999,1,3833.28,398.65,3434.63,20,3066.6240000000003
5574,3265,811,1,1385.81,178.4,1207.41,20,1108.648
5575,3265,42,1,7358.23,418.65,6939.58,30,5150.761
5576,3265,810,1,26333.87,1392.19,24941.68,0,26333.87
5577,3266,1248,1,1795.23,0.0,1795.23,20,1436.1840000000002
5578,3266,685,1,2479.15,0.0,2479.15,10,2231.235
5579,3267,881,1,3117.76,36.02,3081.74,20,2494.2080000000005
5580,3268,230,1,32147.34,0.0,32147.34,0,32147.34
5581,3268,226,1,44766.35,0.0,44766.35,30,31336.445
5582,3268,892,1,1931.15,0.0,1931.15,0,1931.15
5583,3269,1035,1,2051.19,94.16,1957.03,30,1435.833
5584,3270,850,1,2717.09,0.0,2717.09,10,2445.3810000000003
5585,3270,1378,1,1742.34,0.0,1742.34,20,1393.872
5586,3270,105,3,172880.36,0.0,518641.08,30,121016.25199999998
5587,3270,1408,1,4470.06,0.0,4470.06,20,3576.0480000000007
5588,3270,708,1,71148.88,0.0,71148.88,30,49804.216
5589,3271,35,1,1495.14,0.0,1495.14,20,1196.112
5590,3272,1000,1,116356.97,5249.85,111107.12,0,116356.97
5591,3273,700,1,7717.28,550.34,7166.94,10,6945.552
5592,3274,869,3,1297.86,283.8,3609.78,0,1297.86
5593,3275,526,3,69280.39,0.0,207841.17,0,69280.39
5594,3276,1466,1,536.2,0.0,536.2,30,375.34
5595,3277,62,3,1751.48,0.0,5254.44,10,1576.332
5596,3277,958,1,1318.24,0.0,1318.24,10,1186.416
5597,3278,1103,1,55216.49,6476.13,48740.36,20,44173.192
5598,3279,453,1,2582.33,0.0,2582.33,0,2582.33
5599,3279,81,1,1588.45,0.0,1588.45,10,1429.605
5600,3280,1277,1,48882.84,5553.53,43329.31,20,39106.272
5601,3281,132,1,2548.46,0.0,2548.46,30,1783.922
5602,3282,647,1,27236.09,1094.85,26141.24,30,19065.263
5603,3282,689,1,41378.36,2470.86,38907.5,20,33102.688
5604,3282,1426,1,2854.6,369.61,2484.99,0,2854.6
5605,3282,172,2,348.87,54.48,643.26,0,348.87
5606,3282,1372,1,5456.54,581.33,4875.21,30,3819.578
5607,3283,357,1,94442.75,13933.32,80509.43,10,84998.475
5608,3283,600,1,1808.13,82.08,1726.05,0,1808.13
5609,3284,1568,3,113591.21,0.0,340773.63,0,113591.21
5610,3284,864,1,3913.42,0.0,3913.42,20,3130.7360000000003
5611,3285,267,1,825.8,118.68,707.12,30,578.06
5612,3286,1070,2,64942.02,0.0,129884.04,10,58447.818
5613,3287,320,1,1023.82,146.16,877.66,30,716.674
5614,3288,853,1,2122.25,0.0,2122.25,0,2122.25
5615,3289,689,1,41378.36,0.0,41378.36,30,28964.852
5616,3290,113,1,870.54,0.0,870.54,30,609.3779999999999
5617,3291,753,2,1238.31,172.94,2303.68,20,990.648
5618,3291,1493,1,625.05,16.28,608.77,0,625.05
5619,3292,1170,1,4694.51,0.0,4694.51,30,3286.157
5620,3292,65,1,1669.44,0.0,1669.44,20,1335.552
5621,3292,735,1,70211.49,0.0,70211.49,20,56169.19200000001
5622,3292,1568,1,113591.21,0.0,113591.21,10,102232.089
5623,3292,941,1,2360.32,0.0,2360.32,0,2360.32
5624,3293,742,2,3902.24,0.0,7804.48,0,3902.24
5625,3293,211,2,1481.21,0.0,2962.42,0,1481.21
5626,3294,41,1,990.24,136.13,854.11,30,693.168
5627,3295,327,1,29823.32,0.0,29823.32,0,29823.32
5628,3296,467,1,34229.7,711.23,33518.47,20,27383.76
5629,3296,120,1,127274.2,740.45,126533.75,10,114546.78
5630,3297,1513,3,2099.25,0.0,6297.75,10,1889.325
5631,3297,906,1,52750.88,0.0,52750.88,10,47475.792
5632,3298,233,1,2640.21,285.92,2354.29,20,2112.168
5633,3299,1363,1,3136.2,177.15,2959.05,30,2195.34
5634,3299,1244,1,3810.15,228.91,3581.24,0,3810.15
5635,3299,1156,1,96292.57,12700.67,83591.9,30,67404.799
5636,3299,135,1,2028.61,173.01,1855.6,30,1420.0269999999998
5637,3299,807,1,39492.14,2931.53,36560.61,20,31593.712
5638,3300,1040,1,7278.08,300.19,6977.89,30,5094.656
5639,3300,771,1,2630.46,101.59,2528.87,0,2630.46
5640,3301,1006,3,2865.1,0.0,8595.3,10,2578.59
5641,3302,682,1,1436.09,0.0,1436.09,0,1436.09
5642,3302,553,1,620.66,0.0,620.66,20,496.528
5643,3303,719,1,17225.88,0.0,17225.88,0,17225.88
5644,3304,1258,1,8683.79,161.25,8522.54,0,8683.79
5645,3304,377,2,53405.16,13157.5,93652.82,10,48064.64400000001
5646,3305,9,1,36017.37,745.66,35271.71,0,36017.37
5647,3306,676,3,2284.87,138.05,6716.56,0,2284.87
5648,3307,761,1,11092.68,343.14,10749.54,10,9983.412
5649,3307,885,1,51233.09,5460.42,45772.67,20,40986.472
5650,3308,391,1,134.99,0.0,134.99,0,134.99
5651,3308,1017,1,2847.67,0.0,2847.67,30,1993.369
5652,3309,372,2,174277.93,0.0,348555.86,30,121994.551
5653,3310,158,1,2038.97,0.0,2038.97,10,1835.073
5654,3310,1243,1,2783.2,0.0,2783.2,30,1948.24
5655,3311,1512,1,10568.45,568.87,9999.58,30,7397.915
5656,3312,515,1,1652.18,41.69,1610.49,30,1156.526
5657,3312,446,1,2938.62,4.37,2934.25,30,2057.034
5658,3312,847,1,1450.17,213.7,1236.47,30,1015.119
5659,3312,1025,1,2450.74,53.9,2396.84,30,1715.5179999999998
5660,3313,202,2,83953.83,8198.62,159709.04,20,67163.064
5661,3314,966,1,411.04,43.81,367.23,10,369.936
5662,3314,1397,2,18699.32,1037.01,36361.63,10,16829.388
5663,3314,654,1,1894.03,279.11,1614.92,20,1515.2240000000002
5664,3314,883,1,5242.7,366.84,4875.86,10,4718.43
5665,3315,16,1,85267.12,5556.04,79711.08,30,59686.98399999999
5666,3315,19,1,2902.38,350.54,2551.84,20,2321.904
5667,3315,590,1,19908.38,2352.73,17555.65,0,19908.38
5668,3316,1399,2,626.11,179.67,1072.55,10,563.499
5669,3317,585,1,1310.79,0.0,1310.79,20,1048.632
5670,3318,504,1,1042.0,53.56,988.44,10,937.8
5671,3318,1244,1,3810.15,251.15,3559.0,30,2667.105
5672,3319,927,1,181542.75,0.0,181542.75,10,163388.475
5673,3320,1152,1,1784.61,158.54,1626.07,10,1606.149
5674,3321,1586,2,4275.29,825.78,7724.8,10,3847.761
5675,3321,220,1,3360.14,365.35,2994.79,30,2352.098
5676,3322,349,1,1459.37,149.85,1309.52,0,1459.37
5677,3323,959,2,2008.67,0.0,4017.34,20,1606.936
5678,3324,1427,1,1223.85,125.3,1098.55,20,979.08
5679,3325,874,1,331.29,30.9,300.39,20,265.03200000000004
5680,3325,1199,1,1211.39,69.65,1141.74,10,1090.2510000000002
5681,3326,1504,1,1103.31,118.68,984.63,10,992.979
5682,3327,1039,1,2221.48,58.67,2162.81,30,1555.0359999999998
5683,3327,300,1,180650.08,7468.99,173181.09,10,162585.072
5684,3328,505,1,2649.54,241.74,2407.8,10,2384.586
5685,3328,1143,1,761.45,44.35,717.1,10,685.3050000000001
5686,3328,26,3,4152.23,339.21,12117.48,30,2906.561
5687,3329,809,1,36231.4,0.0,36231.4,0,36231.4
5688,3330,713,1,1957.25,31.17,1926.08,20,1565.8000000000002
5689,3331,1087,1,1167.58,62.15,1105.43,0,1167.58
5690,3331,441,1,3621.08,13.95,3607.13,30,2534.756
5691,3332,522,1,664.42,88.25,576.17,10,597.978
5692,3332,34,1,3014.06,435.12,2578.94,30,2109.842
5693,3332,459,1,2056.03,144.86,1911.17,30,1439.221
5694,3333,302,1,16886.71,0.0,16886.71,30,11820.696999999998
5695,3334,15,1,1095.25,28.68,1066.57,10,985.725
5696,3334,493,2,3440.64,4.14,6877.14,10,3096.576
5697,3334,1260,1,664.92,8.29,656.63,30,465.444
5698,3335,525,2,2675.87,726.72,4625.02,0,2675.87
5699,3336,343,1,62248.1,0.0,62248.1,20,49798.48
5700,3336,657,1,60338.17,0.0,60338.17,0,60338.17
5701,3337,928,1,2851.06,406.32,2444.74,30,1995.742
5702,3338,451,1,767.82,0.0,767.82,30,537.474
5703,3339,1406,1,34181.12,0.0,34181.12,0,34181.12
5704,3339,1307,1,2847.02,0.0,2847.02,10,2562.318
5705,3340,508,1,93055.46,0.0,93055.46,10,83749.914
5706,3340,301,1,3075.11,0.0,3075.11,30,2152.577
5707,3341,321,1,14713.75,1178.91,13534.84,0,14713.75
5708,3342,701,3,47197.58,12942.08,128650.66,30,33038.306
5709,3343,551,1,2682.04,296.15,2385.89,30,1877.428
5710,3344,101,1,68775.54,0.0,68775.54,30,48142.87799999999
5711,3345,1498,1,2948.83,0.0,2948.83,20,2359.064
5712,3345,7,2,2327.69,0.0,4655.38,0,2327.69
5713,3346,1535,1,4110.59,378.26,3732.33,0,4110.59
5714,3346,1542,1,1880.53,102.34,1778.19,30,1316.371
5715,3347,971,1,489.72,0.0,489.72,0,489.72
5716,3348,1478,1,730.4,5.81,724.59,20,584.32
5717,3348,1026,1,16347.09,879.64,15467.45,30,11442.963
5718,3349,188,1,43239.04,2120.29,41118.75,0,43239.04
5719,3350,827,1,1826.44,64.62,1761.82,0,1826.44
5720,3351,272,2,8822.9,0.0,17645.8,30,6176.03
5721,3351,510,1,2532.26,0.0,2532.26,30,1772.582
5722,3352,1462,1,8081.65,0.0,8081.65,10,7273.485
5723,3353,72,1,743.74,67.31,676.43,20,594.9920000000001
5724,3353,204,1,443.43,48.63,394.8,30,310.401
5725,3354,1515,1,2940.55,0.0,2940.55,30,2058.385
5726,3355,1328,1,2127.08,0.0,2127.08,0,2127.08
5727,3356,952,1,28872.88,0.0,28872.88,10,25985.592
5728,3356,190,1,3339.03,0.0,3339.03,0,3339.03
5729,3357,1561,1,2387.8,126.6,2261.2,10,2149.0200000000004
5730,3358,257,1,3692.66,535.67,3156.99,20,2954.128
5731,3358,1318,1,2903.92,98.53,2805.39,20,2323.136
5732,3359,919,2,64205.31,14877.8,113532.82,20,51364.248
5733,3360,1068,1,2832.17,338.04,2494.13,30,1982.519
5734,3360,1484,1,86983.02,10443.13,76539.89,20,69586.41600000001
5735,3360,188,1,43239.04,1524.67,41714.37,30,30267.328
5736,3361,1300,1,1951.79,0.0,1951.79,0,1951.79
5737,3361,282,1,2944.8,0.0,2944.8,20,2355.84
5738,3361,442,1,1278.0,0.0,1278.0,0,1278.0
5739,3361,748,1,1603.07,0.0,1603.07,30,1122.149
5740,3362,270,1,3203.45,0.0,3203.45,10,2883.105
5741,3363,1068,1,2832.17,0.0,2832.17,10,2548.953
5742,3363,1051,1,18311.46,0.0,18311.46,0,18311.46
5743,3364,839,1,289.42,0.0,289.42,20,231.53600000000003
5744,3365,955,1,3121.71,127.0,2994.71,20,2497.3680000000004
5745,3365,1207,1,144.94,12.25,132.69,10,130.446
5746,3366,1460,1,2215.95,0.0,2215.95,30,1551.1649999999995
5747,3366,147,1,3458.77,0.0,3458.77,0,3458.77
5748,3367,390,1,48086.5,2199.29,45887.21,10,43277.85
5749,3368,1328,1,2127.08,0.0,2127.08,30,1488.956
5750,3369,1324,1,70919.44,7100.04,63819.4,10,63827.49600000001
5751,3370,1405,1,2466.18,106.67,2359.51,10,2219.562
5752,3371,304,3,2314.39,773.48,6169.69,20,1851.512
5753,3372,46,1,4876.53,229.03,4647.5,30,3413.5709999999995
5754,3373,368,1,53610.72,6039.71,47571.01,10,48249.648
5755,3373,1323,1,7044.95,761.53,6283.42,30,4931.464999999999
5756,3374,1113,2,4930.52,1412.0,8449.04,10,4437.468000000001
5757,3374,1112,1,143069.74,20565.65,122504.09,10,128762.766
5758,3374,23,1,2254.98,211.07,2043.91,20,1803.984
5759,3374,378,2,8651.16,1500.24,15802.08,0,8651.16
5760,3375,1398,1,2940.48,306.76,2633.72,30,2058.336
5761,3376,628,2,175107.4,10494.42,339720.38,20,140085.92
5762,3376,1096,1,6155.76,826.35,5329.41,20,4924.608
5763,3376,1239,2,1812.2,419.9,3204.5,20,1449.7600000000002
5764,3376,1413,2,3338.33,519.0,6157.66,30,2336.831
5765,3377,863,1,3692.9,0.0,3692.9,20,2954.32
5766,3377,900,1,1911.43,0.0,1911.43,0,1911.43
5767,3378,1301,2,4881.31,114.78,9647.84,30,3416.917
5768,3378,1538,1,1905.21,165.4,1739.81,30,1333.647
5769,3379,237,2,1747.18,348.79,3145.57,30,1223.026
5770,3380,1348,1,3802.67,0.0,3802.67,20,3042.1360000000004
5771,3380,1184,1,1670.78,0.0,1670.78,10,1503.702
5772,3380,966,1,411.04,0.0,411.04,10,369.936
5773,3380,330,1,4170.82,0.0,4170.82,10,3753.738
5774,3380,586,1,1501.47,0.0,1501.47,20,1201.1760000000002
5775,3381,474,1,2113.22,250.32,1862.9,30,1479.2539999999997
5776,3382,1245,1,40671.19,0.0,40671.19,30,28469.833
5777,3382,158,3,2038.97,0.0,6116.91,0,2038.97
5778,3383,649,2,975.94,181.51,1770.37,10,878.3460000000001
5779,3384,1119,1,7175.29,967.0,6208.29,10,6457.761
5780,3385,154,1,3811.09,5.39,3805.7,20,3048.8720000000003
5781,3386,136,1,646.44,1.16,645.28,20,517.152
5782,3386,1183,1,393.77,35.98,357.79,0,393.77
5783,3387,384,1,4128.03,519.48,3608.55,0,4128.03
5784,3388,1186,1,2233.01,0.0,2233.01,30,1563.107
5785,3388,316,1,4284.75,0.0,4284.75,0,4284.75
5786,3389,1355,2,7004.87,524.3,13485.44,10,6304.383
5787,3390,1599,1,4254.12,320.85,3933.27,30,2977.884
5788,3391,1280,1,8871.08,990.75,7880.33,10,7983.972
5789,3392,1301,1,4881.31,194.99,4686.32,30,3416.917
5790,3392,688,1,8747.72,1017.47,7730.25,10,7872.947999999999
5791,3393,311,1,5092.96,0.0,5092.96,20,4074.368
5792,3393,633,1,131443.04,0.0,131443.04,20,105154.43200000002
5793,3393,1459,1,3227.95,0.0,3227.95,0,3227.95
5794,3393,1561,1,2387.8,0.0,2387.8,10,2149.0200000000004
5795,3393,30,1,2584.77,0.0,2584.77,20,2067.8160000000003
5796,3394,941,1,2360.32,0.0,2360.32,10,2124.288
5797,3394,823,1,24569.14,0.0,24569.14,20,19655.312
5798,3394,1128,1,2674.52,0.0,2674.52,30,1872.164
5799,3395,780,2,3912.69,0.0,7825.38,20,3130.152
5800,3395,25,1,6849.54,0.0,6849.54,0,6849.54
5801,3396,210,1,1699.58,88.02,1611.56,10,1529.622
5802,3397,18,1,219.13,31.1,188.03,20,175.304
5803,3398,1275,1,278.67,29.09,249.58,30,195.069
5804,3399,874,1,331.29,31.0,300.29,20,265.03200000000004
5805,3399,1199,1,1211.39,167.42,1043.97,20,969.112
5806,3400,1266,1,60887.16,5002.01,55885.15,30,42621.012
5807,3401,1063,2,2532.13,0.0,5064.26,30,1772.491
5808,3401,290,1,32947.49,0.0,32947.49,30,23063.243
5809,3402,856,2,86092.17,0.0,172184.34,0,86092.17
5810,3403,1231,1,2323.31,345.77,1977.54,30,1626.3169999999998
5811,3404,772,1,1518.07,0.0,1518.07,30,1062.649
5812,3405,1032,1,3691.19,77.32,3613.87,30,2583.833
5813,3406,974,1,1464.98,0.0,1464.98,10,1318.482
5814,3406,559,1,7185.86,0.0,7185.86,30,5030.102
5815,3406,713,1,1957.25,0.0,1957.25,20,1565.8000000000002
5816,3406,261,1,38676.18,0.0,38676.18,10,34808.562
5817,3407,960,1,1955.05,0.0,1955.05,10,1759.545
5818,3408,217,1,39439.67,4941.98,34497.69,20,31551.736
5819,3409,1040,1,7278.08,0.0,7278.08,20,5822.464
5820,3409,646,1,1812.4,0.0,1812.4,20,1449.92
5821,3409,1168,1,918.19,0.0,918.19,10,826.3710000000001
5822,3410,1461,1,33088.65,4854.2,28234.45,10,29779.785000000003
5823,3411,1151,3,41119.53,0.0,123358.59,10,37007.577
5824,3411,1025,1,2450.74,0.0,2450.74,30,1715.5179999999998
5825,3412,1161,1,165567.2,0.0,165567.2,0,165567.2
5826,3412,1465,1,2247.01,0.0,2247.01,30,1572.9070000000002
5827,3413,1435,2,155364.8,1316.82,309412.78,10,139828.32
5828,3414,554,2,1946.28,427.46,3465.1,10,1751.652
5829,3414,1088,1,1367.68,4.17,1363.51,10,1230.912
5830,3415,641,1,1430.27,129.13,1301.14,30,1001.189
5831,3415,547,1,1846.34,214.68,1631.66,10,1661.706
5832,3416,1440,1,357.51,0.0,357.51,10,321.759
5833,3416,949,1,2388.11,0.0,2388.11,20,1910.4880000000005
5834,3416,887,1,91887.4,0.0,91887.4,10,82698.66
5835,3416,323,1,87171.31,0.0,87171.31,10,78454.179
5836,3416,1524,1,4935.26,0.0,4935.26,10,4441.734
5837,3417,1125,1,38562.36,1380.58,37181.78,0,38562.36
5838,3417,1109,1,84890.72,14.53,84876.19,0,84890.72
5839,3418,216,3,3406.16,336.08,9882.4,0,3406.16
5840,3418,1419,1,3847.52,379.45,3468.07,10,3462.768
5841,3418,1024,1,2654.56,116.8,2537.76,20,2123.648
5842,3418,956,1,2547.65,46.29,2501.36,30,1783.355
5843,3418,452,1,8006.2,1021.27,6984.93,0,8006.2
5844,3419,384,3,4128.03,949.48,11434.61,10,3715.227
5845,3420,1435,1,155364.8,0.0,155364.8,0,155364.8
5846,3420,979,1,4138.39,0.0,4138.39,20,3310.7120000000004
5847,3421,413,1,2455.33,0.0,2455.33,30,1718.7309999999998
5848,3422,1328,1,2127.08,253.02,1874.06,10,1914.372
5849,3423,611,1,19135.21,0.0,19135.21,30,13394.647
5850,3423,1116,2,9372.19,0.0,18744.38,20,7497.752
5851,3424,142,1,1981.3,248.1,1733.2,0,1981.3
5852,3424,1093,1,20431.66,2806.55,17625.11,0,20431.66
5853,3425,935,1,1851.82,233.41,1618.41,20,1481.456
5854,3425,556,2,959.6,280.54,1638.66,10,863.64
5855,3426,1001,1,47120.94,0.0,47120.94,20,37696.752
5856,3426,1065,2,3958.62,0.0,7917.24,0,3958.62
5857,3427,430,1,2897.39,69.5,2827.89,20,2317.912
5858,3427,1010,1,51993.79,875.11,51118.68,10,46794.411
5859,3427,1141,1,2583.37,248.28,2335.09,0,2583.37
5860,3427,133,1,2306.36,14.78,2291.58,20,1845.088
5861,3428,1459,1,3227.95,0.0,3227.95,0,3227.95
5862,3428,624,1,2799.12,0.0,2799.12,30,1959.384
5863,3428,138,1,350.95,0.0,350.95,0,350.95
5864,3428,1564,1,87286.27,0.0,87286.27,10,78557.64300000001
5865,3428,316,2,4284.75,0.0,8569.5,20,3427.8
5866,3429,1591,1,89157.48,0.0,89157.48,30,62410.23599999999
5867,3430,628,1,175107.4,2896.66,172210.74,20,140085.92
5868,3431,1017,1,2847.67,0.0,2847.67,20,2278.136
5869,3431,312,1,1612.79,0.0,1612.79,10,1451.511
5870,3432,1020,1,1546.51,0.0,1546.51,0,1546.51
5871,3432,540,1,107051.36,0.0,107051.36,30,74935.95199999999
5872,3433,83,1,67349.49,1229.3,66120.19,0,67349.49
5873,3434,1414,1,605.84,47.3,558.54,20,484.672
5874,3434,1350,1,1796.88,185.99,1610.89,0,1796.88
5875,3434,1151,1,41119.53,4127.74,36991.79,30,28783.671
5876,3434,1494,1,18167.06,943.42,17223.64,30,12716.942
5877,3434,855,1,440.43,0.81,439.62,0,440.43
5878,3435,513,1,35628.09,0.0,35628.09,10,32065.281
5879,3435,254,1,1161.26,0.0,1161.26,10,1045.134
5880,3435,306,1,223.24,0.0,223.24,30,156.268
5881,3435,730,1,1980.08,0.0,1980.08,10,1782.072
5882,3436,789,2,83642.73,21091.67,146193.79,30,58549.91099999999
5883,3437,939,2,2627.03,513.82,4740.24,0,2627.03
5884,3437,747,1,8474.0,399.26,8074.74,20,6779.200000000001
5885,3438,527,1,1152.55,0.0,1152.55,10,1037.295
5886,3438,443,1,20303.01,0.0,20303.01,30,14212.106999999998
5887,3438,283,3,4572.45,0.0,13717.35,0,4572.45
5888,3438,971,1,489.72,0.0,489.72,20,391.77600000000007
5889,3439,1316,1,343.7,0.0,343.7,30,240.59
5890,3440,855,1,440.43,0.0,440.43,10,396.387
5891,3441,427,1,51715.55,3270.21,48445.34,10,46543.995
5892,3442,699,1,3048.78,27.75,3021.03,30,2134.146
5893,3443,281,1,1372.61,177.9,1194.71,30,960.827
5894,3444,1333,1,2421.09,265.08,2156.01,10,2178.981
5895,3445,1529,1,90803.24,0.0,90803.24,10,81722.91600000001
5896,3445,283,1,4572.45,0.0,4572.45,30,3200.715
5897,3445,523,1,53515.35,0.0,53515.35,20,42812.28
5898,3445,654,1,1894.03,0.0,1894.03,20,1515.2240000000002
5899,3446,547,1,1846.34,100.37,1745.97,0,1846.34
5900,3446,1083,1,384.05,47.95,336.1,10,345.64500000000004
5901,3447,1552,1,34238.79,257.86,33980.93,10,30814.911
5902,3447,1018,1,376.18,22.58,353.6,0,376.18
5903,3448,23,1,2254.98,176.7,2078.28,20,1803.984
5904,3448,464,1,92357.26,8088.23,84269.03,0,92357.26
5905,3449,660,2,41679.89,0.0,83359.78,20,33343.912000000004
5906,3450,1368,1,2174.86,0.0,2174.86,20,1739.888
5907,3450,1357,2,30982.51,0.0,61965.02,30,21687.757
5908,3450,327,1,29823.32,0.0,29823.32,30,20876.324
5909,3450,1202,1,54005.3,0.0,54005.3,10,48604.77
5910,3451,1130,1,96459.24,0.0,96459.24,10,86813.316
5911,3452,1534,1,8395.14,1117.22,7277.92,0,8395.14
5912,3452,434,1,3512.59,503.41,3009.18,0,3512.59
5913,3452,262,1,2826.04,53.33,2772.71,0,2826.04
5914,3453,1531,1,90650.62,4791.85,85858.77,30,63455.434
5915,3454,1445,1,1339.23,0.0,1339.23,30,937.461
5916,3454,1067,1,7456.19,0.0,7456.19,0,7456.19
5917,3454,1410,1,25912.99,0.0,25912.99,20,20730.392000000003
5918,3455,1091,1,88617.11,9770.84,78846.27,30,62031.977
5919,3455,1151,1,41119.53,2106.93,39012.6,10,37007.577
5920,3455,1128,1,2674.52,362.4,2312.12,10,2407.068
5921,3456,1136,3,11889.97,4926.26,30743.65,10,10700.973
5922,3456,244,1,3669.05,402.01,3267.04,20,2935.24
5923,3457,160,1,589.97,19.95,570.02,30,412.979
5924,3458,71,1,75515.31,0.0,75515.31,30,52860.717
5925,3458,419,1,4089.03,0.0,4089.03,0,4089.03
5926,3459,95,1,24006.46,1907.29,22099.17,20,19205.168
5927,3459,267,1,825.8,85.31,740.49,20,660.64
5928,3459,1324,2,70919.44,3325.65,138513.23,10,63827.49600000001
5929,3459,1400,1,92951.15,1771.36,91179.79,30,65065.80499999999
5930,3460,1567,1,119671.35,0.0,119671.35,0,119671.35
5931,3460,326,1,1199.33,0.0,1199.33,30,839.531
5932,3460,1523,1,398.9,0.0,398.9,20,319.12
5933,3461,1467,2,74.8,3.23,146.37,10,67.32
5934,3461,904,1,1779.5,221.23,1558.27,0,1779.5
5935,3462,969,2,72166.51,0.0,144333.02,30,50516.55699999999
5936,3463,277,1,2384.34,0.0,2384.34,30,1669.038
5937,3463,1432,1,1342.16,0.0,1342.16,0,1342.16
5938,3463,1100,1,7209.62,0.0,7209.62,0,7209.62
5939,3464,905,2,7124.42,122.31,14126.53,30,4987.094
5940,3465,952,1,28872.88,1747.71,27125.17,30,20211.016
5941,3466,305,1,3492.14,393.93,3098.21,20,2793.712
5942,3467,23,3,2254.98,0.0,6764.94,30,1578.486
5943,3467,505,1,2649.54,0.0,2649.54,0,2649.54
5944,3468,1468,1,3913.73,218.06,3695.67,10,3522.357
5945,3469,374,1,3079.52,0.0,3079.52,30,2155.664
5946,3469,976,2,2919.89,0.0,5839.78,20,2335.912
5947,3469,145,1,274.73,0.0,274.73,10,247.25700000000003
5948,3469,823,2,24569.14,0.0,49138.28,10,22112.226
5949,3469,650,2,17350.56,0.0,34701.12,0,17350.56
5950,3470,866,1,28151.71,3509.1,24642.61,30,19706.197
5951,3470,1600,1,3483.91,423.5,3060.41,0,3483.91
5952,3471,211,1,1481.21,0.0,1481.21,10,1333.0890000000002
5953,3471,786,1,521.58,0.0,521.58,10,469.422
5954,3472,1376,3,901.13,172.89,2530.5,10,811.017
5955,3472,855,1,440.43,20.17,420.26,0,440.43
5956,3473,748,2,1603.07,281.54,2924.6,30,1122.149
5957,3474,241,1,1647.81,222.71,1425.1,0,1647.81
5958,3474,972,1,58923.09,5554.68,53368.41,30,41246.16299999999
5959,3475,471,1,1279.56,57.36,1222.2,30,895.6919999999999
5960,3476,1474,1,74873.86,0.0,74873.86,0,74873.86
5961,3477,52,1,23600.44,2679.34,20921.1,0,23600.44
5962,3478,341,1,48560.82,3866.17,44694.65,0,48560.82
5963,3479,858,1,1887.65,0.0,1887.65,0,1887.65
5964,3480,1171,1,14343.47,41.19,14302.28,20,11474.776
5965,3480,78,1,24058.57,822.65,23235.92,0,24058.57
5966,3480,1299,1,3414.72,25.72,3389.0,0,3414.72
5967,3480,1568,2,113591.21,25934.5,201247.92,10,102232.089
5968,3480,998,2,2566.35,562.73,4569.97,20,2053.08
5969,3481,540,1,107051.36,0.0,107051.36,30,74935.95199999999
5970,3481,618,1,3480.15,0.0,3480.15,20,2784.1200000000003
5971,3482,1014,1,1806.34,0.0,1806.34,0,1806.34
5972,3483,66,1,2441.02,64.64,2376.38,20,1952.816
5973,3483,1216,1,82298.09,3295.78,79002.31,0,82298.09
5974,3484,449,2,35199.45,4770.39,65628.51,0,35199.45
5975,3485,144,1,2699.16,62.17,2636.99,10,2429.244
5976,3486,616,2,120778.74,0.0,241557.48,10,108700.866
5977,3487,1028,2,108995.56,16193.58,201797.54,10,98096.004
5978,3488,1530,1,2958.0,217.06,2740.94,20,2366.4
5979,3489,249,1,2119.28,0.0,2119.28,20,1695.4240000000002
5980,3490,569,1,1937.28,0.0,1937.28,10,1743.552
5981,3491,660,1,41679.89,609.18,41070.71,20,33343.912000000004
5982,3491,668,1,734.86,36.11,698.75,10,661.374
5983,3491,1278,1,110118.08,12460.01,97658.07,0,110118.08
5984,3492,1248,1,1795.23,255.19,1540.04,10,1615.707
5985,3493,303,2,3839.35,0.0,7678.7,20,3071.48
5986,3494,972,1,58923.09,906.84,58016.25,20,47138.472
5987,3494,422,1,477.95,6.72,471.23,10,430.155
5988,3495,620,1,172365.66,7528.3,164837.36,0,172365.66
5989,3495,446,3,2938.62,735.54,8080.32,0,2938.62
5990,3496,670,1,1896.46,150.14,1746.32,20,1517.168
5991,3497,785,2,703.23,0.0,1406.46,0,703.23
5992,3498,1360,1,2586.67,163.37,2423.3,0,2586.67
5993,3499,1379,2,78359.54,0.0,156719.08,0,78359.54
5994,3500,1243,1,2783.2,320.42,2462.78,30,1948.24
5995,3501,204,1,443.43,14.13,429.3,10,399.087
5996,3501,392,1,3400.93,339.71,3061.22,20,2720.744
5997,3501,160,1,589.97,67.29,522.68,30,412.979
5998,3502,923,3,79445.58,32732.52,205604.22,0,79445.58
5999,3503,310,1,4017.89,299.9,3717.99,10,3616.101
6000,3504,1169,1,2642.98,68.4,2574.58,0,2642.98
6001,3504,815,1,30194.05,870.75,29323.3,0,30194.05
6002,3505,1081,1,1654.73,118.32,1536.41,20,1323.784
6003,3506,801,1,13055.24,0.0,13055.24,20,10444.192
6004,3507,329,1,110700.38,10723.56,99976.82,0,110700.38
6005,3507,739,1,79788.12,9920.2,69867.92,20,63830.496
6006,3508,496,1,28606.14,3946.23,24659.91,0,28606.14
6007,3509,95,1,24006.46,0.0,24006.46,20,19205.168
6008,3510,172,2,348.87,57.52,640.22,0,348.87
6009,3510,186,1,118273.99,7930.37,110343.62,10,106446.591
6010,3510,902,1,4514.4,356.03,4158.37,10,4062.96
6011,3510,623,1,4342.57,574.59,3767.98,0,4342.57
6012,3510,1554,1,2832.89,189.51,2643.38,0,2832.89
6013,3511,592,1,1067.91,0.0,1067.91,30,747.537
6014,3512,912,1,767.48,75.34,692.14,10,690.7320000000001
6015,3513,701,2,47197.58,11533.34,82861.82,30,33038.306
6016,3514,948,1,3718.48,0.0,3718.48,10,3346.632
6017,3514,1348,1,3802.67,0.0,3802.67,0,3802.67
6018,3515,1439,1,8502.05,411.6,8090.45,10,7651.844999999999
6019,3515,761,1,11092.68,565.62,10527.06,10,9983.412
6020,3516,1438,1,1797.41,120.16,1677.25,30,1258.187
6021,3517,1000,1,116356.97,0.0,116356.97,20,93085.576
6022,3517,561,1,23226.57,0.0,23226.57,0,23226.57
6023,3517,1257,1,518.04,0.0,518.04,10,466.236
6024,3517,909,1,9271.61,0.0,9271.61,20,7417.288
6025,3518,1295,1,4110.18,0.0,4110.18,30,2877.126
6026,3519,9,1,36017.37,4907.34,31110.03,30,25212.159
6027,3519,6,1,3858.92,489.82,3369.1,0,3858.92
6028,3520,14,1,2125.0,259.99,1865.01,0,2125.0
6029,3520,286,1,2792.23,45.35,2746.88,0,2792.23
6030,3520,505,1,2649.54,376.41,2273.13,10,2384.586
6031,3521,1364,1,23422.89,2960.55,20462.34,0,23422.89
6032,3522,604,3,31737.7,0.0,95213.1,0,31737.7
6033,3522,1485,1,31524.8,0.0,31524.8,0,31524.8
6034,3523,168,1,24098.28,1143.36,22954.92,10,21688.452
6035,3524,382,1,65460.34,2632.98,62827.36,10,58914.306
6036,3525,81,1,1588.45,212.06,1376.39,30,1111.915
6037,3526,1211,1,3864.77,0.0,3864.77,30,2705.339
6038,3527,941,2,2360.32,75.38,4645.26,0,2360.32
6039,3527,1426,1,2854.6,11.22,2843.38,10,2569.14
6040,3527,1475,1,57952.35,4134.36,53817.99,30,40566.645
6041,3527,1336,1,4092.74,510.68,3582.06,20,3274.192
6042,3528,1252,1,4619.51,0.0,4619.51,0,4619.51
6043,3528,1028,1,108995.56,0.0,108995.56,30,76296.89199999999
6044,3528,418,1,1715.75,0.0,1715.75,30,1201.025
6045,3528,123,1,246.09,0.0,246.09,10,221.481
6046,3529,1357,1,30982.51,2797.37,28185.14,0,30982.51
6047,3530,516,1,27901.07,3446.49,24454.58,0,27901.07
6048,3530,869,2,1297.86,346.91,2248.81,10,1168.0739999999998
6049,3531,911,1,108679.97,4677.85,104002.12,0,108679.97
6050,3532,1350,1,1796.88,0.0,1796.88,0,1796.88
6051,3532,51,2,467.19,0.0,934.38,10,420.471
6052,3533,495,1,61768.34,5796.08,55972.26,0,61768.34
6053,3533,1458,1,3481.03,289.98,3191.05,20,2784.8240000000005
6054,3533,105,1,172880.36,9736.96,163143.4,0,172880.36
6055,3533,1420,1,1349.54,81.27,1268.27,0,1349.54
6056,3533,971,1,489.72,22.42,467.3,30,342.804
6057,3534,260,1,631.42,53.28,578.14,10,568.278
6058,3535,1064,1,1731.13,198.47,1532.66,10,1558.017
6059,3535,1259,1,420.62,8.65,411.97,0,420.62
6060,3536,1092,1,48077.53,0.0,48077.53,10,43269.777
6061,3537,1503,1,49950.6,0.0,49950.6,10,44955.54
6062,3537,434,2,3512.59,0.0,7025.18,30,2458.813
6063,3538,1529,1,90803.24,8580.61,82222.63,20,72642.592
6064,3539,1071,1,4682.43,0.0,4682.43,20,3745.944
6065,3540,1033,1,6964.85,686.08,6278.77,20,5571.880000000001
6066,3540,945,1,1136.14,21.2,1114.94,0,1136.14
6067,3540,799,1,45775.71,413.93,45361.78,0,45775.71
6068,3540,122,2,2414.47,62.0,4766.94,10,2173.023
6069,3541,545,1,470.77,0.0,470.77,20,376.616
6070,3541,216,1,3406.16,0.0,3406.16,10,3065.544
6071,3541,1484,1,86983.02,0.0,86983.02,10,78284.71800000001
6072,3541,1204,2,122881.84,0.0,245763.68,20,98305.472
6073,3542,403,1,170966.64,0.0,170966.64,10,153869.97600000002
6074,3543,243,1,67752.1,0.0,67752.1,10,60976.89000000001
6075,3544,1012,1,1697.86,157.85,1540.01,30,1188.502
6076,3544,425,1,4814.38,700.94,4113.44,20,3851.504
6077,3544,1443,1,39621.43,4218.84,35402.59,20,31697.144
6078,3544,712,2,14513.0,3295.74,25730.26,30,10159.1
6079,3545,1475,1,57952.35,0.0,57952.35,30,40566.645
6080,3545,1198,2,2934.15,0.0,5868.3,30,2053.905
6081,3546,389,1,1198.04,127.46,1070.58,0,1198.04
6082,3546,1348,3,3802.67,161.39,11246.62,0,3802.67
6083,3546,405,1,56478.15,3742.86,52735.29,20,45182.52
6084,3546,1349,2,1367.29,113.73,2620.85,0,1367.29
6085,3547,1050,1,2146.23,0.0,2146.23,30,1502.361
6086,3548,241,1,1647.81,159.5,1488.31,20,1318.248
6087,3548,931,1,2958.87,191.16,2767.71,0,2958.87
6088,3548,390,2,48086.5,6714.22,89458.78,20,38469.2
6089,3548,1467,1,74.8,10.56,64.24,0,74.8
6090,3549,1495,1,92165.84,0.0,92165.84,30,64516.088
6091,3550,595,2,42135.25,6936.15,77334.35,0,42135.25
6092,3550,947,1,3401.84,131.33,3270.51,10,3061.6560000000004
6093,3551,1352,2,10981.21,0.0,21962.42,30,7686.846999999999
6094,3552,375,1,1217.82,0.0,1217.82,30,852.4739999999999
6095,3553,1017,1,2847.67,21.88,2825.79,0,2847.67
6096,3553,97,1,286.42,30.92,255.5,20,229.136
6097,3554,732,1,29208.99,421.14,28787.85,10,26288.091
6098,3554,1537,1,5378.14,158.6,5219.54,20,4302.512000000001
6099,3554,480,1,3056.45,200.64,2855.81,30,2139.515
6100,3554,71,1,75515.31,9649.08,65866.23,30,52860.717
6101,3555,1026,1,16347.09,1831.78,14515.31,0,16347.09
6102,3556,844,1,3208.7,7.48,3201.22,30,2246.09
6103,3556,259,3,1980.52,830.43,5111.13,10,1782.468
6104,3557,761,1,11092.68,0.0,11092.68,30,7764.875999999999
6105,3557,780,1,3912.69,0.0,3912.69,30,2738.883
6106,3558,1300,1,1951.79,186.95,1764.84,10,1756.611
6107,3559,1243,1,2783.2,344.46,2438.74,0,2783.2
6108,3560,338,1,991.94,68.52,923.42,0,991.94
6109,3560,820,2,5798.58,277.75,11319.41,30,4059.006
6110,3561,1100,3,7209.62,775.23,20853.63,10,6488.658
6111,3562,393,1,28510.23,1013.92,27496.31,10,25659.207
6112,3563,656,1,1650.33,175.54,1474.79,0,1650.33
6113,3564,1084,1,70352.07,0.0,70352.07,20,56281.65600000001
6114,3564,632,1,2584.26,0.0,2584.26,0,2584.26
6115,3564,1288,1,1110.07,0.0,1110.07,0,1110.07
6116,3564,1275,1,278.67,0.0,278.67,20,222.93600000000004
6117,3564,246,1,1755.56,0.0,1755.56,0,1755.56
6118,3565,26,1,4152.23,283.86,3868.37,20,3321.784
6119,3566,73,1,3258.39,195.03,3063.36,20,2606.712
6120,3567,983,1,125294.18,3358.61,121935.57,30,87705.92599999999
6121,3568,776,1,1435.82,0.0,1435.82,20,1148.656
6122,3568,255,1,109573.83,0.0,109573.83,30,76701.681
6123,3568,970,2,120.23,0.0,240.46,10,108.207
6124,3568,1021,2,77339.97,0.0,154679.94,10,69605.973
6125,3569,1285,1,571.66,0.0,571.66,30,400.162
6126,3570,1085,1,4236.56,375.11,3861.45,30,2965.592
6127,3571,292,1,42595.72,0.0,42595.72,0,42595.72
6128,3572,475,1,1480.29,0.0,1480.29,0,1480.29
6129,3573,41,2,990.24,273.87,1706.61,20,792.192
6130,3574,901,1,72792.1,8012.18,64779.92,0,72792.1
6131,3575,666,3,996.62,33.07,2956.79,30,697.634
6132,3575,497,2,3615.69,569.9,6661.48,0,3615.69
6133,3576,56,2,174294.31,0.0,348588.62,20,139435.448
6134,3576,271,1,9634.51,0.0,9634.51,0,9634.51
6135,3577,22,1,4507.04,673.69,3833.35,30,3154.928
6136,3578,518,1,2482.37,0.0,2482.37,20,1985.896
6137,3579,1460,2,2215.95,528.45,3903.45,30,1551.1649999999995
6138,3580,24,1,143987.71,11165.29,132822.42,30,100791.39699999998
6139,3581,1383,2,1971.98,312.62,3631.34,30,1380.386
6140,3582,344,1,1068.92,100.31,968.61,20,855.1360000000001
6141,3583,123,2,246.09,66.61,425.57,10,221.481
6142,3584,630,1,646.69,73.87,572.82,10,582.0210000000001
6143,3585,1144,1,1149.43,10.86,1138.57,20,919.544
6144,3585,78,2,24058.57,5669.06,42448.08,20,19246.856
6145,3585,1313,1,1131.03,163.91,967.12,10,1017.927
6146,3586,243,1,67752.1,0.0,67752.1,0,67752.1
6147,3587,1108,1,145328.64,0.0,145328.64,10,130795.776
6148,3588,1350,1,1796.88,0.0,1796.88,0,1796.88
6149,3589,1369,1,1514.51,215.74,1298.77,30,1060.157
6150,3589,747,3,8474.0,654.83,24767.17,0,8474.0
6151,3590,1155,1,608.12,74.05,534.07,20,486.496
6152,3591,1333,1,2421.09,196.19,2224.9,20,1936.8720000000003
6153,3591,1222,1,5286.96,593.19,4693.77,20,4229.568
6154,3592,951,1,909.66,0.0,909.66,0,909.66
6155,3593,775,2,1623.11,0.0,3246.22,20,1298.488
6156,3593,1035,1,2051.19,0.0,2051.19,0,2051.19
6157,3594,733,1,9342.39,828.57,8513.82,30,6539.672999999999
6158,3594,1187,1,175626.18,15319.56,160306.62,30,122938.326
6159,3595,1572,1,2427.87,0.0,2427.87,10,2185.083
6160,3596,591,1,1912.99,87.04,1825.95,30,1339.0929999999998
6161,3596,1529,1,90803.24,4175.49,86627.75,10,81722.91600000001
6162,3597,788,1,3542.11,236.13,3305.98,20,2833.688
6163,3597,1089,1,76783.54,628.39,76155.15,30,53748.478
6164,3598,894,1,3863.24,193.3,3669.94,0,3863.24
6165,3599,896,3,1901.81,722.65,4982.78,0,1901.81
6166,3599,841,1,81685.68,9919.72,71765.96,20,65348.544
6167,3600,1257,1,518.04,31.15,486.89,30,362.62799999999993
6168,3601,1038,1,2419.9,77.99,2341.91,20,1935.92
6169,3602,1488,1,62639.65,2979.38,59660.27,10,56375.685000000005
6170,3602,320,1,1023.82,148.22,875.6,0,1023.82
6171,3602,777,1,1619.93,203.18,1416.75,10,1457.937
6172,3602,1162,1,5062.81,202.95,4859.86,0,5062.81
6173,3602,206,1,1614.43,76.95,1537.48,30,1130.101
6174,3603,874,1,331.29,12.26,319.03,10,298.161
6175,3604,1356,1,19747.45,1005.26,18742.19,10,17772.705
6176,3605,1456,1,63693.01,3226.08,60466.93,30,44585.107
6177,3606,64,1,27489.86,0.0,27489.86,30,19242.902
6178,3606,963,1,121884.72,0.0,121884.72,10,109696.248
6179,3606,1160,1,3385.71,0.0,3385.71,20,2708.568
6180,3606,737,1,25069.29,0.0,25069.29,30,17548.503
6181,3607,930,1,225.23,0.0,225.23,20,180.184
6182,3608,640,2,3083.27,0.0,6166.54,10,2774.943
6183,3609,162,2,1247.4,0.0,2494.8,20,997.92
6184,3609,688,1,8747.72,0.0,8747.72,20,6998.176
6185,3610,933,1,1968.53,242.26,1726.27,10,1771.677
6186,3610,157,1,39923.68,395.48,39528.2,20,31938.944000000003
6187,3611,1124,1,28111.89,4078.09,24033.8,30,19678.323
6188,3611,990,1,79255.34,580.27,78675.07,20,63404.272
6189,3611,1189,1,5385.89,70.93,5314.96,10,4847.301
6190,3611,801,1,13055.24,372.86,12682.38,20,10444.192
6191,3612,1032,1,3691.19,0.0,3691.19,0,3691.19
6192,3612,908,2,3981.14,0.0,7962.28,30,2786.798
6193,3613,922,1,1939.57,230.66,1708.91,10,1745.613
6194,3614,1371,1,316.58,0.0,316.58,20,253.264
6195,3615,1497,1,9582.92,1026.54,8556.38,0,9582.92
6196,3616,1579,1,2698.3,0.0,2698.3,0,2698.3
6197,3617,1399,1,626.11,43.28,582.83,0,626.11
6198,3618,1237,1,94515.4,0.0,94515.4,0,94515.4
6199,3618,374,2,3079.52,0.0,6159.04,10,2771.568
6200,3619,882,1,151.22,8.07,143.15,20,120.976
6201,3620,136,3,646.44,0.0,1939.32,0,646.44
6202,3621,550,1,2021.43,0.0,2021.43,10,1819.287
6203,3621,1547,1,658.88,0.0,658.88,10,592.992
6204,3621,938,1,9347.84,0.0,9347.84,0,9347.84
6205,3622,1169,1,2642.98,211.5,2431.48,30,1850.086
6206,3622,745,1,64361.62,7779.72,56581.9,20,51489.296
6207,3622,1076,3,439.99,163.55,1156.42,0,439.99
6208,3622,212,1,9813.12,78.7,9734.42,0,9813.12
6209,3623,1129,2,42340.3,6984.77,77695.83,0,42340.3
6210,3624,876,2,99791.13,0.0,199582.26,10,89812.017
6211,3624,600,2,1808.13,0.0,3616.26,10,1627.3170000000002
6212,3625,1374,2,39316.48,7836.81,70796.15,20,31453.184000000005
6213,3626,1442,1,547.89,53.4,494.49,10,493.101
6214,3627,887,1,91887.4,12718.64,79168.76,20,73509.92
6215,3628,500,1,4108.13,0.0,4108.13,20,3286.5040000000004
6216,3629,1422,1,1818.34,10.87,1807.47,30,1272.838
6217,3630,1242,1,120746.52,8019.34,112727.18,10,108671.868
6218,3630,1399,1,626.11,49.56,576.55,10,563.499
6219,3630,427,1,51715.55,4341.29,47374.26,20,41372.44
6220,3630,1018,1,376.18,24.94,351.24,30,263.326
6221,3630,1168,2,918.19,98.05,1738.33,20,734.5520000000001
6222,3631,1161,3,165567.2,0.0,496701.6,0,165567.2
6223,3632,463,1,3827.3,56.06,3771.24,10,3444.57
6224,3632,1309,1,1320.81,149.14,1171.67,30,924.567
6225,3633,779,1,1855.31,0.0,1855.31,10,1669.779
6226,3633,1460,1,2215.95,0.0,2215.95,20,1772.76
6227,3633,665,1,2040.79,0.0,2040.79,20,1632.632
6228,3634,418,1,1715.75,213.03,1502.72,0,1715.75
6229,3634,328,1,1446.76,130.39,1316.37,10,1302.084
6230,3634,135,1,2028.61,228.52,1800.09,20,1622.888
6231,3634,718,1,7664.54,433.6,7230.94,0,7664.54
6232,3634,1469,1,3359.54,6.3,3353.24,10,3023.586
6233,3635,703,1,2132.29,0.0,2132.29,0,2132.29
6234,3636,602,1,3153.82,0.0,3153.82,20,2523.0560000000005
6235,3637,895,2,2219.6,0.0,4439.2,0,2219.6
6236,3638,1509,1,39314.87,5008.29,34306.58,20,31451.896000000004
6237,3638,1453,1,35984.99,2922.9,33062.09,20,28787.992
6238,3638,922,1,1939.57,85.8,1853.77,0,1939.57
6239,3638,1507,2,1058.2,195.31,1921.09,20,846.5600000000001
6240,3638,187,1,3239.79,111.5,3128.29,0,3239.79
6241,3639,1033,1,6964.85,81.64,6883.21,10,6268.365000000001
6242,3640,511,1,621.58,20.8,600.78,30,435.106
6243,3641,1535,2,4110.59,551.12,7670.06,30,2877.413
6244,3642,27,2,594.98,148.29,1041.67,30,416.486
6245,3642,623,2,4342.57,1297.79,7387.35,0,4342.57
6246,3643,156,2,2305.14,6.38,4603.9,10,2074.626
6247,3644,640,1,3083.27,354.02,2729.25,10,2774.943
6248,3645,235,1,1536.81,21.43,1515.38,0,1536.81
6249,3645,401,1,1312.43,92.8,1219.63,10,1181.187
6250,3646,874,2,331.29,65.7,596.88,30,231.903
6251,3647,1082,1,3419.64,478.43,2941.21,30,2393.748
6252,3647,1479,2,948.68,111.61,1785.75,20,758.944
6253,3648,513,1,35628.09,3111.7,32516.39,0,35628.09
6254,3649,1462,1,8081.65,101.2,7980.45,0,8081.65
6255,3650,125,1,7109.25,498.53,6610.72,0,7109.25
6256,3651,984,1,79210.58,11735.47,67475.11,0,79210.58
6257,3652,1593,1,24336.09,3104.13,21231.96,10,21902.481
6258,3653,151,1,3701.2,394.1,3307.1,20,2960.96
6259,3654,1486,2,828.48,181.82,1475.14,20,662.7840000000001
6260,3655,1285,1,571.66,23.05,548.61,10,514.494
6261,3656,723,1,161396.12,16887.69,144508.43,20,129116.896
6262,3656,1406,1,34181.12,4070.04,30111.08,10,30763.008
6263,3657,1175,1,1647.24,0.0,1647.24,20,1317.792
6264,3658,1524,1,4935.26,402.6,4532.66,10,4441.734
6265,3658,1095,1,2693.75,195.02,2498.73,20,2155.0
6266,3658,1324,1,70919.44,3289.94,67629.5,0,70919.44
6267,3658,928,1,2851.06,19.95,2831.11,10,2565.954
6268,3659,1014,1,1806.34,115.79,1690.55,10,1625.706
6269,3660,1352,1,10981.21,1580.42,9400.79,10,9883.089
6270,3661,1046,1,9087.52,1242.93,7844.59,20,7270.016
6271,3662,1295,1,4110.18,0.0,4110.18,30,2877.126
6272,3663,169,1,6619.4,0.0,6619.4,20,5295.52
6273,3664,1197,1,2785.23,136.27,2648.96,20,2228.184
6274,3665,166,1,26144.85,445.05,25699.8,20,20915.88
6275,3666,573,1,2677.84,0.0,2677.84,30,1874.488
6276,3666,1075,1,682.9,0.0,682.9,10,614.61
6277,3666,1450,1,2010.76,0.0,2010.76,20,1608.6080000000002
6278,3667,596,1,1371.16,75.44,1295.72,10,1234.044
6279,3668,1170,1,4694.51,0.0,4694.51,0,4694.51
6280,3669,1190,1,2241.66,0.0,2241.66,30,1569.1619999999998
6281,3670,1450,1,2010.76,0.0,2010.76,30,1407.532
6282,3670,559,1,7185.86,0.0,7185.86,20,5748.688
6283,3670,1078,1,2235.87,0.0,2235.87,20,1788.696
6284,3670,587,1,108314.66,0.0,108314.66,10,97483.194
6285,3671,925,1,405.11,28.9,376.21,20,324.088
6286,3672,1383,2,1971.98,0.0,3943.96,10,1774.7820000000002
6287,3673,726,1,117534.69,3897.43,113637.26,0,117534.69
6288,3673,849,1,44704.26,6172.81,38531.45,30,31292.982
6289,3674,310,1,4017.89,320.2,3697.69,10,3616.101
6290,3675,1577,1,499.74,6.14,493.6,20,399.792
6291,3676,162,1,1247.4,55.69,1191.71,10,1122.66
6292,3676,1192,1,70917.05,1605.74,69311.31,0,70917.05
6293,3676,965,1,1353.94,177.48,1176.46,0,1353.94
6294,3676,851,1,752.31,44.56,707.75,20,601.848
6295,3677,993,3,17976.7,0.0,53930.1,20,14381.36
6296,3678,1229,1,32064.71,0.0,32064.71,20,25651.768
6297,3678,1408,1,4470.06,0.0,4470.06,10,4023.054000000001
6298,3679,698,1,38785.26,225.37,38559.89,30,27149.682
6299,3679,315,1,29996.05,3126.86,26869.19,20,23996.84
6300,3680,260,1,631.42,64.93,566.49,30,441.994
6301,3680,259,1,1980.52,292.52,1688.0,10,1782.468
6302,3681,67,3,5611.24,0.0,16833.72,30,3927.868
6303,3682,1138,2,3203.49,0.0,6406.98,10,2883.141
6304,3683,679,1,3603.31,101.36,3501.95,30,2522.317
6305,3684,1327,1,26530.9,1986.73,24544.17,30,18571.63
6306,3684,1398,1,2940.48,51.9,2888.58,10,2646.432
6307,3684,929,2,30089.57,1660.0,58519.14,10,27080.613
6308,3684,433,1,93895.84,2086.29,91809.55,0,93895.84
6309,3685,473,1,2980.81,181.96,2798.85,30,2086.567
6310,3685,40,1,29011.05,2069.93,26941.12,10,26109.945
6311,3685,330,2,4170.82,24.3,8317.34,10,3753.738
6312,3686,985,3,3261.61,1039.96,8744.87,10,2935.449
6313,3687,489,2,758.34,0.0,1516.68,0,758.34
6314,3688,66,1,2441.02,0.0,2441.02,10,2196.918
6315,3688,1450,1,2010.76,0.0,2010.76,0,2010.76
6316,3689,1166,1,2881.52,0.0,2881.52,20,2305.216
6317,3690,1068,1,2832.17,185.77,2646.4,0,2832.17
6318,3690,1317,2,2594.28,481.66,4706.9,30,1815.996
6319,3691,557,1,40353.14,0.0,40353.14,10,36317.826
6320,3692,513,3,35628.09,11899.59,94984.68,30,24939.663
6321,3693,425,1,4814.38,412.89,4401.49,20,3851.504
6322,3693,1121,1,3804.86,77.48,3727.38,30,2663.402
6323,3693,370,1,659.72,67.61,592.11,0,659.72
6324,3693,649,1,975.94,53.64,922.3,20,780.7520000000001
6325,3694,484,1,3780.52,332.07,3448.45,10,3402.468
6326,3695,692,1,2423.69,329.34,2094.35,0,2423.69
6327,3696,1492,1,2438.62,262.46,2176.16,30,1707.034
6328,3697,1001,1,47120.94,0.0,47120.94,10,42408.846000000005
6329,3698,334,1,1881.36,183.96,1697.4,20,1505.088
6330,3698,39,1,15502.07,1841.51,13660.56,20,12401.656
6331,3699,950,1,2629.74,108.36,2521.38,20,2103.792
6332,3699,755,2,118973.39,32402.89,205543.89,30,83281.37299999999
6333,3700,64,1,27489.86,0.0,27489.86,30,19242.902
6334,3700,345,1,1234.99,0.0,1234.99,10,1111.491
6335,3701,342,1,4315.91,80.9,4235.01,20,3452.728
6336,3702,1302,2,52798.3,0.0,105596.6,0,52798.3
6337,3703,385,1,1018.09,143.19,874.9,10,916.281
6338,3704,1193,1,7680.86,0.0,7680.86,0,7680.86
6339,3705,445,2,550.01,40.79,1059.23,0,550.01
6340,3705,299,1,1512.24,136.76,1375.48,10,1361.016
6341,3706,1157,2,4990.11,551.95,9428.27,20,3992.088
6342,3707,480,1,3056.45,239.25,2817.2,20,2445.16
6343,3708,636,2,915.13,0.0,1830.26,30,640.591
6344,3709,1269,1,2326.75,165.53,2161.22,0,2326.75
6345,3710,1458,1,3481.03,482.27,2998.76,20,2784.8240000000005
6346,3711,721,2,1671.74,103.78,3239.7,10,1504.566
6347,3712,475,1,1480.29,0.0,1480.29,0,1480.29
6348,3713,1494,1,18167.06,0.0,18167.06,30,12716.942
6349,3714,752,1,9440.91,0.0,9440.91,10,8496.819
6350,3715,1402,1,66573.21,0.0,66573.21,10,59915.88900000001
6351,3715,338,1,991.94,0.0,991.94,30,694.358
6352,3716,1358,1,5886.45,0.0,5886.45,0,5886.45
6353,3716,191,1,1689.13,0.0,1689.13,30,1182.391
6354,3717,755,1,118973.39,4398.79,114574.6,20,95178.712
6355,3717,125,2,7109.25,544.49,13674.01,20,5687.400000000001
6356,3718,505,1,2649.54,0.0,2649.54,0,2649.54
6357,3719,1005,1,5455.75,0.0,5455.75,0,5455.75
6358,3720,1086,1,1518.57,138.17,1380.4,10,1366.713
6359,3720,1453,1,35984.99,5000.56,30984.43,30,25189.493
6360,3720,1,3,3822.34,1081.98,10385.04,30,2675.638
6361,3720,1070,2,64942.02,1689.12,128194.92,20,51953.616
6362,3721,1173,1,33473.5,2365.83,31107.67,20,26778.800000000003
6363,3722,1137,1,1817.59,0.0,1817.59,0,1817.59
6364,3723,737,1,25069.29,0.0,25069.29,10,22562.361
6365,3724,1063,1,2532.13,276.29,2255.84,10,2278.9170000000004
6366,3724,1008,1,237.87,30.93,206.94,20,190.296
6367,3724,429,1,121237.34,12590.69,108646.65,20,96989.872
6368,3725,1223,1,11259.67,670.21,10589.46,10,10133.703
6369,3726,242,1,1239.27,132.65,1106.62,20,991.416
6370,3727,267,1,825.8,117.63,708.17,20,660.64
6371,3728,892,1,1931.15,122.83,1808.32,0,1931.15
6372,3729,1022,1,7813.98,61.85,7752.13,30,5469.785999999999
6373,3730,1326,1,1936.13,271.24,1664.89,20,1548.9040000000002
6374,3730,266,1,2692.51,282.84,2409.67,10,2423.2590000000005
6375,3731,828,2,957.7,208.52,1706.88,30,670.39
6376,3731,1510,1,5438.97,354.28,5084.69,20,4351.176
6377,3731,1008,2,237.87,41.39,434.35,10,214.083
6378,3732,681,1,766.31,0.0,766.31,30,536.4169999999999
6379,3733,332,2,1578.22,158.89,2997.55,30,1104.754
6380,3733,62,1,1751.48,120.5,1630.98,10,1576.332
6381,3734,677,1,1113.35,0.0,1113.35,20,890.68
6382,3734,639,1,1460.92,0.0,1460.92,20,1168.736
6383,3734,421,1,468.23,0.0,468.23,20,374.58400000000006
6384,3735,1489,1,877.0,0.0,877.0,10,789.3000000000001
6385,3736,1070,2,64942.02,0.0,129884.04,0,64942.02
6386,3736,273,1,5210.97,0.0,5210.97,20,4168.776000000001
6387,3737,834,3,2103.24,0.0,6309.72,10,1892.916
6388,3738,800,1,308.13,14.71,293.42,30,215.691
6389,3739,832,1,422.4,0.0,422.4,10,380.16
6390,3740,247,2,2539.27,0.0,5078.54,10,2285.343
6391,3741,1129,1,42340.3,0.0,42340.3,0,42340.3
6392,3742,368,1,53610.72,3170.92,50439.8,0,53610.72
6393,3743,50,1,7178.02,0.0,7178.02,10,6460.218000000001
6394,3743,513,1,35628.09,0.0,35628.09,30,24939.663
6395,3743,357,1,94442.75,0.0,94442.75,30,66109.925
6396,3744,63,1,58822.41,3873.68,54948.73,30,41175.687
6397,3745,564,1,2777.89,0.0,2777.89,20,2222.312
6398,3745,205,1,400.88,0.0,400.88,10,360.792
6399,3746,764,1,2664.12,349.55,2314.57,10,2397.708
6400,3747,264,1,1134.64,15.36,1119.28,0,1134.64
6401,3748,355,1,2452.28,0.0,2452.28,30,1716.596
6402,3748,1382,1,42827.29,0.0,42827.29,10,38544.561
6403,3749,386,1,5216.92,0.0,5216.92,20,4173.536
6404,3750,1452,1,71498.52,0.0,71498.52,0,71498.52
6405,3750,1179,1,2777.87,0.0,2777.87,10,2500.083
6406,3750,1207,1,144.94,0.0,144.94,20,115.952
6407,3751,274,1,61941.5,5542.59,56398.91,0,61941.5
6408,3752,318,2,151206.66,0.0,302413.32,30,105844.662
6409,3752,444,1,3621.4,0.0,3621.4,0,3621.4
6410,3753,1361,1,4756.92,386.19,4370.73,0,4756.92
6411,3754,1264,1,2920.35,79.87,2840.48,20,2336.28
6412,3755,1160,1,3385.71,478.87,2906.84,0,3385.71
6413,3756,568,1,163028.84,0.0,163028.84,30,114120.188
6414,3757,955,1,3121.71,206.82,2914.89,0,3121.71
6415,3758,1443,1,39621.43,1385.57,38235.86,10,35659.287000000004
6416,3758,202,2,83953.83,23071.67,144835.99,30,58767.681
6417,3759,37,1,1893.59,0.0,1893.59,20,1514.872
6418,3760,770,2,86438.74,0.0,172877.48,10,77794.86600000001
6419,3761,962,1,1108.44,0.0,1108.44,10,997.596
6420,3762,846,1,3823.36,478.07,3345.29,0,3823.36
6421,3762,701,1,47197.58,196.74,47000.84,10,42477.822
6422,3763,315,2,29996.05,863.56,59128.54,0,29996.05
6423,3763,593,1,47231.85,3145.94,44085.91,20,37785.48
6424,3764,208,1,7944.3,464.52,7479.78,30,5561.01
6425,3765,1236,1,529.36,77.1,452.26,10,476.424
6426,3766,741,1,2631.03,0.0,2631.03,30,1841.721
6427,3767,400,2,767.7,62.64,1472.76,0,767.7
6428,3767,159,1,332.72,19.37,313.35,10,299.44800000000004
6429,3768,689,1,41378.36,3556.58,37821.78,10,37240.524000000005
6430,3769,1246,1,1880.46,0.0,1880.46,0,1880.46
6431,3770,836,1,2325.57,338.39,1987.18,30,1627.899
6432,3770,1344,3,765.13,45.79,2249.6,0,765.13
6433,3770,121,1,250.81,17.38,233.43,0,250.81
6434,3771,1556,1,53821.39,0.0,53821.39,10,48439.251
6435,3771,1367,1,1115.97,0.0,1115.97,20,892.7760000000001
6436,3771,133,1,2306.36,0.0,2306.36,20,1845.088
6437,3771,541,1,43654.41,0.0,43654.41,30,30558.087
6438,3772,1352,2,10981.21,0.0,21962.42,20,8784.967999999999
6439,3773,609,1,3352.06,336.55,3015.51,10,3016.854
6440,3773,605,2,3237.95,267.72,6208.18,0,3237.95
6441,3773,1382,1,42827.29,6206.88,36620.41,30,29979.103
6442,3773,841,3,81685.68,20698.84,224358.2,20,65348.544
6443,3774,1561,3,2387.8,0.0,7163.4,30,1671.46
6444,3775,1247,1,90898.31,7327.7,83570.61,20,72718.648
6445,3776,1107,1,112320.64,0.0,112320.64,30,78624.44799999999
6446,3776,295,1,2098.64,0.0,2098.64,10,1888.776
6447,3777,582,1,5287.79,181.85,5105.94,10,4759.011
6448,3777,1255,1,45338.1,3873.69,41464.41,30,31736.67
6449,3778,242,1,1239.27,0.0,1239.27,0,1239.27
6450,3779,760,1,3059.27,0.0,3059.27,20,2447.416
6451,3780,458,1,8217.39,492.71,7724.68,10,7395.651
6452,3780,443,2,20303.01,496.87,40109.15,20,16242.408
6453,3780,493,1,3440.64,107.19,3333.45,30,2408.448
6454,3781,647,1,27236.09,1889.26,25346.83,0,27236.09
6455,3782,201,1,1291.43,185.18,1106.25,0,1291.43
6456,3782,78,1,24058.57,481.71,23576.86,20,19246.856
6457,3783,828,1,957.7,114.35,843.35,0,957.7
6458,3783,1398,1,2940.48,129.58,2810.9,20,2352.384
6459,3783,237,1,1747.18,147.38,1599.8,0,1747.18
6460,3783,342,1,4315.91,320.91,3995.0,10,3884.319
6461,3784,93,2,26807.56,135.09,53480.03,10,24126.804
6462,3785,1452,1,71498.52,8032.9,63465.62,0,71498.52
6463,3785,185,2,987.57,146.37,1828.77,30,691.299
6464,3785,832,3,422.4,54.85,1212.35,30,295.67999999999995
6465,3785,183,2,2735.6,459.12,5012.08,30,1914.92
6466,3785,1526,1,111921.52,4520.72,107400.8,30,78345.064
6467,3786,1031,1,356.88,37.06,319.82,20,285.504
6468,3787,1181,2,3639.55,1004.68,6274.42,30,2547.685
6469,3788,1311,1,5198.45,392.75,4805.7,30,3638.915
6470,3789,1209,1,3547.28,405.52,3141.76,30,2483.096
6471,3790,299,3,1512.24,374.29,4162.43,30,1058.568
6472,3790,1185,1,5187.12,106.87,5080.25,0,5187.12
6473,3791,263,1,4480.11,345.92,4134.19,30,3136.077
6474,3791,1452,1,71498.52,5490.93,66007.59,20,57198.816000000006
6475,3791,971,1,489.72,57.31,432.41,0,489.72
6476,3792,197,2,4870.47,0.0,9740.94,30,3409.329
6477,3792,449,1,35199.45,0.0,35199.45,10,31679.505
6478,3793,1087,2,1167.58,256.12,2079.04,20,934.064
6479,3794,1135,1,22063.27,2687.78,19375.49,30,15444.289
6480,3795,1442,1,547.89,36.48,511.41,30,383.523
6481,3796,303,1,3839.35,0.0,3839.35,0,3839.35
6482,3796,806,1,147721.74,0.0,147721.74,30,103405.218
6483,3796,639,2,1460.92,0.0,2921.84,30,1022.644
6484,3796,1513,1,2099.25,0.0,2099.25,20,1679.4
6485,3797,909,1,9271.61,728.28,8543.33,20,7417.288
6486,3798,1115,1,116186.43,0.0,116186.43,0,116186.43
6487,3798,118,1,29857.44,0.0,29857.44,10,26871.696
6488,3798,1513,1,2099.25,0.0,2099.25,0,2099.25
6489,3799,803,1,3375.08,0.0,3375.08,30,2362.556
6490,3799,621,1,2134.64,0.0,2134.64,0,2134.64
6491,3799,219,1,4417.46,0.0,4417.46,30,3092.222
6492,3799,633,1,131443.04,0.0,131443.04,30,92010.128
6493,3799,324,1,112608.37,0.0,112608.37,10,101347.533
6494,3800,850,1,2717.09,126.35,2590.74,30,1901.963
6495,3800,110,1,118575.77,15490.73,103085.04,0,118575.77
6496,3800,276,1,64431.04,3512.82,60918.22,30,45101.728
6497,3800,643,1,3058.33,192.01,2866.32,0,3058.33
6498,3800,1150,1,2765.55,0.53,2765.02,30,1935.885
6499,3801,1142,1,99.91,4.47,95.44,30,69.937
6500,3802,553,1,620.66,33.16,587.5,10,558.5939999999999
6501,3803,168,1,24098.28,488.76,23609.52,0,24098.28
6502,3804,189,1,2123.95,226.41,1897.54,20,1699.16
6503,3805,1125,1,38562.36,0.0,38562.36,30,26993.652
6504,3805,154,1,3811.09,0.0,3811.09,10,3429.981
6505,3806,914,1,3732.26,0.0,3732.26,20,2985.8080000000004
6506,3807,1149,2,99668.46,0.0,199336.92,30,69767.922
6507,3808,1227,1,2155.48,44.73,2110.75,10,1939.932
6508,3809,143,1,2617.21,0.0,2617.21,10,2355.489
6509,3810,411,1,2910.53,0.0,2910.53,0,2910.53
6510,3811,639,1,1460.92,88.28,1372.64,0,1460.92
6511,3811,1196,3,4357.76,1100.22,11973.06,0,4357.76
6512,3811,1354,1,2097.47,249.48,1847.99,20,1677.976
6513,3811,1130,1,96459.24,9059.2,87400.04,30,67521.468
6514,3811,1402,1,66573.21,7175.52,59397.69,20,53258.56800000001
6515,3812,1540,2,113226.73,59.02,226394.44,20,90581.384
6516,3812,1551,1,2108.02,190.23,1917.79,20,1686.4160000000002
6517,3813,861,1,36518.21,0.0,36518.21,30,25562.747
6518,3813,17,1,526.33,0.0,526.33,0,526.33
6519,3814,120,2,127274.2,29675.41,224872.99,0,127274.2
6520,3815,181,1,40273.05,0.0,40273.05,10,36245.745
6521,3816,1391,1,4780.43,469.71,4310.72,0,4780.43
6522,3817,1099,1,28507.26,1039.66,27467.6,0,28507.26
6523,3818,356,1,5467.85,65.59,5402.26,20,4374.280000000001
6524,3819,559,1,7185.86,0.0,7185.86,0,7185.86
6525,3819,1287,2,87310.61,0.0,174621.22,10,78579.549
6526,3819,1159,1,285.32,0.0,285.32,20,228.256
6527,3819,220,2,3360.14,0.0,6720.28,0,3360.14
6528,3819,745,1,64361.62,0.0,64361.62,10,57925.458000000006
6529,3820,1187,1,175626.18,15096.49,160529.69,0,175626.18
6530,3820,1377,1,24652.74,1670.87,22981.87,0,24652.74
6531,3821,368,2,53610.72,0.0,107221.44,10,48249.648
6532,3821,585,1,1310.79,0.0,1310.79,20,1048.632
6533,3822,721,1,1671.74,54.33,1617.41,10,1504.566
6534,3822,759,1,2014.33,138.3,1876.03,30,1410.031
6535,3823,640,1,3083.27,155.93,2927.34,20,2466.616
6536,3823,1384,1,2175.55,30.99,2144.56,20,1740.4400000000005
6537,3823,1023,1,36297.55,5187.92,31109.63,20,29038.040000000005
6538,3824,623,2,4342.57,0.0,8685.14,10,3908.313
6539,3825,383,1,1151.25,0.0,1151.25,10,1036.125
6540,3825,298,1,54274.29,0.0,54274.29,30,37992.003
6541,3826,832,1,422.4,0.0,422.4,30,295.67999999999995
6542,3827,743,1,2269.05,0.0,2269.05,20,1815.24
6543,3828,100,1,2961.16,0.0,2961.16,20,2368.928
6544,3828,1271,1,414.51,0.0,414.51,20,331.608
6545,3828,719,1,17225.88,0.0,17225.88,10,15503.292
6546,3829,1456,1,63693.01,0.0,63693.01,0,63693.01
6547,3829,101,1,68775.54,0.0,68775.54,30,48142.87799999999
6548,3830,1297,1,1036.51,72.98,963.53,30,725.5569999999999
6549,3830,1245,1,40671.19,514.46,40156.73,0,40671.19
6550,3830,1024,1,2654.56,256.24,2398.32,30,1858.192
6551,3830,1190,3,2241.66,736.32,5988.66,0,2241.66
6552,3831,350,1,667.72,36.95,630.77,30,467.404
6553,3831,661,1,31896.24,4072.57,27823.67,10,28706.616
6554,3831,1344,1,765.13,14.87,750.26,0,765.13
6555,3831,12,1,13993.18,2064.32,11928.86,30,9795.226
6556,3831,19,1,2902.38,144.87,2757.51,0,2902.38
6557,3832,240,1,138590.82,0.0,138590.82,0,138590.82
6558,3832,105,1,172880.36,0.0,172880.36,10,155592.324
6559,3833,962,1,1108.44,0.0,1108.44,30,775.908
6560,3834,209,1,44783.42,0.0,44783.42,20,35826.736
6561,3834,20,1,21536.92,0.0,21536.92,10,19383.228
6562,3835,709,1,2013.15,0.0,2013.15,0,2013.15
6563,3836,477,1,1565.23,0.0,1565.23,0,1565.23
6564,3836,1341,3,36074.93,0.0,108224.79,20,28859.944000000003
6565,3836,1056,2,2409.82,0.0,4819.64,10,2168.838
6566,3837,624,1,2799.12,0.0,2799.12,10,2519.208
6567,3838,651,1,82264.94,3033.48,79231.46,30,57585.458
6568,3839,1309,2,1320.81,0.0,2641.62,10,1188.729
6569,3839,120,1,127274.2,0.0,127274.2,0,127274.2
6570,3840,1046,1,9087.52,597.17,8490.35,30,6361.264
6571,3841,1089,1,76783.54,725.95,76057.59,0,76783.54
6572,3841,866,1,28151.71,3091.61,25060.1,30,19706.197
6573,3842,792,1,3233.42,191.97,3041.45,0,3233.42
6574,3843,218,1,6415.67,351.39,6064.28,30,4490.969
6575,3844,427,1,51715.55,0.0,51715.55,30,36200.885
6576,3845,191,1,1689.13,11.25,1677.88,30,1182.391
6577,3846,383,1,1151.25,105.5,1045.75,10,1036.125
6578,3847,158,1,2038.97,0.0,2038.97,10,1835.073
6579,3848,540,2,107051.36,0.0,214102.72,20,85641.088
6580,3848,375,1,1217.82,0.0,1217.82,0,1217.82
6581,3849,387,1,538.52,0.0,538.52,20,430.816
6582,3849,505,2,2649.54,0.0,5299.08,20,2119.632
6583,3850,309,1,47983.47,0.0,47983.47,10,43185.123
6584,3850,1346,1,3515.07,0.0,3515.07,10,3163.563
6585,3851,1016,1,36631.13,0.0,36631.13,30,25641.791
6586,3851,1491,1,2236.47,0.0,2236.47,20,1789.176
6587,3852,1429,1,1720.96,0.0,1720.96,0,1720.96
6588,3852,881,1,3117.76,0.0,3117.76,20,2494.2080000000005
6589,3852,208,1,7944.3,0.0,7944.3,20,6355.4400000000005
6590,3853,1017,2,2847.67,757.91,4937.43,30,1993.369
6591,3854,145,1,274.73,14.64,260.09,30,192.311
6592,3854,400,2,767.7,101.87,1433.53,10,690.9300000000001
6593,3854,890,1,930.52,69.22,861.3,0,930.52
6594,3854,938,1,9347.84,787.27,8560.57,20,7478.272000000001
6595,3854,582,1,5287.79,184.02,5103.77,30,3701.453
6596,3855,642,1,42255.27,5921.15,36334.12,10,38029.743
6597,3856,731,1,3899.67,0.0,3899.67,0,3899.67
6598,3856,62,1,1751.48,0.0,1751.48,20,1401.1840000000002
6599,3857,1424,1,63487.87,3953.88,59533.99,10,57139.083000000006
6600,3858,236,1,4589.61,0.0,4589.61,10,4130.648999999999
6601,3858,652,1,40194.62,0.0,40194.62,20,32155.696000000004
6602,3858,218,1,6415.67,0.0,6415.67,20,5132.536
6603,3859,1087,1,1167.58,0.0,1167.58,0,1167.58
6604,3860,940,3,35187.89,5882.81,99680.86,30,24631.523
6605,3860,1359,1,2874.86,294.6,2580.26,20,2299.8880000000004
6606,3860,630,1,646.69,32.03,614.66,10,582.0210000000001
6607,3860,674,1,2535.97,179.35,2356.62,20,2028.776
6608,3860,490,1,119759.19,3301.33,116457.86,20,95807.352
6609,3861,23,2,2254.98,0.0,4509.96,20,1803.984
6610,3861,1091,2,88617.11,0.0,177234.22,30,62031.977
6611,3861,1565,1,3314.16,0.0,3314.16,20,2651.328
6612,3862,72,1,743.74,97.75,645.99,0,743.74
6613,3863,1356,1,19747.45,0.0,19747.45,10,17772.705
6614,3864,1268,3,30703.2,5111.37,86998.23,30,21492.24
6615,3864,1509,1,39314.87,1864.38,37450.49,10,35383.383
6616,3865,1428,1,1939.56,234.3,1705.26,10,1745.604
6617,3866,60,1,1296.99,142.77,1154.22,20,1037.592
6618,3867,1377,1,24652.74,2473.42,22179.32,0,24652.74
6619,3868,129,1,879.21,24.21,855.0,0,879.21
6620,3869,584,1,2326.41,278.68,2047.73,20,1861.128
6621,3870,840,1,162782.38,0.0,162782.38,0,162782.38
6622,3870,9,2,36017.37,0.0,72034.74,30,25212.159
6623,3870,1384,1,2175.55,0.0,2175.55,30,1522.885
6624,3870,1372,1,5456.54,0.0,5456.54,20,4365.232
6625,3870,1127,1,4770.92,0.0,4770.92,30,3339.644
6626,3871,1476,1,52371.93,5819.78,46552.15,30,36660.351
6627,3871,250,1,47627.73,3592.56,44035.17,0,47627.73
6628,3872,1033,1,6964.85,1007.05,5957.8,10,6268.365000000001
6629,3873,1249,3,2813.36,525.78,7914.3,30,1969.352
6630,3874,1227,1,2155.48,0.0,2155.48,0,2155.48
6631,3874,1286,1,41910.79,0.0,41910.79,30,29337.553
6632,3875,368,1,53610.72,6062.95,47547.77,0,53610.72
6633,3875,62,1,1751.48,144.74,1606.74,30,1226.0359999999998
6634,3876,687,1,1968.64,0.0,1968.64,30,1378.048
6635,3876,1044,1,9021.21,0.0,9021.21,10,8119.088999999999
6636,3877,315,1,29996.05,0.0,29996.05,0,29996.05
6637,3877,127,1,2230.56,0.0,2230.56,30,1561.3919999999998
6638,3878,907,1,1423.0,173.72,1249.28,0,1423.0
6639,3879,1397,1,18699.32,0.0,18699.32,0,18699.32
6640,3880,353,2,2714.1,0.0,5428.2,0,2714.1
6641,3881,343,1,62248.1,0.0,62248.1,20,49798.48
6642,3882,389,3,1198.04,45.98,3548.14,30,838.6279999999999
6643,3883,701,3,47197.58,0.0,141592.74,0,47197.58
6644,3884,263,1,4480.11,94.24,4385.87,30,3136.077
6645,3884,606,1,87181.18,935.9,86245.28,10,78463.06199999999
6646,3885,1118,1,2926.02,131.68,2794.34,30,2048.214
6647,3885,383,1,1151.25,159.96,991.29,10,1036.125
6648,3885,1186,2,2233.01,205.2,4260.82,10,2009.7090000000003
6649,3885,1479,1,948.68,86.29,862.39,0,948.68
6650,3886,496,1,28606.14,645.12,27961.02,10,25745.526
6651,3886,1526,1,111921.52,3014.34,108907.18,20,89537.21600000001
6652,3886,622,1,135527.88,3150.35,132377.53,0,135527.88
6653,3886,966,1,411.04,53.97,357.07,0,411.04
6654,3887,108,2,108060.7,0.0,216121.4,20,86448.56
6655,3887,1205,1,1480.79,0.0,1480.79,10,1332.711
6656,3888,856,2,86092.17,0.0,172184.34,30,60264.51899999999
6657,3889,1536,1,26543.86,0.0,26543.86,0,26543.86
6658,3890,1178,1,88183.51,10469.58,77713.93,20,70546.808
6659,3891,86,1,3175.74,396.88,2778.86,20,2540.592
6660,3891,460,1,25787.51,3338.84,22448.67,30,18051.257
6661,3891,621,2,2134.64,621.01,3648.27,10,1921.176
6662,3891,780,1,3912.69,455.58,3457.11,0,3912.69
6663,3891,594,1,1492.9,8.02,1484.88,20,1194.3200000000002
6664,3892,1297,2,1036.51,0.0,2073.02,30,725.5569999999999
6665,3892,357,1,94442.75,0.0,94442.75,30,66109.925
6666,3892,896,1,1901.81,0.0,1901.81,20,1521.448
6667,3892,148,2,60801.41,0.0,121602.82,10,54721.26900000001
6668,3892,461,1,2133.9,0.0,2133.9,10,1920.51
6669,3893,442,1,1278.0,0.0,1278.0,20,1022.4
6670,3893,719,1,17225.88,0.0,17225.88,10,15503.292
6671,3893,687,1,1968.64,0.0,1968.64,20,1574.9120000000005
6672,3893,632,1,2584.26,0.0,2584.26,10,2325.8340000000003
6673,3894,443,2,20303.01,0.0,40606.02,0,20303.01
6674,3895,467,2,34229.7,7116.56,61342.84,30,23960.79
6675,3895,835,1,522.2,63.08,459.12,20,417.7600000000001
6676,3896,1280,1,8871.08,0.0,8871.08,10,7983.972
6677,3896,399,1,2809.7,0.0,2809.7,10,2528.73
6678,3897,712,1,14513.0,0.0,14513.0,20,11610.4
6679,3898,592,1,1067.91,72.28,995.63,0,1067.91
6680,3898,1250,1,42939.79,665.51,42274.28,20,34351.832
6681,3899,366,1,1689.79,232.78,1457.01,0,1689.79
6682,3899,1403,1,2570.65,329.96,2240.69,30,1799.455
6683,3900,1545,1,82188.32,7509.68,74678.64,20,65750.656
6684,3900,1051,1,18311.46,996.78,17314.68,0,18311.46
6685,3901,844,1,3208.7,126.64,3082.06,30,2246.09
6686,3902,1385,3,22894.15,0.0,68682.45,10,20604.735
6687,3903,930,1,225.23,0.0,225.23,10,202.707
6688,3903,1584,1,750.13,0.0,750.13,20,600.104
6689,3904,78,3,24058.57,0.0,72175.71,10,21652.713
6690,3905,1071,2,4682.43,652.27,8712.59,0,4682.43
6691,3906,1196,3,4357.76,1281.12,11792.16,0,4357.76
6692,3907,1175,1,1647.24,0.0,1647.24,30,1153.068
6693,3907,1525,1,368.87,0.0,368.87,10,331.983
6694,3907,1493,1,625.05,0.0,625.05,0,625.05
6695,3907,1488,1,62639.65,0.0,62639.65,30,43847.755
6696,3908,1383,1,1971.98,240.73,1731.25,30,1380.386
6697,3909,1389,1,2657.25,0.0,2657.25,10,2391.525
6698,3910,868,1,2801.32,63.76,2737.56,30,1960.924
6699,3911,973,1,30788.48,0.0,30788.48,30,21551.936
6700,3911,529,1,2902.91,0.0,2902.91,10,2612.619
6701,3911,1586,1,4275.29,0.0,4275.29,20,3420.232
6702,3911,696,1,74127.77,0.0,74127.77,10,66714.993
6703,3911,1146,1,1018.85,0.0,1018.85,10,916.965
6704,3912,1163,1,46301.19,0.0,46301.19,30,32410.833
6705,3912,1453,1,35984.99,0.0,35984.99,10,32386.491
6706,3912,812,3,24603.28,0.0,73809.84,30,17222.296
6707,3913,672,1,2275.78,294.52,1981.26,10,2048.202
6708,3913,1335,1,33011.51,4600.07,28411.44,10,29710.359000000004
6709,3914,81,1,1588.45,21.28,1567.17,20,1270.7600000000002
6710,3914,32,1,37169.45,513.64,36655.81,20,29735.56
6711,3915,1469,1,3359.54,31.67,3327.87,10,3023.586
6712,3915,1234,1,108776.14,5824.5,102951.64,10,97898.526
6713,3916,1538,2,1905.21,0.0,3810.42,10,1714.689
6714,3916,441,1,3621.08,0.0,3621.08,0,3621.08
6715,3917,199,3,26074.89,10577.23,67647.44,20,20859.912
6716,3918,620,1,172365.66,14238.5,158127.16,30,120655.962
6717,3919,587,1,108314.66,8942.76,99371.9,0,108314.66
6718,3919,1002,1,67301.61,8159.72,59141.89,10,60571.449
6719,3920,486,1,2457.37,86.81,2370.56,30,1720.159
6720,3921,1190,1,2241.66,0.0,2241.66,10,2017.494
6721,3921,1293,1,1046.89,0.0,1046.89,20,837.5120000000002
6722,3922,931,1,2958.87,352.51,2606.36,30,2071.209
6723,3923,1136,1,11889.97,0.0,11889.97,30,8322.979
6724,3924,1178,1,88183.51,0.0,88183.51,0,88183.51
6725,3924,15,1,1095.25,0.0,1095.25,30,766.675
6726,3924,1414,1,605.84,0.0,605.84,20,484.672
6727,3924,936,1,30096.25,0.0,30096.25,20,24077.0
6728,3924,789,1,83642.73,0.0,83642.73,30,58549.91099999999
6729,3925,377,1,53405.16,1834.65,51570.51,10,48064.64400000001
6730,3926,191,1,1689.13,94.04,1595.09,0,1689.13
6731,3927,902,1,4514.4,0.0,4514.4,30,3160.0799999999995
6732,3928,1550,2,1412.93,95.39,2730.47,0,1412.93
6733,3928,607,1,3784.6,114.04,3670.56,0,3784.6
6734,3928,1072,2,40911.57,11394.51,70428.63,0,40911.57
6735,3929,1582,1,1221.76,0.0,1221.76,20,977.408
6736,3929,1255,1,45338.1,0.0,45338.1,20,36270.48
6737,3930,173,1,1351.37,128.9,1222.47,10,1216.233
6738,3931,959,1,2008.67,167.95,1840.72,10,1807.803
6739,3932,325,1,1424.65,0.0,1424.65,30,997.255
6740,3933,1402,1,66573.21,2711.23,63861.98,10,59915.88900000001
6741,3934,1434,1,758.95,74.19,684.76,0,758.95
6742,3934,886,1,293.19,14.04,279.15,0,293.19
6743,3935,56,1,174294.31,5785.87,168508.44,30,122006.017
6744,3936,84,1,2164.95,68.68,2096.27,20,1731.96
6745,3937,341,1,48560.82,0.0,48560.82,20,38848.656
6746,3938,734,2,43727.49,0.0,87454.98,30,30609.242999999995
6747,3939,784,1,2840.63,384.69,2455.94,20,2272.5040000000004
6748,3940,323,1,87171.31,1757.4,85413.91,10,78454.179
6749,3940,344,1,1068.92,11.77,1057.15,0,1068.92
6750,3940,826,1,1971.53,173.79,1797.74,0,1971.53
6751,3940,1361,2,4756.92,479.56,9034.28,0,4756.92
6752,3940,1161,2,165567.2,21479.69,309654.71,20,132453.76
6753,3941,1035,1,2051.19,0.0,2051.19,0,2051.19
6754,3941,667,1,2282.98,0.0,2282.98,0,2282.98
6755,3942,150,3,43135.57,18272.17,111134.54,20,34508.456
6756,3942,34,1,3014.06,140.35,2873.71,0,3014.06
6757,3943,1448,1,35381.82,1348.76,34033.06,20,28305.456
6758,3944,1447,1,1595.48,0.0,1595.48,0,1595.48
6759,3945,295,1,2098.64,223.28,1875.36,10,1888.776
6760,3946,1550,1,1412.93,0.0,1412.93,20,1130.344
6761,3947,1230,1,994.26,0.0,994.26,30,695.982
6762,3947,145,1,274.73,0.0,274.73,0,274.73
6763,3948,886,1,293.19,22.52,270.67,0,293.19
6764,3949,904,1,1779.5,214.85,1564.65,20,1423.6
6765,3950,139,1,1485.23,80.72,1404.51,20,1188.184
6766,3951,346,1,1214.52,151.35,1063.17,10,1093.068
6767,3952,260,1,631.42,29.77,601.65,20,505.136
6768,3953,180,3,112845.7,10593.16,327943.94,30,78991.98999999999
6769,3953,1224,1,3160.05,235.83,2924.22,10,2844.045
6770,3954,1507,1,1058.2,28.87,1029.33,10,952.38
6771,3955,336,1,31831.67,4573.65,27258.02,20,25465.336
6772,3956,863,1,3692.9,92.86,3600.04,10,3323.61
6773,3956,1034,1,32492.4,4235.6,28256.8,20,25993.92
6774,3957,1295,2,4110.18,568.39,7651.97,0,4110.18
6775,3958,976,2,2919.89,235.24,5604.54,0,2919.89
6776,3959,1420,1,1349.54,0.0,1349.54,30,944.678
6777,3960,1143,1,761.45,0.0,761.45,30,533.015
6778,3961,978,1,2725.86,27.36,2698.5,30,1908.102
6779,3962,802,3,2548.8,608.98,7037.42,30,1784.16
6780,3963,1424,1,63487.87,9032.23,54455.64,20,50790.296
6781,3964,952,1,28872.88,2060.62,26812.26,30,20211.016
6782,3964,689,1,41378.36,387.88,40990.48,10,37240.524000000005
6783,3964,529,1,2902.91,31.12,2871.79,10,2612.619
6784,3965,1545,1,82188.32,12072.64,70115.68,0,82188.32
6785,3965,1345,1,100402.53,8341.55,92060.98,10,90362.277
6786,3966,343,1,62248.1,0.0,62248.1,30,43573.67
6787,3966,1503,1,49950.6,0.0,49950.6,10,44955.54
6788,3967,885,1,51233.09,0.0,51233.09,10,46109.781
6789,3967,1292,1,848.45,0.0,848.45,0,848.45
6790,3968,1106,1,8946.99,339.09,8607.9,30,6262.892999999999
6791,3968,132,2,2548.46,490.71,4606.21,30,1783.922
6792,3968,1090,1,117469.55,5474.04,111995.51,30,82228.685
6793,3968,895,1,2219.6,204.71,2014.89,30,1553.7199999999998
6794,3969,409,1,1326.94,70.74,1256.2,20,1061.552
6795,3969,1247,1,90898.31,2113.82,88784.49,10,81808.479
6796,3969,777,1,1619.93,203.89,1416.04,0,1619.93
6797,3970,367,1,39011.03,1858.02,37153.01,30,27307.721
6798,3971,54,1,86418.7,5798.1,80620.6,30,60493.09
6799,3971,83,2,67349.49,930.75,133768.23,30,47144.643
6800,3972,715,1,114670.41,0.0,114670.41,10,103203.369
6801,3972,581,1,5438.01,0.0,5438.01,10,4894.209000000001
6802,3973,229,1,3924.91,565.29,3359.62,30,2747.437
6803,3973,1100,1,7209.62,500.06,6709.56,30,5046.734
6804,3974,985,1,3261.61,0.0,3261.61,0,3261.61
6805,3975,753,1,1238.31,83.78,1154.53,30,866.8169999999999
6806,3976,885,1,51233.09,1691.92,49541.17,30,35863.16299999999
6807,3976,896,1,1901.81,196.3,1705.51,20,1521.448
6808,3976,270,3,3203.45,63.91,9546.44,10,2883.105
6809,3977,269,1,130385.87,0.0,130385.87,0,130385.87
6810,3978,1062,3,29542.18,5287.9,83338.64,0,29542.18
6811,3979,507,1,55812.59,2190.72,53621.87,20,44650.072
6812,3980,853,1,2122.25,40.74,2081.51,30,1485.5749999999998
6813,3981,1192,1,70917.05,9740.92,61176.13,30,49641.935
6814,3981,1375,1,3435.74,440.15,2995.59,20,2748.592
6815,3981,574,1,2746.95,222.14,2524.81,0,2746.95
6816,3981,837,2,157966.42,15182.51,300750.33,20,126373.136
6817,3982,1476,1,52371.93,0.0,52371.93,30,36660.351
6818,3983,12,3,13993.18,6257.07,35722.47,10,12593.862
6819,3984,888,2,3404.87,191.91,6617.83,20,2723.896
6820,3985,435,1,1009.65,7.52,1002.13,10,908.685
6821,3986,1166,1,2881.52,0.0,2881.52,30,2017.064
6822,3986,1239,1,1812.2,0.0,1812.2,0,1812.2
6823,3987,829,2,5385.17,0.0,10770.34,10,4846.653
6824,3988,1412,1,4726.92,331.16,4395.76,30,3308.844
6825,3989,1240,1,636.21,0.0,636.21,0,636.21
6826,3990,55,3,38559.98,0.0,115679.94,0,38559.98
6827,3991,1095,1,2693.75,28.98,2664.77,20,2155.0
6828,3992,613,1,2400.73,325.65,2075.08,10,2160.657
6829,3993,494,1,2127.83,71.75,2056.08,30,1489.4809999999998
6830,3993,69,1,2387.51,253.38,2134.13,30,1671.257
6831,3994,127,3,2230.56,0.0,6691.68,20,1784.448
6832,3995,1265,1,753.76,7.6,746.16,30,527.632
6833,3995,1562,1,1492.59,171.01,1321.58,0,1492.59
6834,3996,873,1,1037.71,91.14,946.57,10,933.939
6835,3997,1464,1,11752.88,1160.77,10592.11,10,10577.592
6836,3998,289,1,2410.54,0.0,2410.54,20,1928.432
6837,3999,700,1,7717.28,308.52,7408.76,0,7717.28
6838,4000,545,1,470.77,0.0,470.77,10,423.693
6839,4001,1286,1,41910.79,0.0,41910.79,20,33528.632000000005
6840,4002,924,1,3898.29,568.01,3330.28,10,3508.461
6841,4002,815,1,30194.05,3773.54,26420.51,10,27174.645
6842,4003,396,1,2865.73,254.47,2611.26,10,2579.157
6843,4003,1398,2,2940.48,113.6,5767.36,0,2940.48
6844,4003,1542,2,1880.53,487.77,3273.29,0,1880.53
6845,4003,628,1,175107.4,15798.72,159308.68,20,140085.92
6846,4003,561,1,23226.57,2452.0,20774.57,20,18581.256
6847,4004,1450,1,2010.76,272.21,1738.55,30,1407.532
6848,4005,705,1,34487.91,2586.66,31901.25,30,24141.537
6849,4006,430,1,2897.39,214.42,2682.97,20,2317.912
6850,4006,808,1,124999.97,13218.81,111781.16,0,124999.97
6851,4006,1556,1,53821.39,1207.25,52614.14,30,37674.973
6852,4007,1588,1,3756.94,463.24,3293.7,30,2629.858
6853,4007,569,1,1937.28,38.25,1899.03,20,1549.824
6854,4008,1390,1,32277.62,0.0,32277.62,30,22594.334
6855,4009,1275,1,278.67,0.0,278.67,20,222.93600000000004
6856,4009,677,2,1113.35,0.0,2226.7,20,890.68
6857,4009,437,1,2583.87,0.0,2583.87,30,1808.709
6858,4009,1152,1,1784.61,0.0,1784.61,30,1249.227
6859,4010,1197,1,2785.23,98.74,2686.49,0,2785.23
6860,4011,1398,1,2940.48,196.7,2743.78,30,2058.336
6861,4012,1334,1,1811.5,0.0,1811.5,30,1268.05
6862,4012,48,1,29841.27,0.0,29841.27,0,29841.27
6863,4013,1066,1,25768.02,660.27,25107.75,0,25768.02
6864,4014,1235,1,553.98,9.35,544.63,0,553.98
6865,4015,1113,1,4930.52,0.0,4930.52,0,4930.52
6866,4016,1162,1,5062.81,681.8,4381.01,10,4556.529
6867,4017,936,1,30096.25,4024.69,26071.56,10,27086.625
6868,4018,859,1,1010.17,108.57,901.6,30,707.1189999999999
6869,4019,1564,1,87286.27,9403.34,77882.93,0,87286.27
6870,4020,833,1,3282.57,0.0,3282.57,30,2297.799
6871,4021,541,1,43654.41,110.07,43544.34,10,39288.969000000005
6872,4022,985,1,3261.61,0.0,3261.61,10,2935.449
6873,4023,1318,1,2903.92,110.35,2793.57,10,2613.528
6874,4023,849,1,44704.26,6404.02,38300.24,20,35763.408
6875,4024,428,2,13300.7,0.0,26601.4,20,10640.56
6876,4025,303,2,3839.35,131.6,7547.1,30,2687.545
6877,4026,665,1,2040.79,76.15,1964.64,20,1632.632
6878,4027,853,1,2122.25,0.0,2122.25,30,1485.5749999999998
6879,4028,1597,1,1676.63,0.0,1676.63,10,1508.967
6880,4028,577,1,44786.03,0.0,44786.03,30,31350.221
6881,4029,741,1,2631.03,73.71,2557.32,0,2631.03
6882,4030,862,1,68245.35,0.0,68245.35,0,68245.35
6883,4030,922,1,1939.57,0.0,1939.57,20,1551.656
6884,4030,375,1,1217.82,0.0,1217.82,10,1096.038
6885,4030,764,1,2664.12,0.0,2664.12,30,1864.884
6886,4031,771,1,2630.46,0.0,2630.46,20,2104.368
6887,4032,1248,1,1795.23,0.0,1795.23,0,1795.23
6888,4033,1204,1,122881.84,16324.2,106557.64,0,122881.84
6889,4034,189,1,2123.95,119.08,2004.87,30,1486.765
6890,4035,17,1,526.33,0.0,526.33,10,473.69700000000006
6891,4036,529,1,2902.91,400.29,2502.62,0,2902.91
6892,4037,14,1,2125.0,0.0,2125.0,20,1700.0
6893,4037,498,1,6323.41,0.0,6323.41,0,6323.41
6894,4037,961,1,89733.28,0.0,89733.28,20,71786.624
6895,4038,199,1,26074.89,179.57,25895.32,20,20859.912
6896,4039,1157,3,4990.11,131.93,14838.4,10,4491.099
6897,4039,189,1,2123.95,62.91,2061.04,10,1911.555
6898,4039,1443,1,39621.43,5509.04,34112.39,10,35659.287000000004
6899,4039,416,1,2498.44,152.98,2345.46,0,2498.44
6900,4039,162,1,1247.4,133.57,1113.83,20,997.92
6901,4040,1565,1,3314.16,331.98,2982.18,10,2982.744
6902,4041,369,1,124766.67,0.0,124766.67,0,124766.67
6903,4042,1578,2,6158.02,0.0,12316.04,30,4310.614
6904,4043,1579,1,2698.3,0.0,2698.3,0,2698.3
6905,4044,1368,1,2174.86,193.39,1981.47,20,1739.888
6906,4045,515,2,1652.18,110.44,3193.92,10,1486.962
6907,4046,1295,1,4110.18,515.66,3594.52,30,2877.126
6908,4047,748,1,1603.07,188.71,1414.36,0,1603.07
6909,4048,927,1,181542.75,13255.8,168286.95,10,163388.475
6910,4049,479,1,721.06,77.05,644.01,20,576.848
6911,4050,173,3,1351.37,0.0,4054.11,30,945.9589999999998
6912,4050,1489,1,877.0,0.0,877.0,0,877.0
6913,4050,1109,1,84890.72,0.0,84890.72,30,59423.50399999999
6914,4050,1082,1,3419.64,0.0,3419.64,10,3077.676
6915,4051,1009,1,3746.51,84.54,3661.97,0,3746.51
6916,4052,125,1,7109.25,530.46,6578.79,10,6398.325
6917,4052,390,1,48086.5,4013.33,44073.17,0,48086.5
6918,4052,870,1,2862.61,121.78,2740.83,20,2290.088
6919,4052,1004,1,2995.17,300.09,2695.08,20,2396.136
6920,4052,1407,1,43168.92,4105.28,39063.64,20,34535.136
6921,4053,1267,1,2049.76,289.82,1759.94,0,2049.76
6922,4054,1138,3,3203.49,225.25,9385.22,10,2883.141
6923,4054,1373,1,21018.4,374.16,20644.24,30,14712.88
6924,4054,479,1,721.06,34.61,686.45,0,721.06
6925,4055,1397,1,18699.32,0.0,18699.32,10,16829.388
6926,4055,1065,1,3958.62,0.0,3958.62,10,3562.758
6927,4056,1303,1,15195.95,19.08,15176.87,30,10637.165
6928,4057,1105,1,14005.91,0.0,14005.91,0,14005.91
6929,4057,297,1,10115.63,0.0,10115.63,0,10115.63
6930,4057,754,1,2211.94,0.0,2211.94,30,1548.358
6931,4058,552,1,2589.95,0.0,2589.95,10,2330.955
6932,4058,449,1,35199.45,0.0,35199.45,20,28159.56
6933,4059,257,2,3692.66,0.0,7385.32,10,3323.394
6934,4060,847,1,1450.17,116.66,1333.51,20,1160.1360000000002
6935,4060,904,1,1779.5,105.64,1673.86,10,1601.55
6936,4061,36,1,627.76,90.25,537.51,30,439.432
6937,4062,178,2,145568.91,36917.95,254219.87,0,145568.91
6938,4062,718,1,7664.54,999.83,6664.71,20,6131.6320000000005
6939,4062,344,1,1068.92,92.22,976.7,10,962.028
6940,4063,1569,1,109637.89,6632.84,103005.05,10,98674.101
6941,4064,189,1,2123.95,143.4,1980.55,30,1486.765
6942,4064,227,1,54300.88,2369.49,51931.39,30,38010.616
6943,4065,1503,1,49950.6,0.0,49950.6,10,44955.54
6944,4066,1057,1,1611.27,0.0,1611.27,0,1611.27
6945,4066,950,1,2629.74,0.0,2629.74,0,2629.74
6946,4066,1588,2,3756.94,0.0,7513.88,30,2629.858
6947,4067,161,1,1230.1,0.0,1230.1,0,1230.1
6948,4068,443,1,20303.01,2368.71,17934.3,10,18272.709
6949,4069,108,1,108060.7,11383.88,96676.82,10,97254.63
6950,4069,1532,1,52783.97,1105.15,51678.82,20,42227.17600000001
6951,4070,1249,1,2813.36,0.0,2813.36,10,2532.0240000000003
6952,4070,687,2,1968.64,0.0,3937.28,30,1378.048
6953,4071,836,1,2325.57,39.06,2286.51,20,1860.456
6954,4071,1368,2,2174.86,410.76,3938.96,30,1522.402
6955,4072,300,1,180650.08,0.0,180650.08,10,162585.072
6956,4073,583,1,129245.7,19274.1,109971.6,10,116321.13
6957,4074,973,1,30788.48,0.0,30788.48,10,27709.632
6958,4074,144,2,2699.16,0.0,5398.32,0,2699.16
6959,4074,928,1,2851.06,0.0,2851.06,20,2280.848
6960,4074,1556,2,53821.39,0.0,107642.78,20,43057.112
6961,4074,720,1,342.29,0.0,342.29,30,239.603
6962,4075,92,1,55734.91,2019.46,53715.45,0,55734.91
6963,4076,775,1,1623.11,112.75,1510.36,20,1298.488
6964,4077,1199,1,1211.39,11.42,1199.97,20,969.112
6965,4077,218,1,6415.67,259.53,6156.14,30,4490.969
6966,4077,18,1,219.13,29.36,189.77,10,197.217
6967,4077,436,1,147796.0,17439.71,130356.29,20,118236.8
6968,4077,121,1,250.81,0.56,250.25,20,200.648
6969,4078,1375,1,3435.74,198.7,3237.04,20,2748.592
6970,4078,282,1,2944.8,16.27,2928.53,20,2355.84
6971,4079,1561,1,2387.8,0.0,2387.8,10,2149.0200000000004
6972,4079,335,1,3243.97,0.0,3243.97,10,2919.573
6973,4079,1518,1,13829.56,0.0,13829.56,20,11063.648
6974,4080,1053,1,24845.69,1452.05,23393.64,10,22361.121
6975,4081,432,1,13694.16,0.0,13694.16,30,9585.911999999998
6976,4081,374,2,3079.52,0.0,6159.04,10,2771.568
6977,4081,338,1,991.94,0.0,991.94,30,694.358
6978,4082,651,2,82264.94,4916.6,159613.28,30,57585.458
6979,4083,1129,1,42340.3,0.0,42340.3,30,29638.21
6980,4083,954,1,9901.09,0.0,9901.09,10,8910.981
6981,4083,80,1,5102.56,0.0,5102.56,0,5102.56
6982,4083,1069,1,40522.57,0.0,40522.57,30,28365.799
6983,4083,762,3,1588.39,0.0,4765.17,20,1270.7120000000002
6984,4084,234,1,47459.41,0.0,47459.41,30,33221.587
6985,4084,225,1,1280.27,0.0,1280.27,30,896.189
6986,4085,1215,1,3634.8,212.92,3421.88,10,3271.32
6987,4086,525,1,2675.87,263.53,2412.34,20,2140.696
6988,4086,138,1,350.95,11.61,339.34,30,245.665
6989,4087,1501,2,31743.02,7152.57,56333.47,10,28568.718
6990,4087,159,1,332.72,18.79,313.93,20,266.17600000000004
6991,4087,48,1,29841.27,2030.93,27810.34,10,26857.143
6992,4087,163,1,44768.27,310.56,44457.71,30,31337.789
6993,4087,668,1,734.86,9.5,725.36,0,734.86
6994,4088,635,1,3970.58,22.12,3948.46,10,3573.522
6995,4089,1200,1,2190.69,215.34,1975.35,0,2190.69
6996,4090,1446,1,9412.43,467.7,8944.73,0,9412.43
6997,4091,1040,3,7278.08,3124.06,18710.18,20,5822.464
6998,4092,957,3,20246.89,0.0,60740.67,0,20246.89
6999,4093,197,1,4870.47,0.0,4870.47,10,4383.423000000001
7000,4093,219,2,4417.46,0.0,8834.92,10,3975.714
7001,4094,1387,1,859.88,97.23,762.65,20,687.904
7002,4095,930,1,225.23,17.45,207.78,20,180.184
7003,4096,1262,1,643.39,0.0,643.39,0,643.39
7004,4097,674,1,2535.97,348.67,2187.3,30,1775.179
7005,4098,43,1,6086.88,594.58,5492.3,10,5478.192
7006,4098,3,1,11616.64,205.94,11410.7,20,9293.312
7007,4099,872,1,369.78,5.75,364.03,0,369.78
7008,4099,1329,1,2430.96,85.33,2345.63,30,1701.672
7009,4099,1401,1,3069.45,357.56,2711.89,30,2148.615
7010,4099,1347,3,1641.29,552.65,4371.22,30,1148.9029999999998
7011,4100,1029,1,4067.39,0.0,4067.39,0,4067.39
7012,4101,1026,1,16347.09,1943.96,14403.13,20,13077.672
7013,4101,688,1,8747.72,256.56,8491.16,10,7872.947999999999
7014,4101,69,1,2387.51,318.34,2069.17,10,2148.7590000000005
7015,4101,1161,1,165567.2,15672.7,149894.5,30,115897.04
7016,4102,1198,1,2934.15,138.64,2795.51,30,2053.905
7017,4102,1384,1,2175.55,29.98,2145.57,20,1740.4400000000005
7018,4102,1583,1,1683.61,227.44,1456.17,30,1178.5269999999998
7019,4103,955,1,3121.71,172.61,2949.1,0,3121.71
7020,4104,1119,1,7175.29,0.0,7175.29,10,6457.761
7021,4105,1222,1,5286.96,0.0,5286.96,30,3700.872
7022,4105,1511,1,26635.3,0.0,26635.3,20,21308.24
7023,4106,828,1,957.7,0.0,957.7,20,766.1600000000001
7024,4106,358,1,1436.42,0.0,1436.42,0,1436.42
7025,4107,523,1,53515.35,1502.62,52012.73,20,42812.28
7026,4107,913,1,1299.34,144.36,1154.98,10,1169.406
7027,4108,1231,1,2323.31,0.0,2323.31,20,1858.648
7028,4108,1005,1,5455.75,0.0,5455.75,10,4910.175
7029,4109,1325,1,33748.2,0.0,33748.2,20,26998.56
7030,4110,1559,1,2127.33,249.79,1877.54,30,1489.131
7031,4110,1319,1,143495.9,14716.06,128779.84,10,129146.31
7032,4110,583,3,129245.7,23817.77,363919.33,20,103396.56
7033,4110,363,1,3377.19,475.54,2901.65,0,3377.19
7034,4111,185,1,987.57,122.72,864.85,20,790.056
7035,4112,498,1,6323.41,0.0,6323.41,10,5691.069
7036,4113,990,1,79255.34,0.0,79255.34,20,63404.272
7037,4114,973,1,30788.48,2457.07,28331.41,20,24630.784
7038,4114,1441,3,119515.93,45579.86,312967.93,20,95612.744
7039,4115,1326,1,1936.13,40.61,1895.52,20,1548.9040000000002
7040,4115,50,1,7178.02,659.68,6518.34,30,5024.614
7041,4116,874,1,331.29,6.18,325.11,0,331.29
7042,4116,979,1,4138.39,371.76,3766.63,20,3310.7120000000004
7043,4117,1177,1,1318.54,51.6,1266.94,20,1054.832
7044,4118,1365,1,75380.11,0.0,75380.11,0,75380.11
7045,4118,520,1,4941.54,0.0,4941.54,20,3953.232
7046,4119,1243,1,2783.2,0.0,2783.2,30,1948.24
7047,4120,747,2,8474.0,1901.6,15046.4,30,5931.799999999999
7048,4121,86,1,3175.74,0.0,3175.74,30,2223.018
7049,4121,529,1,2902.91,0.0,2902.91,20,2322.328
7050,4121,427,1,51715.55,0.0,51715.55,30,36200.885
7051,4121,587,1,108314.66,0.0,108314.66,20,86651.728
7052,4121,1296,1,1446.41,0.0,1446.41,0,1446.41
7053,4122,977,1,1685.73,105.13,1580.6,0,1685.73
7054,4123,1302,1,52798.3,0.0,52798.3,0,52798.3
7055,4124,88,1,1758.72,39.84,1718.88,10,1582.848
7056,4125,344,1,1068.92,57.75,1011.17,10,962.028
7057,4126,1568,2,113591.21,0.0,227182.42,0,113591.21
7058,4126,828,1,957.7,0.0,957.7,0,957.7
7059,4127,1418,1,4295.24,623.39,3671.85,10,3865.716
7060,4128,552,1,2589.95,211.62,2378.33,10,2330.955
7061,4129,25,1,6849.54,905.91,5943.63,20,5479.6320000000005
7062,4130,1194,1,1471.98,120.64,1351.34,0,1471.98
7063,4130,1559,2,2127.33,369.69,3884.97,20,1701.864
7064,4130,32,1,37169.45,94.56,37074.89,20,29735.56
7065,4130,565,1,823.08,120.98,702.1,20,658.464
7066,4130,56,1,174294.31,16246.18,158048.13,30,122006.017
7067,4131,272,1,8822.9,1291.4,7531.5,0,8822.9
7068,4131,1317,2,2594.28,670.1,4518.46,0,2594.28
7069,4132,128,1,2134.53,87.97,2046.56,0,2134.53
7070,4132,148,1,60801.41,3570.59,57230.82,30,42560.987
7071,4133,757,1,2559.79,0.0,2559.79,0,2559.79
7072,4134,1479,1,948.68,47.77,900.91,10,853.812
7073,4135,932,1,66425.97,4011.7,62414.27,10,59783.373
7074,4136,129,1,879.21,128.11,751.1,20,703.368
7075,4137,935,1,1851.82,0.0,1851.82,20,1481.456
7076,4138,1292,1,848.45,78.74,769.71,10,763.605
7077,4139,1043,2,1164.22,0.0,2328.44,30,814.954
7078,4139,1321,2,10565.62,0.0,21131.24,0,10565.62
7079,4139,185,2,987.57,0.0,1975.14,0,987.57
7080,4139,64,1,27489.86,0.0,27489.86,20,21991.888000000003
7081,4139,1341,1,36074.93,0.0,36074.93,10,32467.437
7082,4140,148,1,60801.41,0.0,60801.41,30,42560.987
7083,4141,238,1,1757.87,79.05,1678.82,10,1582.083
7084,4142,12,1,13993.18,0.0,13993.18,10,12593.862
7085,4143,1224,1,3160.05,0.0,3160.05,20,2528.0400000000004
7086,4144,1328,1,2127.08,60.94,2066.14,30,1488.956
7087,4145,1415,2,36353.29,4127.94,68578.64,30,25447.303
7088,4145,817,3,2091.51,249.59,6024.94,0,2091.51
7089,4146,476,1,76487.54,9461.03,67026.51,0,76487.54
7090,4147,617,1,3079.68,0.0,3079.68,10,2771.712
7091,4147,487,1,30451.12,0.0,30451.12,20,24360.896
7092,4148,1371,1,316.58,17.12,299.46,0,316.58
7093,4148,979,1,4138.39,511.9,3626.49,10,3724.551
7094,4149,810,1,26333.87,0.0,26333.87,10,23700.483
7095,4149,196,1,61624.8,0.0,61624.8,0,61624.8
7096,4150,1342,1,2246.14,201.43,2044.71,0,2246.14
7097,4151,1210,2,769.6,0.0,1539.2,0,769.6
7098,4151,356,1,5467.85,0.0,5467.85,30,3827.495
7099,4151,192,1,32254.74,0.0,32254.74,30,22578.318
7100,4151,1142,2,99.91,0.0,199.82,0,99.91
7101,4151,1224,1,3160.05,0.0,3160.05,30,2212.035
7102,4152,636,1,915.13,122.39,792.74,10,823.617
7103,4152,185,3,987.57,263.85,2698.86,20,790.056
7104,4153,1013,3,2832.66,645.19,7852.79,20,2266.128
7105,4154,47,1,4499.83,178.69,4321.14,20,3599.864
7106,4154,518,3,2482.37,272.3,7174.81,0,2482.37
7107,4154,1191,1,37568.14,4570.47,32997.67,10,33811.326
7108,4154,1401,1,3069.45,437.41,2632.04,30,2148.615
7109,4154,1192,1,70917.05,10495.47,60421.58,0,70917.05
7110,4155,1177,1,1318.54,0.0,1318.54,20,1054.832
7111,4155,878,1,26128.07,0.0,26128.07,0,26128.07
7112,4155,229,1,3924.91,0.0,3924.91,20,3139.928
7113,4155,1160,1,3385.71,0.0,3385.71,0,3385.71
7114,4156,295,1,2098.64,212.09,1886.55,10,1888.776
7115,4157,210,1,1699.58,96.51,1603.07,10,1529.622
7116,4158,682,1,1436.09,0.0,1436.09,10,1292.481
7117,4158,1517,1,3093.55,0.0,3093.55,10,2784.195
7118,4159,1370,1,62115.24,4456.64,57658.6,10,55903.716
7119,4160,787,1,2387.75,0.0,2387.75,0,2387.75
7120,4161,549,1,36173.12,0.0,36173.12,0,36173.12
7121,4161,1459,1,3227.95,0.0,3227.95,20,2582.36
7122,4162,576,2,152207.42,33235.1,271179.74,20,121765.93600000002
7123,4163,1272,1,126747.72,16176.66,110571.06,30,88723.404
7124,4163,1102,1,124939.04,5789.99,119149.05,20,99951.232
7125,4164,1411,1,114539.75,15531.57,99008.18,0,114539.75
7126,4164,194,1,2698.45,49.3,2649.15,10,2428.605
7127,4165,1060,1,2050.27,0.0,2050.27,0,2050.27
7128,4166,393,1,28510.23,2948.09,25562.14,0,28510.23
7129,4167,695,1,887.94,0.0,887.94,10,799.1460000000001
7130,4168,641,1,1430.27,158.1,1272.17,10,1287.243
7131,4168,1399,2,626.11,28.42,1223.8,20,500.888
7132,4169,1561,3,2387.8,0.0,7163.4,10,2149.0200000000004
7133,4170,355,1,2452.28,337.61,2114.67,30,1716.596
7134,4170,1437,2,889.31,99.2,1679.42,30,622.5169999999999
7135,4170,1098,2,48652.71,14131.11,83174.31,10,43787.439
7136,4170,83,1,67349.49,870.31,66479.18,0,67349.49
7137,4170,1339,2,21281.34,1385.54,41177.14,10,19153.206
7138,4171,233,2,2640.21,237.6,5042.82,20,2112.168
7139,4172,371,1,8486.38,876.28,7610.1,20,6789.103999999999
7140,4172,727,2,12540.84,2682.27,22399.41,30,8778.588
7141,4172,1022,1,7813.98,128.42,7685.56,30,5469.785999999999
7142,4172,1522,1,1156.68,15.92,1140.76,20,925.344
7143,4172,519,1,35380.31,903.67,34476.64,20,28304.248
7144,4173,548,1,1506.84,99.65,1407.19,20,1205.472
7145,4174,1569,1,109637.89,7229.39,102408.5,30,76746.523
7146,4174,519,1,35380.31,764.57,34615.74,30,24766.217
7147,4175,476,1,76487.54,5256.97,71230.57,0,76487.54
7148,4176,967,1,87744.71,0.0,87744.71,0,87744.71
7149,4177,766,1,77346.82,0.0,77346.82,30,54142.774000000005
7150,4177,556,1,959.6,0.0,959.6,20,767.6800000000001
7151,4177,815,1,30194.05,0.0,30194.05,20,24155.24
7152,4177,1463,1,77244.61,0.0,77244.61,20,61795.688
7153,4178,18,2,219.13,0.0,438.26,10,197.217
7154,4179,907,1,1423.0,5.14,1417.86,20,1138.4
7155,4180,585,1,1310.79,130.36,1180.43,10,1179.711
7156,4181,1233,1,3456.57,190.94,3265.63,30,2419.599
7157,4182,478,1,108976.92,0.0,108976.92,20,87181.53600000001
7158,4183,47,1,4499.83,73.99,4425.84,10,4049.847
7159,4183,935,1,1851.82,60.26,1791.56,30,1296.274
7160,4183,1247,1,90898.31,5380.56,85517.75,10,81808.479
7161,4184,103,2,3868.11,0.0,7736.22,30,2707.677
7162,4184,840,1,162782.38,0.0,162782.38,0,162782.38
7163,4185,823,1,24569.14,0.0,24569.14,20,19655.312
7164,4186,882,3,151.22,0.0,453.66,30,105.854
7165,4187,533,1,32637.56,4696.53,27941.03,10,29373.804
7166,4188,1324,1,70919.44,0.0,70919.44,20,56735.552
7167,4188,536,1,2418.45,0.0,2418.45,0,2418.45
7168,4188,710,3,32724.34,0.0,98173.02,10,29451.906
7169,4188,332,1,1578.22,0.0,1578.22,30,1104.754
7170,4189,1166,1,2881.52,0.0,2881.52,10,2593.368
7171,4190,823,1,24569.14,0.0,24569.14,30,17198.397999999997
7172,4191,867,1,26390.91,993.86,25397.05,30,18473.637
7173,4192,1364,1,23422.89,0.0,23422.89,20,18738.312
7174,4192,545,1,470.77,0.0,470.77,30,329.539
7175,4193,883,1,5242.7,180.8,5061.9,0,5242.7
7176,4194,510,1,2532.26,0.0,2532.26,10,2279.034
7177,4195,1275,3,278.67,87.26,748.75,30,195.069
7178,4196,376,1,1921.2,262.21,1658.99,30,1344.84
7179,4197,23,2,2254.98,282.18,4227.78,20,1803.984
7180,4198,624,1,2799.12,201.4,2597.72,10,2519.208
7181,4199,1176,2,70122.26,0.0,140244.52,30,49085.582
7182,4199,735,3,70211.49,0.0,210634.47,20,56169.19200000001
7183,4200,1213,1,56227.35,852.42,55374.93,30,39359.145
7184,4201,1504,1,1103.31,30.43,1072.88,10,992.979
7185,4202,301,1,3075.11,248.72,2826.39,0,3075.11
7186,4203,716,1,710.73,0.0,710.73,20,568.5840000000001
7187,4204,1190,1,2241.66,0.0,2241.66,0,2241.66
7188,4204,1308,1,1123.17,0.0,1123.17,30,786.219
7189,4205,943,1,1254.75,116.55,1138.2,10,1129.275
7190,4206,443,1,20303.01,3.1,20299.91,10,18272.709
7191,4207,636,1,915.13,63.23,851.9,0,915.13
7192,4208,439,1,1595.52,38.47,1557.05,20,1276.4160000000002
7193,4209,358,1,1436.42,41.91,1394.51,10,1292.778
7194,4210,751,2,808.3,20.24,1596.36,0,808.3
7195,4211,1094,1,24047.77,1551.57,22496.2,30,16833.439
7196,4212,163,1,44768.27,5994.11,38774.16,10,40291.443
7197,4212,1550,2,1412.93,117.9,2707.96,0,1412.93
7198,4213,892,1,1931.15,218.43,1712.72,10,1738.035
7199,4213,1149,1,99668.46,1225.49,98442.97,0,99668.46
7200,4213,650,2,17350.56,3810.1,30891.02,0,17350.56
7201,4213,1576,1,2033.33,277.55,1755.78,10,1829.997
7202,4213,1449,3,1798.6,94.57,5301.23,10,1618.74
7203,4214,67,1,5611.24,0.0,5611.24,10,5050.116
7204,4215,626,1,2262.96,74.22,2188.74,30,1584.072
7205,4216,650,2,17350.56,0.0,34701.12,20,13880.448000000002
7206,4217,1565,1,3314.16,337.29,2976.87,30,2319.912
7207,4218,97,1,286.42,23.39,263.03,10,257.778
7208,4219,1007,1,7088.49,0.0,7088.49,10,6379.641
7209,4219,228,1,1579.03,0.0,1579.03,30,1105.321
7210,4219,550,1,2021.43,0.0,2021.43,20,1617.1440000000002
7211,4219,1355,1,7004.87,0.0,7004.87,20,5603.896000000001
7212,4220,1263,1,5431.26,0.0,5431.26,0,5431.26
7213,4221,550,1,2021.43,0.0,2021.43,0,2021.43
7214,4222,582,1,5287.79,643.69,4644.1,0,5287.79
7215,4222,906,1,52750.88,6589.61,46161.27,10,47475.792
7216,4223,65,2,1669.44,0.0,3338.88,10,1502.496
7217,4224,1176,1,70122.26,5578.4,64543.86,10,63110.034
7218,4224,694,1,16383.26,1827.7,14555.56,0,16383.26
7219,4224,1431,1,949.29,92.28,857.01,10,854.361
7220,4224,9,2,36017.37,646.71,71388.03,30,25212.159
7221,4225,1390,2,32277.62,4327.83,60227.41,20,25822.096
7222,4225,58,3,2642.32,1010.71,6916.25,20,2113.856
7223,4225,646,2,1812.4,51.17,3573.63,10,1631.16
7224,4226,747,2,8474.0,91.82,16856.18,20,6779.200000000001
7225,4227,1383,1,1971.98,52.14,1919.84,30,1380.386
7226,4228,1006,1,2865.1,32.25,2832.85,20,2292.08
7227,4228,766,1,77346.82,668.13,76678.69,10,69612.138
7228,4228,1094,1,24047.77,2045.94,22001.83,20,19238.216
7229,4228,856,2,86092.17,5141.28,167043.06,10,77482.953
7230,4229,700,1,7717.28,414.11,7303.17,10,6945.552
7231,4230,459,1,2056.03,292.11,1763.92,10,1850.427
7232,4231,752,1,9440.91,49.81,9391.1,0,9440.91
7233,4231,414,1,6207.38,443.83,5763.55,10,5586.642
7234,4232,833,3,3282.57,0.0,9847.71,10,2954.313
7235,4232,387,1,538.52,0.0,538.52,10,484.668
7236,4232,227,1,54300.88,0.0,54300.88,20,43440.704
7237,4232,777,1,1619.93,0.0,1619.93,20,1295.9440000000002
7238,4232,1310,1,35413.03,0.0,35413.03,20,28330.424
7239,4233,1269,1,2326.75,0.0,2326.75,20,1861.4
7240,4234,1241,1,1430.84,62.8,1368.04,30,1001.588
7241,4235,283,1,4572.45,505.13,4067.32,0,4572.45
7242,4236,228,1,1579.03,0.0,1579.03,30,1105.321
7243,4237,1201,1,74263.81,3477.07,70786.74,0,74263.81
7244,4238,253,1,13060.79,0.0,13060.79,20,10448.632
7245,4239,967,1,87744.71,0.0,87744.71,0,87744.71
7246,4239,708,1,71148.88,0.0,71148.88,10,64033.992000000006
7247,4240,219,1,4417.46,200.7,4216.76,30,3092.222
7248,4241,811,1,1385.81,40.18,1345.63,10,1247.229
7249,4242,656,1,1650.33,150.4,1499.93,30,1155.2309999999998
7250,4243,865,1,22469.84,0.0,22469.84,0,22469.84
7251,4244,166,1,26144.85,0.0,26144.85,30,18301.395
7252,4245,1023,1,36297.55,3651.73,32645.82,20,29038.040000000005
7253,4246,902,1,4514.4,142.5,4371.9,10,4062.96
7254,4247,599,1,119654.07,1891.55,117762.52,30,83757.849
7255,4248,1430,1,1397.61,0.0,1397.61,20,1118.088
7256,4248,1346,1,3515.07,0.0,3515.07,0,3515.07
7257,4249,1475,1,57952.35,0.0,57952.35,0,57952.35
7258,4249,18,1,219.13,0.0,219.13,0,219.13
7259,4249,56,1,174294.31,0.0,174294.31,10,156864.87900000002
7260,4249,656,1,1650.33,0.0,1650.33,30,1155.2309999999998
7261,4250,892,1,1931.15,0.0,1931.15,30,1351.805
7262,4251,288,1,6762.4,749.95,6012.45,30,4733.679999999999
7263,4252,1433,1,5322.5,435.37,4887.13,20,4258.0
7264,4252,1198,1,2934.15,350.75,2583.4,10,2640.735
7265,4253,416,1,2498.44,136.52,2361.92,0,2498.44
7266,4254,184,1,392.62,25.66,366.96,10,353.358
7267,4255,1114,1,1971.55,0.0,1971.55,0,1971.55
7268,4256,1108,1,145328.64,9531.44,135797.2,30,101730.048
7269,4257,471,1,1279.56,38.39,1241.17,20,1023.648
7270,4257,1152,1,1784.61,229.17,1555.44,0,1784.61
7271,4257,162,1,1247.4,93.1,1154.3,30,873.1800000000001
7272,4257,1379,1,78359.54,1180.13,77179.41,30,54851.67799999999
7273,4258,881,1,3117.76,273.43,2844.33,30,2182.432
7274,4259,671,3,24780.62,1321.43,73020.43,30,17346.433999999997
7275,4259,450,2,162867.91,11352.27,314383.55,10,146581.119
7276,4260,506,1,1834.39,16.0,1818.39,20,1467.5120000000002
7277,4261,1005,1,5455.75,499.71,4956.04,20,4364.6
7278,4262,1024,1,2654.56,0.0,2654.56,0,2654.56
7279,4263,777,1,1619.93,134.47,1485.46,30,1133.951
7280,4264,668,1,734.86,0.0,734.86,30,514.4019999999999
7281,4264,517,1,2456.82,0.0,2456.82,30,1719.774
7282,4264,899,2,401.48,0.0,802.96,20,321.184
7283,4264,1034,1,32492.4,0.0,32492.4,0,32492.4
7284,4264,1187,3,175626.18,0.0,526878.54,30,122938.326
7285,4265,679,1,3603.31,0.0,3603.31,10,3242.979
7286,4266,1461,1,33088.65,1911.47,31177.18,20,26470.92
7287,4267,96,1,2121.52,0.0,2121.52,10,1909.368
7288,4268,1040,2,7278.08,0.0,14556.16,0,7278.08
7289,4269,570,2,21654.56,18.34,43290.78,20,17323.648
7290,4270,1127,1,4770.92,137.63,4633.29,10,4293.828
7291,4271,867,2,26390.91,0.0,52781.82,20,21112.728000000003
7292,4271,264,1,1134.64,0.0,1134.64,10,1021.1760000000002
7293,4271,1521,1,2652.67,0.0,2652.67,10,2387.403
7294,4271,763,1,3187.33,0.0,3187.33,30,2231.131
7295,4272,898,1,4375.33,0.0,4375.33,20,3500.264
7296,4272,1475,1,57952.35,0.0,57952.35,20,46361.880000000005
7297,4272,749,1,5523.77,0.0,5523.77,20,4419.0160000000005
7298,4272,605,1,3237.95,0.0,3237.95,20,2590.36
7299,4272,1383,1,1971.98,0.0,1971.98,0,1971.98
7300,4273,1190,1,2241.66,0.0,2241.66,10,2017.494
7301,4274,699,1,3048.78,32.09,3016.69,30,2134.146
7302,4275,1156,1,96292.57,0.0,96292.57,0,96292.57
7303,4275,1136,1,11889.97,0.0,11889.97,30,8322.979
7304,4275,392,1,3400.93,0.0,3400.93,20,2720.744
7305,4275,653,1,818.29,0.0,818.29,20,654.6320000000001
7306,4276,817,1,2091.51,0.0,2091.51,30,1464.057
7307,4277,642,1,42255.27,490.07,41765.2,20,33804.216
7308,4278,93,1,26807.56,0.0,26807.56,20,21446.048000000003
7309,4279,90,1,664.2,80.94,583.26,30,464.94
7310,4279,705,1,34487.91,4964.32,29523.59,10,31039.119
7311,4279,1373,1,21018.4,1397.76,19620.64,20,16814.72
7312,4280,1262,1,643.39,0.0,643.39,30,450.37299999999993
7313,4281,740,1,4537.97,24.22,4513.75,20,3630.376
7314,4281,396,2,2865.73,724.15,5007.31,0,2865.73
7315,4281,1318,1,2903.92,53.69,2850.23,20,2323.136
7316,4282,519,1,35380.31,2042.11,33338.2,20,28304.248
7317,4282,352,1,93433.5,4878.17,88555.33,10,84090.15000000001
7318,4282,1254,2,93864.59,3064.12,184665.06,20,75091.672
7319,4282,241,3,1647.81,382.37,4561.06,20,1318.248
7320,4283,1262,1,643.39,0.0,643.39,0,643.39
7321,4284,1048,1,71604.88,0.0,71604.88,20,57283.90400000001
7322,4285,691,2,1776.03,518.16,3033.9,30,1243.221
7323,4286,640,1,3083.27,34.34,3048.93,0,3083.27
7324,4287,1537,1,5378.14,307.28,5070.86,0,5378.14
7325,4288,1400,1,92951.15,11435.64,81515.51,20,74360.92
7326,4288,324,1,112608.37,13983.67,98624.7,20,90086.696
7327,4289,916,1,433.67,0.0,433.67,30,303.569
7328,4289,1551,1,2108.02,0.0,2108.02,0,2108.02
7329,4290,343,1,62248.1,8550.06,53698.04,20,49798.48
7330,4290,1440,1,357.51,46.81,310.7,20,286.008
7331,4290,95,1,24006.46,254.7,23751.76,20,19205.168
7332,4290,708,1,71148.88,9991.47,61157.41,10,64033.992000000006
7333,4291,678,1,2482.88,359.57,2123.31,10,2234.592
7334,4292,79,2,37609.6,0.0,75219.2,30,26326.72
7335,4293,1057,2,1611.27,38.08,3184.46,30,1127.889
7336,4293,268,1,112481.7,200.65,112281.05,20,89985.36
7337,4293,450,1,162867.91,19112.98,143754.93,10,146581.119
7338,4293,811,1,1385.81,146.79,1239.02,0,1385.81
7339,4294,288,1,6762.4,0.0,6762.4,30,4733.679999999999
7340,4295,1387,1,859.88,31.23,828.65,0,859.88
7341,4296,1387,1,859.88,74.13,785.75,0,859.88
7342,4297,628,1,175107.4,2002.37,173105.03,0,175107.4
7343,4298,715,1,114670.41,7149.84,107520.57,30,80269.287
7344,4299,929,1,30089.57,3360.34,26729.23,0,30089.57
7345,4299,534,1,1012.79,22.63,990.16,10,911.511
7346,4300,723,1,161396.12,16568.65,144827.47,20,129116.896
7347,4301,760,1,3059.27,373.27,2686.0,20,2447.416
7348,4301,630,3,646.69,177.26,1762.81,10,582.0210000000001
7349,4301,136,1,646.44,68.04,578.4,20,517.152
7350,4301,572,1,2920.51,305.9,2614.61,20,2336.4080000000004
7351,4301,391,2,134.99,6.22,263.76,20,107.99200000000002
7352,4302,512,1,741.25,62.08,679.17,20,593.0
7353,4303,484,2,3780.52,379.13,7181.91,30,2646.364
7354,4304,254,1,1161.26,0.0,1161.26,30,812.882
7355,4305,139,1,1485.23,0.0,1485.23,10,1336.707
7356,4306,1394,2,2331.14,533.83,4128.45,20,1864.912
7357,4306,160,2,589.97,54.65,1125.29,10,530.9730000000001
7358,4306,1246,1,1880.46,129.14,1751.32,10,1692.414
7359,4307,416,1,2498.44,273.61,2224.83,0,2498.44
7360,4308,1257,1,518.04,10.98,507.06,10,466.236
7361,4309,531,2,58790.28,12012.91,105567.65,0,58790.28
7362,4309,1310,1,35413.03,306.61,35106.42,0,35413.03
7363,4310,412,1,5380.91,263.88,5117.03,20,4304.728
7364,4311,940,1,35187.89,3054.76,32133.13,10,31669.101
7365,4312,265,2,1326.78,0.0,2653.56,20,1061.424
7366,4312,1065,2,3958.62,0.0,7917.24,20,3166.896
7367,4312,840,1,162782.38,0.0,162782.38,30,113947.666
7368,4313,714,1,2767.25,244.31,2522.94,10,2490.525
7369,4314,960,1,1955.05,0.0,1955.05,10,1759.545
7370,4315,700,1,7717.28,1148.76,6568.52,10,6945.552
7371,4316,474,1,2113.22,66.35,2046.87,30,1479.2539999999997
7372,4317,611,1,19135.21,0.0,19135.21,20,15308.168
7373,4317,1446,1,9412.43,0.0,9412.43,10,8471.187
7374,4317,1221,1,979.8,0.0,979.8,20,783.84
7375,4317,1186,1,2233.01,0.0,2233.01,20,1786.4080000000004
7376,4318,5,1,331.76,46.8,284.96,30,232.232
7377,4319,1524,1,4935.26,575.96,4359.3,0,4935.26
7378,4320,1095,1,2693.75,0.0,2693.75,0,2693.75
7379,4321,1248,1,1795.23,161.24,1633.99,10,1615.707
7380,4322,330,1,4170.82,168.89,4001.93,20,3336.656
7381,4323,479,1,721.06,17.24,703.82,30,504.7419999999999
7382,4324,434,1,3512.59,121.44,3391.15,0,3512.59
7383,4325,313,1,4982.63,731.02,4251.61,0,4982.63
7384,4326,235,1,1536.81,40.17,1496.64,10,1383.129
7385,4327,1146,1,1018.85,151.76,867.09,10,916.965
7386,4328,331,1,24483.71,493.41,23990.3,20,19586.968
7387,4328,673,1,94567.66,7546.56,87021.1,30,66197.362
7388,4328,591,1,1912.99,110.29,1802.7,10,1721.691
7389,4328,229,1,3924.91,118.79,3806.12,20,3139.928
7390,4328,1289,2,84561.66,4352.14,164771.18,10,76105.494
7391,4329,1001,1,47120.94,6597.52,40523.42,10,42408.846000000005
7392,4330,45,1,5292.4,0.0,5292.4,20,4233.92
7393,4331,1401,2,3069.45,0.0,6138.9,10,2762.505
7394,4332,858,1,1887.65,0.0,1887.65,30,1321.355
7395,4333,1054,1,1342.53,0.0,1342.53,30,939.771
7396,4334,178,2,145568.91,0.0,291137.82,0,145568.91
7397,4334,1268,3,30703.2,0.0,92109.6,10,27632.88
7398,4334,1470,1,1649.73,0.0,1649.73,20,1319.784
7399,4335,132,1,2548.46,0.0,2548.46,0,2548.46
7400,4335,1000,1,116356.97,0.0,116356.97,20,93085.576
7401,4335,41,1,990.24,0.0,990.24,20,792.192
7402,4335,1151,1,41119.53,0.0,41119.53,10,37007.577
7403,4336,897,1,1844.43,244.01,1600.42,30,1291.101
7404,4337,450,1,162867.91,15394.11,147473.8,20,130294.328
7405,4337,743,1,2269.05,334.59,1934.46,0,2269.05
7406,4338,224,1,1977.53,11.47,1966.06,0,1977.53
7407,4339,1544,1,5232.67,653.76,4578.91,0,5232.67
7408,4339,1325,1,33748.2,407.4,33340.8,10,30373.38
7409,4340,1359,1,2874.86,0.22,2874.64,0,2874.86
7410,4341,773,1,1553.01,0.0,1553.01,10,1397.709
7411,4342,677,2,1113.35,246.29,1980.41,10,1002.015
7412,4343,228,1,1579.03,0.0,1579.03,30,1105.321
7413,4343,389,1,1198.04,0.0,1198.04,30,838.6279999999999
7414,4343,857,1,119370.94,0.0,119370.94,20,95496.752
7415,4344,1242,1,120746.52,2104.27,118642.25,10,108671.868
7416,4345,482,1,7050.68,62.33,6988.35,20,5640.544000000001
7417,4346,896,1,1901.81,95.61,1806.2,10,1711.629
7418,4346,1043,1,1164.22,75.03,1089.19,30,814.954
7419,4347,1198,1,2934.15,0.0,2934.15,10,2640.735
7420,4348,1061,2,182372.8,15479.75,349265.85,10,164135.52
7421,4349,1348,1,3802.67,0.0,3802.67,0,3802.67
7422,4350,208,1,7944.3,538.35,7405.95,0,7944.3
7423,4351,707,1,2710.38,350.01,2360.37,30,1897.266
7424,4352,438,1,4222.79,23.59,4199.2,0,4222.79
7425,4352,1551,1,2108.02,38.53,2069.49,10,1897.218
7426,4352,1143,1,761.45,3.03,758.42,10,685.3050000000001
7427,4352,51,1,467.19,21.68,445.51,20,373.752
7428,4353,1042,1,90516.75,8590.78,81925.97,30,63361.725
7429,4353,1481,2,22590.89,246.32,44935.46,10,20331.801
7430,4354,415,2,663.18,23.05,1303.31,20,530.544
7431,4354,649,1,975.94,25.18,950.76,10,878.3460000000001
7432,4355,776,1,1435.82,11.23,1424.59,30,1005.0739999999998
7433,4355,951,1,909.66,50.24,859.42,30,636.762
7434,4356,143,1,2617.21,0.0,2617.21,30,1832.047
7435,4357,411,1,2910.53,0.0,2910.53,20,2328.4240000000004
7436,4358,126,1,1983.21,268.69,1714.52,20,1586.5680000000002
7437,4358,508,1,93055.46,10610.24,82445.22,10,83749.914
7438,4358,1225,1,100562.21,8632.62,91929.59,10,90505.989
7439,4358,1045,1,3767.71,200.93,3566.78,20,3014.168
7440,4358,129,2,879.21,176.9,1581.52,0,879.21
7441,4359,980,1,1563.36,0.0,1563.36,10,1407.024
7442,4360,104,1,1053.46,104.09,949.37,10,948.114
7443,4361,242,1,1239.27,181.72,1057.55,10,1115.343
7444,4362,1452,2,71498.52,16394.27,126602.77,0,71498.52
7445,4362,984,1,79210.58,9045.12,70165.46,30,55447.406
7446,4363,325,1,1424.65,6.23,1418.42,0,1424.65
7447,4364,757,1,2559.79,84.66,2475.13,20,2047.832
7448,4365,1545,1,82188.32,0.0,82188.32,10,73969.48800000001
7449,4366,258,1,1648.24,225.73,1422.51,10,1483.416
7450,4366,1381,1,41371.29,274.79,41096.5,20,33097.032
7451,4366,805,2,1899.4,100.18,3698.62,0,1899.4
7452,4366,654,1,1894.03,126.78,1767.25,10,1704.627
7453,4367,515,1,1652.18,196.46,1455.72,20,1321.744
7454,4367,1304,1,940.86,131.67,809.19,20,752.6880000000001
7455,4368,638,1,414.26,42.66,371.6,20,331.408
7456,4369,1381,1,41371.29,6116.69,35254.6,20,33097.032
7457,4369,947,1,3401.84,295.98,3105.86,20,2721.472
7458,4370,1369,2,1514.51,0.0,3029.02,20,1211.608
7459,4371,1136,1,11889.97,0.0,11889.97,20,9511.976
7460,4372,441,1,3621.08,211.19,3409.89,10,3258.972
7461,4372,439,1,1595.52,200.76,1394.76,20,1276.4160000000002
7462,4372,354,1,2738.94,168.57,2570.37,10,2465.0460000000003
7463,4372,480,2,3056.45,797.68,5315.22,30,2139.515
7464,4372,86,1,3175.74,46.12,3129.62,30,2223.018
7465,4373,258,1,1648.24,241.19,1407.05,30,1153.768
7466,4373,62,1,1751.48,153.24,1598.24,30,1226.0359999999998
7467,4374,1560,1,77206.12,0.0,77206.12,0,77206.12
7468,4375,804,1,3599.24,486.26,3112.98,20,2879.392
7469,4376,1485,1,31524.8,1434.71,30090.09,30,22067.36
7470,4377,1420,1,1349.54,0.0,1349.54,10,1214.586
7471,4378,1522,1,1156.68,0.0,1156.68,30,809.676
7472,4379,1268,2,30703.2,5754.13,55652.27,10,27632.88
7473,4380,1276,1,5685.06,0.0,5685.06,20,4548.048000000001
7474,4381,331,1,24483.71,0.0,24483.71,30,17138.596999999998
7475,4382,1175,1,1647.24,0.0,1647.24,10,1482.516
7476,4383,878,1,26128.07,472.15,25655.92,10,23515.263
7477,4384,811,1,1385.81,0.0,1385.81,30,970.067
7478,4384,121,1,250.81,0.0,250.81,30,175.56699999999998
7479,4385,282,1,2944.8,412.59,2532.21,30,2061.36
7480,4386,699,1,3048.78,445.29,2603.49,10,2743.902
7481,4387,794,1,2509.16,102.56,2406.6,10,2258.244
7482,4387,1326,2,1936.13,400.74,3471.52,20,1548.9040000000002
7483,4388,783,1,37099.58,107.3,36992.28,30,25969.706
7484,4389,1376,1,901.13,122.38,778.75,30,630.7909999999999
7485,4389,415,2,663.18,26.9,1299.46,30,464.226
7486,4390,1198,2,2934.15,729.53,5138.77,30,2053.905
7487,4390,971,1,489.72,63.03,426.69,20,391.77600000000007
7488,4391,381,1,1083.08,139.88,943.2,0,1083.08
7489,4391,40,1,29011.05,2015.97,26995.08,30,20307.735
7490,4392,1547,1,658.88,36.7,622.18,20,527.104
7491,4393,933,1,1968.53,228.2,1740.33,20,1574.824
7492,4394,715,1,114670.41,0.0,114670.41,30,80269.287
7493,4395,1299,1,3414.72,120.84,3293.88,20,2731.776
7494,4396,1148,1,35366.0,0.0,35366.0,30,24756.2
7495,4397,542,2,62378.47,18362.22,106394.72,0,62378.47
7496,4398,126,1,1983.21,169.73,1813.48,30,1388.2469999999998
7497,4399,1090,1,117469.55,0.0,117469.55,0,117469.55
7498,4400,844,1,3208.7,58.06,3150.64,30,2246.09
7499,4400,1,2,3822.34,889.42,6755.26,10,3440.106
7500,4401,709,1,2013.15,273.34,1739.81,10,1811.835
7501,4401,1198,1,2934.15,134.62,2799.53,30,2053.905
7502,4402,492,3,705.8,48.08,2069.32,10,635.22
7503,4402,1017,1,2847.67,403.67,2444.0,10,2562.903
7504,4403,107,1,284.52,32.25,252.27,10,256.068
7505,4403,163,1,44768.27,1955.88,42812.39,30,31337.789
7506,4404,1363,1,3136.2,33.79,3102.41,10,2822.58
7507,4405,369,2,124766.67,17894.56,231638.78,0,124766.67
7508,4405,767,1,2061.1,131.43,1929.67,0,2061.1
7509,4405,912,1,767.48,86.89,680.59,10,690.7320000000001
7510,4405,131,1,26403.44,953.77,25449.67,0,26403.44
7511,4406,41,1,990.24,120.34,869.9,0,990.24
7512,4407,35,2,1495.14,374.42,2615.86,30,1046.598
7513,4408,409,1,1326.94,150.91,1176.03,30,928.858
7514,4408,585,1,1310.79,65.79,1245.0,30,917.553
7515,4409,442,1,1278.0,53.7,1224.3,0,1278.0
7516,4410,649,1,975.94,31.58,944.36,20,780.7520000000001
7517,4411,1244,1,3810.15,0.0,3810.15,0,3810.15
7518,4412,1559,1,2127.33,0.0,2127.33,30,1489.131
7519,4413,981,1,999.21,34.63,964.58,20,799.368
7520,4414,258,2,1648.24,256.55,3039.93,0,1648.24
7521,4414,1432,1,1342.16,196.6,1145.56,10,1207.9440000000002
7522,4414,1039,1,2221.48,228.86,1992.62,20,1777.1840000000002
7523,4415,753,1,1238.31,0.0,1238.31,0,1238.31
7524,4416,668,1,734.86,0.0,734.86,30,514.4019999999999
7525,4417,246,2,1755.56,0.0,3511.12,0,1755.56
7526,4418,467,1,34229.7,4049.54,30180.16,20,27383.76
7527,4418,487,1,30451.12,2517.91,27933.21,10,27406.008
7528,4419,1156,1,96292.57,8636.86,87655.71,30,67404.799
7529,4420,1581,1,148976.59,0.0,148976.59,0,148976.59
7530,4421,268,1,112481.7,13453.46,99028.24,30,78737.18999999999
7531,4422,602,2,3153.82,634.94,5672.7,10,2838.438
7532,4423,272,1,8822.9,1057.61,7765.29,10,7940.61
7533,4424,535,2,1119.88,0.0,2239.76,20,895.9040000000001
7534,4424,123,1,246.09,0.0,246.09,20,196.872
7535,4424,660,2,41679.89,0.0,83359.78,10,37511.901
7536,4425,1249,1,2813.36,157.54,2655.82,10,2532.0240000000003
7537,4426,520,1,4941.54,629.63,4311.91,10,4447.386
7538,4427,856,2,86092.17,2833.63,169350.71,10,77482.953
7539,4428,1091,1,88617.11,4802.44,83814.67,0,88617.11
7540,4429,1474,2,74873.86,0.0,149747.72,30,52411.702
7541,4430,1237,3,94515.4,0.0,283546.2,20,75612.31999999999
7542,4431,914,1,3732.26,532.73,3199.53,10,3359.034
7543,4432,856,1,86092.17,1197.11,84895.06,10,77482.953
7544,4432,1298,1,2653.12,208.83,2444.29,30,1857.184
7545,4432,1192,1,70917.05,5961.08,64955.97,10,63825.345
7546,4432,1015,1,2376.2,193.97,2182.23,30,1663.3399999999997
7547,4432,1515,1,2940.55,329.49,2611.06,20,2352.44
7548,4433,284,1,1532.5,140.41,1392.09,30,1072.75
7549,4434,74,1,2354.49,0.0,2354.49,20,1883.592
7550,4434,823,1,24569.14,0.0,24569.14,0,24569.14
7551,4434,473,1,2980.81,0.0,2980.81,20,2384.648
7552,4434,1123,1,3390.11,0.0,3390.11,30,2373.077
7553,4435,870,2,2862.61,374.54,5350.68,0,2862.61
7554,4436,1183,1,393.77,10.56,383.21,20,315.016
7555,4436,98,1,2400.3,207.85,2192.45,30,1680.21
7556,4436,332,1,1578.22,44.46,1533.76,30,1104.754
7557,4436,355,1,2452.28,269.73,2182.55,10,2207.052
7558,4436,1027,1,37556.23,3979.72,33576.51,30,26289.361
7559,4437,1563,1,30864.11,3848.23,27015.88,30,21604.877
7560,4438,1384,1,2175.55,289.7,1885.85,30,1522.885
7561,4438,409,1,1326.94,153.12,1173.82,20,1061.552
7562,4438,1063,1,2532.13,87.68,2444.45,0,2532.13
7563,4438,55,1,38559.98,3842.72,34717.26,20,30847.984000000004
7564,4438,1179,2,2777.87,144.95,5410.79,20,2222.296
7565,4439,1031,1,356.88,0.0,356.88,20,285.504
7566,4440,410,1,3297.12,185.92,3111.2,20,2637.696
7567,4440,772,1,1518.07,190.19,1327.88,30,1062.649
7568,4441,1537,1,5378.14,456.21,4921.93,10,4840.326
7569,4442,1048,1,71604.88,0.0,71604.88,10,64444.39200000001
7570,4442,1463,1,77244.61,0.0,77244.61,20,61795.688
7571,4443,589,1,2374.59,36.98,2337.61,20,1899.6720000000005
7572,4444,133,1,2306.36,341.49,1964.87,0,2306.36
7573,4445,248,2,1908.15,0.0,3816.3,20,1526.5200000000002
7574,4446,613,1,2400.73,110.22,2290.51,0,2400.73
7575,4447,165,1,4937.72,660.32,4277.4,0,4937.72
7576,4448,1118,1,2926.02,131.32,2794.7,30,2048.214
7577,4449,1588,1,3756.94,0.0,3756.94,0,3756.94
7578,4449,1091,1,88617.11,0.0,88617.11,20,70893.68800000001
7579,4449,490,1,119759.19,0.0,119759.19,30,83831.43299999999
7580,4449,192,1,32254.74,0.0,32254.74,30,22578.318
7581,4450,1516,1,71517.42,5741.38,65776.04,0,71517.42
7582,4450,542,1,62378.47,4828.25,57550.22,30,43664.929
7583,4450,1122,1,3238.36,308.97,2929.39,10,2914.5240000000003
7584,4450,1061,1,182372.8,7563.2,174809.6,10,164135.52
7585,4451,479,1,721.06,16.43,704.63,10,648.954
7586,4451,1382,1,42827.29,59.34,42767.95,0,42827.29
7587,4452,906,2,52750.88,7980.57,97521.19,20,42200.704
7588,4453,1014,1,1806.34,9.16,1797.18,30,1264.438
7589,4454,138,1,350.95,1.93,349.02,20,280.76
7590,4455,1157,1,4990.11,3.83,4986.28,20,3992.088
7591,4455,113,2,870.54,241.55,1499.53,20,696.432
7592,4455,1080,1,2562.42,319.08,2243.34,10,2306.1780000000003
7593,4456,527,1,1152.55,35.14,1117.41,20,922.04
7594,4457,1383,1,1971.98,76.29,1895.69,10,1774.7820000000002
7595,4458,865,1,22469.84,27.36,22442.48,20,17975.872
7596,4458,422,2,477.95,107.05,848.85,20,382.36
7597,4459,1030,3,4144.31,380.26,12052.67,30,2901.0170000000003
7598,4460,1198,1,2934.15,101.32,2832.83,20,2347.32
7599,4461,161,1,1230.1,0.0,1230.1,0,1230.1
7600,4461,1055,1,61678.24,0.0,61678.24,0,61678.24
7601,4462,870,1,2862.61,0.0,2862.61,20,2290.088
7602,4463,1323,1,7044.95,0.0,7044.95,20,5635.96
7603,4463,908,1,3981.14,0.0,3981.14,10,3583.026
7604,4463,308,1,93084.78,0.0,93084.78,20,74467.82400000001
7605,4463,245,1,3184.05,0.0,3184.05,20,2547.24
7606,4463,94,2,43997.06,0.0,87994.12,0,43997.06
7607,4464,910,2,112070.62,17838.37,206302.87,0,112070.62
7608,4464,224,1,1977.53,182.73,1794.8,20,1582.024
7609,4464,878,1,26128.07,1101.46,25026.61,10,23515.263
7610,4464,80,1,5102.56,724.52,4378.04,10,4592.304
7611,4464,675,1,1350.25,96.28,1253.97,20,1080.2
7612,4465,792,1,3233.42,0.0,3233.42,0,3233.42
7613,4466,819,2,5857.66,1639.81,10075.51,0,5857.66
7614,4467,58,1,2642.32,72.73,2569.59,20,2113.856
7615,4467,1474,1,74873.86,8197.2,66676.66,0,74873.86
7616,4468,1043,1,1164.22,24.33,1139.89,30,814.954
7617,4469,1141,2,2583.37,0.0,5166.74,0,2583.37
7618,4470,951,1,909.66,75.15,834.51,10,818.694
7619,4470,367,1,39011.03,3654.92,35356.11,10,35109.927
7620,4471,719,1,17225.88,0.0,17225.88,0,17225.88
7621,4471,103,2,3868.11,0.0,7736.22,0,3868.11
7622,4472,1545,1,82188.32,0.0,82188.32,20,65750.656
7623,4473,837,1,157966.42,13763.88,144202.54,10,142169.77800000002
7624,4473,862,1,68245.35,9250.96,58994.39,10,61420.81500000001
7625,4474,1557,1,4550.75,660.15,3890.6,10,4095.675
7626,4475,573,1,2677.84,400.41,2277.43,20,2142.2720000000004
7627,4476,80,1,5102.56,0.0,5102.56,0,5102.56
7628,4477,332,1,1578.22,50.14,1528.08,20,1262.576
7629,4478,27,1,594.98,50.6,544.38,20,475.984
7630,4479,1310,1,35413.03,4218.08,31194.95,10,31871.727
7631,4480,634,1,128711.83,14745.97,113965.86,0,128711.83
7632,4480,1130,2,96459.24,17492.63,175425.85,10,86813.316
7633,4481,483,1,14895.15,0.0,14895.15,10,13405.635
7634,4481,201,1,1291.43,0.0,1291.43,0,1291.43
7635,4482,936,1,30096.25,0.0,30096.25,30,21067.375
7636,4483,331,1,24483.71,1303.62,23180.09,10,22035.339
7637,4484,485,1,5877.6,0.0,5877.6,30,4114.32
7638,4485,1288,1,1110.07,0.0,1110.07,0,1110.07
7639,4485,1427,1,1223.85,0.0,1223.85,30,856.6949999999999
7640,4486,583,1,129245.7,18549.36,110696.34,10,116321.13
7641,4487,1312,1,45576.24,1494.11,44082.13,10,41018.616
7642,4487,124,1,1916.25,239.41,1676.84,10,1724.625
7643,4488,322,1,8789.14,702.06,8087.08,0,8789.14
7644,4489,958,1,1318.24,111.46,1206.78,30,922.768
7645,4489,1212,1,157753.88,6763.43,150990.45,30,110427.716
7646,4489,94,1,43997.06,1784.31,42212.75,20,35197.648
7647,4489,558,1,1137.46,29.78,1107.68,20,909.968
7648,4490,1350,1,1796.88,229.95,1566.93,20,1437.504
7649,4491,1393,1,36343.46,0.0,36343.46,0,36343.46
7650,4491,1238,1,916.17,0.0,916.17,0,916.17
7651,4492,497,1,3615.69,1.58,3614.11,10,3254.121
7652,4493,1321,1,10565.62,615.59,9950.03,20,8452.496000000001
7653,4494,358,2,1436.42,0.0,2872.84,20,1149.1360000000002
7654,4494,1378,1,1742.34,0.0,1742.34,30,1219.638
7655,4494,1008,1,237.87,0.0,237.87,30,166.509
7656,4495,23,1,2254.98,73.97,2181.01,10,2029.482
7657,4495,1099,1,28507.26,1110.98,27396.28,0,28507.26
7658,4496,1083,1,384.05,12.88,371.17,30,268.835
7659,4496,562,1,2288.25,152.86,2135.39,30,1601.775
7660,4497,1573,1,3177.29,0.0,3177.29,0,3177.29
7661,4498,734,2,43727.49,1067.59,86387.39,30,30609.242999999995
7662,4498,1336,1,4092.74,202.9,3889.84,10,3683.466
7663,4498,712,1,14513.0,993.69,13519.31,10,13061.7
7664,4498,795,1,14011.76,1336.29,12675.47,20,11209.408
7665,4498,326,1,1199.33,175.92,1023.41,10,1079.397
7666,4499,1588,1,3756.94,0.0,3756.94,30,2629.858
7667,4499,581,1,5438.01,0.0,5438.01,30,3806.607
7668,4500,1247,1,90898.31,0.0,90898.31,20,72718.648
7669,4501,903,1,39591.52,1410.45,38181.07,10,35632.367999999995
7670,4502,826,1,1971.53,144.31,1827.22,0,1971.53
7671,4502,1595,1,18497.48,2416.58,16080.9,30,12948.236
7672,4503,1408,1,4470.06,0.0,4470.06,0,4470.06
7673,4504,712,3,14513.0,0.0,43539.0,10,13061.7
7674,4504,1442,1,547.89,0.0,547.89,30,383.523
7675,4504,500,2,4108.13,0.0,8216.26,30,2875.691
7676,4504,1414,1,605.84,0.0,605.84,10,545.2560000000001
7677,4505,955,2,3121.71,649.71,5593.71,0,3121.71
7678,4506,361,1,670.56,49.09,621.47,20,536.448
7679,4507,325,1,1424.65,20.7,1403.95,0,1424.65
7680,4507,191,1,1689.13,144.03,1545.1,20,1351.304
7681,4508,1224,1,3160.05,316.2,2843.85,0,3160.05
7682,4508,1562,1,1492.59,82.32,1410.27,30,1044.813
7683,4509,895,3,2219.6,0.0,6658.8,10,1997.64
7684,4509,212,1,9813.12,0.0,9813.12,10,8831.808
7685,4509,924,1,3898.29,0.0,3898.29,10,3508.461
7686,4509,769,2,4790.79,0.0,9581.58,20,3832.632
7687,4510,1021,1,77339.97,0.0,77339.97,20,61871.976
7688,4510,1233,1,3456.57,0.0,3456.57,20,2765.2560000000003
7689,4511,310,1,4017.89,15.8,4002.09,20,3214.312
7690,4511,112,1,86793.43,11448.81,75344.62,30,60755.40099999999
7691,4511,986,1,57564.41,6642.89,50921.52,10,51807.969000000005
7692,4512,595,2,42135.25,8546.78,75723.72,10,37921.725
7693,4512,1084,1,70352.07,8770.18,61581.89,20,56281.65600000001
7694,4512,1552,1,34238.79,4758.25,29480.54,20,27391.032000000003
7695,4512,326,1,1199.33,171.03,1028.3,0,1199.33
7696,4513,1124,2,28111.89,2559.74,53664.04,0,28111.89
7697,4514,1443,1,39621.43,1096.49,38524.94,20,31697.144
7698,4514,466,1,92637.16,12282.72,80354.44,0,92637.16
7699,4514,201,2,1291.43,275.94,2306.92,20,1033.144
7700,4514,624,1,2799.12,348.72,2450.4,20,2239.296
7701,4514,311,2,5092.96,191.17,9994.75,20,4074.368
7702,4515,221,1,1862.88,0.0,1862.88,20,1490.304
7703,4516,728,1,36071.09,786.97,35284.12,20,28856.872
7704,4517,106,1,23476.97,0.0,23476.97,30,16433.879
7705,4518,182,1,143105.46,505.97,142599.49,20,114484.368
7706,4518,348,1,162.1,4.18,157.92,0,162.1
7707,4519,663,1,4145.53,416.06,3729.47,20,3316.424
7708,4519,881,3,3117.76,927.05,8426.23,30,2182.432
7709,4520,1528,1,1302.21,168.04,1134.17,0,1302.21
7710,4520,341,1,48560.82,2098.01,46462.81,0,48560.82
7711,4521,16,2,85267.12,0.0,170534.24,0,85267.12
7712,4522,76,1,14993.91,0.0,14993.91,20,11995.128
7713,4523,1320,1,44898.72,1073.19,43825.53,20,35918.976
7714,4524,985,1,3261.61,47.06,3214.55,20,2609.2880000000005
7715,4524,823,1,24569.14,2086.84,22482.3,20,19655.312
7716,4525,832,1,422.4,56.2,366.2,20,337.92
7717,4526,4,1,121078.87,16842.5,104236.37,20,96863.096
7718,4527,661,1,31896.24,4424.55,27471.69,10,28706.616
7719,4527,827,2,1826.44,445.13,3207.75,30,1278.508
7720,4527,870,1,2862.61,339.07,2523.54,20,2290.088
7721,4527,733,3,9342.39,3224.15,24803.02,0,9342.39
7722,4527,1596,1,4337.02,643.28,3693.74,10,3903.3180000000007
7723,4528,760,3,3059.27,477.62,8700.19,10,2753.343
7724,4528,126,1,1983.21,243.59,1739.62,10,1784.889
7725,4528,629,1,8978.53,903.26,8075.27,0,8978.53
7726,4529,333,1,71887.84,9061.7,62826.14,20,57510.272
7727,4530,192,1,32254.74,0.0,32254.74,0,32254.74
7728,4530,685,1,2479.15,0.0,2479.15,30,1735.405
7729,4531,514,2,417.37,98.61,736.13,20,333.896
7730,4532,1155,1,608.12,49.11,559.01,0,608.12
7731,4533,521,1,322.75,0.0,322.75,0,322.75
7732,4533,1325,1,33748.2,0.0,33748.2,20,26998.56
7733,4534,1520,2,2002.68,166.58,3838.78,20,1602.1440000000002
7734,4535,1356,2,19747.45,0.0,39494.9,10,17772.705
7735,4535,818,1,1924.73,0.0,1924.73,0,1924.73
7736,4535,1327,1,26530.9,0.0,26530.9,0,26530.9
7737,4536,255,1,109573.83,14480.59,95093.24,30,76701.681
7738,4537,741,1,2631.03,0.0,2631.03,0,2631.03
7739,4537,1477,1,1834.8,0.0,1834.8,10,1651.32
7740,4538,541,1,43654.41,0.0,43654.41,30,30558.087
7741,4539,184,1,392.62,19.24,373.38,30,274.834
7742,4539,1256,1,3347.61,492.09,2855.52,20,2678.088
7743,4540,270,2,3203.45,423.42,5983.48,30,2242.4149999999995
7744,4540,188,1,43239.04,2430.34,40808.7,30,30267.328
7745,4541,1319,2,143495.9,10030.52,276961.28,20,114796.72
7746,4542,353,1,2714.1,0.0,2714.1,0,2714.1
7747,4542,1034,3,32492.4,0.0,97477.2,20,25993.92
7748,4542,858,3,1887.65,0.0,5662.95,10,1698.8850000000002
7749,4543,396,1,2865.73,169.34,2696.39,0,2865.73
7750,4543,86,2,3175.74,664.6,5686.88,20,2540.592
7751,4543,994,2,526.86,142.14,911.58,30,368.802
7752,4543,975,2,17084.55,936.39,33232.71,20,13667.64
7753,4544,278,1,28596.87,0.0,28596.87,30,20017.809
7754,4545,16,1,85267.12,3150.12,82117.0,10,76740.408
7755,4545,133,1,2306.36,59.17,2247.19,0,2306.36
7756,4546,763,1,3187.33,0.0,3187.33,20,2549.864
7757,4547,1519,3,2297.98,0.0,6893.94,0,2297.98
7758,4547,487,1,30451.12,0.0,30451.12,20,24360.896
7759,4547,665,1,2040.79,0.0,2040.79,0,2040.79
7760,4547,1403,1,2570.65,0.0,2570.65,0,2570.65
7761,4548,38,3,175329.35,0.0,525988.05,20,140263.48
7762,4548,1035,1,2051.19,0.0,2051.19,30,1435.833
7763,4549,816,1,3330.84,187.64,3143.2,20,2664.6720000000005
7764,4550,1318,1,2903.92,389.59,2514.33,30,2032.744
7765,4551,966,2,411.04,63.22,758.86,0,411.04
7766,4552,651,1,82264.94,0.0,82264.94,10,74038.44600000001
7767,4552,1492,2,2438.62,0.0,4877.24,30,1707.034
7768,4553,32,1,37169.45,827.07,36342.38,30,26018.615
7769,4554,1052,1,96906.19,14449.53,82456.66,20,77524.952
7770,4554,607,1,3784.6,392.97,3391.63,30,2649.22
7771,4554,1441,3,119515.93,7927.25,350620.54,10,107564.337
7772,4555,1111,1,92338.19,7235.55,85102.64,20,73870.55200000001
7773,4555,1321,2,10565.62,1847.05,19284.19,10,9509.058
7774,4556,991,1,6557.76,227.48,6330.28,30,4590.432
7775,4557,1583,1,1683.61,171.1,1512.51,30,1178.5269999999998
7776,4557,131,1,26403.44,1472.22,24931.22,30,18482.408
7777,4558,812,2,24603.28,6448.57,42757.99,30,17222.296
7778,4558,1075,1,682.9,65.74,617.16,0,682.9
7779,4558,742,1,3902.24,232.04,3670.2,20,3121.792
7780,4558,488,1,7124.84,338.75,6786.09,30,4987.388
7781,4558,886,1,293.19,21.68,271.51,20,234.552
7782,4559,1131,1,1576.54,204.32,1372.22,30,1103.578
7783,4560,810,1,26333.87,2015.87,24318.0,30,18433.709
7784,4560,636,1,915.13,96.69,818.44,20,732.104
7785,4560,1117,1,628.26,10.75,617.51,30,439.782
7786,4561,495,3,61768.34,0.0,185305.02,10,55591.506
7787,4562,652,1,40194.62,3224.26,36970.36,0,40194.62
7788,4563,1045,1,3767.71,368.17,3399.54,10,3390.9390000000003
7789,4564,571,1,136354.08,8604.64,127749.44,20,109083.264
7790,4565,1583,1,1683.61,160.52,1523.09,10,1515.249
7791,4566,742,1,3902.24,151.68,3750.56,30,2731.568
7792,4566,1112,1,143069.74,20347.19,122722.55,10,128762.766
7793,4566,1311,1,5198.45,601.91,4596.54,30,3638.915
7794,4566,915,1,40160.77,2908.75,37252.02,20,32128.616
7795,4567,1237,2,94515.4,0.0,189030.8,30,66160.78
7796,4568,1301,2,4881.31,0.0,9762.62,30,3416.917
7797,4568,332,1,1578.22,0.0,1578.22,0,1578.22
7798,4569,99,2,2052.78,479.97,3625.59,30,1436.946
7799,4569,362,1,122309.51,15127.42,107182.09,20,97847.608
7800,4570,720,1,342.29,0.0,342.29,0,342.29
7801,4571,1368,1,2174.86,155.33,2019.53,30,1522.402
7802,4572,1266,1,60887.16,3471.23,57415.93,0,60887.16
7803,4572,1391,1,4780.43,358.99,4421.44,30,3346.301
7804,4572,569,1,1937.28,50.02,1887.26,0,1937.28
7805,4572,1206,2,2044.94,240.73,3849.15,10,1840.446
7806,4573,566,1,601.7,66.72,534.98,10,541.5300000000001
7807,4574,676,1,2284.87,0.0,2284.87,30,1599.409
7808,4574,1209,2,3547.28,0.0,7094.56,20,2837.8240000000005
7809,4574,1594,2,1943.32,0.0,3886.64,30,1360.3239999999998
7810,4574,1006,1,2865.1,0.0,2865.1,10,2578.59
7811,4575,1185,1,5187.12,0.0,5187.12,0,5187.12
7812,4576,1385,1,22894.15,1270.21,21623.94,0,22894.15
7813,4577,208,2,7944.3,2252.47,13636.13,0,7944.3
7814,4577,393,1,28510.23,566.67,27943.56,0,28510.23
7815,4578,314,1,1524.32,0.0,1524.32,30,1067.024
7816,4579,1201,2,74263.81,0.0,148527.62,10,66837.429
7817,4580,598,1,3271.1,378.82,2892.28,20,2616.88
7818,4580,726,1,117534.69,13757.63,103777.06,30,82274.283
7819,4581,155,1,6759.98,0.0,6759.98,20,5407.984
7820,4581,1115,1,116186.43,0.0,116186.43,0,116186.43
7821,4582,772,1,1518.07,77.8,1440.27,0,1518.07
7822,4583,704,1,2086.13,0.0,2086.13,10,1877.517
7823,4584,1584,1,750.13,0.0,750.13,10,675.117
7824,4585,743,1,2269.05,4.68,2264.37,30,1588.335
7825,4586,131,1,26403.44,0.0,26403.44,30,18482.408
7826,4587,774,1,91105.66,4248.56,86857.1,30,63773.962
7827,4588,465,2,3059.86,0.0,6119.72,10,2753.8740000000003
7828,4588,494,1,2127.83,0.0,2127.83,20,1702.264
7829,4589,1436,1,415.76,16.89,398.87,30,291.032
7830,4590,750,1,4599.92,0.0,4599.92,30,3219.944
7831,4591,1559,1,2127.33,42.41,2084.92,30,1489.131
7832,4591,947,1,3401.84,155.73,3246.11,30,2381.288
7833,4591,219,1,4417.46,565.86,3851.6,30,3092.222
7834,4591,70,1,2559.4,345.1,2214.3,20,2047.52
7835,4591,1136,1,11889.97,218.74,11671.23,20,9511.976
7836,4592,1010,1,51993.79,0.0,51993.79,30,36395.653
7837,4592,1283,1,1043.73,0.0,1043.73,20,834.984
7838,4593,709,1,2013.15,204.46,1808.69,20,1610.5200000000002
7839,4593,427,2,51715.55,2664.82,100766.28,30,36200.885
7840,4594,32,2,37169.45,0.0,74338.9,30,26018.615
7841,4595,1273,1,82929.26,0.0,82929.26,30,58050.48199999999
7842,4596,872,2,369.78,0.0,739.56,20,295.824
7843,4597,924,1,3898.29,434.14,3464.15,30,2728.803
7844,4598,1173,1,33473.5,2909.2,30564.3,30,23431.45
7845,4598,24,1,143987.71,18253.53,125734.18,0,143987.71
7846,4599,578,2,41356.77,5489.38,77224.16,30,28949.738999999998
7847,4599,503,1,44508.15,3809.27,40698.88,20,35606.520000000004
7848,4600,673,2,94567.66,17282.38,171852.94,30,66197.362
7849,4601,1548,1,174.01,9.09,164.92,0,174.01
7850,4602,1420,1,1349.54,105.8,1243.74,20,1079.632
7851,4603,608,1,39712.41,0.0,39712.41,20,31769.928000000004
7852,4604,1515,1,2940.55,0.0,2940.55,20,2352.44
7853,4605,1121,2,3804.86,0.0,7609.72,20,3043.8880000000004
7854,4605,487,2,30451.12,0.0,60902.24,10,27406.008
7855,4606,1298,3,2653.12,483.96,7475.4,30,1857.184
7856,4606,1475,3,57952.35,11237.71,162619.34,10,52157.115
7857,4607,228,1,1579.03,215.99,1363.04,10,1421.127
7858,4608,483,3,14895.15,6137.63,38547.82,0,14895.15
7859,4608,910,2,112070.62,23792.16,200349.08,10,100863.558
7860,4609,963,1,121884.72,8672.09,113212.63,30,85319.30399999999
7861,4609,1392,1,14134.24,970.08,13164.16,10,12720.816
7862,4610,1331,1,2122.62,264.8,1857.82,30,1485.8339999999998
7863,4611,1006,1,2865.1,278.64,2586.46,10,2578.59
7864,4611,1090,1,117469.55,16140.51,101329.04,10,105722.595
7865,4611,1358,1,5886.45,351.94,5534.51,0,5886.45
7866,4611,1150,1,2765.55,63.28,2702.27,0,2765.55
7867,4611,934,1,3198.99,108.13,3090.86,30,2239.293
7868,4612,1065,1,3958.62,477.86,3480.76,30,2771.034
7869,4612,369,1,124766.67,5406.93,119359.74,0,124766.67
7870,4613,659,1,70554.19,692.27,69861.92,10,63498.771
7871,4614,1381,1,41371.29,206.42,41164.87,0,41371.29
7872,4614,1430,1,1397.61,34.65,1362.96,0,1397.61
7873,4614,1257,1,518.04,50.43,467.61,0,518.04
7874,4614,1561,1,2387.8,249.91,2137.89,30,1671.46
7875,4614,304,1,2314.39,14.15,2300.24,0,2314.39
7876,4615,1477,1,1834.8,237.94,1596.86,20,1467.84
7877,4615,374,2,3079.52,117.28,6041.76,10,2771.568
7878,4616,1094,1,24047.77,3235.6,20812.17,20,19238.216
7879,4617,1304,1,940.86,0.0,940.86,0,940.86
7880,4618,129,1,879.21,0.0,879.21,10,791.2890000000001
7881,4619,262,1,2826.04,242.55,2583.49,20,2260.832
7882,4619,1531,1,90650.62,9487.37,81163.25,10,81585.558
7883,4620,1408,1,4470.06,0.0,4470.06,30,3129.042
7884,4621,787,3,2387.75,53.18,7110.07,20,1910.2
7885,4622,539,1,3567.48,314.89,3252.59,30,2497.236
7886,4622,1158,1,973.98,136.54,837.44,20,779.1840000000001
7887,4623,342,1,4315.91,0.0,4315.91,0,4315.91
7888,4623,40,1,29011.05,0.0,29011.05,10,26109.945
7889,4623,697,1,415.23,0.0,415.23,30,290.661
7890,4624,373,1,2258.78,0.0,2258.78,10,2032.9020000000005
7891,4625,1444,1,1761.67,27.84,1733.83,0,1761.67
7892,4626,910,1,112070.62,0.0,112070.62,0,112070.62
7893,4626,6,1,3858.92,0.0,3858.92,30,2701.244
7894,4627,910,1,112070.62,2696.45,109374.17,0,112070.62
7895,4627,664,1,1666.41,16.16,1650.25,10,1499.769
7896,4628,545,2,470.77,30.96,910.58,20,376.616
7897,4629,1346,1,3515.07,338.21,3176.86,10,3163.563
7898,4630,1416,1,158592.95,0.0,158592.95,10,142733.65500000003
7899,4630,624,1,2799.12,0.0,2799.12,20,2239.296
7900,4630,787,1,2387.75,0.0,2387.75,0,2387.75
7901,4630,1052,1,96906.19,0.0,96906.19,10,87215.57100000001
7902,4630,950,1,2629.74,0.0,2629.74,30,1840.818
7903,4631,594,1,1492.9,0.0,1492.9,0,1492.9
7904,4632,1371,1,316.58,46.32,270.26,10,284.922
7905,4633,1306,2,55531.46,15598.04,95464.88,10,49978.314
7906,4634,409,1,1326.94,111.61,1215.33,10,1194.246
7907,4634,1080,2,2562.42,175.36,4949.48,20,2049.936
7908,4634,171,1,2900.67,131.72,2768.95,20,2320.536
7909,4634,678,1,2482.88,110.02,2372.86,30,1738.016
7910,4635,573,1,2677.84,0.0,2677.84,0,2677.84
7911,4635,501,2,2459.62,0.0,4919.24,20,1967.696
7912,4636,131,3,26403.44,3013.03,76197.29,10,23763.096
7913,4637,635,1,3970.58,0.0,3970.58,20,3176.464
7914,4638,1556,1,53821.39,5865.45,47955.94,20,43057.112
7915,4638,1218,1,143821.79,14185.67,129636.12,0,143821.79
7916,4639,1400,1,92951.15,3065.45,89885.7,30,65065.80499999999
7917,4640,186,1,118273.99,1989.37,116284.62,30,82791.793
7918,4641,1001,1,47120.94,5177.65,41943.29,20,37696.752
7919,4642,962,1,1108.44,0.0,1108.44,10,997.596
7920,4643,786,1,521.58,0.0,521.58,30,365.106
7921,4644,93,1,26807.56,355.9,26451.66,10,24126.804
7922,4645,1373,1,21018.4,1035.47,19982.93,0,21018.4
7923,4646,779,3,1855.31,658.52,4907.41,30,1298.717
7924,4646,534,1,1012.79,6.05,1006.74,10,911.511
7925,4647,696,1,74127.77,0.0,74127.77,30,51889.439
7926,4648,1015,1,2376.2,45.73,2330.47,10,2138.58
7927,4648,1101,1,2240.73,52.7,2188.03,30,1568.511
7928,4648,1441,1,119515.93,1874.58,117641.35,0,119515.93
7929,4648,1549,1,1129.63,101.06,1028.57,10,1016.667
7930,4649,666,1,996.62,88.04,908.58,0,996.62
7931,4650,77,2,375.9,110.18,641.62,20,300.72
7932,4650,1027,1,37556.23,1890.21,35666.02,30,26289.361
7933,4650,954,1,9901.09,892.9,9008.19,30,6930.763
7934,4650,1379,1,78359.54,11515.33,66844.21,30,54851.67799999999
7935,4650,333,1,71887.84,6995.49,64892.35,10,64699.056
7936,4651,1234,2,108776.14,0.0,217552.28,20,87020.91200000001
7937,4652,400,1,767.7,0.0,767.7,10,690.9300000000001
7938,4653,1520,1,2002.68,0.0,2002.68,30,1401.876
7939,4654,770,1,86438.74,0.0,86438.74,0,86438.74
7940,4655,349,1,1459.37,19.35,1440.02,10,1313.433
7941,4655,219,3,4417.46,648.06,12604.32,30,3092.222
7942,4655,1354,1,2097.47,100.76,1996.71,0,2097.47
7943,4655,69,1,2387.51,113.4,2274.11,0,2387.51
7944,4656,1251,2,5415.24,0.0,10830.48,20,4332.192
7945,4656,1067,1,7456.19,0.0,7456.19,10,6710.571
7946,4657,391,3,134.99,0.0,404.97,20,107.99200000000002
7947,4657,1171,1,14343.47,0.0,14343.47,10,12909.123
7948,4657,123,1,246.09,0.0,246.09,0,246.09
7949,4658,364,2,996.71,0.0,1993.42,20,797.368
7950,4658,377,1,53405.16,0.0,53405.16,20,42724.128
7951,4658,474,1,2113.22,0.0,2113.22,20,1690.576
7952,4659,1548,1,174.01,11.8,162.21,30,121.807
7953,4660,835,1,522.2,19.9,502.3,10,469.9800000000001
7954,4661,1394,1,2331.14,286.53,2044.61,30,1631.7979999999998
7955,4661,1062,1,29542.18,2863.56,26678.62,10,26587.962
7956,4662,633,1,131443.04,0.0,131443.04,10,118298.736
7957,4662,26,1,4152.23,0.0,4152.23,30,2906.561
7958,4662,1478,1,730.4,0.0,730.4,20,584.32
7959,4663,1170,1,4694.51,693.65,4000.86,20,3755.608
7960,4664,1010,2,51993.79,4290.8,99696.78,10,46794.411
7961,4665,1515,1,2940.55,54.16,2886.39,0,2940.55
7962,4665,1404,1,172878.97,4572.61,168306.36,10,155591.073
7963,4666,1261,1,516.29,12.93,503.36,20,413.032
7964,4666,938,1,9347.84,1147.91,8199.93,30,6543.487999999999
7965,4666,461,1,2133.9,180.33,1953.57,20,1707.12
7966,4666,842,1,44095.41,1364.61,42730.8,0,44095.41
7967,4667,100,1,2961.16,0.0,2961.16,20,2368.928
7968,4667,729,1,68134.25,0.0,68134.25,10,61320.825
7969,4668,1235,1,553.98,20.04,533.94,10,498.5820000000001
7970,4669,1405,2,2466.18,664.94,4267.42,10,2219.562
7971,4670,801,1,13055.24,1691.94,11363.3,0,13055.24
7972,4670,892,2,1931.15,200.68,3661.62,10,1738.035
7973,4671,237,2,1747.18,139.71,3354.65,10,1572.462
7974,4671,1080,1,2562.42,370.06,2192.36,20,2049.936
7975,4671,980,1,1563.36,5.97,1557.39,10,1407.024
7976,4672,809,1,36231.4,2161.94,34069.46,10,32608.26
7977,4673,888,1,3404.87,404.22,3000.65,20,2723.896
7978,4673,471,3,1279.56,215.82,3622.86,10,1151.604
7979,4673,1157,1,4990.11,400.05,4590.06,20,3992.088
7980,4673,1426,1,2854.6,25.18,2829.42,20,2283.68
7981,4674,58,1,2642.32,131.09,2511.23,20,2113.856
7982,4674,173,2,1351.37,370.93,2331.81,10,1216.233
7983,4674,15,1,1095.25,20.15,1075.1,30,766.675
7984,4674,1060,1,2050.27,120.51,1929.76,0,2050.27
7985,4674,261,1,38676.18,2430.67,36245.51,30,27073.326
7986,4675,1183,1,393.77,28.49,365.28,0,393.77
7987,4675,915,1,40160.77,2490.68,37670.09,30,28112.539
7988,4676,754,2,2211.94,8.4,4415.48,0,2211.94
7989,4677,409,1,1326.94,57.43,1269.51,30,928.858
7990,4678,457,1,805.01,0.0,805.01,10,724.509
7991,4678,679,1,3603.31,0.0,3603.31,20,2882.648
7992,4678,546,1,90167.22,0.0,90167.22,30,63117.054
7993,4678,1472,1,3429.31,0.0,3429.31,10,3086.379
7994,4678,50,2,7178.02,0.0,14356.04,10,6460.218000000001
7995,4679,835,1,522.2,6.37,515.83,10,469.9800000000001
7996,4679,1305,1,2759.94,57.11,2702.83,30,1931.958
7997,4679,1567,1,119671.35,9117.57,110553.78,30,83769.94499999999
7998,4679,1347,1,1641.29,231.81,1409.48,30,1148.9029999999998
7999,4680,1292,1,848.45,112.39,736.06,10,763.605
8000,4681,1566,1,2317.3,0.0,2317.3,30,1622.11
8001,4682,831,1,3180.63,0.0,3180.63,30,2226.441
8002,4683,1532,1,52783.97,0.0,52783.97,10,47505.573
8003,4684,746,2,118090.14,0.0,236180.28,20,94472.112
8004,4684,1362,1,288.96,0.0,288.96,10,260.064
8005,4685,1121,1,3804.86,366.35,3438.51,30,2663.402
8006,4685,937,1,4363.89,614.75,3749.14,20,3491.1120000000005
8007,4685,175,1,579.09,26.95,552.14,0,579.09
8008,4685,1071,1,4682.43,397.42,4285.01,20,3745.944
8009,4686,303,1,3839.35,0.0,3839.35,20,3071.48
8010,4686,907,2,1423.0,0.0,2846.0,10,1280.7
8011,4687,972,1,58923.09,2842.88,56080.21,30,41246.16299999999
8012,4688,799,1,45775.71,0.0,45775.71,0,45775.71
8013,4689,147,1,3458.77,219.18,3239.59,0,3458.77
8014,4689,1140,1,913.89,90.49,823.4,30,639.723
8015,4689,404,1,47358.62,2726.05,44632.57,10,42622.758
8016,4690,502,1,9519.47,1248.09,8271.38,0,9519.47
8017,4690,1254,1,93864.59,9071.59,84793.0,30,65705.21299999999
8018,4691,207,1,796.08,0.0,796.08,0,796.08
8019,4692,715,1,114670.41,5604.31,109066.1,10,103203.369
8020,4693,1230,1,994.26,0.0,994.26,20,795.408
8021,4693,70,2,2559.4,0.0,5118.8,30,1791.58
8022,4693,350,1,667.72,0.0,667.72,30,467.404
8023,4693,1364,2,23422.89,0.0,46845.78,30,16396.022999999997
8024,4694,1018,1,376.18,9.55,366.63,30,263.326
8025,4694,921,1,158189.7,647.29,157542.41,20,126551.76
8026,4695,565,1,823.08,4.97,818.11,20,658.464
8027,4696,12,1,13993.18,620.56,13372.62,0,13993.18
8028,4696,1116,1,9372.19,527.17,8845.02,20,7497.752
8029,4696,1595,3,18497.48,7526.24,47966.2,0,18497.48
8030,4697,268,1,112481.7,0.0,112481.7,0,112481.7
8031,4698,1463,1,77244.61,0.0,77244.61,10,69520.149
8032,4698,196,2,61624.8,0.0,123249.6,20,49299.84
8033,4698,37,2,1893.59,0.0,3787.18,10,1704.231
8034,4699,950,1,2629.74,142.39,2487.35,30,1840.818
8035,4699,1526,1,111921.52,5992.5,105929.02,30,78345.064
8036,4700,249,1,2119.28,0.0,2119.28,0,2119.28
8037,4700,189,1,2123.95,0.0,2123.95,20,1699.16
8038,4701,506,1,1834.39,80.15,1754.24,10,1650.951
8039,4701,657,1,60338.17,3556.84,56781.33,30,42236.719
8040,4702,1322,1,21785.34,0.0,21785.34,0,21785.34
8041,4702,1004,2,2995.17,0.0,5990.34,0,2995.17
8042,4703,323,1,87171.31,0.0,87171.31,0,87171.31
8043,4704,1560,1,77206.12,3837.21,73368.91,30,54044.28399999999
8044,4704,1302,1,52798.3,6405.59,46392.71,30,36958.81
8045,4704,473,1,2980.81,76.23,2904.58,30,2086.567
8046,4704,474,2,2113.22,511.47,3714.97,30,1479.2539999999997
8047,4705,1524,1,4935.26,0.0,4935.26,0,4935.26
8048,4705,1184,1,1670.78,0.0,1670.78,10,1503.702
8049,4705,1396,1,4528.45,0.0,4528.45,30,3169.9149999999995
8050,4706,736,2,784.34,13.25,1555.43,10,705.9060000000001
8051,4706,1170,1,4694.51,230.91,4463.6,10,4225.059
8052,4706,525,2,2675.87,385.84,4965.9,10,2408.283
8053,4707,1211,1,3864.77,171.12,3693.65,0,3864.77
8054,4708,1167,1,3045.6,178.42,2867.18,20,2436.48
8055,4708,1390,1,32277.62,1121.98,31155.64,20,25822.096
8056,4708,797,1,40285.16,2736.98,37548.18,20,32228.128000000004
8057,4708,164,2,5969.19,1063.61,10874.77,0,5969.19
8058,4709,186,1,118273.99,0.0,118273.99,30,82791.793
8059,4710,1046,1,9087.52,0.0,9087.52,10,8178.768000000001
8060,4711,1484,1,86983.02,7972.83,79010.19,20,69586.41600000001
8061,4712,279,1,41417.49,6197.89,35219.6,20,33133.992
8062,4712,267,1,825.8,16.46,809.34,10,743.22
8063,4712,1083,1,384.05,40.29,343.76,20,307.24
8064,4712,522,1,664.42,18.35,646.07,10,597.978
8065,4712,719,1,17225.88,1566.13,15659.75,0,17225.88
8066,4713,474,1,2113.22,170.48,1942.74,20,1690.576
8067,4714,1514,2,411.96,17.47,806.45,10,370.764
8068,4715,1403,1,2570.65,0.0,2570.65,0,2570.65
8069,4716,235,2,1536.81,459.48,2614.14,30,1075.7669999999998
8070,4716,1584,1,750.13,75.71,674.42,10,675.117
8071,4717,1127,1,4770.92,12.0,4758.92,10,4293.828
8072,4718,568,1,163028.84,0.0,163028.84,20,130423.072
8073,4719,701,1,47197.58,0.0,47197.58,30,33038.306
8074,4720,213,1,25465.76,41.11,25424.65,0,25465.76
8075,4720,393,1,28510.23,3843.73,24666.5,20,22808.184
8076,4720,10,1,661.22,19.61,641.61,10,595.0980000000001
8077,4720,1241,1,1430.84,210.55,1220.29,0,1430.84
8078,4720,54,2,86418.7,14295.32,158542.08,0,86418.7
8079,4721,739,1,79788.12,8849.16,70938.96,30,55851.684
8080,4721,596,2,1371.16,309.12,2433.2,0,1371.16
8081,4721,851,1,752.31,77.45,674.86,20,601.848
8082,4721,371,2,8486.38,2196.58,14776.18,20,6789.103999999999
8083,4722,484,1,3780.52,324.99,3455.53,20,3024.416
8084,4723,394,1,2706.99,166.4,2540.59,20,2165.592
8085,4724,765,1,4477.1,448.51,4028.59,20,3581.6800000000003
8086,4725,235,1,1536.81,0.0,1536.81,30,1075.7669999999998
8087,4726,1575,1,1239.06,124.15,1114.91,20,991.248
8088,4726,1157,1,4990.11,293.96,4696.15,0,4990.11
8089,4727,1063,1,2532.13,282.23,2249.9,30,1772.491
8090,4728,38,1,175329.35,22485.15,152844.2,20,140263.48
8091,4729,1078,1,2235.87,7.14,2228.73,10,2012.283
8092,4729,1454,1,2482.25,131.83,2350.42,10,2234.025
8093,4730,699,3,3048.78,806.71,8339.63,0,3048.78
8094,4730,149,1,3820.3,202.61,3617.69,10,3438.2700000000004
8095,4731,311,1,5092.96,538.55,4554.41,20,4074.368
8096,4731,1376,1,901.13,134.74,766.39,10,811.017
8097,4731,1328,1,2127.08,97.59,2029.49,20,1701.664
8098,4731,620,1,172365.66,1405.25,170960.41,0,172365.66
8099,4732,1071,1,4682.43,690.08,3992.35,20,3745.944
8100,4732,639,1,1460.92,92.52,1368.4,30,1022.644
8101,4732,902,1,4514.4,387.18,4127.22,20,3611.52
8102,4732,1005,1,5455.75,811.13,4644.62,0,5455.75
8103,4733,639,1,1460.92,0.0,1460.92,30,1022.644
8104,4734,776,2,1435.82,146.19,2725.45,30,1005.0739999999998
8105,4735,1309,1,1320.81,0.0,1320.81,0,1320.81
8106,4735,1473,1,1456.73,0.0,1456.73,10,1311.057
8107,4736,1265,1,753.76,55.89,697.87,0,753.76
8108,4737,636,1,915.13,96.48,818.65,20,732.104
8109,4737,253,1,13060.79,1322.23,11738.56,0,13060.79
8110,4738,340,1,652.5,0.0,652.5,0,652.5
8111,4739,506,1,1834.39,0.0,1834.39,10,1650.951
8112,4740,984,1,79210.58,2239.42,76971.16,30,55447.406
8113,4740,2,1,6733.54,25.53,6708.01,30,4713.478
8114,4741,948,1,3718.48,112.94,3605.54,20,2974.784
8115,4742,208,2,7944.3,0.0,15888.6,0,7944.3
8116,4742,1139,1,1288.36,0.0,1288.36,0,1288.36
8117,4742,520,1,4941.54,0.0,4941.54,20,3953.232
8118,4743,147,1,3458.77,244.41,3214.36,10,3112.893
8119,4744,811,1,1385.81,112.54,1273.27,20,1108.648
8120,4744,289,1,2410.54,291.52,2119.02,20,1928.432
8121,4745,718,1,7664.54,941.1,6723.44,0,7664.54
8122,4745,394,1,2706.99,77.03,2629.96,0,2706.99
8123,4745,888,1,3404.87,62.67,3342.2,10,3064.383
8124,4745,926,2,1593.68,327.17,2860.19,0,1593.68
8125,4746,315,1,29996.05,1679.79,28316.26,10,26996.445
8126,4746,37,1,1893.59,181.41,1712.18,10,1704.231
8127,4746,523,1,53515.35,369.5,53145.85,30,37460.745
8128,4747,337,2,4173.88,124.76,8223.0,0,4173.88
8129,4747,100,1,2961.16,348.57,2612.59,30,2072.812
8130,4748,1086,1,1518.57,0.0,1518.57,0,1518.57
8131,4749,588,1,2898.84,148.09,2750.75,30,2029.188
8132,4750,465,2,3059.86,0.0,6119.72,30,2141.902
8133,4750,1235,1,553.98,0.0,553.98,20,443.184
8134,4751,315,2,29996.05,6470.49,53521.61,0,29996.05
8135,4751,207,1,796.08,101.73,694.35,30,557.256
8136,4752,164,1,5969.19,0.0,5969.19,0,5969.19
8137,4753,506,1,1834.39,210.95,1623.44,20,1467.5120000000002
8138,4753,610,2,1489.26,8.99,2969.53,10,1340.334
8139,4754,680,1,237.17,0.0,237.17,0,237.17
8140,4754,1463,1,77244.61,0.0,77244.61,10,69520.149
8141,4755,1098,1,48652.71,0.0,48652.71,0,48652.71
8142,4756,789,1,83642.73,9501.51,74141.22,20,66914.184
8143,4757,268,3,112481.7,0.0,337445.1,0,112481.7
8144,4758,129,3,879.21,0.0,2637.63,10,791.2890000000001
8145,4759,1558,3,1952.71,0.0,5858.13,10,1757.439
8146,4760,1552,1,34238.79,0.0,34238.79,20,27391.032000000003
8147,4761,968,1,4831.61,0.0,4831.61,0,4831.61
8148,4761,451,1,767.82,0.0,767.82,20,614.2560000000001
8149,4761,1464,1,11752.88,0.0,11752.88,0,11752.88
8150,4762,1285,1,571.66,0.0,571.66,20,457.328
8151,4763,187,1,3239.79,0.0,3239.79,10,2915.811
8152,4763,589,1,2374.59,0.0,2374.59,0,2374.59
8153,4763,1062,1,29542.18,0.0,29542.18,0,29542.18
8154,4764,1500,1,3078.22,0.0,3078.22,0,3078.22
8155,4765,1047,3,1308.14,0.0,3924.42,30,915.698
8156,4766,1220,1,37492.11,0.0,37492.11,0,37492.11
8157,4767,110,2,118575.77,0.0,237151.54,10,106718.193
8158,4768,734,1,43727.49,3340.58,40386.91,30,30609.242999999995
8159,4768,1540,1,113226.73,11129.87,102096.86,0,113226.73
8160,4769,224,1,1977.53,0.0,1977.53,0,1977.53
8161,4769,910,1,112070.62,0.0,112070.62,0,112070.62
8162,4769,337,2,4173.88,0.0,8347.76,20,3339.1040000000003
8163,4769,473,1,2980.81,0.0,2980.81,20,2384.648
8164,4769,1351,1,1256.09,0.0,1256.09,10,1130.481
8165,4770,685,1,2479.15,48.19,2430.96,30,1735.405
8166,4771,708,1,71148.88,0.0,71148.88,20,56919.10400000001
8167,4772,35,1,1495.14,0.0,1495.14,30,1046.598
8168,4773,1077,2,40938.16,3303.35,78572.97,0,40938.16
8169,4774,767,1,2061.1,46.69,2014.41,10,1854.99
8170,4775,673,1,94567.66,0.0,94567.66,20,75654.12800000001
8171,4775,1401,2,3069.45,0.0,6138.9,0,3069.45
8172,4776,1517,1,3093.55,91.76,3001.79,20,2474.84
8173,4777,1089,1,76783.54,0.0,76783.54,20,61426.832
8174,4778,1431,1,949.29,0.0,949.29,30,664.5029999999999
8175,4779,680,1,237.17,0.0,237.17,10,213.453
8176,4779,529,1,2902.91,0.0,2902.91,0,2902.91
8177,4780,97,1,286.42,33.33,253.09,30,200.494
8178,4781,345,1,1234.99,0.0,1234.99,30,864.4929999999999
8179,4782,21,1,417.88,60.41,357.47,30,292.516
8180,4782,772,1,1518.07,103.27,1414.8,0,1518.07
8181,4783,1454,1,2482.25,0.0,2482.25,0,2482.25
8182,4784,798,1,3718.85,239.71,3479.14,0,3718.85
8183,4784,1525,2,368.87,23.5,714.24,0,368.87
8184,4784,808,3,124999.97,6898.51,368101.4,10,112499.973
8185,4785,700,1,7717.28,767.55,6949.73,30,5402.096
8186,4786,1423,1,183.64,10.55,173.09,0,183.64
8187,4787,766,1,77346.82,2779.19,74567.63,30,54142.774000000005
8188,4787,797,1,40285.16,1643.76,38641.4,20,32228.128000000004
8189,4787,1215,1,3634.8,204.08,3430.72,30,2544.36
8190,4788,545,1,470.77,0.0,470.77,0,470.77
8191,4788,1241,1,1430.84,0.0,1430.84,20,1144.672
8192,4789,774,1,91105.66,1713.65,89392.01,0,91105.66
8193,4790,1110,1,1968.96,0.0,1968.96,0,1968.96
8194,4791,637,1,24290.06,3030.92,21259.14,30,17003.042
8195,4791,816,1,3330.84,90.97,3239.87,10,2997.7560000000003
8196,4792,695,2,887.94,85.71,1690.17,0,887.94
8197,4793,101,1,68775.54,5378.32,63397.22,10,61897.986
8198,4793,1290,1,485.49,30.3,455.19,30,339.843
8199,4794,161,1,1230.1,99.95,1130.15,30,861.0699999999999
8200,4794,27,1,594.98,76.98,518.0,0,594.98
8201,4795,1405,1,2466.18,0.0,2466.18,20,1972.944
8202,4795,1501,1,31743.02,0.0,31743.02,20,25394.416
8203,4796,1503,1,49950.6,0.0,49950.6,20,39960.48
8204,4797,791,1,1322.37,0.0,1322.37,10,1190.133
8205,4798,931,2,2958.87,0.0,5917.74,30,2071.209
8206,4799,355,1,2452.28,236.05,2216.23,20,1961.8240000000003
8207,4799,74,1,2354.49,172.88,2181.61,10,2119.041
8208,4800,1089,1,76783.54,0.0,76783.54,20,61426.832
8209,4800,413,1,2455.33,0.0,2455.33,30,1718.7309999999998
8210,4801,892,1,1931.15,0.0,1931.15,30,1351.805
8211,4801,494,1,2127.83,0.0,2127.83,20,1702.264
8212,4801,1022,1,7813.98,0.0,7813.98,10,7032.581999999999
8213,4801,56,1,174294.31,0.0,174294.31,10,156864.87900000002
8214,4802,463,1,3827.3,0.0,3827.3,30,2679.11
8215,4803,496,1,28606.14,2361.93,26244.21,10,25745.526
8216,4803,1312,2,45576.24,5003.05,86149.43,30,31903.367999999995
8217,4804,548,1,1506.84,21.7,1485.14,30,1054.7879999999998
8218,4804,263,2,4480.11,111.9,8848.32,10,4032.099
8219,4804,29,1,42286.57,2744.22,39542.35,0,42286.57
8220,4804,685,1,2479.15,286.36,2192.79,30,1735.405
8221,4805,689,1,41378.36,0.0,41378.36,20,33102.688
8222,4805,1553,1,2742.09,0.0,2742.09,10,2467.8810000000003
8223,4805,1549,1,1129.63,0.0,1129.63,30,790.741
8224,4805,541,2,43654.41,0.0,87308.82,10,39288.969000000005
8225,4805,805,1,1899.4,0.0,1899.4,10,1709.46
8226,4806,4,1,121078.87,13339.47,107739.4,30,84755.20899999999
8227,4807,811,1,1385.81,0.0,1385.81,30,970.067
8228,4808,451,2,767.82,108.85,1426.79,10,691.038
8229,4809,957,1,20246.89,0.0,20246.89,20,16197.512
8230,4810,511,2,621.58,129.97,1113.19,20,497.26400000000007
8231,4811,1242,1,120746.52,17123.2,103623.32,0,120746.52
8232,4811,726,1,117534.69,9998.2,107536.49,10,105781.221
8233,4812,1387,2,859.88,215.13,1504.63,20,687.904
8234,4813,351,1,1015.46,9.25,1006.21,0,1015.46
8235,4813,705,1,34487.91,57.96,34429.95,0,34487.91
8236,4813,663,3,4145.53,1854.08,10582.51,0,4145.53
8237,4813,493,2,3440.64,1008.71,5872.57,20,2752.512
8238,4813,183,2,2735.6,673.2,4798.0,10,2462.04
8239,4814,179,1,71832.87,0.0,71832.87,0,71832.87
8240,4815,1399,1,626.11,27.53,598.58,0,626.11
8241,4816,92,1,55734.91,0.0,55734.91,10,50161.419
8242,4816,829,1,5385.17,0.0,5385.17,0,5385.17
8243,4816,873,3,1037.71,0.0,3113.13,10,933.939
8244,4817,678,2,2482.88,0.0,4965.76,30,1738.016
8245,4818,269,1,130385.87,0.0,130385.87,0,130385.87
8246,4819,1371,2,316.58,79.8,553.36,30,221.606
8247,4820,632,1,2584.26,0.0,2584.26,0,2584.26
8248,4821,1535,1,4110.59,0.0,4110.59,20,3288.472
8249,4821,240,2,138590.82,0.0,277181.64,10,124731.738
8250,4821,339,1,706.67,0.0,706.67,30,494.6689999999999
8251,4821,1268,1,30703.2,0.0,30703.2,0,30703.2
8252,4821,1299,1,3414.72,0.0,3414.72,0,3414.72
8253,4822,185,1,987.57,112.22,875.35,10,888.8130000000001
8254,4822,157,3,39923.68,7939.13,111831.91,20,31938.944000000003
8255,4822,828,1,957.7,55.04,902.66,20,766.1600000000001
8256,4822,960,1,1955.05,105.43,1849.62,20,1564.04
8257,4823,701,1,47197.58,0.0,47197.58,10,42477.822
8258,4823,687,1,1968.64,0.0,1968.64,30,1378.048
8259,4824,556,1,959.6,0.0,959.6,30,671.72
8260,4824,1277,1,48882.84,0.0,48882.84,0,48882.84
8261,4825,853,1,2122.25,139.21,1983.04,20,1697.8000000000002
8262,4826,1389,1,2657.25,201.22,2456.03,0,2657.25
8263,4826,1357,1,30982.51,3967.65,27014.86,0,30982.51
8264,4827,199,1,26074.89,1953.82,24121.07,20,20859.912
8265,4828,46,1,4876.53,155.56,4720.97,30,3413.5709999999995
8266,4828,227,1,54300.88,5590.36,48710.52,30,38010.616
8267,4828,1390,1,32277.62,4696.29,27581.33,10,29049.858
8268,4829,1122,1,3238.36,229.83,3008.53,20,2590.688
8269,4830,443,1,20303.01,0.0,20303.01,0,20303.01
8270,4831,644,1,2644.87,0.0,2644.87,10,2380.383
8271,4831,354,1,2738.94,0.0,2738.94,0,2738.94
8272,4831,961,1,89733.28,0.0,89733.28,10,80759.952
8273,4831,775,1,1623.11,0.0,1623.11,20,1298.488
8274,4832,1565,2,3314.16,460.12,6168.2,10,2982.744
8275,4832,377,1,53405.16,4824.05,48581.11,0,53405.16
8276,4833,454,2,79042.42,6445.19,151639.65,20,63233.936
8277,4833,1140,1,913.89,31.82,882.07,10,822.501
8278,4834,225,1,1280.27,95.09,1185.18,20,1024.216
8279,4835,1274,1,118948.19,12741.03,106207.16,0,118948.19
8280,4835,520,1,4941.54,230.98,4710.56,20,3953.232
8281,4836,584,3,2326.41,589.97,6389.26,30,1628.487
8282,4837,1535,1,4110.59,0.0,4110.59,0,4110.59
8283,4837,8,1,822.97,0.0,822.97,0,822.97
8284,4838,932,1,66425.97,3211.74,63214.23,30,46498.179
8285,4838,696,2,74127.77,19998.76,128256.78,30,51889.439
8286,4839,182,1,143105.46,871.89,142233.57,10,128794.914
8287,4840,388,2,3732.52,0.0,7465.04,30,2612.764
8288,4841,535,1,1119.88,137.95,981.93,20,895.9040000000001
8289,4841,38,3,175329.35,53927.94,472060.11,20,140263.48
8290,4841,1117,1,628.26,91.13,537.13,0,628.26
8291,4841,569,1,1937.28,225.05,1712.23,30,1356.096
8292,4841,1370,1,62115.24,784.77,61330.47,0,62115.24
8293,4842,111,1,38654.56,28.98,38625.58,10,34789.104
8294,4843,1480,2,4188.58,0.0,8377.16,0,4188.58
8295,4843,1470,2,1649.73,0.0,3299.46,20,1319.784
8296,4843,1124,1,28111.89,0.0,28111.89,30,19678.323
8297,4843,1493,1,625.05,0.0,625.05,20,500.04
8298,4843,737,1,25069.29,0.0,25069.29,20,20055.432
8299,4844,765,1,4477.1,435.83,4041.27,10,4029.39
8300,4844,571,1,136354.08,3251.02,133103.06,20,109083.264
8301,4845,635,1,3970.58,208.46,3762.12,10,3573.522
8302,4846,290,1,32947.49,3474.34,29473.15,20,26357.992
8303,4846,333,3,71887.84,26310.72,189352.8,10,64699.056
8304,4847,870,2,2862.61,361.23,5363.99,20,2290.088
8305,4847,364,1,996.71,64.64,932.07,0,996.71
8306,4847,487,1,30451.12,699.38,29751.74,10,27406.008
8307,4847,301,1,3075.11,167.3,2907.81,30,2152.577
8308,4847,392,1,3400.93,134.42,3266.51,30,2380.651
8309,4848,259,2,1980.52,396.68,3564.36,0,1980.52
8310,4849,97,1,286.42,16.33,270.09,30,200.494
8311,4850,1546,1,5167.64,478.85,4688.79,0,5167.64
8312,4851,387,1,538.52,57.49,481.03,20,430.816
8313,4852,1048,1,71604.88,7241.75,64363.13,10,64444.39200000001
8314,4853,602,1,3153.82,199.74,2954.08,20,2523.0560000000005
8315,4854,51,2,467.19,0.0,934.38,10,420.471
8316,4855,1279,1,4693.11,341.9,4351.21,20,3754.488
8317,4856,1210,1,769.6,0.0,769.6,10,692.64
8318,4857,1285,2,571.66,154.03,989.29,30,400.162
8319,4858,1308,2,1123.17,171.28,2075.06,20,898.5360000000001
8320,4858,200,1,3189.27,67.68,3121.59,30,2232.489
8321,4858,386,1,5216.92,581.54,4635.38,20,4173.536
8322,4859,481,1,1789.37,42.85,1746.52,20,1431.496
8323,4859,470,1,2088.11,132.17,1955.94,20,1670.4880000000005
8324,4860,1082,1,3419.64,216.19,3203.45,30,2393.748
8325,4861,146,1,80324.28,0.0,80324.28,10,72291.852
8326,4861,728,1,36071.09,0.0,36071.09,20,28856.872
8327,4862,1489,1,877.0,0.0,877.0,10,789.3000000000001
8328,4863,1534,1,8395.14,0.0,8395.14,0,8395.14
8329,4864,904,1,1779.5,0.0,1779.5,20,1423.6
8330,4864,339,1,706.67,0.0,706.67,0,706.67
8331,4865,1390,1,32277.62,2594.91,29682.71,20,25822.096
8332,4866,1242,1,120746.52,0.0,120746.52,10,108671.868
8333,4866,945,1,1136.14,0.0,1136.14,20,908.912
8334,4867,1497,1,9582.92,0.0,9582.92,20,7666.336
8335,4867,925,1,405.11,0.0,405.11,0,405.11
8336,4868,716,1,710.73,0.0,710.73,10,639.657
8337,4869,1204,1,122881.84,0.0,122881.84,30,86017.28799999999
8338,4870,1566,2,2317.3,108.17,4526.43,0,2317.3
8339,4870,71,1,75515.31,4079.19,71436.12,30,52860.717
8340,4871,592,1,1067.91,125.66,942.25,20,854.3280000000001
8341,4872,523,1,53515.35,0.0,53515.35,10,48163.815
8342,4873,679,1,3603.31,0.0,3603.31,0,3603.31
8343,4874,815,1,30194.05,1661.65,28532.4,10,27174.645
8344,4874,214,1,16299.24,1539.06,14760.18,0,16299.24
8345,4874,1424,2,63487.87,10685.69,116290.05,20,50790.296
8346,4874,412,1,5380.91,211.75,5169.16,30,3766.637
8347,4875,633,1,131443.04,3412.35,128030.69,0,131443.04
8348,4876,1058,1,1092.55,142.71,949.84,30,764.785
8349,4877,1500,2,3078.22,551.06,5605.38,10,2770.398
8350,4877,401,1,1312.43,169.83,1142.6,0,1312.43
8351,4878,1302,1,52798.3,4515.99,48282.31,20,42238.64000000001
8352,4879,1532,2,52783.97,3141.0,102426.94,10,47505.573
8353,4879,557,1,40353.14,674.89,39678.25,30,28247.198
8354,4880,1209,1,3547.28,0.0,3547.28,10,3192.552
8355,4881,937,1,4363.89,295.48,4068.41,30,3054.723
8356,4882,1480,1,4188.58,569.0,3619.58,10,3769.722
8357,4882,48,1,29841.27,1062.52,28778.75,0,29841.27
8358,4883,805,1,1899.4,234.52,1664.88,30,1329.58
8359,4884,1456,1,63693.01,1707.9,61985.11,30,44585.107
8360,4884,582,3,5287.79,1650.56,14212.81,20,4230.232
8361,4885,454,1,79042.42,0.0,79042.42,30,55329.694
8362,4886,307,1,4585.11,0.0,4585.11,0,4585.11
8363,4887,486,1,2457.37,0.0,2457.37,20,1965.896
8364,4888,1259,1,420.62,41.98,378.64,30,294.434
8365,4889,1459,1,3227.95,304.18,2923.77,10,2905.155
8366,4889,1562,1,1492.59,25.52,1467.07,10,1343.331
8367,4889,426,1,804.21,50.19,754.02,10,723.7890000000001
8368,4890,1036,1,4064.58,0.0,4064.58,0,4064.58
8369,4891,160,1,589.97,10.77,579.2,10,530.9730000000001
8370,4892,335,1,3243.97,181.52,3062.45,20,2595.176
8371,4892,398,1,2421.46,106.15,2315.31,10,2179.3140000000003
8372,4892,707,1,2710.38,46.54,2663.84,0,2710.38
8373,4892,581,1,5438.01,124.13,5313.88,10,4894.209000000001
8374,4892,1349,1,1367.29,38.84,1328.45,20,1093.832
8375,4893,93,1,26807.56,1992.54,24815.02,20,21446.048000000003
8376,4894,185,1,987.57,0.0,987.57,20,790.056
8377,4895,1160,1,3385.71,0.0,3385.71,30,2369.997
8378,4896,371,1,8486.38,0.0,8486.38,0,8486.38
8379,4897,1415,1,36353.29,895.12,35458.17,10,32717.961000000003
8380,4898,1133,3,750.52,316.37,1935.19,20,600.416
8381,4899,414,1,6207.38,157.09,6050.29,30,4345.166
8382,4899,1016,1,36631.13,989.78,35641.35,20,29304.904
8383,4899,356,2,5467.85,849.37,10086.33,0,5467.85
8384,4899,1401,1,3069.45,306.62,2762.83,10,2762.505
8385,4899,11,1,23533.14,1491.29,22041.85,10,21179.826
8386,4900,872,2,369.78,106.35,633.21,10,332.802
8387,4901,1568,1,113591.21,11439.17,102152.04,0,113591.21
8388,4902,1324,1,70919.44,3157.11,67762.33,30,49643.608
8389,4902,103,1,3868.11,71.45,3796.66,10,3481.299
8390,4903,1432,1,1342.16,199.79,1142.37,0,1342.16
8391,4903,1308,1,1123.17,154.05,969.12,30,786.219
8392,4904,1260,1,664.92,96.25,568.67,10,598.428
8393,4905,899,1,401.48,41.88,359.6,10,361.3320000000001
8394,4905,911,1,108679.97,3157.08,105522.89,0,108679.97
8395,4906,181,1,40273.05,0.0,40273.05,20,32218.44
8396,4906,551,1,2682.04,0.0,2682.04,0,2682.04
8397,4907,1327,1,26530.9,0.0,26530.9,20,21224.72
8398,4908,871,3,2192.25,0.0,6576.75,20,1753.8000000000002
8399,4908,311,1,5092.96,0.0,5092.96,30,3565.072
8400,4909,1329,1,2430.96,0.0,2430.96,30,1701.672
8401,4910,948,1,3718.48,549.91,3168.57,10,3346.632
8402,4910,1511,1,26635.3,3662.72,22972.58,10,23971.77
8403,4910,1407,1,43168.92,2012.68,41156.24,0,43168.92
8404,4910,1257,1,518.04,74.34,443.7,30,362.62799999999993
8405,4911,987,1,719.67,0.0,719.67,10,647.703
8406,4912,495,1,61768.34,8104.47,53663.87,0,61768.34
8407,4913,299,1,1512.24,136.67,1375.57,20,1209.792
8408,4914,436,1,147796.0,11890.06,135905.94,0,147796.0
8409,4915,294,1,41961.75,3921.21,38040.54,30,29373.225
8410,4916,150,1,43135.57,0.0,43135.57,10,38822.013
8411,4916,1412,2,4726.92,0.0,9453.84,10,4254.228
8412,4916,904,1,1779.5,0.0,1779.5,0,1779.5
8413,4916,13,1,3885.29,0.0,3885.29,20,3108.232
8414,4917,1242,1,120746.52,16514.16,104232.36,30,84522.564
8415,4918,312,1,1612.79,223.74,1389.05,30,1128.953
8416,4919,553,1,620.66,59.56,561.1,30,434.46199999999993
8417,4919,606,2,87181.18,10475.15,163887.21,10,78463.06199999999
8418,4919,839,1,289.42,17.66,271.76,10,260.478
8419,4920,939,1,2627.03,286.26,2340.77,30,1838.921
8420,4920,1217,1,2877.25,202.78,2674.47,0,2877.25
8421,4920,936,2,30096.25,964.53,59227.97,30,21067.375
8422,4921,175,3,579.09,5.87,1731.4,20,463.2720000000001
8423,4921,1323,1,7044.95,549.17,6495.78,20,5635.96
8424,4922,123,3,246.09,51.23,687.04,0,246.09
8425,4923,1434,1,758.95,77.1,681.85,20,607.1600000000001
8426,4923,994,1,526.86,7.47,519.39,0,526.86
8427,4923,1190,1,2241.66,122.46,2119.2,20,1793.328
8428,4923,537,2,127206.42,34201.28,220211.56,10,114485.778
8429,4923,161,1,1230.1,8.83,1221.27,20,984.08
8430,4924,222,1,129577.13,3682.01,125895.12,0,129577.13
8431,4925,313,1,4982.63,503.58,4479.05,20,3986.104
8432,4925,386,1,5216.92,395.61,4821.31,10,4695.228
8433,4925,1013,2,2832.66,764.32,4901.0,0,2832.66
8434,4925,1059,1,3113.14,134.6,2978.54,0,3113.14
8435,4925,563,1,2298.67,124.73,2173.94,30,1609.069
8436,4926,1414,1,605.84,48.68,557.16,0,605.84
8437,4927,111,3,38654.56,0.0,115963.68,10,34789.104
8438,4928,1317,2,2594.28,166.37,5022.19,20,2075.4240000000004
8439,4929,242,3,1239.27,123.09,3594.72,20,991.416
8440,4929,1103,1,55216.49,3385.95,51830.54,20,44173.192
8441,4929,413,1,2455.33,166.87,2288.46,20,1964.264
8442,4930,880,1,3054.09,219.48,2834.61,30,2137.863
8443,4931,511,1,621.58,0.0,621.58,0,621.58
8444,4932,242,1,1239.27,168.98,1070.29,10,1115.343
8445,4932,878,1,26128.07,1384.41,24743.66,10,23515.263
8446,4933,1228,1,8753.11,794.16,7958.95,10,7877.799000000001
8447,4934,490,1,119759.19,8654.38,111104.81,20,95807.352
8448,4934,697,1,415.23,30.18,385.05,0,415.23
8449,4935,616,1,120778.74,2731.66,118047.08,30,84545.118
8450,4936,336,1,31831.67,0.0,31831.67,30,22282.169
8451,4937,166,1,26144.85,2420.13,23724.72,10,23530.365
8452,4937,567,1,3731.6,353.1,3378.5,0,3731.6
8453,4937,1342,1,2246.14,128.0,2118.14,30,1572.2979999999998
8454,4937,807,1,39492.14,609.23,38882.91,0,39492.14
8455,4937,856,1,86092.17,10664.88,75427.29,20,68873.736
8456,4938,403,1,170966.64,16537.93,154428.71,20,136773.312
8457,4939,786,1,521.58,35.69,485.89,20,417.26400000000007
8458,4939,1599,1,4254.12,59.39,4194.73,30,2977.884
8459,4939,1094,1,24047.77,357.59,23690.18,10,21642.993
8460,4939,476,1,76487.54,10005.47,66482.07,20,61190.032
8461,4940,31,1,419.17,37.58,381.59,10,377.253
8462,4941,386,1,5216.92,0.0,5216.92,0,5216.92
8463,4942,1183,1,393.77,36.33,357.44,0,393.77
8464,4942,1484,2,86983.02,16373.62,157592.42,10,78284.71800000001
8465,4943,143,1,2617.21,266.24,2350.97,30,1832.047
8466,4943,25,1,6849.54,485.1,6364.44,30,4794.678
8467,4944,754,1,2211.94,107.08,2104.86,30,1548.358
8468,4945,250,1,47627.73,4792.81,42834.92,10,42864.957
8469,4945,177,1,1395.34,171.29,1224.05,10,1255.806
8470,4946,1401,1,3069.45,27.05,3042.4,10,2762.505
8471,4946,458,1,8217.39,553.03,7664.36,20,6573.912
8472,4946,59,1,3388.26,280.6,3107.66,30,2371.782
8473,4947,454,1,79042.42,0.0,79042.42,20,63233.936
8474,4948,638,1,414.26,53.14,361.12,0,414.26
8475,4949,1524,1,4935.26,433.77,4501.49,30,3454.682
8476,4949,1342,1,2246.14,200.54,2045.6,20,1796.912
8477,4949,1042,1,90516.75,6491.8,84024.95,0,90516.75
8478,4949,1459,2,3227.95,900.42,5555.48,20,2582.36
8479,4950,345,1,1234.99,7.36,1227.63,0,1234.99
8480,4951,88,2,1758.72,391.93,3125.51,30,1231.104
8481,4952,610,3,1489.26,184.07,4283.71,30,1042.482
8482,4952,1506,1,4761.53,424.58,4336.95,30,3333.0709999999995
8483,4953,513,2,35628.09,0.0,71256.18,30,24939.663
8484,4954,836,2,2325.57,0.0,4651.14,30,1627.899
8485,4954,1387,2,859.88,0.0,1719.76,0,859.88
8486,4954,778,1,1267.98,0.0,1267.98,30,887.586
8487,4954,1189,1,5385.89,0.0,5385.89,30,3770.123
8488,4955,792,1,3233.42,392.04,2841.38,30,2263.394
8489,4956,896,1,1901.81,0.0,1901.81,30,1331.2669999999998
8490,4957,465,1,3059.86,213.25,2846.61,20,2447.8880000000004
8491,4957,990,1,79255.34,2055.55,77199.79,20,63404.272
8492,4957,1483,1,3832.7,312.71,3519.99,10,3449.43
8493,4958,936,1,30096.25,2485.51,27610.74,10,27086.625
8494,4958,706,1,2585.08,39.92,2545.16,20,2068.064
8495,4959,305,1,3492.14,397.99,3094.15,0,3492.14
8496,4960,752,1,9440.91,0.0,9440.91,0,9440.91
8497,4961,1513,1,2099.25,107.66,1991.59,0,2099.25
8498,4961,295,1,2098.64,45.14,2053.5,10,1888.776
8499,4962,1123,1,3390.11,267.37,3122.74,0,3390.11
8500,4963,179,3,71832.87,8559.7,206938.91,0,71832.87
8501,4963,191,1,1689.13,177.37,1511.76,0,1689.13
8502,4964,1299,3,3414.72,551.23,9692.93,0,3414.72
8503,4965,570,3,21654.56,3339.18,61624.5,20,17323.648
8504,4966,345,1,1234.99,127.46,1107.53,10,1111.491
8505,4966,150,1,43135.57,3396.61,39738.96,20,34508.456
8506,4967,1169,1,2642.98,211.45,2431.53,0,2642.98
8507,4968,378,1,8651.16,262.6,8388.56,10,7786.044
8508,4968,891,2,2855.61,120.98,5590.24,0,2855.61
8509,4969,26,1,4152.23,141.47,4010.76,0,4152.23
8510,4970,1279,1,4693.11,393.69,4299.42,30,3285.177
8511,4970,1484,1,86983.02,4104.56,82878.46,30,60888.114
8512,4970,1488,1,62639.65,6433.83,56205.82,30,43847.755
8513,4971,1150,2,2765.55,0.0,5531.1,30,1935.885
8514,4971,1448,1,35381.82,0.0,35381.82,0,35381.82
8515,4972,1141,1,2583.37,365.82,2217.55,20,2066.696
8516,4973,631,1,1700.48,0.0,1700.48,10,1530.432
8517,4973,1580,2,21552.31,0.0,43104.62,30,15086.617
8518,4973,1266,1,60887.16,0.0,60887.16,30,42621.012
8519,4974,329,1,110700.38,15279.98,95420.4,0,110700.38
8520,4974,897,1,1844.43,99.28,1745.15,0,1844.43
8521,4975,974,1,1464.98,191.37,1273.61,20,1171.9840000000002
8522,4975,189,1,2123.95,66.77,2057.18,20,1699.16
8523,4975,229,3,3924.91,231.54,11543.19,0,3924.91
8524,4976,551,1,2682.04,32.88,2649.16,0,2682.04
8525,4977,106,1,23476.97,797.57,22679.4,20,18781.576
8526,4978,818,2,1924.73,228.83,3620.63,20,1539.784
8527,4979,447,1,2160.35,0.0,2160.35,10,1944.315
8528,4980,76,1,14993.91,0.0,14993.91,0,14993.91
8529,4981,418,1,1715.75,216.22,1499.53,10,1544.175
8530,4981,690,1,2245.24,126.61,2118.63,10,2020.716
8531,4982,1171,1,14343.47,148.97,14194.5,0,14343.47
8532,4983,766,1,77346.82,1413.39,75933.43,10,69612.138
8533,4983,617,3,3079.68,760.05,8478.99,30,2155.776
8534,4984,619,1,33190.64,0.0,33190.64,10,29871.576
8535,4985,652,1,40194.62,1503.33,38691.29,20,32155.696000000004
8536,4986,25,1,6849.54,718.87,6130.67,20,5479.6320000000005
8537,4987,537,2,127206.42,30832.41,223580.43,30,89044.49399999999
8538,4988,1074,2,3149.29,175.1,6123.48,20,2519.432
8539,4988,1213,1,56227.35,5290.35,50937.0,10,50604.615
8540,4988,736,1,784.34,9.89,774.45,10,705.9060000000001
8541,4988,1568,3,113591.21,13313.5,327460.13,20,90872.968
8542,4989,466,1,92637.16,4762.5,87874.66,20,74109.728
8543,4990,738,1,47701.21,6533.68,41167.53,0,47701.21
8544,4991,846,1,3823.36,108.61,3714.75,20,3058.688
8545,4992,1392,1,14134.24,535.61,13598.63,20,11307.392
8546,4993,976,1,2919.89,0.0,2919.89,10,2627.901
8547,4993,1000,1,116356.97,0.0,116356.97,0,116356.97
8548,4994,740,1,4537.97,134.6,4403.37,30,3176.579
8549,4995,1525,1,368.87,40.86,328.01,0,368.87
8550,4995,1016,1,36631.13,2748.24,33882.89,0,36631.13
8551,4996,1064,1,1731.13,127.83,1603.3,0,1731.13
8552,4997,436,1,147796.0,3961.58,143834.42,30,103457.2
8553,4998,386,1,5216.92,0.0,5216.92,10,4695.228
8554,4999,163,1,44768.27,4194.28,40573.99,10,40291.443
8555,4999,412,1,5380.91,89.65,5291.26,30,3766.637
8556,5000,836,3,2325.57,0.0,6976.71,10,2093.0130000000004
8557,5000,1094,1,24047.77,0.0,24047.77,30,16833.439
8558,5001,935,2,1851.82,29.06,3674.58,30,1296.274
8559,5001,1537,3,5378.14,2175.27,13959.15,30,3764.698
8560,5002,816,1,3330.84,108.03,3222.81,10,2997.7560000000003
8561,5002,628,1,175107.4,8918.55,166188.85,0,175107.4
8562,5002,347,2,38655.66,2390.37,74920.95,10,34790.094000000005
8563,5002,356,2,5467.85,1062.21,9873.49,20,4374.280000000001
8564,5003,55,1,38559.98,0.0,38559.98,10,34703.982
8565,5004,175,1,579.09,73.15,505.94,10,521.181
8566,5004,891,1,2855.61,394.4,2461.21,10,2570.049
8567,5004,1079,2,8886.97,120.77,17653.17,0,8886.97
8568,5004,1413,2,3338.33,227.9,6448.76,20,2670.664
8569,5004,1338,1,2238.46,7.68,2230.78,30,1566.922
8570,5005,322,1,8789.14,1231.81,7557.33,10,7910.226
8571,5006,1573,1,3177.29,458.9,2718.39,0,3177.29
8572,5007,928,1,2851.06,0.0,2851.06,0,2851.06
8573,5008,387,1,538.52,55.89,482.63,0,538.52
8574,5009,1206,2,2044.94,73.35,4016.53,10,1840.446
8575,5010,1013,1,2832.66,0.0,2832.66,30,1982.862
8576,5011,268,1,112481.7,9813.03,102668.67,10,101233.53
8577,5012,1012,3,1697.86,567.63,4525.95,20,1358.288
8578,5013,1138,1,3203.49,478.13,2725.36,10,2883.141
8579,5014,1365,1,75380.11,4128.12,71251.99,10,67842.099
8580,5014,379,1,231.54,26.29,205.25,0,231.54
8581,5015,79,1,37609.6,1862.03,35747.57,10,33848.64
8582,5016,13,1,3885.29,28.57,3856.72,10,3496.761
8583,5016,1510,1,5438.97,736.98,4701.99,30,3807.279
8584,5017,398,3,2421.46,394.82,6869.56,20,1937.168
8585,5018,75,1,8157.48,0.0,8157.48,20,6525.984
8586,5019,148,1,60801.41,0.0,60801.41,20,48641.128
8587,5020,575,1,49336.95,4667.55,44669.4,20,39469.56
8588,5020,716,2,710.73,72.12,1349.34,20,568.5840000000001
8589,5021,1404,2,172878.97,0.0,345757.94,10,155591.073
8590,5021,800,1,308.13,0.0,308.13,20,246.504
8591,5021,928,1,2851.06,0.0,2851.06,30,1995.742
8592,5021,191,1,1689.13,0.0,1689.13,30,1182.391
8593,5022,1163,1,46301.19,707.49,45593.7,20,37040.952000000005
8594,5023,172,1,348.87,0.0,348.87,10,313.983
8595,5023,1013,1,2832.66,0.0,2832.66,30,1982.862
8596,5024,42,1,7358.23,0.0,7358.23,0,7358.23
8597,5025,97,1,286.42,7.72,278.7,10,257.778
8598,5026,1490,2,516.42,75.45,957.39,0,516.42
8599,5027,1488,1,62639.65,6041.51,56598.14,10,56375.685000000005
8600,5028,1082,1,3419.64,478.53,2941.11,10,3077.676
8601,5028,1388,1,44645.42,6420.12,38225.3,10,40180.878
8602,5029,533,1,32637.56,0.0,32637.56,20,26110.048000000003
8603,5029,489,3,758.34,0.0,2275.02,20,606.672
8604,5030,311,2,5092.96,1374.56,8811.36,0,5092.96
8605,5030,297,1,10115.63,1389.6,8726.03,10,9104.067
8606,5030,630,1,646.69,84.14,562.55,0,646.69
8607,5031,755,1,118973.39,1589.74,117383.65,0,118973.39
8608,5032,198,1,2056.64,0.0,2056.64,10,1850.976
8609,5032,1352,1,10981.21,0.0,10981.21,30,7686.846999999999
8610,5032,919,1,64205.31,0.0,64205.31,0,64205.31
8611,5033,225,1,1280.27,0.0,1280.27,0,1280.27
8612,5033,1082,1,3419.64,0.0,3419.64,0,3419.64
8613,5034,723,1,161396.12,14385.97,147010.15,30,112977.284
8614,5034,1099,1,28507.26,538.84,27968.42,20,22805.808
8615,5034,1062,1,29542.18,544.34,28997.84,0,29542.18
8616,5035,731,1,3899.67,377.19,3522.48,20,3119.7360000000003
8617,5035,14,1,2125.0,68.47,2056.53,20,1700.0
8618,5036,1092,1,48077.53,0.0,48077.53,10,43269.777
8619,5036,1480,1,4188.58,0.0,4188.58,10,3769.722
8620,5037,58,1,2642.32,0.0,2642.32,0,2642.32
8621,5038,507,1,55812.59,0.0,55812.59,30,39068.813
8622,5038,1215,1,3634.8,0.0,3634.8,30,2544.36
8623,5038,740,3,4537.97,0.0,13613.91,10,4084.173
8624,5039,1110,1,1968.96,134.03,1834.93,0,1968.96
8625,5039,580,1,870.31,127.93,742.38,30,609.2169999999999
8626,5040,180,1,112845.7,0.0,112845.7,20,90276.56
8627,5040,350,1,667.72,0.0,667.72,20,534.176
8628,5041,1236,1,529.36,26.92,502.44,0,529.36
8629,5041,662,1,1180.85,64.14,1116.71,30,826.5949999999999
8630,5041,622,2,135527.88,26532.88,244522.88,20,108422.304
8631,5041,1562,1,1492.59,206.32,1286.27,10,1343.331
8632,5042,1291,1,45103.84,3682.12,41421.72,10,40593.456
8633,5043,369,1,124766.67,11073.99,113692.68,30,87336.669
8634,5044,1123,1,3390.11,0.0,3390.11,0,3390.11
8635,5044,352,1,93433.5,0.0,93433.5,20,74746.8
8636,5044,1497,2,9582.92,0.0,19165.84,0,9582.92
8637,5045,774,3,91105.66,0.0,273316.98,0,91105.66
8638,5046,1187,1,175626.18,0.0,175626.18,20,140500.944
8639,5046,782,1,32396.84,0.0,32396.84,10,29157.156
8640,5047,903,1,39591.52,546.87,39044.65,30,27714.063999999995
8641,5047,159,1,332.72,0.34,332.38,10,299.44800000000004
8642,5048,858,1,1887.65,0.0,1887.65,0,1887.65
8643,5049,169,1,6619.4,10.56,6608.84,20,5295.52
8644,5050,1059,2,3113.14,129.29,6096.99,30,2179.198
8645,5051,1321,1,10565.62,1513.67,9051.95,0,10565.62
8646,5052,334,1,1881.36,0.0,1881.36,10,1693.224
8647,5053,1599,1,4254.12,187.49,4066.63,20,3403.2960000000003
8648,5054,487,1,30451.12,4162.53,26288.59,20,24360.896
8649,5055,1536,2,26543.86,0.0,53087.72,10,23889.474
8650,5055,1512,1,10568.45,0.0,10568.45,30,7397.915
8651,5056,618,2,3480.15,741.05,6219.25,30,2436.105
8652,5057,56,1,174294.31,1108.36,173185.95,30,122006.017
8653,5058,1573,1,3177.29,0.0,3177.29,10,2859.561
8654,5059,1348,1,3802.67,504.19,3298.48,30,2661.869
8655,5060,351,1,1015.46,87.18,928.28,30,710.822
8656,5060,163,1,44768.27,4250.46,40517.81,20,35814.616
8657,5061,911,1,108679.97,9512.21,99167.76,30,76075.97899999999
8658,5062,199,1,26074.89,0.0,26074.89,10,23467.401
8659,5063,1200,1,2190.69,324.93,1865.76,10,1971.621
8660,5063,962,1,1108.44,89.52,1018.92,30,775.908
8661,5063,1227,2,2155.48,589.31,3721.65,0,2155.48
8662,5063,274,2,61941.5,3558.31,120324.69,10,55747.35
8663,5063,764,1,2664.12,235.93,2428.19,0,2664.12
8664,5064,1376,1,901.13,0.0,901.13,0,901.13
8665,5065,483,1,14895.15,1699.77,13195.38,30,10426.605
8666,5066,1120,1,85415.3,10671.26,74744.04,0,85415.3
8667,5067,324,1,112608.37,0.0,112608.37,10,101347.533
8668,5068,149,1,3820.3,365.16,3455.14,30,2674.21
8669,5069,1479,1,948.68,0.0,948.68,10,853.812
8670,5070,29,2,42286.57,7011.47,77561.67,20,33829.256
8671,5071,531,2,58790.28,7623.45,109957.11,20,47032.224
8672,5072,733,2,9342.39,771.53,17913.25,0,9342.39
8673,5073,451,1,767.82,91.04,676.78,20,614.2560000000001
8674,5074,251,1,2367.88,66.2,2301.68,20,1894.304
8675,5074,833,1,3282.57,52.88,3229.69,20,2626.0560000000005
8676,5074,551,2,2682.04,387.93,4976.15,20,2145.632
8677,5074,1412,1,4726.92,212.45,4514.47,30,3308.844
8678,5075,432,1,13694.16,185.56,13508.6,30,9585.911999999998
8679,5075,228,1,1579.03,37.08,1541.95,30,1105.321
8680,5075,908,1,3981.14,193.93,3787.21,30,2786.798
8681,5075,149,1,3820.3,370.45,3449.85,10,3438.2700000000004
8682,5075,543,1,59778.75,6790.77,52987.98,10,53800.875
8683,5076,298,1,54274.29,4817.87,49456.42,0,54274.29
8684,5076,595,1,42135.25,3726.52,38408.73,20,33708.200000000004
8685,5077,114,1,46974.46,0.0,46974.46,20,37579.568
8686,5078,1560,2,77206.12,0.0,154412.24,20,61764.896
8687,5078,973,1,30788.48,0.0,30788.48,30,21551.936
8688,5079,525,1,2675.87,310.47,2365.4,10,2408.283
8689,5080,51,1,467.19,34.7,432.49,20,373.752
8690,5081,300,1,180650.08,20078.46,160571.62,30,126455.05599999998
8691,5082,1400,1,92951.15,3094.12,89857.03,0,92951.15
8692,5083,74,1,2354.49,252.07,2102.42,30,1648.1429999999998
8693,5084,1291,1,45103.84,3924.51,41179.33,20,36083.072
8694,5085,519,2,35380.31,4369.51,66391.11,20,28304.248
8695,5086,225,1,1280.27,172.52,1107.75,10,1152.243
8696,5087,1404,2,172878.97,0.0,345757.94,30,121015.279
8697,5087,1395,1,2489.72,0.0,2489.72,20,1991.776
8698,5088,520,1,4941.54,70.14,4871.4,10,4447.386
8699,5089,362,2,122309.51,14150.12,230468.9,20,97847.608
8700,5090,250,1,47627.73,0.0,47627.73,0,47627.73
8701,5091,477,1,1565.23,15.64,1549.59,10,1408.707
8702,5092,1310,1,35413.03,2864.86,32548.17,0,35413.03
8703,5093,1505,1,43480.18,2132.96,41347.22,20,34784.144
8704,5093,566,1,601.7,22.88,578.82,20,481.36000000000007
8705,5093,1094,1,24047.77,2101.44,21946.33,20,19238.216
8706,5094,140,2,2580.55,0.0,5161.1,10,2322.4950000000003
8707,5095,1562,2,1492.59,0.0,2985.18,30,1044.813
8708,5095,157,1,39923.68,0.0,39923.68,0,39923.68
8709,5096,732,1,29208.99,0.0,29208.99,30,20446.293
8710,5097,1416,1,158592.95,6193.06,152399.89,0,158592.95
8711,5098,1145,1,539.28,24.37,514.91,10,485.352
8712,5099,1055,1,61678.24,2029.32,59648.92,0,61678.24
8713,5100,795,1,14011.76,1067.89,12943.87,10,12610.584
8714,5100,1341,1,36074.93,1134.39,34940.54,20,28859.944000000003
8715,5101,183,3,2735.6,798.23,7408.57,20,2188.48
8716,5102,449,2,35199.45,8772.45,61626.45,30,24639.615
8717,5103,1271,1,414.51,51.23,363.28,20,331.608
8718,5104,1267,2,2049.76,258.98,3840.54,20,1639.8080000000002
8719,5105,1545,1,82188.32,0.0,82188.32,0,82188.32
8720,5105,855,1,440.43,0.0,440.43,30,308.301
8721,5105,835,1,522.2,0.0,522.2,30,365.54
8722,5105,914,1,3732.26,0.0,3732.26,20,2985.8080000000004
8723,5105,1224,1,3160.05,0.0,3160.05,20,2528.0400000000004
8724,5106,1190,1,2241.66,0.0,2241.66,10,2017.494
8725,5106,1517,1,3093.55,0.0,3093.55,0,3093.55
8726,5107,1589,1,103645.76,0.0,103645.76,20,82916.60800000001
8727,5108,1244,1,3810.15,262.81,3547.34,30,2667.105
8728,5108,341,1,48560.82,2373.96,46186.86,30,33992.574
8729,5109,347,1,38655.66,0.0,38655.66,0,38655.66
8730,5109,206,1,1614.43,0.0,1614.43,0,1614.43
8731,5109,356,2,5467.85,0.0,10935.7,30,3827.495
8732,5109,1210,1,769.6,0.0,769.6,10,692.64
8733,5110,393,1,28510.23,3547.97,24962.26,30,19957.161
8734,5110,1142,1,99.91,8.58,91.33,10,89.919
8735,5111,855,1,440.43,41.91,398.52,30,308.301
8736,5111,199,1,26074.89,533.29,25541.6,10,23467.401
8737,5112,680,1,237.17,21.62,215.55,0,237.17
8738,5113,1535,2,4110.59,645.99,7575.19,0,4110.59
8739,5114,920,1,44354.36,0.0,44354.36,10,39918.924
8740,5115,94,3,43997.06,1902.08,130089.1,30,30797.941999999995
8741,5115,962,1,1108.44,57.86,1050.58,30,775.908
8742,5116,1560,1,77206.12,6130.58,71075.54,0,77206.12
8743,5117,1469,1,3359.54,109.17,3250.37,0,3359.54
8744,5118,740,1,4537.97,0.0,4537.97,30,3176.579
8745,5119,373,2,2258.78,0.0,4517.56,0,2258.78
8746,5119,350,1,667.72,0.0,667.72,0,667.72
8747,5120,347,2,38655.66,0.0,77311.32,10,34790.094000000005
8748,5121,666,2,996.62,22.13,1971.11,30,697.634
8749,5122,153,2,39307.26,2899.34,75715.18,30,27515.082
8750,5122,299,1,1512.24,84.83,1427.41,10,1361.016
8751,5123,390,1,48086.5,0.0,48086.5,20,38469.2
8752,5124,608,1,39712.41,1339.51,38372.9,20,31769.928000000004
8753,5125,1572,1,2427.87,0.0,2427.87,30,1699.5089999999998
8754,5125,1365,1,75380.11,0.0,75380.11,30,52766.077
8755,5126,1106,1,8946.99,0.0,8946.99,10,8052.291
8756,5127,1521,1,2652.67,380.03,2272.64,30,1856.869
8757,5127,28,1,101663.1,12710.91,88952.19,30,71164.17
8758,5128,1175,1,1647.24,0.0,1647.24,30,1153.068
8759,5129,744,1,2778.95,0.0,2778.95,0,2778.95
8760,5130,1158,1,973.98,121.54,852.44,0,973.98
8761,5131,1211,2,3864.77,0.0,7729.54,30,2705.339
8762,5131,1396,1,4528.45,0.0,4528.45,10,4075.605
8763,5131,1005,1,5455.75,0.0,5455.75,10,4910.175
8764,5131,363,3,3377.19,0.0,10131.57,10,3039.471
8765,5132,1147,1,14582.77,0.0,14582.77,30,10207.939
8766,5133,1538,1,1905.21,0.9,1904.31,30,1333.647
8767,5133,533,1,32637.56,2436.86,30200.7,10,29373.804
8768,5134,1192,1,70917.05,6183.84,64733.21,20,56733.64000000001
8769,5135,1515,1,2940.55,280.4,2660.15,30,2058.385
8770,5136,1153,1,145864.75,2893.74,142971.01,0,145864.75
8771,5137,105,1,172880.36,19381.95,153498.41,10,155592.324
8772,5138,232,1,38831.08,2667.45,36163.63,30,27181.756
8773,5139,1257,1,518.04,0.0,518.04,0,518.04
8774,5140,1480,1,4188.58,0.0,4188.58,30,2932.006
8775,5140,224,1,1977.53,0.0,1977.53,30,1384.271
8776,5141,698,1,38785.26,1830.69,36954.57,0,38785.26
8777,5141,87,1,3322.65,167.79,3154.86,30,2325.855
8778,5142,1324,1,70919.44,7903.86,63015.58,10,63827.49600000001
8779,5142,1097,1,57166.17,757.34,56408.83,0,57166.17
8780,5142,1031,1,356.88,8.33,348.55,10,321.192
8781,5143,623,1,4342.57,198.93,4143.64,0,4342.57
8782,5143,784,2,2840.63,446.63,5234.63,30,1988.441
8783,5143,237,1,1747.18,85.84,1661.34,30,1223.026
8784,5143,1229,1,32064.71,3435.11,28629.6,0,32064.71
8785,5144,1191,1,37568.14,5323.38,32244.76,30,26297.698
8786,5144,379,1,231.54,21.9,209.64,20,185.232
8787,5144,1250,1,42939.79,3181.54,39758.25,0,42939.79
8788,5145,1492,1,2438.62,310.11,2128.51,20,1950.896
8789,5146,1554,1,2832.89,0.0,2832.89,30,1983.023
8790,5147,944,2,9096.72,2709.6,15483.84,10,8187.048
8791,5147,922,1,1939.57,43.21,1896.36,0,1939.57
8792,5148,20,1,21536.92,344.8,21192.12,0,21536.92
8793,5148,1087,1,1167.58,62.88,1104.7,0,1167.58
8794,5148,203,1,543.78,44.8,498.98,30,380.646
8795,5148,1470,1,1649.73,94.54,1555.19,30,1154.811
8796,5148,77,2,375.9,76.91,674.89,0,375.9
8797,5149,246,1,1755.56,0.0,1755.56,10,1580.004
8798,5149,623,1,4342.57,0.0,4342.57,30,3039.7989999999995
8799,5149,544,1,28257.91,0.0,28257.91,10,25432.119
8800,5149,466,1,92637.16,0.0,92637.16,20,74109.728
8801,5150,42,1,7358.23,0.0,7358.23,30,5150.761
8802,5151,1512,1,10568.45,355.4,10213.05,20,8454.76
8803,5151,237,1,1747.18,86.07,1661.11,30,1223.026
8804,5152,1445,1,1339.23,108.49,1230.74,0,1339.23
8805,5153,196,1,61624.8,0.0,61624.8,20,49299.84
8806,5154,1049,1,26000.8,0.0,26000.8,30,18200.56
8807,5155,304,2,2314.39,0.0,4628.78,10,2082.951
8808,5156,649,1,975.94,0.0,975.94,20,780.7520000000001
8809,5157,280,1,30594.49,0.0,30594.49,0,30594.49
8810,5158,152,1,110450.49,0.0,110450.49,30,77315.343
8811,5159,643,1,3058.33,135.64,2922.69,20,2446.664
8812,5159,103,1,3868.11,345.69,3522.42,30,2707.677
8813,5159,696,1,74127.77,9063.69,65064.08,20,59302.21600000001
8814,5159,1079,3,8886.97,497.4,26163.51,30,6220.878999999999
8815,5160,1463,1,77244.61,7118.19,70126.42,30,54071.227
8816,5161,1406,2,34181.12,9625.59,58736.65,20,27344.896000000004
8817,5162,466,1,92637.16,13507.81,79129.35,10,83373.444
8818,5162,1530,1,2958.0,230.77,2727.23,30,2070.6
8819,5163,1569,1,109637.89,15617.65,94020.24,30,76746.523
8820,5163,205,1,400.88,28.18,372.7,20,320.704
8821,5164,416,1,2498.44,167.49,2330.95,30,1748.908
8822,5164,333,1,71887.84,10732.71,61155.13,10,64699.056
8823,5165,160,1,589.97,10.48,579.49,20,471.97600000000006
8824,5166,1241,1,1430.84,12.35,1418.49,30,1001.588
8825,5167,1214,1,84155.3,3445.34,80709.96,30,58908.71
8826,5167,272,1,8822.9,1321.35,7501.55,0,8822.9
8827,5168,326,1,1199.33,7.04,1192.29,0,1199.33
8828,5168,1333,1,2421.09,291.0,2130.09,20,1936.8720000000003
8829,5169,63,1,58822.41,426.81,58395.6,10,52940.169
8830,5169,316,1,4284.75,491.51,3793.24,20,3427.8
8831,5170,676,1,2284.87,0.0,2284.87,10,2056.383
8832,5170,1014,1,1806.34,0.0,1806.34,0,1806.34
8833,5170,499,3,2538.2,0.0,7614.6,30,1776.7399999999998
8834,5171,1494,1,18167.06,2401.45,15765.61,30,12716.942
8835,5171,784,2,2840.63,364.52,5316.74,0,2840.63
8836,5172,937,1,4363.89,214.67,4149.22,30,3054.723
8837,5173,1352,2,10981.21,2783.8,19178.62,30,7686.846999999999
8838,5174,1,2,3822.34,0.0,7644.68,30,2675.638
8839,5175,329,3,110700.38,11864.79,320236.35,20,88560.304
8840,5175,1015,1,2376.2,137.77,2238.43,0,2376.2
8841,5175,80,1,5102.56,450.41,4652.15,20,4082.0480000000007
8842,5176,1340,1,4036.45,0.0,4036.45,30,2825.515
8843,5176,195,2,31411.94,0.0,62823.88,30,21988.358
8844,5177,1493,1,625.05,0.0,625.05,0,625.05
8845,5177,1364,1,23422.89,0.0,23422.89,0,23422.89
8846,5178,196,1,61624.8,5845.28,55779.52,10,55462.32000000001
8847,5178,138,1,350.95,15.11,335.84,30,245.665
8848,5178,1011,1,105248.63,9545.23,95703.4,30,73674.041
8849,5178,211,1,1481.21,39.96,1441.25,0,1481.21
8850,5178,1593,1,24336.09,2590.74,21745.35,0,24336.09
8851,5179,391,1,134.99,0.0,134.99,20,107.99200000000002
8852,5179,107,1,284.52,0.0,284.52,30,199.164
8853,5180,15,2,1095.25,0.0,2190.5,30,766.675
8854,5180,1110,1,1968.96,0.0,1968.96,30,1378.272
8855,5180,668,1,734.86,0.0,734.86,20,587.888
8856,5181,1459,1,3227.95,359.59,2868.36,10,2905.155
8857,5182,1368,1,2174.86,0.0,2174.86,30,1522.402
8858,5182,1313,1,1131.03,0.0,1131.03,20,904.824
8859,5182,1565,2,3314.16,0.0,6628.32,30,2319.912
8860,5182,891,1,2855.61,0.0,2855.61,10,2570.049
8861,5182,234,1,47459.41,0.0,47459.41,20,37967.528000000006
8862,5183,1415,1,36353.29,0.0,36353.29,0,36353.29
8863,5183,1081,1,1654.73,0.0,1654.73,10,1489.257
8864,5184,968,2,4831.61,0.0,9663.22,0,4831.61
8865,5185,707,1,2710.38,63.36,2647.02,0,2710.38
8866,5185,1498,1,2948.83,5.43,2943.4,10,2653.947
8867,5185,781,1,78876.75,1644.27,77232.48,0,78876.75
8868,5185,385,1,1018.09,141.88,876.21,20,814.4720000000001
8869,5186,486,1,2457.37,0.0,2457.37,30,1720.159
8870,5187,1581,2,148976.59,8370.78,289582.4,30,104283.613
8871,5188,1358,1,5886.45,483.55,5402.9,30,4120.514999999999
8872,5188,772,1,1518.07,74.59,1443.48,30,1062.649
8873,5189,765,1,4477.1,634.68,3842.42,20,3581.6800000000003
8874,5189,1408,1,4470.06,363.93,4106.13,10,4023.054000000001
8875,5190,487,1,30451.12,3991.63,26459.49,10,27406.008
8876,5191,260,2,631.42,141.72,1121.12,20,505.136
8877,5192,668,1,734.86,30.85,704.01,0,734.86
8878,5193,1486,1,828.48,109.67,718.81,30,579.9359999999999
8879,5194,11,1,23533.14,2049.82,21483.32,0,23533.14
8880,5194,628,1,175107.4,22692.75,152414.65,20,140085.92
8881,5195,252,2,2068.04,0.0,4136.08,10,1861.236
8882,5195,1530,1,2958.0,0.0,2958.0,20,2366.4
8883,5196,321,1,14713.75,0.0,14713.75,30,10299.625
8884,5197,178,2,145568.91,43330.47,247807.35,10,131012.019
8885,5198,582,1,5287.79,384.36,4903.43,30,3701.453
8886,5199,1584,1,750.13,0.0,750.13,30,525.091
8887,5200,511,1,621.58,75.67,545.91,10,559.422
8888,5200,1472,1,3429.31,459.97,2969.34,10,3086.379
8889,5201,1375,2,3435.74,0.0,6871.48,0,3435.74
8890,5201,534,2,1012.79,0.0,2025.58,10,911.511
8891,5202,226,1,44766.35,2753.7,42012.65,10,40289.715
8892,5203,185,1,987.57,0.0,987.57,10,888.8130000000001
8893,5204,1202,2,54005.3,9791.58,98219.02,0,54005.3
8894,5205,760,1,3059.27,384.65,2674.62,10,2753.343
8895,5206,1337,1,618.42,82.44,535.98,10,556.578
8896,5206,62,1,1751.48,233.65,1517.83,20,1401.1840000000002
8897,5206,573,1,2677.84,207.14,2470.7,30,1874.488
8898,5207,1118,1,2926.02,22.63,2903.39,0,2926.02
8899,5208,628,1,175107.4,0.0,175107.4,20,140085.92
8900,5208,368,1,53610.72,0.0,53610.72,0,53610.72
8901,5209,904,1,1779.5,0.0,1779.5,10,1601.55
8902,5209,1514,1,411.96,0.0,411.96,30,288.372
8903,5210,890,2,930.52,258.64,1602.4,30,651.3639999999999
8904,5210,810,1,26333.87,707.55,25626.32,30,18433.709
8905,5211,384,1,4128.03,549.52,3578.51,20,3302.424
8906,5211,699,1,3048.78,329.41,2719.37,0,3048.78
8907,5211,1323,1,7044.95,250.8,6794.15,10,6340.455
8908,5211,346,1,1214.52,14.34,1200.18,10,1093.068
8909,5211,1547,1,658.88,59.26,599.62,30,461.216
8910,5212,1480,1,4188.58,49.66,4138.92,0,4188.58
8911,5212,1455,1,1924.18,133.21,1790.97,10,1731.7620000000002
8912,5213,172,1,348.87,35.88,312.99,0,348.87
8913,5213,1569,1,109637.89,5244.17,104393.72,10,98674.101
8914,5213,344,1,1068.92,117.32,951.6,10,962.028
8915,5213,298,1,54274.29,3657.02,50617.27,0,54274.29
8916,5213,354,1,2738.94,64.12,2674.82,30,1917.258
8917,5214,1159,1,285.32,0.0,285.32,10,256.788
8918,5214,941,3,2360.32,0.0,7080.96,0,2360.32
8919,5215,663,1,4145.53,0.0,4145.53,20,3316.424
8920,5216,1391,1,4780.43,0.0,4780.43,0,4780.43
8921,5217,943,1,1254.75,23.53,1231.22,10,1129.275
8922,5218,1521,1,2652.67,0.0,2652.67,20,2122.136
8923,5219,962,1,1108.44,117.18,991.26,0,1108.44
8924,5220,840,1,162782.38,0.0,162782.38,0,162782.38
8925,5220,1238,1,916.17,0.0,916.17,0,916.17
8926,5221,1199,2,1211.39,0.0,2422.78,10,1090.2510000000002
8927,5222,615,1,513.46,0.0,513.46,10,462.114
8928,5223,1163,2,46301.19,9485.74,83116.64,10,41671.071
8929,5223,1475,2,57952.35,7856.55,108048.15,20,46361.880000000005
8930,5224,259,1,1980.52,0.0,1980.52,0,1980.52
8931,5225,728,1,36071.09,4040.79,32030.3,20,28856.872
8932,5226,1327,2,26530.9,0.0,53061.8,20,21224.72
8933,5226,1227,1,2155.48,0.0,2155.48,20,1724.384
8934,5227,1234,2,108776.14,20843.11,196709.17,10,97898.526
8935,5227,720,1,342.29,13.97,328.32,30,239.603
8936,5228,710,2,32724.34,7813.6,57635.08,0,32724.34
8937,5228,1277,1,48882.84,5214.03,43668.81,30,34217.988
8938,5229,456,3,3419.83,0.0,10259.49,0,3419.83
8939,5229,319,3,6678.03,0.0,20034.09,30,4674.620999999999
8940,5230,183,1,2735.6,7.61,2727.99,30,1914.92
8941,5230,378,1,8651.16,317.53,8333.63,0,8651.16
8942,5231,1316,1,343.7,20.68,323.02,30,240.59
8943,5232,602,1,3153.82,387.22,2766.6,10,2838.438
8944,5233,296,1,13792.96,0.0,13792.96,10,12413.664
8945,5234,544,3,28257.91,528.73,84245.0,10,25432.119
8946,5235,87,2,3322.65,553.1,6092.2,30,2325.855
8947,5236,116,2,2413.81,0.0,4827.62,20,1931.048
8948,5237,1096,1,6155.76,128.48,6027.28,10,5540.184
8949,5238,1420,1,1349.54,147.37,1202.17,30,944.678
8950,5238,1574,1,969.18,15.66,953.52,20,775.344
8951,5239,1313,2,1131.03,0.0,2262.06,0,1131.03
8952,5240,91,1,1351.15,0.0,1351.15,20,1080.92
8953,5241,1232,1,2225.05,0.0,2225.05,20,1780.0400000000002
8954,5242,556,2,959.6,0.0,1919.2,20,767.6800000000001
8955,5242,1437,1,889.31,0.0,889.31,20,711.448
8956,5243,272,1,8822.9,0.0,8822.9,30,6176.03
8957,5243,1292,1,848.45,0.0,848.45,0,848.45
8958,5244,1065,1,3958.62,0.0,3958.62,30,2771.034
8959,5245,197,1,4870.47,0.0,4870.47,0,4870.47
8960,5246,1475,1,57952.35,8170.98,49781.37,20,46361.880000000005
8961,5247,35,1,1495.14,48.65,1446.49,30,1046.598
8962,5248,1188,1,81653.1,11457.73,70195.37,20,65322.48000000001
8963,5249,1097,1,57166.17,0.0,57166.17,10,51449.553
8964,5249,1243,1,2783.2,0.0,2783.2,20,2226.56
8965,5250,295,1,2098.64,58.02,2040.62,20,1678.912
8966,5251,1524,1,4935.26,365.48,4569.78,0,4935.26
8967,5252,146,1,80324.28,0.0,80324.28,0,80324.28
8968,5252,316,3,4284.75,0.0,12854.25,10,3856.275
8969,5252,393,1,28510.23,0.0,28510.23,20,22808.184
8970,5252,332,1,1578.22,0.0,1578.22,20,1262.576
8971,5252,1371,1,316.58,0.0,316.58,20,253.264
8972,5253,1580,1,21552.31,2464.28,19088.03,30,15086.617
8973,5254,1210,2,769.6,24.7,1514.5,20,615.6800000000001
8974,5254,7,1,2327.69,277.46,2050.23,0,2327.69
8975,5254,1196,1,4357.76,67.28,4290.48,0,4357.76
8976,5254,1239,1,1812.2,177.69,1634.51,10,1630.98
8977,5254,1586,2,4275.29,799.83,7750.75,30,2992.703
8978,5255,697,1,415.23,0.0,415.23,10,373.7070000000001
8979,5256,220,1,3360.14,0.0,3360.14,0,3360.14
8980,5256,538,1,636.0,0.0,636.0,30,445.2
8981,5256,1311,1,5198.45,0.0,5198.45,10,4678.605
8982,5257,1395,2,2489.72,0.0,4979.44,10,2240.748
8983,5258,1389,3,2657.25,228.74,7743.01,10,2391.525
8984,5258,1212,2,157753.88,41618.94,273888.82,0,157753.88
8985,5259,823,2,24569.14,4325.51,44812.77,20,19655.312
8986,5259,51,1,467.19,68.45,398.74,10,420.471
8987,5260,1437,1,889.31,0.0,889.31,10,800.379
8988,5260,943,1,1254.75,0.0,1254.75,10,1129.275
8989,5260,1399,1,626.11,0.0,626.11,10,563.499
8990,5261,1162,3,5062.81,1329.01,13859.42,30,3543.967
8991,5262,1309,1,1320.81,21.2,1299.61,20,1056.648
8992,5263,1121,1,3804.86,369.18,3435.68,20,3043.8880000000004
8993,5263,1326,1,1936.13,181.75,1754.38,10,1742.517
8994,5264,1281,1,25227.32,3653.11,21574.21,20,20181.856
8995,5265,156,1,2305.14,266.39,2038.75,20,1844.112
8996,5265,1192,1,70917.05,170.58,70746.47,0,70917.05
8997,5266,1571,1,365.21,50.75,314.46,0,365.21
8998,5267,936,1,30096.25,1855.04,28241.21,20,24077.0
8999,5267,1422,1,1818.34,22.56,1795.78,30,1272.838
9000,5268,451,1,767.82,112.49,655.33,0,767.82
9001,5269,192,1,32254.74,0.0,32254.74,0,32254.74
9002,5270,1135,1,22063.27,584.55,21478.72,10,19856.943
9003,5270,1351,1,1256.09,12.6,1243.49,0,1256.09
9004,5271,1210,2,769.6,81.83,1457.37,30,538.72
9005,5271,353,1,2714.1,311.39,2402.71,20,2171.28
9006,5272,25,1,6849.54,0.0,6849.54,0,6849.54
9007,5273,1166,1,2881.52,0.0,2881.52,10,2593.368
9008,5273,358,1,1436.42,0.0,1436.42,30,1005.494
9009,5274,132,1,2548.46,208.16,2340.3,30,1783.922
9010,5275,699,1,3048.78,0.0,3048.78,10,2743.902
9011,5276,335,1,3243.97,0.0,3243.97,30,2270.7789999999995
9012,5277,1230,1,994.26,120.64,873.62,20,795.408
9013,5278,121,1,250.81,13.91,236.9,30,175.56699999999998
9014,5279,419,1,4089.03,0.0,4089.03,0,4089.03
9015,5279,285,2,3301.99,0.0,6603.98,20,2641.592
9016,5280,627,1,43230.9,0.0,43230.9,0,43230.9
9017,5281,1492,1,2438.62,217.18,2221.44,10,2194.758
9018,5281,323,1,87171.31,12169.26,75002.05,10,78454.179
9019,5281,402,1,1513.62,64.04,1449.58,20,1210.896
9020,5282,1072,1,40911.57,0.0,40911.57,30,28638.099
9021,5283,670,1,1896.46,67.58,1828.88,20,1517.168
9022,5284,1420,1,1349.54,0.0,1349.54,0,1349.54
9023,5285,1364,1,23422.89,2319.43,21103.46,20,18738.312
9024,5286,95,1,24006.46,0.0,24006.46,10,21605.814
9025,5286,1536,3,26543.86,0.0,79631.58,10,23889.474
9026,5286,798,1,3718.85,0.0,3718.85,20,2975.08
9027,5287,414,1,6207.38,428.38,5779.0,10,5586.642
9028,5287,710,1,32724.34,4543.67,28180.67,10,29451.906
9029,5287,601,1,131194.89,12363.24,118831.65,30,91836.423
9030,5287,374,1,3079.52,409.59,2669.93,30,2155.664
9031,5287,1352,1,10981.21,1013.73,9967.48,30,7686.846999999999
9032,5288,1313,1,1131.03,56.16,1074.87,10,1017.927
9033,5289,325,1,1424.65,0.0,1424.65,10,1282.1850000000002
9034,5290,1267,1,2049.76,0.0,2049.76,10,1844.7840000000003
9035,5291,527,1,1152.55,0.0,1152.55,30,806.785
9036,5292,1398,1,2940.48,164.46,2776.02,10,2646.432
9037,5292,291,1,21975.24,3145.81,18829.43,0,21975.24
9038,5293,1212,2,157753.88,0.0,315507.76,20,126203.104
9039,5294,1396,1,4528.45,0.0,4528.45,10,4075.605
9040,5295,903,1,39591.52,3371.75,36219.77,0,39591.52
9041,5295,1581,1,148976.59,2550.06,146426.53,10,134078.931
9042,5296,567,2,3731.6,214.9,7248.3,10,3358.44
9043,5297,996,2,7148.19,0.0,14296.38,30,5003.732999999999
9044,5298,1024,1,2654.56,319.83,2334.73,0,2654.56
9045,5299,1330,1,14735.58,0.0,14735.58,20,11788.464
9046,5299,367,1,39011.03,0.0,39011.03,30,27307.721
9047,5299,1586,1,4275.29,0.0,4275.29,30,2992.703
9048,5299,459,2,2056.03,0.0,4112.06,30,1439.221
9049,5300,741,1,2631.03,210.05,2420.98,30,1841.721
9050,5301,987,1,719.67,77.6,642.07,20,575.736
9051,5302,400,1,767.7,101.22,666.48,30,537.39
9052,5302,194,2,2698.45,238.45,5158.45,10,2428.605
9053,5303,1141,1,2583.37,47.35,2536.02,0,2583.37
9054,5304,583,1,129245.7,0.0,129245.7,0,129245.7
9055,5305,792,1,3233.42,0.0,3233.42,30,2263.394
9056,5306,958,1,1318.24,0.0,1318.24,0,1318.24
9057,5307,374,1,3079.52,0.0,3079.52,0,3079.52
9058,5308,1390,2,32277.62,0.0,64555.24,10,29049.858
9059,5309,552,3,2589.95,1104.62,6665.23,10,2330.955
9060,5310,1578,2,6158.02,377.41,11938.63,30,4310.614
9061,5311,1590,1,154961.7,0.0,154961.7,10,139465.53000000003
9062,5312,1051,1,18311.46,1514.13,16797.33,30,12818.022
9063,5312,1262,1,643.39,13.38,630.01,10,579.051
9064,5313,1306,1,55531.46,2206.82,53324.64,0,55531.46
9065,5314,419,2,4089.03,0.0,8178.06,20,3271.224
9066,5315,664,2,1666.41,456.01,2876.81,0,1666.41
9067,5316,805,1,1899.4,194.72,1704.68,0,1899.4
9068,5317,722,1,844.52,102.85,741.67,0,844.52
9069,5317,801,1,13055.24,895.48,12159.76,30,9138.668
9070,5317,726,1,117534.69,16060.24,101474.45,30,82274.283
9071,5318,972,1,58923.09,6835.58,52087.51,30,41246.16299999999
9072,5319,1211,1,3864.77,114.01,3750.76,20,3091.8160000000003
9073,5320,1414,1,605.84,0.0,605.84,30,424.088
9074,5321,1381,1,41371.29,5754.36,35616.93,10,37234.161
9075,5322,827,1,1826.44,82.2,1744.24,20,1461.152
9076,5323,1257,1,518.04,67.88,450.16,20,414.432
9077,5324,1392,1,14134.24,0.0,14134.24,20,11307.392
9078,5324,1465,2,2247.01,0.0,4494.02,20,1797.6080000000002
9079,5324,1014,1,1806.34,0.0,1806.34,30,1264.438
9080,5324,22,1,4507.04,0.0,4507.04,0,4507.04
9081,5325,693,2,1188.09,0.0,2376.18,20,950.472
9082,5325,939,2,2627.03,0.0,5254.06,20,2101.6240000000003
9083,5325,1320,1,44898.72,0.0,44898.72,10,40408.848000000005
9084,5326,436,1,147796.0,10590.22,137205.78,20,118236.8
9085,5327,910,1,112070.62,0.0,112070.62,30,78449.434
9086,5327,843,1,1184.98,0.0,1184.98,10,1066.482
9087,5328,310,2,4017.89,614.38,7421.4,0,4017.89
9088,5328,411,1,2910.53,76.07,2834.46,20,2328.4240000000004
9089,5329,52,1,23600.44,0.0,23600.44,30,16520.307999999997
9090,5330,1467,1,74.8,0.0,74.8,30,52.35999999999999
9091,5331,1069,1,40522.57,2297.51,38225.06,30,28365.799
9092,5332,1160,3,3385.71,0.0,10157.13,0,3385.71
9093,5332,1573,2,3177.29,0.0,6354.58,0,3177.29
9094,5332,335,1,3243.97,0.0,3243.97,30,2270.7789999999995
9095,5332,1195,1,84848.75,0.0,84848.75,10,76363.875
9096,5332,1436,1,415.76,0.0,415.76,10,374.184
9097,5333,1573,1,3177.29,200.13,2977.16,10,2859.561
9098,5333,731,2,3899.67,0.52,7798.82,0,3899.67
9099,5334,781,1,78876.75,0.0,78876.75,10,70989.075
9100,5334,1510,1,5438.97,0.0,5438.97,30,3807.279
9101,5334,468,1,22472.15,0.0,22472.15,10,20224.935
9102,5335,33,2,2675.61,0.0,5351.22,20,2140.4880000000003
9103,5335,1249,1,2813.36,0.0,2813.36,20,2250.688
9104,5335,984,2,79210.58,0.0,158421.16,10,71289.522
9105,5336,341,1,48560.82,739.17,47821.65,30,33992.574
9106,5336,329,1,110700.38,1696.96,109003.42,30,77490.266
9107,5337,1321,2,10565.62,162.25,20968.99,20,8452.496000000001
9108,5338,1410,1,25912.99,0.0,25912.99,20,20730.392000000003
9109,5339,581,1,5438.01,702.49,4735.52,30,3806.607
9110,5340,104,1,1053.46,111.82,941.64,30,737.422
9111,5340,224,1,1977.53,169.02,1808.51,30,1384.271
9112,5340,673,1,94567.66,9937.59,84630.07,30,66197.362
9113,5340,150,1,43135.57,2576.52,40559.05,30,30194.899
9114,5341,1519,1,2297.98,0.0,2297.98,0,2297.98
9115,5341,1571,1,365.21,0.0,365.21,30,255.647
9116,5341,1100,1,7209.62,0.0,7209.62,30,5046.734
9117,5341,1461,1,33088.65,0.0,33088.65,30,23162.055
9118,5342,1144,1,1149.43,58.91,1090.52,30,804.601
9119,5343,924,3,3898.29,0.0,11694.87,20,3118.632
9120,5343,978,1,2725.86,0.0,2725.86,30,1908.102
9121,5344,947,1,3401.84,189.6,3212.24,0,3401.84
9122,5344,526,1,69280.39,5523.69,63756.7,30,48496.273
9123,5345,367,1,39011.03,0.0,39011.03,10,35109.927
9124,5345,196,1,61624.8,0.0,61624.8,0,61624.8
9125,5345,42,1,7358.23,0.0,7358.23,30,5150.761
9126,5345,1443,1,39621.43,0.0,39621.43,30,27735.001
9127,5346,1502,1,1302.32,95.17,1207.15,0,1302.32
9128,5347,1184,1,1670.78,111.18,1559.6,30,1169.5459999999998
9129,5347,1044,1,9021.21,1005.16,8016.05,10,8119.088999999999
9130,5348,1295,2,4110.18,0.0,8220.36,30,2877.126
9131,5349,1317,1,2594.28,105.83,2488.45,10,2334.8520000000003
9132,5349,869,1,1297.86,108.6,1189.26,10,1168.0739999999998
9133,5350,1035,1,2051.19,0.0,2051.19,0,2051.19
9134,5350,1170,3,4694.51,0.0,14083.53,30,3286.157
9135,5350,342,1,4315.91,0.0,4315.91,10,3884.319
9136,5350,1431,2,949.29,0.0,1898.58,20,759.432
9137,5350,1192,1,70917.05,0.0,70917.05,0,70917.05
9138,5351,1233,1,3456.57,122.86,3333.71,10,3110.913
9139,5352,1563,1,30864.11,2003.81,28860.3,20,24691.288
9140,5353,653,2,818.29,8.47,1628.11,30,572.8029999999999
9141,5353,963,1,121884.72,13124.58,108760.14,20,97507.776
9142,5354,650,1,17350.56,0.0,17350.56,10,15615.504
9143,5354,178,2,145568.91,0.0,291137.82,30,101898.237
9144,5354,175,1,579.09,0.0,579.09,20,463.2720000000001
9145,5354,559,1,7185.86,0.0,7185.86,10,6467.273999999999
9146,5354,1487,1,2520.21,0.0,2520.21,20,2016.168
9147,5355,1234,1,108776.14,0.0,108776.14,0,108776.14
9148,5355,223,1,986.9,0.0,986.9,0,986.9
9149,5356,221,1,1862.88,105.16,1757.72,10,1676.592
9150,5357,1056,1,2409.82,290.83,2118.99,30,1686.874
9151,5358,1535,1,4110.59,119.05,3991.54,10,3699.531
9152,5359,1005,1,5455.75,0.0,5455.75,20,4364.6
9153,5360,606,3,87181.18,0.0,261543.54,10,78463.06199999999
9154,5361,1555,1,2372.47,0.0,2372.47,30,1660.7289999999998
9155,5361,633,1,131443.04,0.0,131443.04,0,131443.04
9156,5362,1557,1,4550.75,382.55,4168.2,0,4550.75
9157,5363,590,1,19908.38,232.99,19675.39,30,13935.866
9158,5364,1302,1,52798.3,0.0,52798.3,20,42238.64000000001
9159,5364,685,1,2479.15,0.0,2479.15,10,2231.235
9160,5364,1023,1,36297.55,0.0,36297.55,20,29038.040000000005
9161,5365,1165,2,452.74,0.0,905.48,0,452.74
9162,5366,501,1,2459.62,0.0,2459.62,20,1967.696
9163,5367,560,1,30947.74,3876.44,27071.3,10,27852.966
9164,5368,1386,1,932.68,76.11,856.57,10,839.4119999999999
9165,5368,1534,1,8395.14,275.03,8120.11,10,7555.625999999999
9166,5369,1001,1,47120.94,463.45,46657.49,30,32984.658
9167,5370,930,2,225.23,0.0,450.46,0,225.23
9168,5370,497,2,3615.69,0.0,7231.38,10,3254.121
9169,5371,1355,1,7004.87,546.83,6458.04,20,5603.896000000001
9170,5372,940,1,35187.89,0.0,35187.89,20,28150.312
9171,5373,785,1,703.23,15.11,688.12,30,492.261
9172,5373,1269,2,2326.75,91.82,4561.68,20,1861.4
9173,5373,590,1,19908.38,216.45,19691.93,0,19908.38
9174,5373,1537,1,5378.14,524.42,4853.72,0,5378.14
9175,5373,1551,1,2108.02,250.63,1857.39,10,1897.218
9176,5374,1446,1,9412.43,149.57,9262.86,10,8471.187
9177,5375,1458,1,3481.03,232.37,3248.66,30,2436.721
9178,5375,758,2,122743.75,24208.24,221279.26,10,110469.375
9179,5376,1134,1,79315.25,2523.43,76791.82,20,63452.2
9180,5377,64,1,27489.86,1433.74,26056.12,10,24740.874
9181,5378,1098,3,48652.71,0.0,145958.13,10,43787.439
9182,5379,739,1,79788.12,4818.0,74970.12,0,79788.12
9183,5380,703,1,2132.29,255.76,1876.53,20,1705.832
9184,5381,409,1,1326.94,93.19,1233.75,30,928.858
9185,5382,1396,1,4528.45,286.1,4242.35,0,4528.45
9186,5383,202,1,83953.83,0.0,83953.83,30,58767.681
9187,5384,19,1,2902.38,390.61,2511.77,20,2321.904
9188,5385,833,1,3282.57,380.95,2901.62,10,2954.313
9189,5385,569,2,1937.28,47.16,3827.4,10,1743.552
9190,5386,1228,1,8753.11,520.81,8232.3,0,8753.11
9191,5387,775,1,1623.11,217.44,1405.67,0,1623.11
9192,5388,1025,1,2450.74,283.44,2167.3,10,2205.666
9193,5389,23,2,2254.98,388.06,4121.9,10,2029.482
9194,5389,252,1,2068.04,299.32,1768.72,20,1654.432
9195,5390,971,1,489.72,36.88,452.84,30,342.804
9196,5390,220,1,3360.14,15.21,3344.93,30,2352.098
9197,5391,643,1,3058.33,0.0,3058.33,10,2752.497
9198,5392,1111,1,92338.19,0.0,92338.19,0,92338.19
9199,5392,683,3,142391.0,0.0,427173.0,30,99673.7
9200,5392,258,1,1648.24,0.0,1648.24,0,1648.24
9201,5392,1010,1,51993.79,0.0,51993.79,10,46794.411
9202,5393,1437,1,889.31,34.69,854.62,0,889.31
9203,5394,581,1,5438.01,640.14,4797.87,0,5438.01
9204,5395,59,2,3388.26,0.0,6776.52,30,2371.782
9205,5395,817,3,2091.51,0.0,6274.53,30,1464.057
9206,5396,1252,3,4619.51,1602.63,12255.9,30,3233.657
9207,5397,1036,2,4064.58,603.73,7525.43,20,3251.664
9208,5398,308,1,93084.78,7417.24,85667.54,10,83776.302
9209,5398,845,1,746.19,46.82,699.37,0,746.19
9210,5399,126,1,1983.21,283.09,1700.12,10,1784.889
9211,5400,29,2,42286.57,0.0,84573.14,0,42286.57
9212,5400,680,2,237.17,0.0,474.34,20,189.736
9213,5400,334,1,1881.36,0.0,1881.36,0,1881.36
9214,5400,330,1,4170.82,0.0,4170.82,30,2919.574
9215,5400,331,1,24483.71,0.0,24483.71,0,24483.71
9216,5401,1565,1,3314.16,345.98,2968.18,20,2651.328
9217,5401,504,1,1042.0,71.9,970.1,30,729.4
9218,5401,1259,2,420.62,114.61,726.63,20,336.49600000000004
9219,5401,744,1,2778.95,97.25,2681.7,10,2501.055
9220,5401,927,1,181542.75,600.87,180941.88,20,145234.2
9221,5402,786,1,521.58,14.56,507.02,0,521.58
9222,5402,1576,1,2033.33,172.47,1860.86,20,1626.664
9223,5403,551,1,2682.04,0.0,2682.04,30,1877.428
9224,5403,448,1,1698.53,0.0,1698.53,30,1188.971
9225,5404,1166,1,2881.52,0.0,2881.52,30,2017.064
9226,5405,666,1,996.62,111.53,885.09,30,697.634
9227,5405,914,3,3732.26,399.91,10796.87,0,3732.26
9228,5406,195,2,31411.94,9297.11,53526.77,0,31411.94
9229,5406,1002,1,67301.61,3887.23,63414.38,30,47111.127
9230,5407,466,1,92637.16,9302.56,83334.6,20,74109.728
9231,5408,977,1,1685.73,0.0,1685.73,20,1348.584
9232,5408,794,1,2509.16,0.0,2509.16,20,2007.328
9233,5408,921,1,158189.7,0.0,158189.7,30,110732.79
9234,5408,280,1,30594.49,0.0,30594.49,0,30594.49
9235,5408,305,1,3492.14,0.0,3492.14,10,3142.926
9236,5409,165,1,4937.72,0.0,4937.72,20,3950.176
9237,5410,17,1,526.33,8.37,517.96,0,526.33
9238,5411,478,1,108976.92,2865.8,106111.12,0,108976.92
9239,5412,957,1,20246.89,562.14,19684.75,30,14172.823
9240,5412,1037,1,110609.66,13874.39,96735.27,10,99548.694
9241,5412,1414,1,605.84,88.75,517.09,0,605.84
9242,5412,546,1,90167.22,9916.26,80250.96,30,63117.054
9243,5412,782,1,32396.84,3397.82,28999.02,20,25917.472
9244,5413,1466,1,536.2,0.0,536.2,20,428.96
9245,5414,1576,1,2033.33,202.14,1831.19,0,2033.33
9246,5415,1408,1,4470.06,200.58,4269.48,0,4470.06
9247,5415,400,1,767.7,55.25,712.45,10,690.9300000000001
9248,5416,600,1,1808.13,232.77,1575.36,0,1808.13
9249,5417,966,1,411.04,57.78,353.26,30,287.728
9250,5418,1196,2,4357.76,0.0,8715.52,20,3486.2080000000005
9251,5419,839,1,289.42,25.17,264.25,10,260.478
9252,5419,436,1,147796.0,10321.18,137474.82,10,133016.4
9253,5420,802,1,2548.8,0.0,2548.8,20,2039.04
9254,5421,202,1,83953.83,667.82,83286.01,10,75558.447
9255,5422,627,1,43230.9,1087.23,42143.67,0,43230.9
9256,5422,255,2,109573.83,1272.17,217875.49,0,109573.83
9257,5422,1511,1,26635.3,3644.51,22990.79,20,21308.24
9258,5423,1278,2,110118.08,1232.7,219003.46,30,77082.656
9259,5423,553,1,620.66,86.83,533.83,0,620.66
9260,5423,362,1,122309.51,9931.88,112377.63,20,97847.608
9261,5424,1327,2,26530.9,959.49,52102.31,10,23877.81
9262,5424,911,1,108679.97,2273.25,106406.72,30,76075.97899999999
9263,5425,142,1,1981.3,6.95,1974.35,10,1783.17
9264,5426,1533,1,2523.95,0.0,2523.95,20,2019.16
9265,5426,343,3,62248.1,0.0,186744.3,30,43573.67
9266,5426,478,1,108976.92,0.0,108976.92,0,108976.92
9267,5426,1188,1,81653.1,0.0,81653.1,30,57157.17
9268,5426,1302,1,52798.3,0.0,52798.3,30,36958.81
9269,5427,760,1,3059.27,171.66,2887.61,0,3059.27
9270,5427,641,1,1430.27,133.46,1296.81,30,1001.189
9271,5427,1081,1,1654.73,171.66,1483.07,0,1654.73
9272,5428,81,1,1588.45,50.8,1537.65,20,1270.7600000000002
9273,5428,1544,2,5232.67,612.68,9852.66,30,3662.869
9274,5428,1220,1,37492.11,1446.16,36045.95,30,26244.477
9275,5428,597,1,2650.0,200.68,2449.32,20,2120.0
9276,5428,563,1,2298.67,106.97,2191.7,0,2298.67
9277,5429,521,3,322.75,51.06,917.19,20,258.2
9278,5429,1534,1,8395.14,369.43,8025.71,10,7555.625999999999
9279,5430,760,1,3059.27,0.0,3059.27,30,2141.489
9280,5431,1476,1,52371.93,0.0,52371.93,0,52371.93
9281,5432,1147,1,14582.77,2178.48,12404.29,10,13124.493
9282,5433,433,2,93895.84,6029.02,181762.66,0,93895.84
9283,5434,1210,1,769.6,82.63,686.97,20,615.6800000000001
9284,5435,495,1,61768.34,1820.73,59947.61,0,61768.34
9285,5436,1326,1,1936.13,0.0,1936.13,20,1548.9040000000002
9286,5436,985,1,3261.61,0.0,3261.61,30,2283.127
9287,5437,1470,2,1649.73,11.7,3287.76,0,1649.73
9288,5438,108,3,108060.7,28258.18,295923.92,10,97254.63
9289,5438,1372,1,5456.54,473.89,4982.65,10,4910.886
9290,5438,675,1,1350.25,71.16,1279.09,30,945.175
9291,5439,711,1,26621.13,0.0,26621.13,0,26621.13
9292,5440,1117,1,628.26,0.0,628.26,0,628.26
9293,5441,1135,2,22063.27,0.0,44126.54,30,15444.289
9294,5441,274,1,61941.5,0.0,61941.5,0,61941.5
9295,5441,1590,1,154961.7,0.0,154961.7,20,123969.36000000002
9296,5441,1574,1,969.18,0.0,969.18,30,678.4259999999999
9297,5441,203,2,543.78,0.0,1087.56,0,543.78
9298,5442,114,1,46974.46,0.0,46974.46,20,37579.568
9299,5442,210,1,1699.58,0.0,1699.58,0,1699.58
9300,5443,295,1,2098.64,40.42,2058.22,30,1469.0479999999998
9301,5443,1030,1,4144.31,574.6,3569.71,20,3315.4480000000003
9302,5443,607,1,3784.6,36.27,3748.33,10,3406.14
9303,5444,187,1,3239.79,124.69,3115.1,10,2915.811
9304,5445,247,1,2539.27,0.0,2539.27,10,2285.343
9305,5446,449,1,35199.45,0.0,35199.45,10,31679.505
9306,5446,1594,1,1943.32,0.0,1943.32,10,1748.988
9307,5447,1397,1,18699.32,0.0,18699.32,20,14959.456
9308,5447,302,1,16886.71,0.0,16886.71,30,11820.696999999998
9309,5448,1493,1,625.05,17.14,607.91,10,562.545
9310,5449,616,1,120778.74,427.36,120351.38,10,108700.866
9311,5450,962,1,1108.44,13.35,1095.09,30,775.908
9312,5450,813,1,46231.71,4012.69,42219.02,20,36985.368
9313,5451,294,3,41961.75,17735.07,108150.18,20,33569.4
9314,5451,574,1,2746.95,195.79,2551.16,30,1922.865
9315,5452,1176,1,70122.26,0.0,70122.26,0,70122.26
9316,5453,863,2,3692.9,497.56,6888.24,20,2954.32
9317,5453,316,3,4284.75,567.28,12286.97,10,3856.275
9318,5454,699,1,3048.78,448.53,2600.25,10,2743.902
9319,5455,68,2,41483.94,3963.9,79003.98,30,29038.758
9320,5456,1261,1,516.29,0.0,516.29,30,361.403
9321,5457,1458,1,3481.03,268.42,3212.61,0,3481.03
9322,5458,1021,1,77339.97,7453.39,69886.58,10,69605.973
9323,5458,553,1,620.66,61.72,558.94,30,434.46199999999993
9324,5459,359,1,35865.56,0.0,35865.56,10,32279.004
9325,5459,1578,1,6158.02,0.0,6158.02,30,4310.614
9326,5460,695,1,887.94,91.42,796.52,30,621.558
9327,5461,685,1,2479.15,0.0,2479.15,30,1735.405
9328,5461,401,1,1312.43,0.0,1312.43,10,1181.187
9329,5462,623,2,4342.57,0.0,8685.14,10,3908.313
9330,5463,986,1,57564.41,0.0,57564.41,30,40295.087
9331,5464,617,1,3079.68,239.19,2840.49,0,3079.68
9332,5465,985,2,3261.61,434.15,6089.07,0,3261.61
9333,5466,250,2,47627.73,6985.66,88269.8,0,47627.73
9334,5466,1309,2,1320.81,134.82,2506.8,0,1320.81
9335,5467,127,2,2230.56,621.09,3840.03,10,2007.504
9336,5468,1212,1,157753.88,3443.68,154310.2,0,157753.88
9337,5469,220,1,3360.14,211.29,3148.85,0,3360.14
9338,5469,1193,2,7680.86,165.53,15196.19,0,7680.86
9339,5470,693,1,1188.09,0.0,1188.09,20,950.472
9340,5471,591,1,1912.99,0.0,1912.99,30,1339.0929999999998
9341,5472,244,1,3669.05,0.0,3669.05,0,3669.05
9342,5472,288,1,6762.4,0.0,6762.4,20,5409.92
9343,5472,483,1,14895.15,0.0,14895.15,30,10426.605
9344,5472,1174,1,14022.3,0.0,14022.3,10,12620.07
9345,5473,321,1,14713.75,584.72,14129.03,20,11771.0
9346,5473,1548,1,174.01,23.86,150.15,20,139.208
9347,5474,1373,1,21018.4,2991.4,18027.0,10,18916.56
9348,5474,615,1,513.46,69.44,444.02,10,462.114
9349,5475,1595,1,18497.48,0.0,18497.48,30,12948.236
9350,5476,591,1,1912.99,103.48,1809.51,10,1721.691
9351,5476,901,2,72792.1,6171.5,139412.7,0,72792.1
9352,5477,1171,1,14343.47,465.45,13878.02,0,14343.47
9353,5478,560,1,30947.74,2274.58,28673.16,20,24758.192000000003
9354,5479,686,1,1482.12,0.0,1482.12,30,1037.484
9355,5480,1498,1,2948.83,310.0,2638.83,20,2359.064
9356,5480,938,1,9347.84,111.01,9236.83,30,6543.487999999999
9357,5481,186,1,118273.99,0.0,118273.99,10,106446.591
9358,5481,398,1,2421.46,0.0,2421.46,10,2179.3140000000003
9359,5482,1055,1,61678.24,0.0,61678.24,0,61678.24
9360,5483,507,2,55812.59,2843.12,108782.06,20,44650.072
9361,5484,1225,1,100562.21,0.0,100562.21,0,100562.21
9362,5485,621,1,2134.64,44.22,2090.42,30,1494.2479999999998
9363,5485,375,1,1217.82,28.73,1189.09,10,1096.038
9364,5485,1062,1,29542.18,227.76,29314.42,30,20679.526
9365,5485,700,1,7717.28,947.39,6769.89,20,6173.8240000000005
9366,5485,1216,1,82298.09,3558.36,78739.73,10,74068.281
9367,5486,784,1,2840.63,417.01,2423.62,20,2272.5040000000004
9368,5486,382,1,65460.34,5208.8,60251.54,10,58914.306
9369,5486,1548,1,174.01,0.44,173.57,30,121.807
9370,5487,1007,1,7088.49,660.48,6428.01,30,4961.942999999999
9371,5487,768,1,50561.03,5890.91,44670.12,0,50561.03
9372,5488,91,1,1351.15,126.76,1224.39,30,945.805
9373,5489,1081,2,1654.73,63.99,3245.47,0,1654.73
9374,5490,867,1,26390.91,414.97,25975.94,0,26390.91
9375,5491,473,1,2980.81,0.0,2980.81,30,2086.567
9376,5492,383,1,1151.25,0.0,1151.25,0,1151.25
9377,5492,173,1,1351.37,0.0,1351.37,20,1081.096
9378,5492,884,1,82430.4,0.0,82430.4,20,65944.31999999999
9379,5492,42,1,7358.23,0.0,7358.23,0,7358.23
9380,5492,957,1,20246.89,0.0,20246.89,10,18222.201
9381,5493,601,1,131194.89,2570.78,128624.11,0,131194.89
9382,5493,1303,1,15195.95,1566.76,13629.19,20,12156.760000000002
9383,5493,561,1,23226.57,979.79,22246.78,0,23226.57
9384,5494,543,1,59778.75,0.0,59778.75,0,59778.75
9385,5495,45,1,5292.4,630.38,4662.02,10,4763.16
9386,5496,610,1,1489.26,0.0,1489.26,30,1042.482
9387,5497,453,1,2582.33,283.36,2298.97,0,2582.33
9388,5498,43,1,6086.88,512.15,5574.73,20,4869.504
9389,5498,1081,1,1654.73,192.18,1462.55,30,1158.311
9390,5499,325,1,1424.65,0.0,1424.65,30,997.255
9391,5500,561,3,23226.57,0.0,69679.71,10,20903.913
9392,5501,764,1,2664.12,102.71,2561.41,30,1864.884
9393,5501,82,1,2097.58,266.05,1831.53,20,1678.064
9394,5501,1019,1,321.92,44.32,277.6,0,321.92
9395,5501,623,1,4342.57,12.04,4330.53,10,3908.313
9396,5501,405,1,56478.15,7464.15,49014.0,20,45182.52
9397,5502,1539,1,1510.58,173.89,1336.69,10,1359.522
9398,5503,1384,1,2175.55,122.49,2053.06,10,1957.995
9399,5503,1467,2,74.8,21.1,128.5,30,52.35999999999999
9400,5504,809,1,36231.4,0.0,36231.4,0,36231.4
9401,5504,311,2,5092.96,0.0,10185.92,10,4583.664
9402,5505,790,1,88440.69,0.0,88440.69,0,88440.69
9403,5505,573,1,2677.84,0.0,2677.84,10,2410.056
9404,5505,933,1,1968.53,0.0,1968.53,10,1771.677
9405,5505,761,1,11092.68,0.0,11092.68,0,11092.68
9406,5505,590,1,19908.38,0.0,19908.38,0,19908.38
9407,5506,220,2,3360.14,944.26,5776.02,10,3024.126
9408,5507,825,1,25418.66,0.0,25418.66,0,25418.66
9409,5508,584,1,2326.41,13.45,2312.96,30,1628.487
9410,5509,1447,1,1595.48,0.0,1595.48,10,1435.932
9411,5510,1447,1,1595.48,210.28,1385.2,0,1595.48
9412,5510,543,1,59778.75,6206.7,53572.05,30,41845.125
9413,5511,1520,2,2002.68,0.0,4005.36,0,2002.68
9414,5512,1326,1,1936.13,140.96,1795.17,10,1742.517
9415,5513,372,1,174277.93,7799.46,166478.47,10,156850.137
9416,5514,719,3,17225.88,1708.11,49969.53,30,12058.116
9417,5515,129,1,879.21,14.62,864.59,30,615.447
9418,5516,1318,1,2903.92,0.0,2903.92,30,2032.744
9419,5517,1281,1,25227.32,0.0,25227.32,0,25227.32
9420,5518,1390,2,32277.62,8495.91,56059.33,10,29049.858
9421,5518,374,1,3079.52,19.27,3060.25,0,3079.52
9422,5519,181,1,40273.05,0.0,40273.05,20,32218.44
9423,5519,639,1,1460.92,0.0,1460.92,0,1460.92
9424,5519,1214,1,84155.3,0.0,84155.3,30,58908.71
9425,5519,895,3,2219.6,0.0,6658.8,10,1997.64
9426,5519,304,1,2314.39,0.0,2314.39,20,1851.512
9427,5520,254,1,1161.26,0.0,1161.26,10,1045.134
9428,5520,1138,1,3203.49,0.0,3203.49,30,2242.443
9429,5521,1185,2,5187.12,1528.98,8845.26,0,5187.12
9430,5522,365,3,4019.88,688.91,11370.73,20,3215.9040000000005
9431,5522,186,2,118273.99,2939.24,233608.74,10,106446.591
9432,5522,1145,1,539.28,47.22,492.06,30,377.496
9433,5522,401,2,1312.43,92.33,2532.53,30,918.701
9434,5523,1543,1,3269.88,0.0,3269.88,20,2615.9040000000005
9435,5523,1117,2,628.26,0.0,1256.52,0,628.26
9436,5524,990,1,79255.34,0.0,79255.34,0,79255.34
9437,5525,903,1,39591.52,4876.97,34714.55,0,39591.52
9438,5526,1515,1,2940.55,359.21,2581.34,30,2058.385
9439,5526,585,1,1310.79,49.42,1261.37,20,1048.632
9440,5527,997,3,389.19,8.67,1158.9,20,311.35200000000003
9441,5527,283,1,4572.45,564.72,4007.73,30,3200.715
9442,5528,543,1,59778.75,5921.09,53857.66,10,53800.875
9443,5528,544,1,28257.91,2820.46,25437.45,10,25432.119
9444,5528,1414,1,605.84,27.33,578.51,30,424.088
9445,5528,1302,1,52798.3,2969.36,49828.94,0,52798.3
9446,5528,774,2,91105.66,26205.3,156006.02,10,81995.09400000001
9447,5529,741,1,2631.03,170.32,2460.71,30,1841.721
9448,5530,964,1,2212.96,259.08,1953.88,20,1770.3680000000002
9449,5530,686,1,1482.12,13.74,1468.38,20,1185.696
9450,5531,637,1,24290.06,0.0,24290.06,30,17003.042
9451,5531,891,1,2855.61,0.0,2855.61,20,2284.4880000000003
9452,5532,1283,1,1043.73,89.36,954.37,10,939.357
9453,5533,430,1,2897.39,87.38,2810.01,10,2607.651
9454,5534,690,1,2245.24,0.0,2245.24,30,1571.6679999999997
9455,5534,851,1,752.31,0.0,752.31,30,526.617
9456,5535,893,3,1487.95,140.73,4323.12,0,1487.95
9457,5536,72,1,743.74,0.0,743.74,0,743.74
9458,5536,517,1,2456.82,0.0,2456.82,20,1965.456
9459,5536,1563,1,30864.11,0.0,30864.11,0,30864.11
9460,5536,354,1,2738.94,0.0,2738.94,10,2465.0460000000003
9461,5536,172,1,348.87,0.0,348.87,0,348.87
9462,5537,1305,1,2759.94,77.22,2682.72,30,1931.958
9463,5537,29,1,42286.57,3982.12,38304.45,20,33829.256
9464,5538,504,1,1042.0,24.59,1017.41,20,833.6
9465,5539,94,1,43997.06,2126.63,41870.43,20,35197.648
9466,5540,259,1,1980.52,126.67,1853.85,0,1980.52
9467,5541,1323,3,7044.95,2254.26,18880.59,10,6340.455
9468,5541,1094,1,24047.77,3145.59,20902.18,20,19238.216
9469,5542,866,2,28151.71,4585.65,51717.77,20,22521.368
9470,5543,369,2,124766.67,25151.49,224381.85,10,112290.003
9471,5543,309,3,47983.47,3145.38,140805.03,20,38386.776000000005
9472,5544,11,1,23533.14,2761.06,20772.08,20,18826.512
9473,5545,940,1,35187.89,2897.97,32289.92,10,31669.101
9474,5545,447,1,2160.35,124.11,2036.24,0,2160.35
9475,5546,350,2,667.72,32.67,1302.77,30,467.404
9476,5546,714,1,2767.25,164.71,2602.54,30,1937.075
9477,5547,590,1,19908.38,800.76,19107.62,0,19908.38
9478,5547,442,2,1278.0,47.37,2508.63,20,1022.4
9479,5547,433,1,93895.84,13635.05,80260.79,30,65727.08799999999
9480,5547,1267,1,2049.76,21.09,2028.67,0,2049.76
9481,5547,1226,1,55280.49,5061.52,50218.97,30,38696.34299999999
9482,5548,937,1,4363.89,0.0,4363.89,30,3054.723
9483,5549,412,1,5380.91,0.0,5380.91,10,4842.819
9484,5549,934,1,3198.99,0.0,3198.99,10,2879.091
9485,5549,363,1,3377.19,0.0,3377.19,20,2701.7520000000004
9486,5549,41,1,990.24,0.0,990.24,30,693.168
9487,5549,21,1,417.88,0.0,417.88,30,292.516
9488,5550,1247,1,90898.31,11885.56,79012.75,10,81808.479
9489,5550,417,2,2364.31,199.25,4529.37,10,2127.879
9490,5551,63,1,58822.41,7577.5,51244.91,10,52940.169
9491,5552,671,1,24780.62,2472.72,22307.9,30,17346.433999999997
9492,5553,699,1,3048.78,308.5,2740.28,0,3048.78
9493,5553,1347,1,1641.29,180.58,1460.71,20,1313.0320000000002
9494,5554,761,1,11092.68,631.2,10461.48,0,11092.68
9495,5555,597,1,2650.0,147.15,2502.85,30,1855.0
9496,5556,1140,1,913.89,0.0,913.89,10,822.501
9497,5556,980,1,1563.36,0.0,1563.36,10,1407.024
9498,5557,645,1,754.4,111.32,643.08,30,528.0799999999999
9499,5557,983,1,125294.18,11377.65,113916.53,10,112764.762
9500,5557,348,3,162.1,60.32,425.98,10,145.89
9501,5557,1195,1,84848.75,3347.7,81501.05,30,59394.12499999999
9502,5558,646,1,1812.4,240.49,1571.91,20,1449.92
9503,5558,742,1,3902.24,449.1,3453.14,0,3902.24
9504,5559,204,1,443.43,7.43,436.0,30,310.401
9505,5560,74,1,2354.49,0.0,2354.49,30,1648.1429999999998
9506,5561,1281,1,25227.32,3673.99,21553.33,30,17659.124
9507,5561,612,1,1008.02,107.4,900.62,20,806.416
9508,5562,111,1,38654.56,3157.16,35497.4,30,27058.191999999995
9509,5563,544,1,28257.91,603.12,27654.79,0,28257.91
9510,5564,395,2,2765.23,590.86,4939.6,20,2212.184
9511,5564,1569,1,109637.89,5176.23,104461.66,20,87710.312
9512,5565,702,1,2389.45,205.14,2184.31,30,1672.6149999999998
9513,5566,593,1,47231.85,1441.75,45790.1,20,37785.48
9514,5567,1009,1,3746.51,273.48,3473.03,0,3746.51
9515,5568,1360,1,2586.67,0.0,2586.67,20,2069.336
9516,5569,1326,2,1936.13,482.59,3389.67,0,1936.13
9517,5569,1016,1,36631.13,2240.49,34390.64,0,36631.13
9518,5569,209,1,44783.42,6117.3,38666.12,20,35826.736
9519,5569,1033,1,6964.85,668.77,6296.08,10,6268.365000000001
9520,5570,1058,1,1092.55,51.33,1041.22,0,1092.55
9521,5571,1439,1,8502.05,1158.99,7343.06,20,6801.639999999999
9522,5571,1283,2,1043.73,213.35,1874.11,10,939.357
9523,5572,82,1,2097.58,22.24,2075.34,20,1678.064
9524,5572,1260,1,664.92,78.3,586.62,30,465.444
9525,5572,1414,2,605.84,42.71,1168.97,30,424.088
9526,5573,1444,1,1761.67,0.0,1761.67,0,1761.67
9527,5574,863,1,3692.9,0.0,3692.9,10,3323.61
9528,5575,459,1,2056.03,0.0,2056.03,10,1850.427
9529,5576,394,1,2706.99,0.0,2706.99,0,2706.99
9530,5577,134,1,11908.53,1212.9,10695.63,30,8335.971
9531,5578,1193,1,7680.86,31.18,7649.68,0,7680.86
9532,5579,1209,1,3547.28,37.03,3510.25,0,3547.28
9533,5580,1027,1,37556.23,5140.92,32415.31,10,33800.607
9534,5581,191,1,1689.13,233.78,1455.35,20,1351.304
9535,5581,1423,1,183.64,22.01,161.63,10,165.27599999999998
9536,5581,1401,1,3069.45,291.29,2778.16,10,2762.505
9537,5581,1520,1,2002.68,203.08,1799.6,30,1401.876
9538,5582,7,1,2327.69,129.05,2198.64,20,1862.152
9539,5583,1589,1,103645.76,11883.86,91761.9,30,72552.03199999999
9540,5584,561,1,23226.57,0.0,23226.57,20,18581.256
9541,5584,411,1,2910.53,0.0,2910.53,20,2328.4240000000004
9542,5585,375,1,1217.82,24.81,1193.01,20,974.256
9543,5586,1046,3,9087.52,0.0,27262.56,20,7270.016
9544,5586,1372,1,5456.54,0.0,5456.54,0,5456.54
9545,5587,115,2,362.06,0.0,724.12,0,362.06
9546,5588,913,2,1299.34,0.0,2598.68,0,1299.34
9547,5588,1110,1,1968.96,0.0,1968.96,30,1378.272
9548,5589,444,1,3621.4,270.2,3351.2,10,3259.26
9549,5590,318,2,151206.66,27529.65,274883.67,0,151206.66
9550,5591,35,1,1495.14,0.0,1495.14,20,1196.112
9551,5592,218,1,6415.67,673.94,5741.73,30,4490.969
9552,5592,108,1,108060.7,15701.97,92358.73,0,108060.7
9553,5593,1475,2,57952.35,9274.58,106630.12,0,57952.35
9554,5593,575,1,49336.95,1685.94,47651.01,20,39469.56
9555,5594,1599,1,4254.12,0.0,4254.12,10,3828.708
9556,5595,249,1,2119.28,303.32,1815.96,10,1907.3520000000003
9557,5596,530,1,318.6,0.0,318.6,30,223.02
9558,5597,684,1,2183.03,0.0,2183.03,0,2183.03
9559,5598,1104,1,1846.11,209.11,1637.0,30,1292.2769999999998
9560,5599,967,1,87744.71,3360.82,84383.89,30,61421.297
9561,5600,1286,1,41910.79,6162.4,35748.39,30,29337.553
9562,5600,305,1,3492.14,86.43,3405.71,10,3142.926
9563,5601,1081,1,1654.73,176.17,1478.56,20,1323.784
9564,5601,1508,1,2634.42,1.04,2633.38,20,2107.536
9565,5602,224,1,1977.53,275.35,1702.18,0,1977.53
9566,5603,1315,1,1184.81,127.97,1056.84,20,947.848
9567,5603,400,1,767.7,48.29,719.41,0,767.7
9568,5604,665,1,2040.79,0.0,2040.79,30,1428.553
9569,5604,1534,1,8395.14,0.0,8395.14,30,5876.597999999999
9570,5604,1338,1,2238.46,0.0,2238.46,0,2238.46
9571,5605,1165,1,452.74,43.76,408.98,0,452.74
9572,5606,1281,1,25227.32,2597.96,22629.36,30,17659.124
9573,5607,1417,1,1306.26,0.0,1306.26,0,1306.26
9574,5607,1432,1,1342.16,0.0,1342.16,10,1207.9440000000002
9575,5608,984,1,79210.58,2044.46,77166.12,20,63368.46400000001
9576,5609,350,1,667.72,0.0,667.72,0,667.72
9577,5610,143,2,2617.21,0.0,5234.42,30,1832.047
9578,5610,331,1,24483.71,0.0,24483.71,10,22035.339
9579,5611,709,1,2013.15,184.26,1828.89,10,1811.835
9580,5612,1067,2,7456.19,0.0,14912.38,0,7456.19
9581,5613,954,1,9901.09,0.0,9901.09,0,9901.09
9582,5613,1240,1,636.21,0.0,636.21,20,508.9680000000001
9583,5614,1226,1,55280.49,0.0,55280.49,0,55280.49
9584,5615,1265,1,753.76,14.6,739.16,10,678.384
9585,5615,444,1,3621.4,321.31,3300.09,10,3259.26
9586,5616,826,2,1971.53,0.0,3943.06,10,1774.377
9587,5617,194,3,2698.45,563.43,7531.92,10,2428.605
9588,5618,543,2,59778.75,0.0,119557.5,0,59778.75
9589,5619,1066,2,25768.02,39.87,51496.17,10,23191.218
9590,5620,653,2,818.29,51.24,1585.34,0,818.29
9591,5621,284,1,1532.5,0.0,1532.5,30,1072.75
9592,5621,1029,1,4067.39,0.0,4067.39,20,3253.9120000000003
9593,5622,373,2,2258.78,582.07,3935.49,0,2258.78
9594,5623,1140,2,913.89,226.83,1600.95,30,639.723
9595,5623,629,1,8978.53,121.73,8856.8,10,8080.677000000001
9596,5623,164,2,5969.19,1317.97,10620.41,10,5372.271
9597,5623,145,1,274.73,38.93,235.8,0,274.73
9598,5623,1157,1,4990.11,262.02,4728.09,20,3992.088
9599,5624,823,1,24569.14,107.37,24461.77,30,17198.397999999997
9600,5625,532,1,3702.86,433.19,3269.67,30,2592.002
9601,5625,138,1,350.95,50.24,300.71,20,280.76
9602,5625,1062,3,29542.18,7693.94,80932.6,0,29542.18
9603,5625,1416,2,158592.95,45453.13,271732.77,10,142733.65500000003
9604,5625,1045,3,3767.71,490.94,10812.19,20,3014.168
9605,5626,806,1,147721.74,3547.02,144174.72,30,103405.218
9606,5627,909,2,9271.61,0.0,18543.22,30,6490.127
9607,5628,1339,1,21281.34,2666.64,18614.7,0,21281.34
9608,5629,725,1,38653.89,0.0,38653.89,30,27057.723
9609,5630,10,1,661.22,0.0,661.22,10,595.0980000000001
9610,5630,773,1,1553.01,0.0,1553.01,30,1087.107
9611,5631,1476,1,52371.93,0.0,52371.93,20,41897.544
9612,5631,1389,2,2657.25,0.0,5314.5,20,2125.8
9613,5631,835,3,522.2,0.0,1566.6,20,417.7600000000001
9614,5631,1223,1,11259.67,0.0,11259.67,20,9007.736
9615,5632,418,1,1715.75,173.52,1542.23,0,1715.75
9616,5632,846,1,3823.36,313.79,3509.57,20,3058.688
9617,5632,1533,1,2523.95,304.45,2219.5,10,2271.555
9618,5633,352,3,93433.5,33834.09,246466.41,0,93433.5
9619,5633,1505,1,43480.18,2833.75,40646.43,20,34784.144
9620,5634,178,1,145568.91,0.0,145568.91,10,131012.019
9621,5635,1436,1,415.76,11.39,404.37,10,374.184
9622,5635,1392,1,14134.24,1028.78,13105.46,10,12720.816
9623,5636,1270,1,4276.25,0.0,4276.25,10,3848.625
9624,5637,1302,1,52798.3,1990.74,50807.56,30,36958.81
9625,5638,142,2,1981.3,374.11,3588.49,30,1386.91
9626,5639,1291,1,45103.84,5672.34,39431.5,10,40593.456
9627,5640,403,3,170966.64,37679.74,475220.18,20,136773.312
9628,5640,878,1,26128.07,975.16,25152.91,30,18289.649
9629,5641,83,1,67349.49,10020.44,57329.05,10,60614.541000000005
9630,5642,933,1,1968.53,103.42,1865.11,10,1771.677
9631,5642,923,1,79445.58,9454.51,69991.07,30,55611.906
9632,5643,1521,1,2652.67,218.35,2434.32,20,2122.136
9633,5644,1257,1,518.04,43.76,474.28,10,466.236
9634,5645,1371,1,316.58,0.0,316.58,10,284.922
9635,5645,317,1,5082.23,0.0,5082.23,20,4065.784
9636,5646,1197,1,2785.23,0.0,2785.23,10,2506.707
9637,5647,1597,2,1676.63,444.8,2908.46,0,1676.63
9638,5648,1010,1,51993.79,4010.05,47983.74,0,51993.79
9639,5648,195,1,31411.94,2665.16,28746.78,0,31411.94
9640,5649,45,1,5292.4,793.09,4499.31,30,3704.68
9641,5649,1491,1,2236.47,296.67,1939.8,30,1565.5289999999998
9642,5650,750,3,4599.92,357.98,13441.78,20,3679.936
9643,5650,689,1,41378.36,2487.68,38890.68,10,37240.524000000005
9644,5651,707,1,2710.38,226.23,2484.15,30,1897.266
9645,5652,260,3,631.42,0.0,1894.26,20,505.136
9646,5653,766,1,77346.82,3047.46,74299.36,0,77346.82
9647,5654,403,1,170966.64,0.0,170966.64,30,119676.648
9648,5654,241,1,1647.81,0.0,1647.81,20,1318.248
9649,5655,747,1,8474.0,638.45,7835.55,0,8474.0
9650,5656,1303,1,15195.95,1257.1,13938.85,30,10637.165
9651,5656,395,1,2765.23,341.59,2423.64,0,2765.23
9652,5657,771,1,2630.46,0.0,2630.46,0,2630.46
9653,5657,1420,1,1349.54,0.0,1349.54,10,1214.586
9654,5657,130,1,7348.9,0.0,7348.9,20,5879.12
9655,5658,1000,1,116356.97,4538.9,111818.07,30,81449.879
9656,5658,1044,1,9021.21,1241.84,7779.37,30,6314.846999999999
9657,5658,56,1,174294.31,23528.76,150765.55,10,156864.87900000002
9658,5658,966,1,411.04,57.37,353.67,10,369.936
9659,5659,1560,1,77206.12,0.0,77206.12,10,69485.508
9660,5660,568,1,163028.84,4317.35,158711.49,30,114120.188
9661,5661,627,2,43230.9,3913.7,82548.1,20,34584.72
9662,5662,411,1,2910.53,66.31,2844.22,30,2037.371
9663,5662,1062,1,29542.18,2790.93,26751.25,30,20679.526
9664,5662,233,1,2640.21,228.93,2411.28,10,2376.1890000000003
9665,5662,425,3,4814.38,862.89,13580.25,30,3370.066
9666,5663,1473,1,1456.73,0.0,1456.73,10,1311.057
9667,5664,1057,1,1611.27,0.0,1611.27,0,1611.27
9668,5665,190,1,3339.03,353.34,2985.69,30,2337.321
9669,5666,925,1,405.11,0.0,405.11,0,405.11
9670,5667,429,1,121237.34,0.0,121237.34,0,121237.34
9671,5668,1520,2,2002.68,552.91,3452.45,10,1802.412
9672,5669,400,1,767.7,69.92,697.78,0,767.7
9673,5669,193,1,129172.73,16505.81,112666.92,0,129172.73
9674,5670,1241,1,1430.84,28.25,1402.59,10,1287.756
9675,5671,262,1,2826.04,48.1,2777.94,10,2543.436
9676,5672,1166,1,2881.52,154.02,2727.5,0,2881.52
9677,5673,748,1,1603.07,0.0,1603.07,20,1282.456
9678,5674,588,1,2898.84,301.37,2597.47,30,2029.188
9679,5675,1536,1,26543.86,2140.3,24403.56,30,18580.702
9680,5675,1553,1,2742.09,122.29,2619.8,30,1919.463
9681,5675,1400,1,92951.15,11190.17,81760.98,30,65065.80499999999
9682,5676,1234,1,108776.14,14963.85,93812.29,10,97898.526
9683,5677,788,2,3542.11,227.87,6856.35,20,2833.688
9684,5677,1481,1,22590.89,406.31,22184.58,30,15813.622999999998
9685,5677,283,1,4572.45,106.81,4465.64,10,4115.205
9686,5677,852,1,2573.04,13.11,2559.93,0,2573.04
9687,5677,30,1,2584.77,93.14,2491.63,10,2326.293
9688,5678,1227,1,2155.48,0.0,2155.48,20,1724.384
9689,5678,1570,1,40567.16,0.0,40567.16,0,40567.16
9690,5679,227,1,54300.88,4582.85,49718.03,0,54300.88
9691,5680,37,1,1893.59,0.0,1893.59,10,1704.231
9692,5680,162,1,1247.4,0.0,1247.4,20,997.92
9693,5681,279,1,41417.49,1453.14,39964.35,0,41417.49
9694,5682,1342,1,2246.14,127.99,2118.15,30,1572.2979999999998
9695,5683,363,1,3377.19,234.48,3142.71,10,3039.471
9696,5684,958,1,1318.24,89.46,1228.78,30,922.768
9697,5684,21,1,417.88,14.12,403.76,10,376.092
9698,5685,1407,2,43168.92,12706.82,73631.02,20,34535.136
9699,5685,733,1,9342.39,131.5,9210.89,30,6539.672999999999
9700,5686,827,1,1826.44,206.06,1620.38,0,1826.44
9701,5687,745,1,64361.62,8590.57,55771.05,10,57925.458000000006
9702,5687,1221,1,979.8,48.87,930.93,10,881.8199999999999
9703,5688,844,1,3208.7,413.88,2794.82,0,3208.7
9704,5689,308,1,93084.78,3229.42,89855.36,10,83776.302
9705,5689,916,1,433.67,23.14,410.53,10,390.303
9706,5689,470,1,2088.11,36.05,2052.06,10,1879.299
9707,5690,1392,1,14134.24,0.0,14134.24,30,9893.968
9708,5691,966,1,411.04,28.31,382.73,20,328.83200000000005
9709,5692,325,1,1424.65,8.89,1415.76,30,997.255
9710,5693,1277,1,48882.84,0.0,48882.84,0,48882.84
9711,5694,1575,1,1239.06,19.7,1219.36,20,991.248
9712,5694,832,2,422.4,82.54,762.26,0,422.4
9713,5694,837,1,157966.42,15304.94,142661.48,30,110576.494
9714,5694,719,3,17225.88,5045.69,46631.95,30,12058.116
9715,5695,702,1,2389.45,228.44,2161.01,0,2389.45
9716,5695,1560,1,77206.12,3067.92,74138.2,20,61764.896
9717,5695,780,1,3912.69,152.82,3759.87,20,3130.152
9718,5695,614,1,1468.78,65.53,1403.25,0,1468.78
9719,5696,1340,1,4036.45,161.21,3875.24,20,3229.16
9720,5697,1596,1,4337.02,0.0,4337.02,20,3469.6160000000004
9721,5698,1448,1,35381.82,1815.44,33566.38,30,24767.274
9722,5699,198,1,2056.64,0.0,2056.64,10,1850.976
9723,5700,967,2,87744.71,5944.64,169544.78,30,61421.297
9724,5701,1233,1,3456.57,12.17,3444.4,20,2765.2560000000003
9725,5702,1557,1,4550.75,270.47,4280.28,10,4095.675
9726,5703,871,1,2192.25,0.0,2192.25,20,1753.8000000000002
9727,5703,455,1,133508.92,0.0,133508.92,10,120158.02800000002
9728,5703,323,1,87171.31,0.0,87171.31,0,87171.31
9729,5703,186,1,118273.99,0.0,118273.99,0,118273.99
9730,5704,673,1,94567.66,0.0,94567.66,20,75654.12800000001
9731,5705,501,1,2459.62,240.38,2219.24,20,1967.696
9732,5705,389,1,1198.04,129.95,1068.09,30,838.6279999999999
9733,5705,1057,1,1611.27,141.56,1469.71,10,1450.143
9734,5705,1371,1,316.58,17.24,299.34,30,221.606
9735,5706,1364,1,23422.89,1435.82,21987.07,30,16396.022999999997
9736,5706,895,1,2219.6,320.91,1898.69,0,2219.6
9737,5706,346,1,1214.52,60.86,1153.66,0,1214.52
9738,5707,1080,2,2562.42,45.8,5079.04,0,2562.42
9739,5708,465,2,3059.86,477.5,5642.22,10,2753.8740000000003
9740,5709,1536,1,26543.86,0.0,26543.86,30,18580.702
9741,5709,1252,1,4619.51,0.0,4619.51,20,3695.608
9742,5710,1478,1,730.4,103.2,627.2,10,657.36
9743,5710,1090,1,117469.55,3965.1,113504.45,30,82228.685
9744,5711,996,1,7148.19,0.0,7148.19,30,5003.732999999999
9745,5712,95,1,24006.46,866.9,23139.56,10,21605.814
9746,5712,1071,3,4682.43,166.82,13880.47,30,3277.701
9747,5713,661,1,31896.24,0.0,31896.24,20,25516.992
9748,5713,291,1,21975.24,0.0,21975.24,30,15382.668
9749,5713,720,1,342.29,0.0,342.29,10,308.06100000000004
9750,5713,535,1,1119.88,0.0,1119.88,30,783.916
9751,5713,539,1,3567.48,0.0,3567.48,30,2497.236
9752,5714,112,1,86793.43,0.0,86793.43,30,60755.40099999999
9753,5715,367,1,39011.03,0.0,39011.03,0,39011.03
9754,5715,1547,2,658.88,0.0,1317.76,10,592.992
9755,5716,929,1,30089.57,3614.85,26474.72,0,30089.57
9756,5717,377,1,53405.16,6647.56,46757.6,0,53405.16
9757,5718,275,1,33185.93,0.0,33185.93,30,23230.151
9758,5719,1170,1,4694.51,57.11,4637.4,30,3286.157
9759,5720,717,2,30043.14,0.0,60086.28,0,30043.14
9760,5720,1336,1,4092.74,0.0,4092.74,10,3683.466
9761,5721,445,3,550.01,0.0,1650.03,10,495.009
9762,5721,1149,1,99668.46,0.0,99668.46,30,69767.922
9763,5721,466,1,92637.16,0.0,92637.16,10,83373.444
9764,5721,1098,1,48652.71,0.0,48652.71,20,38922.168
9765,5722,603,3,1974.14,0.0,5922.42,10,1776.726
9766,5723,1533,2,2523.95,0.0,5047.9,10,2271.555
9767,5723,403,1,170966.64,0.0,170966.64,30,119676.648
9768,5724,819,1,5857.66,151.34,5706.32,20,4686.128
9769,5725,813,1,46231.71,0.0,46231.71,10,41608.539
9770,5726,121,1,250.81,25.29,225.52,10,225.729
9771,5726,71,1,75515.31,7577.55,67937.76,10,67963.779
9772,5726,90,1,664.2,19.55,644.65,20,531.36
9773,5727,1082,1,3419.64,457.99,2961.65,30,2393.748
9774,5728,1217,1,2877.25,176.78,2700.47,10,2589.525
9775,5729,41,3,990.24,438.57,2532.15,30,693.168
9776,5729,1505,1,43480.18,4483.07,38997.11,30,30436.126
9777,5729,1254,2,93864.59,21958.12,165771.06,30,65705.21299999999
9778,5729,1438,1,1797.41,82.57,1714.84,30,1258.187
9779,5729,137,1,1739.85,254.29,1485.56,20,1391.88
9780,5730,1224,1,3160.05,0.0,3160.05,20,2528.0400000000004
9781,5731,1303,2,15195.95,2577.3,27814.6,10,13676.355
9782,5732,196,1,61624.8,9091.77,52533.03,20,49299.84
9783,5732,1581,2,148976.59,5602.33,292350.85,0,148976.59
9784,5733,889,1,3143.04,57.64,3085.4,0,3143.04
9785,5734,578,1,41356.77,5829.78,35526.99,30,28949.738999999998
9786,5735,63,2,58822.41,0.0,117644.82,20,47057.92800000001
9787,5736,1178,1,88183.51,0.0,88183.51,20,70546.808
9788,5736,881,1,3117.76,0.0,3117.76,0,3117.76
9789,5737,1209,1,3547.28,325.47,3221.81,30,2483.096
9790,5738,1177,1,1318.54,0.0,1318.54,20,1054.832
9791,5739,510,1,2532.26,6.56,2525.7,0,2532.26
9792,5739,119,1,77500.66,944.56,76556.1,0,77500.66
9793,5739,1147,1,14582.77,306.52,14276.25,10,13124.493
9794,5739,45,1,5292.4,725.36,4567.04,0,5292.4
9795,5739,1362,1,288.96,31.07,257.89,0,288.96
9796,5740,696,3,74127.77,17428.01,204955.3,30,51889.439
9797,5740,670,1,1896.46,203.95,1692.51,30,1327.522
9798,5740,1349,1,1367.29,74.24,1293.05,10,1230.561
9799,5740,11,1,23533.14,60.83,23472.31,10,21179.826
9800,5741,691,1,1776.03,217.08,1558.95,20,1420.824
9801,5742,511,1,621.58,0.0,621.58,0,621.58
9802,5742,1030,2,4144.31,0.0,8288.62,0,4144.31
9803,5743,1383,1,1971.98,257.3,1714.68,20,1577.584
9804,5743,1384,1,2175.55,145.74,2029.81,30,1522.885
9805,5744,851,1,752.31,95.69,656.62,10,677.079
9806,5745,1236,2,529.36,0.0,1058.72,20,423.48800000000006
9807,5745,233,2,2640.21,0.0,5280.42,30,1848.147
9808,5746,382,1,65460.34,0.0,65460.34,20,52368.272
9809,5747,219,1,4417.46,0.0,4417.46,10,3975.714
9810,5747,929,1,30089.57,0.0,30089.57,0,30089.57
9811,5748,643,2,3058.33,475.61,5641.05,0,3058.33
9812,5748,691,2,1776.03,419.02,3133.04,30,1243.221
9813,5749,892,1,1931.15,0.0,1931.15,0,1931.15
9814,5749,1497,1,9582.92,0.0,9582.92,20,7666.336
9815,5750,49,1,4516.01,546.92,3969.09,10,4064.409
9816,5750,547,1,1846.34,236.34,1610.0,0,1846.34
9817,5751,289,1,2410.54,256.92,2153.62,30,1687.378
9818,5751,1355,2,7004.87,636.69,13373.05,10,6304.383
9819,5751,975,1,17084.55,1241.88,15842.67,30,11959.185
9820,5752,1021,1,77339.97,6240.01,71099.96,30,54137.979
9821,5752,1525,1,368.87,34.55,334.32,20,295.096
9822,5752,1472,1,3429.31,468.73,2960.58,0,3429.31
9823,5752,1364,1,23422.89,1906.66,21516.23,10,21080.601
9824,5753,904,3,1779.5,556.64,4781.86,20,1423.6
9825,5753,685,2,2479.15,461.91,4496.39,30,1735.405
9826,5754,762,1,1588.39,0.0,1588.39,30,1111.873
9827,5755,400,1,767.7,99.44,668.26,20,614.1600000000001
9828,5756,655,1,1461.36,148.88,1312.48,30,1022.952
9829,5757,548,1,1506.84,212.16,1294.68,20,1205.472
9830,5758,1412,2,4726.92,1092.93,8360.91,0,4726.92
9831,5759,507,1,55812.59,6343.58,49469.01,0,55812.59
9832,5760,688,1,8747.72,889.06,7858.66,0,8747.72
9833,5761,285,3,3301.99,0.0,9905.97,10,2971.791
9834,5762,1518,1,13829.56,1425.41,12404.15,30,9680.692
9835,5762,126,1,1983.21,54.5,1928.71,0,1983.21
9836,5763,61,1,765.87,13.3,752.57,20,612.696
9837,5764,1072,2,40911.57,1326.01,80497.13,10,36820.413
9838,5765,190,2,3339.03,0.0,6678.06,10,3005.1270000000004
9839,5766,1571,1,365.21,28.22,336.99,20,292.168
9840,5766,1484,2,86983.02,13724.17,160241.87,10,78284.71800000001
9841,5767,1550,1,1412.93,107.18,1305.75,20,1130.344
9842,5768,249,1,2119.28,308.14,1811.14,30,1483.496
9843,5769,1590,1,154961.7,21347.92,133613.78,0,154961.7
9844,5769,832,2,422.4,37.81,806.99,10,380.16
9845,5770,1229,1,32064.71,0.0,32064.71,10,28858.239
9846,5771,1251,1,5415.24,136.76,5278.48,30,3790.668
9847,5772,1359,1,2874.86,315.33,2559.53,30,2012.402
9848,5773,863,1,3692.9,63.8,3629.1,0,3692.9
9849,5774,1498,1,2948.83,0.0,2948.83,10,2653.947
9850,5774,778,1,1267.98,0.0,1267.98,0,1267.98
9851,5775,820,1,5798.58,0.0,5798.58,30,4059.006
9852,5776,1229,3,32064.71,0.0,96194.13,10,28858.239
9853,5776,1296,1,1446.41,0.0,1446.41,0,1446.41
9854,5777,1454,3,2482.25,947.32,6499.43,30,1737.5749999999998
9855,5778,553,1,620.66,67.94,552.72,30,434.46199999999993
9856,5778,1334,1,1811.5,107.24,1704.26,20,1449.2
9857,5778,892,2,1931.15,482.33,3379.97,10,1738.035
9858,5778,1538,1,1905.21,267.85,1637.36,20,1524.168
9859,5778,624,1,2799.12,253.48,2545.64,0,2799.12
9860,5779,1375,3,3435.74,0.0,10307.22,20,2748.592
9861,5779,662,1,1180.85,0.0,1180.85,30,826.5949999999999
9862,5780,763,1,3187.33,386.95,2800.38,10,2868.597
9863,5781,442,1,1278.0,135.37,1142.63,10,1150.2
9864,5782,344,1,1068.92,0.0,1068.92,10,962.028
9865,5782,235,1,1536.81,0.0,1536.81,30,1075.7669999999998
9866,5782,126,2,1983.21,0.0,3966.42,20,1586.5680000000002
9867,5782,59,1,3388.26,0.0,3388.26,20,2710.608
9868,5782,1156,1,96292.57,0.0,96292.57,0,96292.57
9869,5783,775,1,1623.11,208.67,1414.44,30,1136.177
9870,5783,1456,1,63693.01,5055.71,58637.3,30,44585.107
9871,5784,1026,1,16347.09,855.4,15491.69,30,11442.963
9872,5785,1319,1,143495.9,11748.93,131746.97,10,129146.31
9873,5785,1254,1,93864.59,13770.66,80093.93,30,65705.21299999999
9874,5786,1506,1,4761.53,571.96,4189.57,10,4285.377
9875,5786,417,1,2364.31,262.97,2101.34,0,2364.31
9876,5787,1397,1,18699.32,1431.17,17268.15,30,13089.524
9877,5787,874,2,331.29,35.34,627.24,10,298.161
9878,5787,1450,2,2010.76,222.62,3798.9,10,1809.684
9879,5787,149,1,3820.3,154.01,3666.29,20,3056.24
9880,5787,1584,1,750.13,21.11,729.02,30,525.091
9881,5788,126,1,1983.21,41.78,1941.43,20,1586.5680000000002
9882,5789,1143,1,761.45,0.0,761.45,10,685.3050000000001
9883,5790,484,1,3780.52,0.0,3780.52,30,2646.364
9884,5790,959,1,2008.67,0.0,2008.67,10,1807.803
9885,5791,1562,1,1492.59,0.0,1492.59,0,1492.59
9886,5791,1323,1,7044.95,0.0,7044.95,10,6340.455
9887,5792,895,2,2219.6,260.42,4178.78,20,1775.68
9888,5793,935,1,1851.82,25.94,1825.88,0,1851.82
9889,5794,1443,2,39621.43,11767.79,67475.07,10,35659.287000000004
9890,5795,337,1,4173.88,358.4,3815.48,20,3339.1040000000003
9891,5796,713,1,1957.25,0.0,1957.25,20,1565.8000000000002
9892,5797,1325,2,33748.2,6562.86,60933.54,20,26998.56
9893,5798,1383,1,1971.98,163.9,1808.08,30,1380.386
9894,5799,134,1,11908.53,199.27,11709.26,30,8335.971
9895,5799,1338,1,2238.46,47.48,2190.98,10,2014.614
9896,5799,216,1,3406.16,136.12,3270.04,30,2384.312
9897,5800,1356,1,19747.45,2637.82,17109.63,0,19747.45
9898,5800,788,3,3542.11,1032.88,9593.45,10,3187.8990000000003
9899,5801,1299,2,3414.72,691.77,6137.67,30,2390.304
9900,5801,1162,1,5062.81,549.4,4513.41,10,4556.529
9901,5802,494,1,2127.83,138.05,1989.78,30,1489.4809999999998
9902,5802,820,1,5798.58,622.9,5175.68,0,5798.58
9903,5803,437,1,2583.87,8.77,2575.1,20,2067.096
9904,5803,1400,1,92951.15,5840.67,87110.48,30,65065.80499999999
9905,5804,1303,2,15195.95,0.0,30391.9,20,12156.760000000002
9906,5805,948,1,3718.48,98.86,3619.62,30,2602.936
9907,5805,1025,1,2450.74,130.12,2320.62,30,1715.5179999999998
9908,5805,4,2,121078.87,28402.95,213754.79,20,96863.096
9909,5805,412,1,5380.91,777.58,4603.33,0,5380.91
9910,5806,881,2,3117.76,775.26,5460.26,20,2494.2080000000005
9911,5807,968,3,4831.61,0.0,14494.83,0,4831.61
9912,5808,623,1,4342.57,472.42,3870.15,30,3039.7989999999995
9913,5808,298,1,54274.29,3481.81,50792.48,20,43419.432
9914,5809,1554,1,2832.89,0.0,2832.89,20,2266.312
9915,5810,863,1,3692.9,0.0,3692.9,30,2585.03
9916,5811,603,1,1974.14,286.04,1688.1,30,1381.898
9917,5811,778,1,1267.98,1.38,1266.6,30,887.586
9918,5812,119,1,77500.66,4045.35,73455.31,10,69750.59400000001
9919,5813,445,1,550.01,24.33,525.68,20,440.008
9920,5813,1060,1,2050.27,209.51,1840.76,0,2050.27
9921,5814,722,3,844.52,0.0,2533.56,20,675.616
9922,5815,914,1,3732.26,13.56,3718.7,30,2612.582
9923,5816,196,1,61624.8,4658.5,56966.3,0,61624.8
9924,5816,409,1,1326.94,198.38,1128.56,20,1061.552
9925,5817,1428,1,1939.56,171.48,1768.08,0,1939.56
9926,5818,873,1,1037.71,45.52,992.19,30,726.3969999999999
9927,5819,837,1,157966.42,0.0,157966.42,0,157966.42
9928,5819,1073,1,959.8,0.0,959.8,10,863.8199999999999
9929,5819,356,1,5467.85,0.0,5467.85,20,4374.280000000001
9930,5819,1458,1,3481.03,0.0,3481.03,30,2436.721
9931,5819,1531,1,90650.62,0.0,90650.62,30,63455.434
9932,5820,1410,2,25912.99,1405.92,50420.06,10,23321.691000000003
9933,5820,1421,1,343.43,46.24,297.19,20,274.744
9934,5820,1190,1,2241.66,173.1,2068.56,20,1793.328
9935,5820,167,2,90813.43,18000.3,163626.56,0,90813.43
9936,5821,598,3,3271.1,52.73,9760.57,30,2289.77
9937,5822,289,1,2410.54,33.23,2377.31,20,1928.432
9938,5823,511,1,621.58,0.0,621.58,10,559.422
9939,5823,601,1,131194.89,0.0,131194.89,30,91836.423
9940,5824,1324,1,70919.44,2070.06,68849.38,20,56735.552
9941,5825,1504,1,1103.31,88.02,1015.29,30,772.3169999999999
9942,5826,1500,1,3078.22,284.16,2794.06,30,2154.754
9943,5826,569,1,1937.28,240.14,1697.14,10,1743.552
9944,5827,914,3,3732.26,1109.0,10087.78,10,3359.034
9945,5828,484,1,3780.52,52.7,3727.82,0,3780.52
9946,5829,853,3,2122.25,415.69,5951.06,0,2122.25
9947,5830,364,1,996.71,141.89,854.82,30,697.697
9948,5830,1211,3,3864.77,940.82,10653.49,10,3478.293
9949,5831,767,1,2061.1,0.0,2061.1,0,2061.1
9950,5831,481,1,1789.37,0.0,1789.37,10,1610.433
9951,5831,51,1,467.19,0.0,467.19,0,467.19
9952,5831,1153,2,145864.75,0.0,291729.5,10,131278.275
9953,5831,585,1,1310.79,0.0,1310.79,0,1310.79
9954,5832,432,1,13694.16,230.19,13463.97,0,13694.16
9955,5833,415,2,663.18,69.99,1256.37,10,596.862
9956,5833,387,2,538.52,52.07,1024.97,20,430.816
9957,5834,100,1,2961.16,102.53,2858.63,0,2961.16
9958,5835,992,1,768.3,0.0,768.3,20,614.64
9959,5835,977,1,1685.73,0.0,1685.73,10,1517.1570000000002
9960,5836,1014,1,1806.34,54.09,1752.25,20,1445.072
9961,5836,1127,1,4770.92,252.77,4518.15,0,4770.92
9962,5836,708,1,71148.88,3641.48,67507.4,30,49804.216
9963,5837,1032,1,3691.19,12.72,3678.47,0,3691.19
9964,5838,382,2,65460.34,10056.45,120864.23,10,58914.306
9965,5839,1178,2,88183.51,6600.99,169766.03,10,79365.159
9966,5840,258,2,1648.24,0.0,3296.48,0,1648.24
9967,5840,305,2,3492.14,0.0,6984.28,30,2444.498
9968,5841,1329,1,2430.96,239.71,2191.25,20,1944.768
9969,5842,878,1,26128.07,1800.59,24327.48,20,20902.456
9970,5842,7,1,2327.69,287.19,2040.5,30,1629.383
9971,5842,805,1,1899.4,148.75,1750.65,10,1709.46
9972,5843,1415,1,36353.29,1698.98,34654.31,0,36353.29
9973,5844,1189,1,5385.89,725.02,4660.87,10,4847.301
9974,5844,1370,1,62115.24,4276.01,57839.23,20,49692.192
9975,5844,1517,1,3093.55,163.61,2929.94,30,2165.485
9976,5845,483,1,14895.15,0.0,14895.15,30,10426.605
9977,5845,67,2,5611.24,0.0,11222.48,10,5050.116
9978,5846,1251,1,5415.24,263.96,5151.28,30,3790.668
9979,5847,1060,1,2050.27,0.0,2050.27,20,1640.216
9980,5848,997,2,389.19,63.84,714.54,20,311.35200000000003
9981,5849,491,1,529.3,38.36,490.94,30,370.50999999999993
9982,5850,53,1,2531.12,0.0,2531.12,0,2531.12
9983,5850,1147,1,14582.77,0.0,14582.77,30,10207.939
9984,5851,1367,2,1115.97,93.35,2138.59,0,1115.97
9985,5852,534,1,1012.79,129.6,883.19,30,708.953
9986,5853,233,2,2640.21,620.46,4659.96,30,1848.147
9987,5854,862,3,68245.35,0.0,204736.05,20,54596.280000000006
9988,5855,537,1,127206.42,12084.93,115121.49,10,114485.778
9989,5856,108,1,108060.7,0.0,108060.7,10,97254.63
9990,5856,1517,1,3093.55,0.0,3093.55,30,2165.485
9991,5856,1290,1,485.49,0.0,485.49,30,339.843
9992,5856,1546,1,5167.64,0.0,5167.64,10,4650.876
9993,5856,702,2,2389.45,0.0,4778.9,30,1672.6149999999998
9994,5857,898,1,4375.33,0.0,4375.33,10,3937.797
9995,5858,644,1,2644.87,0.0,2644.87,10,2380.383
9996,5858,157,1,39923.68,0.0,39923.68,20,31938.944000000003
9997,5859,1006,1,2865.1,378.85,2486.25,30,2005.57
9998,5859,48,1,29841.27,3425.18,26416.09,0,29841.27
9999,5860,176,2,95686.66,0.0,191373.32,30,66980.662
10000,5861,1402,2,66573.21,18152.12,114994.3,20,53258.56800000001
10001,5861,160,3,589.97,36.82,1733.09,20,471.97600000000006
10002,5861,1368,2,2174.86,239.28,4110.44,20,1739.888
10003,5861,971,1,489.72,21.09,468.63,30,342.804
10004,5862,1505,1,43480.18,146.55,43333.63,0,43480.18
10005,5862,1232,2,2225.05,133.1,4317.0,10,2002.5450000000003
10006,5862,688,1,8747.72,1153.84,7593.88,30,6123.404
10007,5862,534,1,1012.79,60.17,952.62,10,911.511
10008,5863,442,1,1278.0,0.0,1278.0,0,1278.0
10009,5863,413,1,2455.33,0.0,2455.33,30,1718.7309999999998
10010,5863,885,1,51233.09,0.0,51233.09,20,40986.472
10011,5863,101,1,68775.54,0.0,68775.54,10,61897.986
10012,5863,440,1,1285.35,0.0,1285.35,20,1028.28
10013,5864,1372,1,5456.54,126.79,5329.75,10,4910.886
10014,5865,811,1,1385.81,37.39,1348.42,20,1108.648
10015,5866,297,1,10115.63,113.82,10001.81,0,10115.63
10016,5867,1337,2,618.42,76.86,1159.98,0,618.42
10017,5868,452,1,8006.2,0.0,8006.2,10,7205.58
10018,5869,1419,1,3847.52,469.17,3378.35,10,3462.768
10019,5869,402,3,1513.62,2.06,4538.8,10,1362.258
10020,5869,1014,1,1806.34,130.22,1676.12,30,1264.438
10021,5869,451,2,767.82,151.68,1383.96,10,691.038
10022,5870,132,1,2548.46,225.96,2322.5,0,2548.46
10023,5870,1319,1,143495.9,15483.26,128012.64,30,100447.13
10024,5870,1447,1,1595.48,19.04,1576.44,30,1116.836
10025,5870,1062,1,29542.18,418.27,29123.91,10,26587.962
10026,5871,533,1,32637.56,0.0,32637.56,20,26110.048000000003
10027,5872,50,1,7178.02,0.0,7178.02,10,6460.218000000001
10028,5872,266,2,2692.51,0.0,5385.02,30,1884.757
10029,5873,690,1,2245.24,228.29,2016.95,10,2020.716
10030,5874,1155,1,608.12,59.55,548.57,0,608.12
10031,5875,595,1,42135.25,0.0,42135.25,10,37921.725
10032,5876,629,1,8978.53,533.96,8444.57,20,7182.8240000000005
10033,5876,1503,2,49950.6,4689.86,95211.34,20,39960.48
10034,5877,1178,1,88183.51,0.0,88183.51,20,70546.808
10035,5877,895,1,2219.6,0.0,2219.6,0,2219.6
10036,5877,1427,1,1223.85,0.0,1223.85,10,1101.465
10037,5877,475,1,1480.29,0.0,1480.29,30,1036.203
10038,5878,827,2,1826.44,221.95,3430.93,30,1278.508
10039,5878,1019,1,321.92,13.39,308.53,20,257.536
10040,5879,531,1,58790.28,7827.16,50963.12,10,52911.252
10041,5879,479,1,721.06,25.54,695.52,30,504.7419999999999
10042,5880,1175,1,1647.24,0.0,1647.24,20,1317.792
10043,5880,1010,1,51993.79,0.0,51993.79,30,36395.653
10044,5880,398,3,2421.46,0.0,7264.38,30,1695.022
10045,5880,1086,1,1518.57,0.0,1518.57,0,1518.57
10046,5881,834,1,2103.24,28.08,2075.16,20,1682.592
10047,5882,60,1,1296.99,0.0,1296.99,30,907.893
10048,5882,564,1,2777.89,0.0,2777.89,10,2500.101
10049,5883,780,1,3912.69,530.63,3382.06,0,3912.69
10050,5884,422,1,477.95,43.32,434.63,30,334.565
10051,5885,1284,2,102271.11,2696.28,201845.94,0,102271.11
10052,5886,1203,1,3371.04,468.03,2903.01,20,2696.8320000000003
10053,5887,850,1,2717.09,0.0,2717.09,10,2445.3810000000003
10054,5888,116,1,2413.81,296.07,2117.74,10,2172.429
10055,5888,346,1,1214.52,26.06,1188.46,30,850.164
10056,5889,1032,2,3691.19,101.44,7280.94,30,2583.833
10057,5890,861,1,36518.21,0.0,36518.21,30,25562.747
10058,5890,528,1,1071.66,0.0,1071.66,10,964.494
10059,5891,126,1,1983.21,0.0,1983.21,10,1784.889
10060,5891,408,1,1535.98,0.0,1535.98,0,1535.98
10061,5891,934,1,3198.99,0.0,3198.99,10,2879.091
10062,5891,1124,1,28111.89,0.0,28111.89,0,28111.89
10063,5892,730,1,1980.08,252.47,1727.61,10,1782.072
10064,5893,598,1,3271.1,382.92,2888.18,30,2289.77
10065,5894,86,1,3175.74,33.32,3142.42,30,2223.018
10066,5894,411,2,2910.53,511.36,5309.7,10,2619.4770000000003
10067,5895,525,1,2675.87,0.0,2675.87,20,2140.696
10068,5895,620,1,172365.66,0.0,172365.66,10,155129.094
10069,5896,1324,1,70919.44,0.0,70919.44,30,49643.608
10070,5896,1283,1,1043.73,0.0,1043.73,0,1043.73
10071,5896,272,1,8822.9,0.0,8822.9,20,7058.32
10072,5897,58,2,2642.32,139.39,5145.25,20,2113.856
10073,5897,756,2,3804.36,344.52,7264.2,10,3423.924
10074,5898,398,1,2421.46,27.75,2393.71,20,1937.168
10075,5899,989,1,673.12,0.0,673.12,10,605.808
10076,5899,580,1,870.31,0.0,870.31,20,696.248
10077,5900,172,1,348.87,29.87,319.0,30,244.209
10078,5901,26,2,4152.23,0.0,8304.46,20,3321.784
10079,5901,1062,1,29542.18,0.0,29542.18,10,26587.962
10080,5901,112,1,86793.43,0.0,86793.43,0,86793.43
10081,5902,1328,2,2127.08,451.94,3802.22,20,1701.664
10082,5902,837,2,157966.42,31344.81,284588.03,20,126373.136
10083,5903,151,3,3701.2,666.43,10437.17,20,2960.96
10084,5904,1322,2,21785.34,2673.19,40897.49,30,15249.738
10085,5904,594,1,1492.9,85.96,1406.94,20,1194.3200000000002
10086,5904,1276,1,5685.06,666.72,5018.34,30,3979.542
10087,5905,694,1,16383.26,1977.01,14406.25,20,13106.608
10088,5906,114,1,46974.46,1197.89,45776.57,30,32882.122
10089,5907,344,1,1068.92,23.74,1045.18,20,855.1360000000001
10090,5908,11,2,23533.14,5394.13,41672.15,20,18826.512
10091,5909,455,1,133508.92,6972.21,126536.71,10,120158.02800000002
10092,5910,1385,1,22894.15,2522.12,20372.03,20,18315.320000000003
10093,5911,1078,2,2235.87,516.14,3955.6,10,2012.283
10094,5912,252,1,2068.04,230.74,1837.3,0,2068.04
10095,5912,599,1,119654.07,2444.14,117209.93,0,119654.07
10096,5912,1077,1,40938.16,4287.69,36650.47,20,32750.52800000001
10097,5912,667,1,2282.98,58.02,2224.96,10,2054.682
10098,5912,1585,1,1472.08,121.38,1350.7,30,1030.456
10099,5913,1464,1,11752.88,0.0,11752.88,30,8227.016
10100,5914,1307,1,2847.02,0.0,2847.02,20,2277.616
10101,5915,526,1,69280.39,0.0,69280.39,30,48496.273
10102,5916,1474,1,74873.86,0.0,74873.86,10,67386.474
10103,5916,400,1,767.7,0.0,767.7,10,690.9300000000001
10104,5916,1277,1,48882.84,0.0,48882.84,0,48882.84
10105,5917,1409,1,4364.77,113.01,4251.76,10,3928.2930000000006
10106,5917,1301,1,4881.31,707.57,4173.74,0,4881.31
10107,5918,1132,2,3635.19,0.0,7270.38,0,3635.19
10108,5919,107,1,284.52,25.6,258.92,30,199.164
10109,5919,829,1,5385.17,467.5,4917.67,20,4308.136
10110,5920,946,1,69896.98,7371.29,62525.69,20,55917.584
10111,5921,1579,1,2698.3,158.98,2539.32,20,2158.6400000000003
10112,5922,320,2,1023.82,131.92,1915.72,0,1023.82
10113,5922,1248,1,1795.23,75.12,1720.11,0,1795.23
10114,5923,142,1,1981.3,0.0,1981.3,20,1585.04
10115,5923,707,1,2710.38,0.0,2710.38,30,1897.266
10116,5923,842,3,44095.41,0.0,132286.23,30,30866.787
10117,5924,1342,2,2246.14,0.0,4492.28,0,2246.14
10118,5925,187,2,3239.79,0.0,6479.58,0,3239.79
10119,5926,1481,1,22590.89,390.85,22200.04,30,15813.622999999998
10120,5926,471,1,1279.56,134.09,1145.47,20,1023.648
10121,5926,1566,1,2317.3,32.44,2284.86,30,1622.11
10122,5926,116,1,2413.81,169.03,2244.78,0,2413.81
10123,5927,1138,1,3203.49,9.17,3194.32,30,2242.443
10124,5928,663,2,4145.53,1144.78,7146.28,20,3316.424
10125,5928,134,1,11908.53,214.85,11693.68,0,11908.53
10126,5929,440,1,1285.35,0.0,1285.35,0,1285.35
10127,5929,1130,2,96459.24,0.0,192918.48,0,96459.24
10128,5929,448,1,1698.53,0.0,1698.53,10,1528.677
10129,5929,1218,1,143821.79,0.0,143821.79,0,143821.79
10130,5929,27,2,594.98,0.0,1189.96,30,416.486
10131,5930,1374,1,39316.48,3290.09,36026.39,10,35384.832
10132,5930,1080,1,2562.42,310.17,2252.25,10,2306.1780000000003
10133,5930,952,1,28872.88,3346.36,25526.52,30,20211.016
10134,5930,1373,1,21018.4,1627.17,19391.23,10,18916.56
10135,5931,441,1,3621.08,0.0,3621.08,0,3621.08
10136,5932,839,1,289.42,0.0,289.42,30,202.594
10137,5932,328,2,1446.76,0.0,2893.52,0,1446.76
10138,5933,940,1,35187.89,4798.19,30389.7,0,35187.89
10139,5934,1175,1,1647.24,173.81,1473.43,20,1317.792
10140,5934,1447,1,1595.48,191.52,1403.96,30,1116.836
10141,5935,1089,2,76783.54,20107.66,133459.42,0,76783.54
10142,5936,44,1,35028.51,0.0,35028.51,0,35028.51
10143,5936,1280,1,8871.08,0.0,8871.08,10,7983.972
10144,5937,588,1,2898.84,0.0,2898.84,0,2898.84
10145,5938,605,1,3237.95,179.23,3058.72,30,2266.565
10146,5939,2,3,6733.54,2217.01,17983.61,20,5386.832
10147,5940,1527,1,6369.71,75.52,6294.19,20,5095.768
10148,5941,85,1,422.79,0.0,422.79,20,338.232
10149,5942,1558,2,1952.71,0.0,3905.42,20,1562.168
10150,5942,10,1,661.22,0.0,661.22,20,528.976
10151,5943,1025,1,2450.74,23.99,2426.75,0,2450.74
10152,5943,225,1,1280.27,31.76,1248.51,20,1024.216
10153,5943,1342,1,2246.14,116.67,2129.47,0,2246.14
10154,5943,673,1,94567.66,7670.89,86896.77,10,85110.894
10155,5944,1145,1,539.28,11.63,527.65,20,431.424
10156,5945,519,1,35380.31,2482.73,32897.58,20,28304.248
10157,5946,1324,2,70919.44,0.0,141838.88,30,49643.608
10158,5946,1401,1,3069.45,0.0,3069.45,20,2455.56
10159,5947,780,1,3912.69,69.93,3842.76,30,2738.883
10160,5947,228,1,1579.03,64.82,1514.21,0,1579.03
10161,5947,541,2,43654.41,5993.69,81315.13,0,43654.41
10162,5948,1436,1,415.76,49.43,366.33,10,374.184
10163,5949,407,1,2254.94,0.0,2254.94,0,2254.94
10164,5950,1566,1,2317.3,0.0,2317.3,20,1853.84
10165,5950,1054,1,1342.53,0.0,1342.53,20,1074.024
10166,5951,47,1,4499.83,43.67,4456.16,0,4499.83
10167,5952,919,1,64205.31,0.0,64205.31,0,64205.31
10168,5952,401,1,1312.43,0.0,1312.43,30,918.701
10169,5952,1543,1,3269.88,0.0,3269.88,30,2288.916
10170,5952,223,1,986.9,0.0,986.9,10,888.21
10171,5953,1079,1,8886.97,537.7,8349.27,0,8886.97
10172,5953,1531,2,90650.62,15129.74,166171.5,10,81585.558
10173,5954,696,2,74127.77,0.0,148255.54,10,66714.993
10174,5954,708,1,71148.88,0.0,71148.88,0,71148.88
10175,5955,1166,1,2881.52,25.17,2856.35,10,2593.368
10176,5955,826,2,1971.53,278.33,3664.73,0,1971.53
10177,5956,1496,1,1656.55,247.07,1409.48,20,1325.24
10178,5957,1493,1,625.05,0.0,625.05,20,500.04
10179,5958,613,1,2400.73,49.43,2351.3,0,2400.73
10180,5959,1311,1,5198.45,0.0,5198.45,20,4158.76
10181,5960,15,1,1095.25,0.0,1095.25,30,766.675
10182,5961,707,1,2710.38,111.39,2598.99,10,2439.342
10183,5962,204,1,443.43,6.53,436.9,10,399.087
10184,5963,1415,1,36353.29,3075.7,33277.59,20,29082.632
10185,5964,1480,1,4188.58,49.45,4139.13,0,4188.58
10186,5965,1566,1,2317.3,198.14,2119.16,10,2085.57
10187,5966,1367,1,1115.97,130.15,985.82,0,1115.97
10188,5967,1445,1,1339.23,188.36,1150.87,10,1205.307
10189,5968,84,1,2164.95,0.0,2164.95,20,1731.96
10190,5969,1292,1,848.45,5.12,843.33,10,763.605
10191,5970,203,1,543.78,76.23,467.55,20,435.024
10192,5971,499,1,2538.2,93.72,2444.48,0,2538.2
10193,5971,1322,1,21785.34,1437.09,20348.25,0,21785.34
10194,5971,1185,1,5187.12,1.84,5185.28,20,4149.696
10195,5971,383,1,1151.25,48.78,1102.47,0,1151.25
10196,5972,703,3,2132.29,0.0,6396.87,0,2132.29
10197,5972,101,1,68775.54,0.0,68775.54,10,61897.986
10198,5973,1555,1,2372.47,139.89,2232.58,20,1897.976
10199,5974,1400,1,92951.15,0.0,92951.15,10,83656.035
10200,5975,690,1,2245.24,0.0,2245.24,10,2020.716
10201,5976,1524,1,4935.26,229.86,4705.4,0,4935.26
10202,5977,248,1,1908.15,241.01,1667.14,10,1717.335
10203,5977,1506,1,4761.53,477.0,4284.53,30,3333.0709999999995
10204,5978,1474,2,74873.86,18019.33,131728.39,30,52411.702
10205,5978,741,1,2631.03,122.2,2508.83,30,1841.721
10206,5979,294,1,41961.75,4121.81,37839.94,0,41961.75
10207,5980,625,1,334.12,41.75,292.37,30,233.884
10208,5981,615,1,513.46,48.42,465.04,10,462.114
10209,5982,1375,1,3435.74,218.9,3216.84,20,2748.592
10210,5983,1481,1,22590.89,4.84,22586.05,0,22590.89
10211,5984,1135,1,22063.27,2834.03,19229.24,10,19856.943
10212,5984,844,1,3208.7,145.54,3063.16,30,2246.09
10213,5985,1292,1,848.45,0.0,848.45,0,848.45
10214,5986,738,1,47701.21,2552.31,45148.9,30,33390.846999999994
10215,5987,627,1,43230.9,0.0,43230.9,0,43230.9
10216,5988,684,1,2183.03,231.82,1951.21,20,1746.4240000000002
10217,5989,410,1,3297.12,298.82,2998.3,0,3297.12
10218,5990,544,1,28257.91,125.11,28132.8,30,19780.537
10219,5991,1049,2,26000.8,0.0,52001.6,20,20800.64
10220,5991,738,3,47701.21,0.0,143103.63,20,38160.968
10221,5991,1528,2,1302.21,0.0,2604.42,10,1171.989
10222,5992,1256,2,3347.61,0.0,6695.22,20,2678.088
10223,5993,748,1,1603.07,0.0,1603.07,20,1282.456
10224,5994,343,1,62248.1,2888.74,59359.36,30,43573.67
10225,5995,389,1,1198.04,31.44,1166.6,10,1078.236
10226,5995,27,1,594.98,0.88,594.1,0,594.98
10227,5996,1015,1,2376.2,0.0,2376.2,0,2376.2
10228,5996,1319,1,143495.9,0.0,143495.9,20,114796.72
10229,5996,1472,1,3429.31,0.0,3429.31,20,2743.4480000000003
10230,5996,690,1,2245.24,0.0,2245.24,10,2020.716
10231,5997,1048,1,71604.88,10650.97,60953.91,30,50123.416
10232,5997,782,1,32396.84,1504.82,30892.02,0,32396.84
10233,5998,341,2,48560.82,8337.01,88784.63,20,38848.656
10234,5998,1214,1,84155.3,4362.62,79792.68,10,75739.77
10235,5999,1114,1,1971.55,195.13,1776.42,20,1577.24
10236,6000,813,1,46231.71,3085.3,43146.41,20,36985.368
10237,6000,220,2,3360.14,820.77,5899.51,0,3360.14
10238,6001,1493,2,625.05,181.0,1069.1,20,500.04
10239,6002,777,1,1619.93,162.64,1457.29,30,1133.951
10240,6002,1178,2,88183.51,3693.52,172673.5,20,70546.808
10241,6003,120,1,127274.2,18125.02,109149.18,10,114546.78
10242,6004,1313,1,1131.03,129.58,1001.45,0,1131.03
10243,6005,462,1,80667.3,0.0,80667.3,0,80667.3
10244,6006,1499,1,29009.65,0.0,29009.65,30,20306.755
10245,6007,1521,2,2652.67,0.0,5305.34,10,2387.403
10246,6008,902,1,4514.4,619.54,3894.86,0,4514.4
10247,6008,267,3,825.8,231.97,2245.43,30,578.06
10248,6009,1365,1,75380.11,985.57,74394.54,20,60304.088
10249,6009,1176,1,70122.26,5554.39,64567.87,0,70122.26
10250,6009,738,1,47701.21,849.41,46851.8,30,33390.846999999994
10251,6010,517,2,2456.82,434.92,4478.72,0,2456.82
10252,6010,496,2,28606.14,3654.61,53557.67,30,20024.298
10253,6010,368,1,53610.72,2858.35,50752.37,30,37527.504
10254,6011,39,2,15502.07,866.05,30138.09,0,15502.07
10255,6012,338,1,991.94,52.9,939.04,0,991.94
10256,6013,643,3,3058.33,0.0,9174.99,20,2446.664
10257,6013,1006,1,2865.1,0.0,2865.1,20,2292.08
10258,6013,805,2,1899.4,0.0,3798.8,20,1519.5200000000002
10259,6014,956,1,2547.65,0.0,2547.65,0,2547.65
10260,6014,1459,1,3227.95,0.0,3227.95,30,2259.565
10261,6014,20,1,21536.92,0.0,21536.92,20,17229.536
10262,6015,274,1,61941.5,5457.47,56484.03,0,61941.5
10263,6016,1079,1,8886.97,726.06,8160.91,10,7998.272999999999
10264,6016,1523,1,398.9,58.46,340.44,30,279.23
10265,6017,745,1,64361.62,1990.02,62371.6,30,45053.134
10266,6017,890,1,930.52,119.38,811.14,20,744.416
10267,6018,1305,1,2759.94,152.48,2607.46,10,2483.946
10268,6019,1308,1,1123.17,92.1,1031.07,30,786.219
10269,6020,1392,1,14134.24,0.0,14134.24,0,14134.24
10270,6020,996,1,7148.19,0.0,7148.19,0,7148.19
10271,6020,551,1,2682.04,0.0,2682.04,0,2682.04
10272,6021,364,1,996.71,92.06,904.65,20,797.368
10273,6022,197,1,4870.47,148.4,4722.07,20,3896.376
10274,6023,947,1,3401.84,0.0,3401.84,0,3401.84
10275,6023,423,1,2704.23,0.0,2704.23,10,2433.807
10276,6023,810,1,26333.87,0.0,26333.87,20,21067.096
10277,6024,531,2,58790.28,0.0,117580.56,10,52911.252
10278,6024,1358,2,5886.45,0.0,11772.9,30,4120.514999999999
10279,6024,514,2,417.37,0.0,834.74,10,375.633
10280,6024,1203,1,3371.04,0.0,3371.04,30,2359.728
10281,6025,210,2,1699.58,385.63,3013.53,0,1699.58
10282,6025,303,1,3839.35,447.53,3391.82,30,2687.545
10283,6026,1173,1,33473.5,3474.57,29998.93,20,26778.800000000003
10284,6027,1525,1,368.87,0.0,368.87,10,331.983
10285,6027,764,2,2664.12,0.0,5328.24,30,1864.884
10286,6027,1331,1,2122.62,0.0,2122.62,10,1910.358
10287,6027,832,1,422.4,0.0,422.4,10,380.16
10288,6027,1397,1,18699.32,0.0,18699.32,0,18699.32
10289,6028,404,1,47358.62,0.0,47358.62,10,42622.758
10290,6028,20,2,21536.92,0.0,43073.84,10,19383.228
10291,6028,1384,1,2175.55,0.0,2175.55,20,1740.4400000000005
10292,6029,1247,1,90898.31,0.0,90898.31,30,63628.817
10293,6029,1061,2,182372.8,0.0,364745.6,20,145898.24
10294,6030,188,1,43239.04,131.4,43107.64,0,43239.04
10295,6031,1130,2,96459.24,0.0,192918.48,0,96459.24
10296,6031,582,1,5287.79,0.0,5287.79,30,3701.453
10297,6032,1261,2,516.29,5.78,1026.8,0,516.29
10298,6033,1569,1,109637.89,0.0,109637.89,20,87710.312
10299,6034,1488,1,62639.65,0.0,62639.65,20,50111.72
10300,6035,177,1,1395.34,203.09,1192.25,20,1116.272
10301,6036,1456,1,63693.01,1407.65,62285.36,30,44585.107
10302,6036,546,1,90167.22,12366.4,77800.82,30,63117.054
10303,6037,1403,2,2570.65,26.96,5114.34,30,1799.455
10304,6037,1402,1,66573.21,1157.66,65415.55,0,66573.21
10305,6038,279,1,41417.49,5558.04,35859.45,0,41417.49
10306,6039,814,2,1391.2,0.0,2782.4,20,1112.96
10307,6039,3,1,11616.64,0.0,11616.64,30,8131.647999999999
10308,6040,1245,3,40671.19,0.0,122013.57,20,32536.952000000005
10309,6040,658,1,5224.75,0.0,5224.75,10,4702.275000000001
10310,6041,1385,1,22894.15,535.6,22358.55,20,18315.320000000003
10311,6041,374,1,3079.52,368.92,2710.6,0,3079.52
10312,6041,469,1,1668.67,85.77,1582.9,20,1334.936
10313,6041,813,1,46231.71,4623.79,41607.92,20,36985.368
10314,6042,775,1,1623.11,87.32,1535.79,10,1460.799
10315,6042,940,1,35187.89,86.78,35101.11,20,28150.312
10316,6042,753,1,1238.31,182.63,1055.68,0,1238.31
10317,6042,1077,2,40938.16,9027.49,72848.83,0,40938.16
10318,6043,1232,1,2225.05,62.67,2162.38,20,1780.0400000000002
10319,6043,472,1,46739.78,4356.06,42383.72,30,32717.846
10320,6043,608,1,39712.41,4547.46,35164.95,30,27798.687
10321,6043,657,1,60338.17,8528.07,51810.1,20,48270.536
10322,6043,1480,1,4188.58,335.18,3853.4,10,3769.722
10323,6044,1201,1,74263.81,0.0,74263.81,30,51984.667
10324,6044,127,2,2230.56,0.0,4461.12,0,2230.56
10325,6044,71,1,75515.31,0.0,75515.31,20,60412.248
10326,6045,1411,1,114539.75,0.0,114539.75,0,114539.75
10327,6046,1221,1,979.8,39.6,940.2,30,685.8599999999999
10328,6046,1104,1,1846.11,145.6,1700.51,30,1292.2769999999998
10329,6046,572,1,2920.51,321.52,2598.99,30,2044.357
10330,6047,755,2,118973.39,33259.72,204687.06,20,95178.712
10331,6047,254,1,1161.26,8.84,1152.42,20,929.008
10332,6047,955,1,3121.71,7.4,3114.31,0,3121.71
10333,6048,289,1,2410.54,183.13,2227.41,20,1928.432
10334,6049,1389,1,2657.25,122.1,2535.15,20,2125.8
10335,6049,255,1,109573.83,16098.64,93475.19,10,98616.447
10336,6050,574,1,2746.95,0.0,2746.95,20,2197.56
10337,6051,1361,1,4756.92,15.6,4741.32,20,3805.536
10338,6052,1479,1,948.68,8.36,940.32,30,664.0759999999999
10339,6053,211,1,1481.21,189.17,1292.04,30,1036.847
10340,6053,1573,1,3177.29,6.2,3171.09,30,2224.103
10341,6054,301,1,3075.11,313.82,2761.29,0,3075.11
10342,6054,736,1,784.34,65.09,719.25,20,627.4720000000001
10343,6054,1571,2,365.21,59.64,670.78,20,292.168
10344,6055,1548,1,174.01,0.0,174.01,10,156.609
10345,6056,1369,1,1514.51,0.0,1514.51,20,1211.608
10346,6057,1360,1,2586.67,0.0,2586.67,0,2586.67
10347,6058,1578,2,6158.02,0.0,12316.04,20,4926.416000000001
10348,6059,1164,1,1609.85,157.42,1452.43,0,1609.85
10349,6059,1338,1,2238.46,172.57,2065.89,10,2014.614
10350,6060,173,1,1351.37,29.97,1321.4,10,1216.233
10351,6061,716,2,710.73,169.29,1252.17,10,639.657
10352,6061,1453,1,35984.99,2390.25,33594.74,30,25189.493
10353,6062,697,1,415.23,9.27,405.96,20,332.184
10354,6063,1240,1,636.21,24.25,611.96,20,508.9680000000001
10355,6064,447,1,2160.35,80.46,2079.89,0,2160.35
10356,6065,196,1,61624.8,8411.88,53212.92,10,55462.32000000001
10357,6066,951,1,909.66,134.59,775.07,20,727.7280000000001
10358,6067,574,2,2746.95,582.27,4911.63,30,1922.865
10359,6068,658,1,5224.75,403.05,4821.7,10,4702.275000000001
10360,6069,1408,1,4470.06,0.0,4470.06,10,4023.054000000001
10361,6070,321,1,14713.75,0.0,14713.75,10,13242.375
10362,6070,1175,1,1647.24,0.0,1647.24,10,1482.516
10363,6070,1115,2,116186.43,0.0,232372.86,10,104567.787
10364,6070,1211,2,3864.77,0.0,7729.54,20,3091.8160000000003
10365,6070,251,2,2367.88,0.0,4735.76,20,1894.304
10366,6071,1175,1,1647.24,217.9,1429.34,0,1647.24
10367,6072,653,1,818.29,82.59,735.7,30,572.8029999999999
10368,6073,315,1,29996.05,4313.86,25682.19,10,26996.445
10369,6074,1122,1,3238.36,0.0,3238.36,30,2266.852
10370,6074,851,1,752.31,0.0,752.31,0,752.31
10371,6075,1109,2,84890.72,10949.38,158832.06,0,84890.72
10372,6076,531,1,58790.28,5876.11,52914.17,20,47032.224
10373,6077,983,2,125294.18,20700.78,229887.58,30,87705.92599999999
10374,6078,662,1,1180.85,56.16,1124.69,10,1062.765
10375,6079,1264,1,2920.35,0.0,2920.35,20,2336.28
10376,6080,1094,2,24047.77,5878.87,42216.67,30,16833.439
10377,6080,99,1,2052.78,111.92,1940.86,20,1642.2240000000002
10378,6081,42,1,7358.23,0.0,7358.23,20,5886.584
10379,6082,23,2,2254.98,173.33,4336.63,10,2029.482
10380,6083,695,1,887.94,0.0,887.94,20,710.3520000000001
10381,6083,230,1,32147.34,0.0,32147.34,20,25717.872000000003
10382,6084,153,1,39307.26,3837.78,35469.48,20,31445.808000000005
10383,6084,1168,2,918.19,58.77,1777.61,10,826.3710000000001
10384,6085,182,1,143105.46,0.0,143105.46,20,114484.368
10385,6086,1425,1,38118.15,0.0,38118.15,30,26682.705
10386,6086,134,1,11908.53,0.0,11908.53,10,10717.677
10387,6086,1494,3,18167.06,0.0,54501.18,20,14533.648
10388,6087,310,2,4017.89,0.0,8035.78,30,2812.523
10389,6088,1579,2,2698.3,600.33,4796.27,20,2158.6400000000003
10390,6089,369,1,124766.67,14646.6,110120.07,20,99813.336
10391,6089,398,1,2421.46,249.21,2172.25,0,2421.46
10392,6090,867,1,26390.91,0.0,26390.91,20,21112.728000000003
10393,6090,892,2,1931.15,0.0,3862.3,20,1544.92
10394,6091,652,1,40194.62,0.0,40194.62,20,32155.696000000004
10395,6092,61,1,765.87,8.13,757.74,30,536.1089999999999
10396,6093,1591,1,89157.48,8867.14,80290.34,30,62410.23599999999
10397,6093,892,1,1931.15,74.34,1856.81,20,1544.92
10398,6094,6,3,3858.92,1467.08,10109.68,0,3858.92
10399,6095,1550,1,1412.93,45.95,1366.98,0,1412.93
10400,6095,366,1,1689.79,245.6,1444.19,10,1520.811
10401,6095,1419,2,3847.52,808.21,6886.83,0,3847.52
10402,6096,254,1,1161.26,25.3,1135.96,0,1161.26
10403,6096,1046,1,9087.52,992.66,8094.86,0,9087.52
10404,6097,116,1,2413.81,82.84,2330.97,0,2413.81
10405,6098,1032,1,3691.19,85.45,3605.74,10,3322.071
10406,6099,121,1,250.81,0.0,250.81,30,175.56699999999998
10407,6100,352,1,93433.5,0.0,93433.5,20,74746.8
10408,6101,990,2,79255.34,16880.15,141630.53,20,63404.272
10409,6102,1587,3,67506.72,29688.35,172831.81,0,67506.72
10410,6102,1116,1,9372.19,1040.16,8332.03,30,6560.533
10411,6102,70,1,2559.4,196.6,2362.8,10,2303.46
10412,6102,110,1,118575.77,7177.25,111398.52,30,83003.039
10413,6102,1353,3,2813.37,649.46,7790.65,20,2250.696
10414,6103,1402,1,66573.21,0.0,66573.21,20,53258.56800000001
10415,6104,155,2,6759.98,1208.88,12311.08,10,6083.982
10416,6105,438,1,4222.79,0.0,4222.79,20,3378.232
10417,6106,1298,1,2653.12,0.0,2653.12,30,1857.184
10418,6106,1409,1,4364.77,0.0,4364.77,30,3055.339
10419,6107,1121,1,3804.86,0.0,3804.86,0,3804.86
10420,6107,419,2,4089.03,0.0,8178.06,30,2862.321
10421,6108,640,2,3083.27,0.0,6166.54,10,2774.943
10422,6109,1186,1,2233.01,18.69,2214.32,10,2009.7090000000003
10423,6109,1388,1,44645.42,4659.83,39985.59,30,31251.794
10424,6110,934,1,3198.99,269.17,2929.82,10,2879.091
10425,6110,990,2,79255.34,11866.45,146644.23,30,55478.738
10426,6110,152,1,110450.49,9399.15,101051.34,30,77315.343
10427,6110,1508,2,2634.42,651.67,4617.17,10,2370.978
10428,6111,361,1,670.56,15.54,655.02,30,469.392
10429,6111,300,1,180650.08,12299.84,168350.24,30,126455.05599999998
10430,6111,226,1,44766.35,18.53,44747.82,0,44766.35
10431,6112,793,3,78038.07,15512.68,218601.53,10,70234.263
10432,6113,600,1,1808.13,75.52,1732.61,0,1808.13
10433,6114,28,2,101663.1,16396.19,186930.01,20,81330.48000000001
10434,6114,1154,1,77226.75,3063.67,74163.08,0,77226.75
10435,6115,1154,1,77226.75,3043.09,74183.66,0,77226.75
10436,6116,968,1,4831.61,206.65,4624.96,30,3382.1269999999995
10437,6116,649,1,975.94,103.33,872.61,20,780.7520000000001
10438,6116,797,1,40285.16,4999.34,35285.82,10,36256.64400000001
10439,6116,1319,1,143495.9,16771.95,126723.95,30,100447.13
10440,6117,76,1,14993.91,0.0,14993.91,10,13494.519
10441,6118,298,1,54274.29,2864.2,51410.09,0,54274.29
10442,6118,1440,1,357.51,44.84,312.67,10,321.759
10443,6119,896,1,1901.81,0.0,1901.81,30,1331.2669999999998
10444,6119,1047,1,1308.14,0.0,1308.14,30,915.698
10445,6120,820,2,5798.58,0.0,11597.16,10,5218.722
10446,6121,706,1,2585.08,281.01,2304.07,30,1809.556
10447,6121,1592,1,91342.6,10924.66,80417.94,0,91342.6
10448,6121,1296,2,1446.41,292.22,2600.6,30,1012.487
10449,6121,1122,1,3238.36,196.04,3042.32,30,2266.852
10450,6121,1244,3,3810.15,239.73,11190.72,10,3429.135
10451,6122,729,1,68134.25,0.0,68134.25,20,54507.4
10452,6122,745,1,64361.62,0.0,64361.62,20,51489.296
10453,6123,1225,2,100562.21,18551.75,182572.67,20,80449.76800000001
10454,6124,424,1,2557.15,0.0,2557.15,10,2301.435
10455,6124,979,1,4138.39,0.0,4138.39,20,3310.7120000000004
10456,6124,1316,1,343.7,0.0,343.7,10,309.33
10457,6124,404,1,47358.62,0.0,47358.62,0,47358.62
10458,6125,1230,2,994.26,297.96,1690.56,0,994.26
10459,6126,1399,1,626.11,0.0,626.11,20,500.888
10460,6127,997,1,389.19,19.59,369.6,0,389.19
10461,6127,1059,1,3113.14,207.67,2905.47,20,2490.512
10462,6127,1095,1,2693.75,1.22,2692.53,20,2155.0
10463,6127,1464,1,11752.88,1672.25,10080.63,0,11752.88
10464,6128,126,1,1983.21,0.0,1983.21,20,1586.5680000000002
10465,6128,516,1,27901.07,0.0,27901.07,0,27901.07
10466,6129,116,3,2413.81,798.03,6443.4,30,1689.667
10467,6130,965,2,1353.94,307.22,2400.66,10,1218.546
10468,6130,1268,1,30703.2,1856.99,28846.21,20,24562.56
10469,6131,561,1,23226.57,2460.47,20766.1,0,23226.57
10470,6131,636,1,915.13,69.43,845.7,10,823.617
10471,6132,1397,1,18699.32,1194.39,17504.93,30,13089.524
10472,6132,1027,1,37556.23,2808.63,34747.6,0,37556.23
10473,6133,1489,1,877.0,6.45,870.55,10,789.3000000000001
10474,6133,407,1,2254.94,315.47,1939.47,10,2029.446
10475,6134,885,1,51233.09,7275.18,43957.91,30,35863.16299999999
10476,6135,638,1,414.26,45.33,368.93,20,331.408
10477,6136,53,2,2531.12,103.81,4958.43,20,2024.896
10478,6136,615,1,513.46,69.94,443.52,0,513.46
10479,6137,98,1,2400.3,179.96,2220.34,20,1920.24
10480,6138,1175,1,1647.24,60.74,1586.5,0,1647.24
10481,6138,756,1,3804.36,319.67,3484.69,30,2663.052
10482,6138,947,1,3401.84,95.89,3305.95,0,3401.84
10483,6138,670,1,1896.46,105.59,1790.87,10,1706.814
10484,6139,346,1,1214.52,96.68,1117.84,20,971.616
10485,6139,1504,1,1103.31,144.52,958.79,0,1103.31
10486,6139,661,3,31896.24,12741.62,82947.1,30,22327.368
10487,6139,1184,2,1670.78,450.35,2891.21,0,1670.78
10488,6139,58,3,2642.32,975.48,6951.48,20,2113.856
10489,6140,1233,1,3456.57,377.51,3079.06,10,3110.913
10490,6141,1154,1,77226.75,0.0,77226.75,0,77226.75
10491,6141,1569,1,109637.89,0.0,109637.89,20,87710.312
10492,6142,83,1,67349.49,9094.67,58254.82,30,47144.643
10493,6143,1550,1,1412.93,171.51,1241.42,0,1412.93
10494,6143,1362,1,288.96,38.14,250.82,10,260.064
10495,6143,939,1,2627.03,59.1,2567.93,30,1838.921
10496,6143,1197,1,2785.23,280.28,2504.95,30,1949.661
10497,6144,592,1,1067.91,55.98,1011.93,30,747.537
10498,6145,710,1,32724.34,0.0,32724.34,30,22907.038
10499,6145,189,1,2123.95,0.0,2123.95,0,2123.95
10500,6145,747,1,8474.0,0.0,8474.0,20,6779.200000000001
10501,6146,560,1,30947.74,0.0,30947.74,10,27852.966
10502,6147,135,1,2028.61,255.58,1773.03,30,1420.0269999999998
10503,6148,679,1,3603.31,0.0,3603.31,0,3603.31
10504,6149,1124,1,28111.89,1546.16,26565.73,20,22489.512
10505,6149,1338,1,2238.46,117.31,2121.15,10,2014.614
10506,6150,1420,2,1349.54,270.02,2429.06,30,944.678
10507,6151,264,2,1134.64,48.51,2220.77,10,1021.1760000000002
10508,6151,250,1,47627.73,5183.69,42444.04,20,38102.184
10509,6152,927,1,181542.75,16386.39,165156.36,10,163388.475
10510,6152,1167,1,3045.6,177.47,2868.13,20,2436.48
10511,6153,797,1,40285.16,0.0,40285.16,30,28199.612
10512,6153,1118,3,2926.02,0.0,8778.06,0,2926.02
10513,6153,1326,1,1936.13,0.0,1936.13,0,1936.13
10514,6154,520,1,4941.54,624.71,4316.83,0,4941.54
10515,6155,834,1,2103.24,0.0,2103.24,30,1472.2679999999998
10516,6156,545,1,470.77,68.93,401.84,30,329.539
10517,6157,795,1,14011.76,0.0,14011.76,10,12610.584
10518,6158,100,3,2961.16,0.0,8883.48,30,2072.812
10519,6159,1597,1,1676.63,77.47,1599.16,10,1508.967
10520,6159,1027,3,37556.23,13098.43,99570.26,0,37556.23
10521,6160,296,1,13792.96,699.57,13093.39,0,13792.96
10522,6160,106,3,23476.97,1696.39,68734.52,20,18781.576
10523,6161,324,1,112608.37,0.0,112608.37,10,101347.533
10524,6162,851,2,752.31,127.77,1376.85,10,677.079
10525,6163,615,2,513.46,86.43,940.49,30,359.422
10526,6164,762,1,1588.39,204.49,1383.9,20,1270.7120000000002
10527,6165,606,2,87181.18,19140.82,155221.54,0,87181.18
10528,6165,1350,1,1796.88,48.89,1747.99,10,1617.1920000000002
10529,6165,672,1,2275.78,19.17,2256.61,10,2048.202
10530,6165,1217,2,2877.25,484.8,5269.7,0,2877.25
10531,6165,1003,1,3138.55,146.14,2992.41,0,3138.55
10532,6166,887,1,91887.4,0.0,91887.4,30,64321.17999999999
10533,6166,399,1,2809.7,0.0,2809.7,30,1966.79
10534,6167,1001,1,47120.94,0.0,47120.94,30,32984.658
10535,6168,708,1,71148.88,2066.99,69081.89,10,64033.992000000006
10536,6168,941,1,2360.32,316.66,2043.66,10,2124.288
10537,6169,889,1,3143.04,0.0,3143.04,30,2200.128
10538,6170,802,1,2548.8,166.53,2382.27,30,1784.16
10539,6171,10,1,661.22,24.79,636.43,0,661.22
10540,6171,507,1,55812.59,8192.55,47620.04,10,50231.331
10541,6171,750,1,4599.92,254.64,4345.28,10,4139.928
10542,6172,1417,1,1306.26,84.49,1221.77,30,914.382
10543,6173,504,1,1042.0,0.0,1042.0,20,833.6
10544,6174,978,2,2725.86,0.0,5451.72,0,2725.86
10545,6175,604,1,31737.7,2258.34,29479.36,10,28563.93
10546,6176,1427,2,1223.85,181.15,2266.55,30,856.6949999999999
10547,6176,847,1,1450.17,155.54,1294.63,20,1160.1360000000002
10548,6176,1088,1,1367.68,36.02,1331.66,20,1094.144
10549,6177,666,1,996.62,87.24,909.38,10,896.958
10550,6178,103,1,3868.11,143.08,3725.03,30,2707.677
10551,6178,667,2,2282.98,368.25,4197.71,20,1826.384
10552,6178,131,1,26403.44,233.07,26170.37,20,21122.752
10553,6178,219,1,4417.46,652.37,3765.09,0,4417.46
10554,6178,1575,1,1239.06,150.92,1088.14,30,867.3419999999999
10555,6179,801,1,13055.24,1540.04,11515.2,20,10444.192
10556,6180,1542,3,1880.53,27.68,5613.91,30,1316.371
10557,6181,290,1,32947.49,1224.79,31722.7,10,29652.741
10558,6182,288,2,6762.4,0.0,13524.8,0,6762.4
10559,6182,1226,1,55280.49,0.0,55280.49,10,49752.441
10560,6182,1538,3,1905.21,0.0,5715.63,30,1333.647
10561,6182,369,1,124766.67,0.0,124766.67,0,124766.67
10562,6183,1108,1,145328.64,12011.29,133317.35,30,101730.048
10563,6183,655,1,1461.36,82.66,1378.7,30,1022.952
10564,6184,511,1,621.58,6.57,615.01,0,621.58
10565,6184,1446,1,9412.43,1238.86,8173.57,20,7529.944
10566,6184,522,2,664.42,137.68,1191.16,0,664.42
10567,6185,277,1,2384.34,0.0,2384.34,0,2384.34
10568,6186,1543,1,3269.88,0.0,3269.88,0,3269.88
10569,6186,54,3,86418.7,0.0,259256.1,0,86418.7
10570,6186,1204,1,122881.84,0.0,122881.84,20,98305.472
10571,6187,1505,2,43480.18,0.0,86960.36,10,39132.162
10572,6188,657,1,60338.17,0.0,60338.17,0,60338.17
10573,6189,622,1,135527.88,0.0,135527.88,30,94869.516
10574,6190,510,1,2532.26,225.03,2307.23,10,2279.034
10575,6191,941,1,2360.32,0.0,2360.32,10,2124.288
10576,6191,750,1,4599.92,0.0,4599.92,30,3219.944
10577,6192,24,1,143987.71,13768.05,130219.66,10,129588.939
10578,6192,463,2,3827.3,524.14,7130.46,10,3444.57
10579,6192,67,1,5611.24,280.45,5330.79,20,4488.992
10580,6192,789,1,83642.73,7292.94,76349.79,30,58549.91099999999
10581,6193,13,2,3885.29,0.0,7770.58,30,2719.703
10582,6193,786,1,521.58,0.0,521.58,30,365.106
10583,6193,1215,3,3634.8,0.0,10904.4,10,3271.32
10584,6194,878,1,26128.07,939.96,25188.11,20,20902.456
10585,6194,468,1,22472.15,1313.19,21158.96,10,20224.935
10586,6195,236,1,4589.61,0.0,4589.61,30,3212.7269999999994
10587,6195,613,2,2400.73,0.0,4801.46,30,1680.511
10588,6195,1369,1,1514.51,0.0,1514.51,20,1211.608
10589,6195,460,2,25787.51,0.0,51575.02,30,18051.257
10590,6196,630,2,646.69,41.6,1251.78,20,517.3520000000001
10591,6197,433,1,93895.84,7763.18,86132.66,30,65727.08799999999
10592,6198,404,1,47358.62,1744.03,45614.59,10,42622.758
10593,6199,1107,1,112320.64,0.0,112320.64,10,101088.576
10594,6200,840,1,162782.38,0.0,162782.38,20,130225.904
10595,6201,826,1,1971.53,0.0,1971.53,20,1577.2240000000002
10596,6202,1563,1,30864.11,0.0,30864.11,10,27777.699
10597,6202,146,1,80324.28,0.0,80324.28,30,56226.996
10598,6203,796,1,1566.44,224.4,1342.04,10,1409.796
10599,6203,846,1,3823.36,51.86,3771.5,0,3823.36
10600,6203,439,1,1595.52,94.08,1501.44,20,1276.4160000000002
10601,6203,1115,1,116186.43,4897.78,111288.65,30,81330.50099999999
10602,6204,797,1,40285.16,0.0,40285.16,30,28199.612
10603,6205,1189,2,5385.89,0.0,10771.78,10,4847.301
10604,6205,1004,1,2995.17,0.0,2995.17,30,2096.619
10605,6206,735,1,70211.49,3790.53,66420.96,30,49148.043
10606,6207,500,2,4108.13,0.0,8216.26,10,3697.317
10607,6207,1014,1,1806.34,0.0,1806.34,10,1625.706
10608,6208,843,1,1184.98,58.65,1126.33,10,1066.482
10609,6209,1379,1,78359.54,0.0,78359.54,20,62687.632
10610,6210,846,3,3823.36,396.46,11073.62,10,3441.0240000000003
10611,6210,568,1,163028.84,18892.72,144136.12,0,163028.84
10612,6211,1102,1,124939.04,16083.15,108855.89,0,124939.04
10613,6212,358,1,1436.42,170.76,1265.66,30,1005.494
10614,6213,1144,1,1149.43,0.0,1149.43,30,804.601
10615,6213,518,2,2482.37,0.0,4964.74,30,1737.659
10616,6214,798,2,3718.85,0.0,7437.7,30,2603.195
10617,6215,128,1,2134.53,83.3,2051.23,0,2134.53
10618,6215,356,1,5467.85,582.92,4884.93,10,4921.0650000000005
10619,6216,1432,1,1342.16,102.36,1239.8,0,1342.16
10620,6217,1575,1,1239.06,0.0,1239.06,30,867.3419999999999
10621,6218,983,1,125294.18,13756.01,111538.17,20,100235.344
10622,6219,1524,3,4935.26,0.0,14805.78,0,4935.26
10623,6220,363,1,3377.19,0.0,3377.19,30,2364.033
10624,6221,97,1,286.42,0.0,286.42,0,286.42
10625,6221,858,1,1887.65,0.0,1887.65,0,1887.65
10626,6222,1409,2,4364.77,0.0,8729.54,20,3491.8160000000007
10627,6222,111,1,38654.56,0.0,38654.56,0,38654.56
10628,6223,656,3,1650.33,457.94,4493.05,30,1155.2309999999998
10629,6224,954,2,9901.09,2355.56,17446.62,20,7920.872
10630,6224,399,1,2809.7,121.98,2687.72,10,2528.73
10631,6225,1573,1,3177.29,0.0,3177.29,30,2224.103
10632,6226,78,1,24058.57,161.37,23897.2,30,16840.999
10633,6226,466,1,92637.16,10335.97,82301.19,10,83373.444
10634,6227,1474,1,74873.86,0.0,74873.86,0,74873.86
10635,6227,762,1,1588.39,0.0,1588.39,30,1111.873
10636,6227,1148,1,35366.0,0.0,35366.0,20,28292.800000000003
10637,6228,467,1,34229.7,323.84,33905.86,30,23960.79
10638,6229,309,2,47983.47,5904.79,90062.15,30,33588.429
10639,6230,1063,3,2532.13,0.0,7596.39,30,1772.491
10640,6230,518,1,2482.37,0.0,2482.37,30,1737.659
10641,6231,1015,1,2376.2,323.54,2052.66,10,2138.58
10642,6232,331,2,24483.71,0.0,48967.42,10,22035.339
10643,6232,988,1,2273.35,0.0,2273.35,0,2273.35
10644,6233,1293,1,1046.89,116.58,930.31,10,942.201
10645,6234,357,1,94442.75,0.0,94442.75,30,66109.925
10646,6235,1186,1,2233.01,77.23,2155.78,20,1786.4080000000004
10647,6235,661,1,31896.24,1188.53,30707.71,10,28706.616
10648,6236,980,1,1563.36,187.76,1375.6,20,1250.688
10649,6236,569,1,1937.28,285.37,1651.91,30,1356.096
10650,6236,536,1,2418.45,323.66,2094.79,20,1934.76
10651,6237,945,1,1136.14,34.14,1102.0,20,908.912
10652,6237,443,1,20303.01,576.6,19726.41,30,14212.106999999998
10653,6237,1416,3,158592.95,38151.16,437627.69,0,158592.95
10654,6237,433,1,93895.84,10932.84,82963.0,20,75116.672
10655,6238,742,1,3902.24,299.73,3602.51,0,3902.24
10656,6238,1031,1,356.88,40.53,316.35,0,356.88
10657,6239,216,2,3406.16,21.72,6790.6,0,3406.16
10658,6239,1302,1,52798.3,4003.06,48795.24,20,42238.64000000001
10659,6240,1278,3,110118.08,0.0,330354.24,0,110118.08
10660,6241,751,1,808.3,87.31,720.99,20,646.64
10661,6241,125,1,7109.25,934.45,6174.8,20,5687.400000000001
10662,6242,1306,1,55531.46,0.0,55531.46,10,49978.314
10663,6242,1072,1,40911.57,0.0,40911.57,0,40911.57
10664,6243,900,1,1911.43,161.33,1750.1,0,1911.43
10665,6243,223,1,986.9,117.34,869.56,0,986.9
10666,6244,1001,2,47120.94,0.0,94241.88,30,32984.658
10667,6244,629,1,8978.53,0.0,8978.53,20,7182.8240000000005
10668,6245,673,1,94567.66,9597.61,84970.05,0,94567.66
10669,6245,368,1,53610.72,4898.58,48712.14,30,37527.504
10670,6245,1046,2,9087.52,2300.59,15874.45,30,6361.264
10671,6245,240,1,138590.82,8146.17,130444.65,0,138590.82
10672,6246,136,2,646.44,104.88,1188.0,30,452.508
10673,6247,992,1,768.3,76.07,692.23,0,768.3
10674,6248,654,2,1894.03,118.96,3669.1,0,1894.03
10675,6249,531,1,58790.28,0.0,58790.28,20,47032.224
10676,6249,343,1,62248.1,0.0,62248.1,20,49798.48
10677,6250,605,1,3237.95,0.0,3237.95,0,3237.95
10678,6251,1447,1,1595.48,0.0,1595.48,0,1595.48
10679,6251,200,1,3189.27,0.0,3189.27,0,3189.27
10680,6252,743,1,2269.05,263.21,2005.84,20,1815.24
10681,6252,719,1,17225.88,513.38,16712.5,10,15503.292
10682,6253,660,1,41679.89,5440.25,36239.64,20,33343.912000000004
10683,6254,588,1,2898.84,0.0,2898.84,30,2029.188
10684,6254,259,3,1980.52,0.0,5941.56,30,1386.3639999999998
10685,6255,1595,1,18497.48,871.26,17626.22,30,12948.236
10686,6255,1128,1,2674.52,247.85,2426.67,10,2407.068
10687,6256,1121,1,3804.86,70.7,3734.16,10,3424.3740000000003
10688,6257,1299,1,3414.72,122.09,3292.63,30,2390.304
10689,6258,1168,1,918.19,54.62,863.57,0,918.19
10690,6259,429,1,121237.34,10742.73,110494.61,10,109113.606
10691,6259,837,1,157966.42,4133.45,153832.97,30,110576.494
10692,6260,1058,1,1092.55,120.56,971.99,0,1092.55
10693,6261,518,1,2482.37,155.37,2327.0,0,2482.37
10694,6262,294,3,41961.75,0.0,125885.25,30,29373.225
10695,6263,1192,2,70917.05,10399.44,131434.66,0,70917.05
10696,6264,1571,1,365.21,32.91,332.3,20,292.168
10697,6265,944,1,9096.72,1086.13,8010.59,0,9096.72
10698,6265,512,1,741.25,18.88,722.37,10,667.125
10699,6265,433,1,93895.84,12181.93,81713.91,30,65727.08799999999
10700,6265,1029,1,4067.39,207.26,3860.13,30,2847.173
10701,6265,1407,2,43168.92,7022.63,79315.21,20,34535.136
10702,6266,650,1,17350.56,0.0,17350.56,10,15615.504
10703,6266,518,1,2482.37,0.0,2482.37,0,2482.37
10704,6267,569,1,1937.28,227.3,1709.98,20,1549.824
10705,6268,250,1,47627.73,0.0,47627.73,30,33339.411
10706,6269,1045,1,3767.71,472.17,3295.54,10,3390.9390000000003
10707,6269,1321,1,10565.62,252.68,10312.94,0,10565.62
10708,6269,157,1,39923.68,5864.96,34058.72,10,35931.312
10709,6269,1514,1,411.96,9.45,402.51,30,288.372
10710,6270,448,1,1698.53,160.57,1537.96,20,1358.824
10711,6270,838,1,1056.26,86.91,969.35,0,1056.26
10712,6271,887,1,91887.4,4928.74,86958.66,20,73509.92
10713,6272,435,1,1009.65,0.0,1009.65,0,1009.65
10714,6272,715,1,114670.41,0.0,114670.41,0,114670.41
10715,6273,1473,2,1456.73,0.0,2913.46,20,1165.384
10716,6274,45,1,5292.4,101.84,5190.56,30,3704.68
10717,6274,370,1,659.72,89.72,570.0,0,659.72
10718,6274,374,1,3079.52,50.28,3029.24,20,2463.616
10719,6274,18,1,219.13,22.6,196.53,10,197.217
10720,6275,160,1,589.97,0.0,589.97,10,530.9730000000001
10721,6276,1088,1,1367.68,0.0,1367.68,30,957.376
10722,6277,800,1,308.13,0.0,308.13,0,308.13
10723,6278,77,1,375.9,49.45,326.45,30,263.13
10724,6278,437,1,2583.87,28.64,2555.23,0,2583.87
10725,6279,838,1,1056.26,22.93,1033.33,20,845.008
10726,6280,6,1,3858.92,98.47,3760.45,30,2701.244
10727,6281,43,2,6086.88,1620.38,10553.38,30,4260.816
10728,6281,1450,1,2010.76,237.2,1773.56,10,1809.684
10729,6281,1301,1,4881.31,232.64,4648.67,10,4393.179
10730,6281,1101,1,2240.73,137.22,2103.51,10,2016.657
10731,6282,869,1,1297.86,136.55,1161.31,20,1038.288
10732,6283,439,1,1595.52,126.32,1469.2,0,1595.52
10733,6284,10,1,661.22,75.41,585.81,10,595.0980000000001
10734,6285,1530,3,2958.0,0.0,8874.0,20,2366.4
10735,6285,703,2,2132.29,0.0,4264.58,20,1705.832
10736,6286,111,3,38654.56,0.0,115963.68,0,38654.56
10737,6287,672,2,2275.78,0.0,4551.56,20,1820.6240000000005
10738,6288,1551,2,2108.02,516.37,3699.67,0,2108.02
10739,6289,1596,1,4337.02,0.0,4337.02,0,4337.02
10740,6290,1323,1,7044.95,1022.16,6022.79,30,4931.464999999999
10741,6291,1060,1,2050.27,207.08,1843.19,30,1435.189
10742,6292,285,1,3301.99,32.98,3269.01,20,2641.592
10743,6293,1166,2,2881.52,0.0,5763.04,30,2017.064
10744,6293,1510,1,5438.97,0.0,5438.97,30,3807.279
10745,6293,1472,1,3429.31,0.0,3429.31,30,2400.517
10746,6293,434,1,3512.59,0.0,3512.59,0,3512.59
10747,6293,858,2,1887.65,0.0,3775.3,20,1510.12
10748,6294,276,1,64431.04,237.44,64193.6,20,51544.832
10749,6295,645,1,754.4,78.35,676.05,30,528.0799999999999
10750,6296,640,1,3083.27,0.0,3083.27,0,3083.27
10751,6297,710,1,32724.34,417.47,32306.87,0,32724.34
10752,6298,851,1,752.31,95.23,657.08,30,526.617
10753,6298,55,1,38559.98,2634.79,35925.19,20,30847.984000000004
10754,6299,320,1,1023.82,126.39,897.43,30,716.674
10755,6300,1050,1,2146.23,183.81,1962.42,30,1502.361
10756,6301,884,1,82430.4,3107.26,79323.14,10,74187.36
10757,6301,1107,3,112320.64,21304.37,315657.55,10,101088.576
10758,6301,10,1,661.22,73.53,587.69,10,595.0980000000001
10759,6301,706,1,2585.08,317.87,2267.21,0,2585.08
10760,6302,367,1,39011.03,0.0,39011.03,10,35109.927
10761,6303,119,1,77500.66,0.0,77500.66,0,77500.66
10762,6303,1502,3,1302.32,0.0,3906.96,20,1041.856
10763,6304,1187,1,175626.18,0.0,175626.18,0,175626.18
10764,6305,1536,1,26543.86,3942.18,22601.68,0,26543.86
10765,6305,118,3,29857.44,7166.76,82405.56,10,26871.696
10766,6305,1022,1,7813.98,1125.2,6688.78,10,7032.581999999999
10767,6305,728,2,36071.09,5224.65,66917.53,30,25249.762999999995
10768,6306,1365,2,75380.11,0.0,150760.22,0,75380.11
10769,6307,629,1,8978.53,25.48,8953.05,10,8080.677000000001
10770,6307,1270,1,4276.25,54.28,4221.97,0,4276.25
10771,6307,1025,1,2450.74,190.96,2259.78,10,2205.666
10772,6307,574,1,2746.95,173.34,2573.61,20,2197.56
10773,6308,104,1,1053.46,83.88,969.58,30,737.422
10774,6309,132,1,2548.46,323.44,2225.02,10,2293.614
10775,6309,1145,1,539.28,66.45,472.83,0,539.28
10776,6310,432,1,13694.16,1952.55,11741.61,30,9585.911999999998
10777,6311,744,1,2778.95,0.0,2778.95,30,1945.265
10778,6312,1328,2,2127.08,0.0,4254.16,20,1701.664
10779,6312,625,1,334.12,0.0,334.12,30,233.884
10780,6313,53,1,2531.12,0.0,2531.12,10,2278.008
10781,6314,738,1,47701.21,921.37,46779.84,0,47701.21
10782,6315,139,1,1485.23,98.5,1386.73,0,1485.23
10783,6316,1114,1,1971.55,274.27,1697.28,20,1577.24
10784,6316,119,1,77500.66,4803.21,72697.45,10,69750.59400000001
10785,6317,298,1,54274.29,5571.51,48702.78,0,54274.29
10786,6318,1487,1,2520.21,127.73,2392.48,0,2520.21
10787,6318,982,1,1009.34,72.51,936.83,0,1009.34
10788,6319,327,2,29823.32,8479.91,51166.73,30,20876.324
10789,6320,336,2,31831.67,4735.72,58927.62,20,25465.336
10790,6321,796,1,1566.44,0.0,1566.44,10,1409.796
10791,6322,1223,2,11259.67,0.0,22519.34,0,11259.67
10792,6322,1406,2,34181.12,0.0,68362.24,30,23926.784
10793,6322,197,1,4870.47,0.0,4870.47,30,3409.329
10794,6322,651,1,82264.94,0.0,82264.94,30,57585.458
10795,6323,678,3,2482.88,749.79,6698.85,20,1986.304
10796,6323,281,1,1372.61,85.89,1286.72,10,1235.349
10797,6323,1116,1,9372.19,329.67,9042.52,20,7497.752
10798,6323,505,1,2649.54,146.59,2502.95,0,2649.54
10799,6323,1241,3,1430.84,582.11,3710.41,30,1001.588
10800,6324,1269,1,2326.75,43.96,2282.79,20,1861.4
10801,6324,1434,1,758.95,100.62,658.33,30,531.265
10802,6325,1026,1,16347.09,2153.53,14193.56,0,16347.09
10803,6325,546,1,90167.22,13008.67,77158.55,30,63117.054
10804,6326,1509,1,39314.87,2113.11,37201.76,20,31451.896000000004
10805,6326,383,1,1151.25,91.26,1059.99,10,1036.125
10806,6326,158,1,2038.97,49.71,1989.26,0,2038.97
10807,6326,1514,1,411.96,20.78,391.18,20,329.568
10808,6327,1358,1,5886.45,212.32,5674.13,20,4709.16
10809,6328,748,1,1603.07,239.92,1363.15,30,1122.149
10810,6329,195,1,31411.94,0.0,31411.94,20,25129.552
10811,6329,864,1,3913.42,0.0,3913.42,30,2739.394
10812,6330,574,1,2746.95,191.68,2555.27,30,1922.865
10813,6330,291,1,21975.24,527.03,21448.21,0,21975.24
10814,6331,329,1,110700.38,0.0,110700.38,20,88560.304
10815,6332,634,1,128711.83,0.0,128711.83,10,115840.647
10816,6333,564,3,2777.89,485.14,7848.53,30,1944.523
10817,6333,507,2,55812.59,14749.16,96876.02,0,55812.59
10818,6334,1025,1,2450.74,0.0,2450.74,10,2205.666
10819,6335,365,1,4019.88,90.86,3929.02,0,4019.88
10820,6336,1425,1,38118.15,4805.41,33312.74,30,26682.705
10821,6336,89,1,700.33,81.41,618.92,30,490.231
10822,6337,1425,2,38118.15,0.0,76236.3,0,38118.15
10823,6337,552,1,2589.95,0.0,2589.95,10,2330.955
10824,6338,704,2,2086.13,436.96,3735.3,30,1460.291
10825,6339,1587,1,67506.72,3827.35,63679.37,20,54005.376
10826,6339,1233,1,3456.57,260.58,3195.99,20,2765.2560000000003
10827,6340,351,1,1015.46,72.51,942.95,0,1015.46
10828,6341,1211,2,3864.77,0.0,7729.54,0,3864.77
10829,6342,1486,1,828.48,35.05,793.43,30,579.9359999999999
10830,6342,608,1,39712.41,3475.99,36236.42,20,31769.928000000004
10831,6342,1236,1,529.36,55.93,473.43,0,529.36
10832,6342,534,2,1012.79,78.58,1947.0,20,810.232
10833,6343,1495,1,92165.84,0.0,92165.84,20,73732.672
10834,6344,290,1,32947.49,0.0,32947.49,0,32947.49
10835,6344,301,1,3075.11,0.0,3075.11,10,2767.599
10836,6344,1468,1,3913.73,0.0,3913.73,0,3913.73
10837,6344,387,3,538.52,0.0,1615.56,20,430.816
10838,6344,1377,1,24652.74,0.0,24652.74,10,22187.466
10839,6345,1004,1,2995.17,268.94,2726.23,20,2396.136
10840,6346,35,1,1495.14,0.0,1495.14,0,1495.14
10841,6347,227,1,54300.88,3608.13,50692.75,0,54300.88
10842,6347,758,1,122743.75,14319.46,108424.29,10,110469.375
10843,6348,1224,1,3160.05,0.0,3160.05,0,3160.05
10844,6349,435,1,1009.65,0.0,1009.65,0,1009.65
10845,6349,1503,1,49950.6,0.0,49950.6,20,39960.48
10846,6350,950,1,2629.74,0.0,2629.74,20,2103.792
10847,6351,1378,1,1742.34,0.0,1742.34,0,1742.34
10848,6352,1494,1,18167.06,378.28,17788.78,20,14533.648
10849,6352,373,1,2258.78,290.55,1968.23,0,2258.78
10850,6352,737,2,25069.29,5292.96,44845.62,0,25069.29
10851,6352,792,1,3233.42,254.08,2979.34,10,2910.078
10852,6352,716,2,710.73,117.13,1304.33,30,497.511
10853,6353,38,1,175329.35,24289.27,151040.08,30,122730.545
10854,6353,353,1,2714.1,1.42,2712.68,20,2171.28
10855,6354,86,1,3175.74,165.5,3010.24,10,2858.166
10856,6354,1246,1,1880.46,43.73,1836.73,20,1504.3680000000002
10857,6355,430,1,2897.39,420.87,2476.52,20,2317.912
10858,6355,1560,1,77206.12,505.65,76700.47,30,54044.28399999999
10859,6356,899,1,401.48,40.18,361.3,30,281.036
10860,6357,822,3,28372.98,9559.0,75559.94,10,25535.682
10861,6357,1137,1,1817.59,202.08,1615.51,30,1272.313
10862,6357,521,1,322.75,4.23,318.52,30,225.925
10863,6358,141,1,1702.25,0.0,1702.25,0,1702.25
10864,6359,808,1,124999.97,11535.11,113464.86,30,87499.97899999999
10865,6359,177,1,1395.34,156.54,1238.8,20,1116.272
10866,6359,1128,2,2674.52,72.23,5276.81,0,2674.52
10867,6359,694,1,16383.26,908.07,15475.19,20,13106.608
10868,6359,1084,1,70352.07,2634.42,67717.65,30,49246.449
10869,6360,463,2,3827.3,507.48,7147.12,30,2679.11
10870,6361,65,1,1669.44,24.58,1644.86,30,1168.608
10871,6362,316,1,4284.75,0.0,4284.75,20,3427.8
10872,6363,1335,1,33011.51,3524.2,29487.31,0,33011.51
10873,6364,753,1,1238.31,61.43,1176.88,0,1238.31
10874,6365,229,1,3924.91,0.0,3924.91,20,3139.928
10875,6366,1189,1,5385.89,316.38,5069.51,30,3770.123
10876,6366,507,1,55812.59,1761.56,54051.03,0,55812.59
10877,6366,1053,2,24845.69,6801.22,42890.16,0,24845.69
10878,6366,136,1,646.44,27.84,618.6,0,646.44
10879,6367,357,1,94442.75,0.0,94442.75,0,94442.75
10880,6368,614,1,1468.78,165.06,1303.72,0,1468.78
10881,6369,1424,1,63487.87,0.0,63487.87,30,44441.509
10882,6370,735,2,70211.49,12273.79,128149.19,20,56169.19200000001
10883,6370,210,2,1699.58,445.36,2953.8,10,1529.622
10884,6370,827,1,1826.44,19.08,1807.36,20,1461.152
10885,6370,758,3,122743.75,47398.14,320833.11,30,85920.625
10886,6370,388,1,3732.52,65.28,3667.24,0,3732.52
10887,6371,967,1,87744.71,10198.75,77545.96,10,78970.239
10888,6372,1396,1,4528.45,67.73,4460.72,20,3622.76
10889,6372,1420,1,1349.54,42.27,1307.27,30,944.678
10890,6372,671,1,24780.62,1073.42,23707.2,30,17346.433999999997
10891,6372,342,1,4315.91,84.46,4231.45,10,3884.319
10892,6373,841,1,81685.68,7735.29,73950.39,10,73517.112
10893,6374,452,1,8006.2,603.76,7402.44,10,7205.58
10894,6374,503,1,44508.15,115.63,44392.52,0,44508.15
10895,6375,67,2,5611.24,257.38,10965.1,30,3927.868
10896,6376,190,3,3339.03,1126.94,8890.15,10,3005.1270000000004
10897,6377,1164,1,1609.85,123.53,1486.32,30,1126.8949999999998
10898,6378,1294,1,31639.3,0.0,31639.3,0,31639.3
10899,6379,878,1,26128.07,0.0,26128.07,0,26128.07
10900,6380,534,1,1012.79,0.0,1012.79,20,810.232
10901,6380,1200,1,2190.69,0.0,2190.69,10,1971.621
10902,6381,1472,1,3429.31,334.14,3095.17,20,2743.4480000000003
10903,6382,1241,2,1430.84,0.0,2861.68,20,1144.672
10904,6382,387,1,538.52,0.0,538.52,10,484.668
10905,6383,1030,1,4144.31,293.35,3850.96,10,3729.879
10906,6384,776,1,1435.82,0.0,1435.82,10,1292.238
10907,6384,945,1,1136.14,0.0,1136.14,0,1136.14
10908,6385,1166,1,2881.52,0.0,2881.52,10,2593.368
10909,6386,907,1,1423.0,175.23,1247.77,20,1138.4
10910,6387,1292,1,848.45,92.51,755.94,30,593.915
10911,6388,556,1,959.6,27.49,932.11,30,671.72
10912,6389,248,1,1908.15,0.0,1908.15,10,1717.335
10913,6389,138,1,350.95,0.0,350.95,30,245.665
10914,6390,787,1,2387.75,0.0,2387.75,10,2148.975
10915,6390,1209,1,3547.28,0.0,3547.28,20,2837.8240000000005
10916,6390,358,3,1436.42,0.0,4309.26,20,1149.1360000000002
10917,6390,841,1,81685.68,0.0,81685.68,10,73517.112
10918,6391,238,1,1757.87,206.16,1551.71,10,1582.083
10919,6391,301,1,3075.11,313.14,2761.97,20,2460.088
10920,6391,1044,1,9021.21,84.32,8936.89,0,9021.21
10921,6391,959,1,2008.67,80.73,1927.94,0,2008.67
10922,6392,626,1,2262.96,15.15,2247.81,20,1810.368
10923,6393,445,1,550.01,49.96,500.05,20,440.008
10924,6393,1598,1,3087.47,446.42,2641.05,0,3087.47
10925,6393,699,1,3048.78,192.32,2856.46,0,3048.78
10926,6394,130,1,7348.9,0.0,7348.9,0,7348.9
10927,6395,431,1,2733.95,156.78,2577.17,10,2460.555
10928,6396,26,1,4152.23,144.22,4008.01,0,4152.23
10929,6397,926,1,1593.68,184.26,1409.42,10,1434.312
10930,6397,807,1,39492.14,3893.43,35598.71,10,35542.926
10931,6398,485,1,5877.6,615.25,5262.35,10,5289.84
10932,6399,571,1,136354.08,0.0,136354.08,0,136354.08
10933,6399,1327,1,26530.9,0.0,26530.9,30,18571.63
10934,6400,1161,1,165567.2,0.0,165567.2,20,132453.76
10935,6401,283,2,4572.45,321.81,8823.09,20,3657.96
10936,6402,987,3,719.67,195.05,1963.96,30,503.769
10937,6403,1125,1,38562.36,721.79,37840.57,20,30849.888000000003
10938,6404,360,1,32907.0,3237.66,29669.34,20,26325.6
10939,6405,1221,1,979.8,21.61,958.19,10,881.8199999999999
10940,6406,1279,1,4693.11,568.3,4124.81,10,4223.799
10941,6407,22,1,4507.04,448.15,4058.89,30,3154.928
10942,6408,259,1,1980.52,255.52,1725.0,0,1980.52
10943,6409,1421,2,343.43,0.0,686.86,20,274.744
10944,6410,946,1,69896.98,0.0,69896.98,30,48927.88599999999
10945,6411,471,1,1279.56,171.63,1107.93,30,895.6919999999999
10946,6412,627,1,43230.9,0.0,43230.9,0,43230.9
10947,6413,929,1,30089.57,2892.24,27197.33,30,21062.699
10948,6414,979,1,4138.39,0.0,4138.39,20,3310.7120000000004
10949,6414,548,1,1506.84,0.0,1506.84,10,1356.156
10950,6415,814,1,1391.2,160.71,1230.49,30,973.84
10951,6415,355,1,2452.28,357.01,2095.27,10,2207.052
10952,6416,206,1,1614.43,99.41,1515.02,30,1130.101
10953,6417,638,1,414.26,38.17,376.09,30,289.982
10954,6418,1251,1,5415.24,217.2,5198.04,0,5415.24
10955,6419,851,1,752.31,0.0,752.31,10,677.079
10956,6420,219,1,4417.46,422.73,3994.73,20,3533.9680000000003
10957,6420,858,1,1887.65,257.44,1630.21,20,1510.12
10958,6421,793,2,78038.07,0.0,156076.14,10,70234.263
10959,6421,1554,2,2832.89,0.0,5665.78,0,2832.89
10960,6422,1574,2,969.18,63.17,1875.19,0,969.18
10961,6422,34,1,3014.06,371.35,2642.71,20,2411.248
10962,6422,29,1,42286.57,3119.02,39167.55,20,33829.256
10963,6422,649,1,975.94,98.8,877.14,10,878.3460000000001
10964,6423,240,1,138590.82,1524.08,137066.74,20,110872.65600000002
10965,6424,441,2,3621.08,0.0,7242.16,10,3258.972
10966,6424,66,2,2441.02,0.0,4882.04,30,1708.714
10967,6424,366,1,1689.79,0.0,1689.79,20,1351.832
10968,6425,986,3,57564.41,11987.78,160705.45,10,51807.969000000005
10969,6425,1084,2,70352.07,13030.59,127673.55,20,56281.65600000001
10970,6426,518,1,2482.37,0.0,2482.37,0,2482.37
10971,6427,676,1,2284.87,0.0,2284.87,0,2284.87
10972,6428,1532,1,52783.97,0.0,52783.97,30,36948.779
10973,6428,1526,1,111921.52,0.0,111921.52,30,78345.064
10974,6429,973,1,30788.48,0.0,30788.48,0,30788.48
10975,6430,1248,2,1795.23,0.0,3590.46,20,1436.1840000000002
10976,6430,1354,1,2097.47,0.0,2097.47,20,1677.976
10977,6431,1555,1,2372.47,7.84,2364.63,20,1897.976
10978,6432,615,1,513.46,18.9,494.56,10,462.114
10979,6433,901,3,72792.1,4006.3,214370.0,20,58233.68000000001
10980,6434,529,1,2902.91,0.0,2902.91,0,2902.91
10981,6435,271,1,9634.51,0.0,9634.51,10,8671.059000000001
10982,6435,918,1,3505.07,0.0,3505.07,30,2453.549
10983,6436,411,1,2910.53,363.54,2546.99,10,2619.4770000000003
10984,6437,1182,1,2775.93,0.0,2775.93,30,1943.151
10985,6438,93,2,26807.56,6987.41,46627.71,30,18765.292
10986,6438,1303,1,15195.95,6.8,15189.15,20,12156.760000000002
10987,6438,1344,1,765.13,32.84,732.29,0,765.13
10988,6439,44,1,35028.51,0.0,35028.51,30,24519.957
10989,6440,793,1,78038.07,6848.81,71189.26,30,54626.649000000005
10990,6441,1123,1,3390.11,208.3,3181.81,10,3051.099
10991,6442,582,1,5287.79,0.0,5287.79,20,4230.232
10992,6443,1200,1,2190.69,107.59,2083.1,0,2190.69
10993,6443,1245,1,40671.19,5614.2,35056.99,30,28469.833
10994,6443,952,1,28872.88,1323.96,27548.92,20,23098.304000000004
10995,6444,1285,1,571.66,52.73,518.93,10,514.494
10996,6444,1535,2,4110.59,231.07,7990.11,20,3288.472
10997,6445,840,1,162782.38,8627.4,154154.98,10,146504.14200000002
10998,6446,1222,1,5286.96,0.0,5286.96,30,3700.872
10999,6446,208,3,7944.3,0.0,23832.9,20,6355.4400000000005
11000,6446,863,1,3692.9,0.0,3692.9,0,3692.9
11001,6446,1110,2,1968.96,0.0,3937.92,30,1378.272
11002,6446,1038,1,2419.9,0.0,2419.9,0,2419.9
11003,6447,1444,1,1761.67,0.0,1761.67,10,1585.5030000000002
11004,6447,1098,1,48652.71,0.0,48652.71,20,38922.168
11005,6448,253,1,13060.79,413.77,12647.02,0,13060.79
11006,6449,721,2,1671.74,0.0,3343.48,10,1504.566
11007,6450,838,1,1056.26,0.0,1056.26,10,950.634
11008,6451,61,1,765.87,99.0,666.87,0,765.87
11009,6451,808,2,124999.97,12867.99,237131.95,20,99999.976
11010,6452,1529,1,90803.24,0.0,90803.24,30,63562.268
11011,6453,1133,1,750.52,0.0,750.52,10,675.468
11012,6453,47,1,4499.83,0.0,4499.83,0,4499.83
11013,6453,1208,1,115536.04,0.0,115536.04,30,80875.22799999999
11014,6453,1051,1,18311.46,0.0,18311.46,10,16480.314
11015,6453,876,1,99791.13,0.0,99791.13,10,89812.017
11016,6454,1174,1,14022.3,0.0,14022.3,20,11217.84
11017,6455,752,1,9440.91,1309.97,8130.94,20,7552.728
11018,6456,1268,1,30703.2,0.0,30703.2,20,24562.56
11019,6457,1230,2,994.26,0.0,1988.52,30,695.982
11020,6457,1493,2,625.05,0.0,1250.1,10,562.545
11021,6458,1052,1,96906.19,10293.75,86612.44,30,67834.333
11022,6459,579,1,96143.92,1413.8,94730.12,10,86529.528
11023,6459,683,1,142391.0,2465.11,139925.89,30,99673.7
11024,6460,442,2,1278.0,8.31,2547.69,10,1150.2
11025,6461,1109,1,84890.72,11400.6,73490.12,30,59423.50399999999
11026,6462,1466,1,536.2,59.91,476.29,0,536.2
11027,6463,705,1,34487.91,3947.14,30540.77,10,31039.119
11028,6464,563,2,2298.67,154.76,4442.58,20,1838.936
11029,6465,392,1,3400.93,0.0,3400.93,20,2720.744
11030,6465,1106,1,8946.99,0.0,8946.99,30,6262.892999999999
11031,6466,1522,1,1156.68,0.0,1156.68,30,809.676
11032,6467,337,1,4173.88,585.98,3587.9,10,3756.492
11033,6467,436,1,147796.0,4792.41,143003.59,30,103457.2
11034,6468,712,3,14513.0,380.21,43158.79,20,11610.4
11035,6469,1417,1,1306.26,0.0,1306.26,20,1045.008
11036,6469,1582,1,1221.76,0.0,1221.76,30,855.232
11037,6470,433,1,93895.84,287.74,93608.1,20,75116.672
11038,6470,79,1,37609.6,5501.45,32108.15,0,37609.6
11039,6471,412,1,5380.91,0.0,5380.91,0,5380.91
11040,6472,43,1,6086.88,507.88,5579.0,10,5478.192
11041,6473,432,1,13694.16,1180.18,12513.98,30,9585.911999999998
11042,6473,956,2,2547.65,713.96,4381.34,10,2292.885
11043,6473,1308,1,1123.17,110.34,1012.83,30,786.219
11044,6474,82,1,2097.58,313.76,1783.82,0,2097.58
11045,6474,659,1,70554.19,929.11,69625.08,30,49387.933
11046,6475,609,1,3352.06,0.0,3352.06,10,3016.854
11047,6476,1446,1,9412.43,0.0,9412.43,30,6588.701
11048,6477,994,1,526.86,0.0,526.86,30,368.802
11049,6477,1023,1,36297.55,0.0,36297.55,20,29038.040000000005
11050,6477,288,1,6762.4,0.0,6762.4,10,6086.16
11051,6477,912,1,767.48,0.0,767.48,0,767.48
11052,6477,98,1,2400.3,0.0,2400.3,0,2400.3
11053,6478,867,1,26390.91,0.0,26390.91,20,21112.728000000003
11054,6478,1281,1,25227.32,0.0,25227.32,0,25227.32
11055,6478,265,1,1326.78,0.0,1326.78,0,1326.78
11056,6478,517,1,2456.82,0.0,2456.82,30,1719.774
11057,6479,1476,1,52371.93,4000.92,48371.01,30,36660.351
11058,6480,240,1,138590.82,0.0,138590.82,0,138590.82
11059,6481,1466,1,536.2,13.83,522.37,20,428.96
11060,6481,1161,2,165567.2,23763.02,307371.38,10,149010.48
11061,6482,732,1,29208.99,0.0,29208.99,10,26288.091
11062,6482,1297,1,1036.51,0.0,1036.51,0,1036.51
11063,6483,898,1,4375.33,551.29,3824.04,30,3062.731
11064,6484,1410,1,25912.99,444.59,25468.4,10,23321.691000000003
11065,6485,1114,1,1971.55,271.03,1700.52,20,1577.24
11066,6486,695,1,887.94,131.63,756.31,20,710.3520000000001
11067,6487,459,1,2056.03,209.17,1846.86,30,1439.221
11068,6487,1487,1,2520.21,251.56,2268.65,0,2520.21
11069,6487,1198,1,2934.15,413.68,2520.47,0,2934.15
11070,6487,1047,1,1308.14,151.17,1156.97,30,915.698
11071,6488,1514,1,411.96,0.0,411.96,20,329.568
11072,6489,589,1,2374.59,0.0,2374.59,0,2374.59
11073,6489,421,3,468.23,0.0,1404.69,0,468.23
11074,6489,870,1,2862.61,0.0,2862.61,10,2576.349
11075,6489,502,1,9519.47,0.0,9519.47,0,9519.47
11076,6489,881,1,3117.76,0.0,3117.76,10,2805.9840000000004
11077,6490,53,2,2531.12,0.0,5062.24,0,2531.12
11078,6491,431,1,2733.95,374.89,2359.06,30,1913.765
11079,6492,1577,1,499.74,45.41,454.33,10,449.766
11080,6493,711,3,26621.13,0.0,79863.39,30,18634.791
11081,6493,487,2,30451.12,0.0,60902.24,30,21315.784
11082,6494,560,1,30947.74,2518.72,28429.02,10,27852.966
11083,6495,1324,1,70919.44,10093.08,60826.36,10,63827.49600000001
11084,6495,457,1,805.01,110.63,694.38,20,644.008
11085,6496,335,1,3243.97,400.37,2843.6,30,2270.7789999999995
11086,6496,119,1,77500.66,217.26,77283.4,20,62000.528000000006
11087,6497,925,1,405.11,0.0,405.11,0,405.11
11088,6497,1571,1,365.21,0.0,365.21,10,328.689
11089,6497,1565,1,3314.16,0.0,3314.16,20,2651.328
11090,6497,237,1,1747.18,0.0,1747.18,30,1223.026
11091,6498,1530,1,2958.0,264.44,2693.56,30,2070.6
11092,6499,1092,1,48077.53,5077.78,42999.75,20,38462.024
11093,6499,994,1,526.86,74.52,452.34,30,368.802
11094,6499,139,1,1485.23,124.91,1360.32,20,1188.184
11095,6499,19,1,2902.38,296.17,2606.21,0,2902.38
11096,6500,1477,1,1834.8,63.82,1770.98,30,1284.36
11097,6500,110,2,118575.77,30795.11,206356.43,30,83003.039
11098,6500,1437,1,889.31,88.82,800.49,20,711.448
11099,6501,1243,1,2783.2,282.79,2500.41,10,2504.88
11100,6502,1495,1,92165.84,3157.51,89008.33,10,82949.256
11101,6503,915,1,40160.77,4793.11,35367.66,30,28112.539
11102,6503,860,1,3024.94,273.6,2751.34,10,2722.446
11103,6504,1252,1,4619.51,236.64,4382.87,30,3233.657
11104,6504,1326,2,1936.13,5.89,3866.37,30,1355.291
11105,6505,126,1,1983.21,74.91,1908.3,30,1388.2469999999998
11106,6505,641,1,1430.27,155.35,1274.92,0,1430.27
11107,6506,1567,1,119671.35,6891.26,112780.09,0,119671.35
11108,6506,1441,1,119515.93,12033.1,107482.83,0,119515.93
11109,6507,753,1,1238.31,0.0,1238.31,20,990.648
11110,6508,114,1,46974.46,4198.1,42776.36,20,37579.568
11111,6508,348,2,162.1,4.0,320.2,10,145.89
11112,6509,186,1,118273.99,3063.78,115210.21,20,94619.192
11113,6510,1381,1,41371.29,3950.22,37421.07,20,33097.032
11114,6511,1268,1,30703.2,1680.88,29022.32,20,24562.56
11115,6512,1201,1,74263.81,0.0,74263.81,10,66837.429
11116,6512,1470,2,1649.73,0.0,3299.46,0,1649.73
11117,6513,488,1,7124.84,0.0,7124.84,10,6412.356000000001
11118,6514,341,1,48560.82,2581.95,45978.87,30,33992.574
11119,6515,748,3,1603.07,0.0,4809.21,10,1442.763
11120,6515,1503,2,49950.6,0.0,99901.2,30,34965.42
11121,6516,780,1,3912.69,149.57,3763.12,30,2738.883
11122,6516,605,1,3237.95,218.54,3019.41,0,3237.95
11123,6517,506,1,1834.39,229.94,1604.45,0,1834.39
11124,6517,363,2,3377.19,518.06,6236.32,20,2701.7520000000004
11125,6518,1378,1,1742.34,0.0,1742.34,30,1219.638
11126,6519,733,1,9342.39,0.0,9342.39,30,6539.672999999999
11127,6519,1047,1,1308.14,0.0,1308.14,20,1046.5120000000002
11128,6520,288,1,6762.4,82.85,6679.55,0,6762.4
11129,6521,1508,1,2634.42,0.0,2634.42,20,2107.536
11130,6522,499,1,2538.2,140.15,2398.05,20,2030.56
11131,6523,1160,1,3385.71,431.1,2954.61,10,3047.139
11132,6523,1373,1,21018.4,1733.09,19285.31,10,18916.56
11133,6523,756,2,3804.36,362.55,7246.17,30,2663.052
11134,6523,51,2,467.19,72.86,861.52,0,467.19
11135,6523,655,2,1461.36,276.35,2646.37,0,1461.36
11136,6524,1130,1,96459.24,10045.67,86413.57,0,96459.24
11137,6524,1107,3,112320.64,41639.66,295322.26,0,112320.64
11138,6524,121,1,250.81,19.26,231.55,30,175.56699999999998
11139,6524,1075,1,682.9,91.8,591.1,0,682.9
11140,6525,6,2,3858.92,412.55,7305.29,30,2701.244
11141,6525,156,1,2305.14,46.46,2258.68,30,1613.5979999999995
11142,6525,1244,1,3810.15,496.27,3313.88,0,3810.15
11143,6525,258,1,1648.24,171.82,1476.42,10,1483.416
11144,6526,793,1,78038.07,0.0,78038.07,0,78038.07
11145,6526,262,1,2826.04,0.0,2826.04,30,1978.228
11146,6526,124,1,1916.25,0.0,1916.25,10,1724.625
11147,6527,573,1,2677.84,379.69,2298.15,10,2410.056
11148,6528,98,1,2400.3,168.53,2231.77,20,1920.24
11149,6529,382,1,65460.34,0.0,65460.34,0,65460.34
11150,6529,1215,1,3634.8,0.0,3634.8,30,2544.36
11151,6530,1344,1,765.13,36.23,728.9,20,612.104
11152,6530,1166,1,2881.52,156.42,2725.1,30,2017.064
11153,6530,1,1,3822.34,124.13,3698.21,20,3057.8720000000003
11154,6530,410,1,3297.12,313.69,2983.43,10,2967.408
11155,6530,885,1,51233.09,4968.53,46264.56,20,40986.472
11156,6531,595,1,42135.25,861.86,41273.39,0,42135.25
11157,6531,1105,2,14005.91,3498.82,24513.0,20,11204.728
11158,6532,864,1,3913.42,0.0,3913.42,20,3130.7360000000003
11159,6533,1474,1,74873.86,3294.23,71579.63,10,67386.474
11160,6534,262,1,2826.04,0.0,2826.04,0,2826.04
11161,6535,595,1,42135.25,3573.0,38562.25,10,37921.725
11162,6536,837,1,157966.42,20950.01,137016.41,0,157966.42
11163,6537,480,1,3056.45,286.3,2770.15,10,2750.805
11164,6538,633,1,131443.04,0.0,131443.04,30,92010.128
11165,6538,968,1,4831.61,0.0,4831.61,30,3382.1269999999995
11166,6539,770,1,86438.74,4006.66,82432.08,10,77794.86600000001
11167,6539,797,1,40285.16,1525.37,38759.79,20,32228.128000000004
11168,6540,856,1,86092.17,0.0,86092.17,30,60264.51899999999
11169,6540,734,1,43727.49,0.0,43727.49,20,34981.992
11170,6540,658,1,5224.75,0.0,5224.75,10,4702.275000000001
11171,6541,193,1,129172.73,19026.03,110146.7,20,103338.184
11172,6541,732,1,29208.99,2343.36,26865.63,20,23367.192000000003
11173,6541,437,1,2583.87,190.43,2393.44,0,2583.87
11174,6541,1015,1,2376.2,243.37,2132.83,0,2376.2
11175,6541,1294,1,31639.3,3975.15,27664.15,0,31639.3
11176,6542,1194,1,1471.98,171.82,1300.16,20,1177.584
11177,6542,1148,1,35366.0,3985.5,31380.5,30,24756.2
11178,6542,994,1,526.86,60.63,466.23,30,368.802
11179,6542,97,1,286.42,33.52,252.9,20,229.136
11180,6542,797,1,40285.16,721.46,39563.7,0,40285.16
11181,6543,1372,1,5456.54,17.89,5438.65,0,5456.54
11182,6543,1433,1,5322.5,463.66,4858.84,30,3725.75
11183,6543,1539,2,1510.58,161.55,2859.61,30,1057.406
11184,6544,272,3,8822.9,0.0,26468.7,0,8822.9
11185,6545,1130,1,96459.24,947.09,95512.15,10,86813.316
11186,6545,895,1,2219.6,233.92,1985.68,10,1997.64
11187,6545,343,1,62248.1,7748.72,54499.38,20,49798.48
11188,6545,1127,1,4770.92,536.54,4234.38,10,4293.828
11189,6545,1069,1,40522.57,311.32,40211.25,30,28365.799
11190,6546,146,1,80324.28,2999.44,77324.84,20,64259.424
11191,6547,1199,1,1211.39,0.0,1211.39,10,1090.2510000000002
11192,6548,550,1,2021.43,6.84,2014.59,0,2021.43
11193,6548,272,1,8822.9,1020.52,7802.38,10,7940.61
11194,6548,464,1,92357.26,13822.28,78534.98,30,64650.082
11195,6549,1110,1,1968.96,142.71,1826.25,20,1575.168
11196,6550,840,1,162782.38,21071.17,141711.21,0,162782.38
11197,6550,530,2,318.6,59.07,578.13,30,223.02
11198,6551,1101,2,2240.73,614.0,3867.46,30,1568.511
11199,6552,204,1,443.43,8.12,435.31,0,443.43
11200,6553,1005,1,5455.75,0.0,5455.75,20,4364.6
11201,6554,1046,1,9087.52,1040.34,8047.18,20,7270.016
11202,6555,1129,1,42340.3,3173.83,39166.47,30,29638.21
11203,6555,1109,2,84890.72,19371.96,150409.48,30,59423.50399999999
11204,6556,1303,1,15195.95,1104.45,14091.5,20,12156.760000000002
11205,6556,1374,1,39316.48,5411.58,33904.9,0,39316.48
11206,6556,1230,1,994.26,113.52,880.74,20,795.408
11207,6556,874,1,331.29,47.15,284.14,30,231.903
11208,6557,608,3,39712.41,4915.85,114221.38,0,39712.41
11209,6558,265,1,1326.78,0.0,1326.78,20,1061.424
11210,6559,1107,2,112320.64,0.0,224641.28,0,112320.64
11211,6559,291,1,21975.24,0.0,21975.24,0,21975.24
11212,6560,1208,2,115536.04,5771.64,225300.44,10,103982.436
11213,6560,62,1,1751.48,241.85,1509.63,30,1226.0359999999998
11214,6560,708,1,71148.88,882.26,70266.62,30,49804.216
11215,6561,1224,2,3160.05,74.28,6245.82,10,2844.045
11216,6561,713,2,1957.25,551.24,3363.26,30,1370.0749999999998
11217,6561,391,1,134.99,9.74,125.25,30,94.493
11218,6561,1268,1,30703.2,3107.02,27596.18,30,21492.24
11219,6562,1210,2,769.6,14.29,1524.91,10,692.64
11220,6563,460,1,25787.51,0.0,25787.51,20,20630.008
11221,6563,1165,1,452.74,0.0,452.74,20,362.192
11222,6564,575,1,49336.95,0.0,49336.95,20,39469.56
11223,6565,1450,1,2010.76,161.4,1849.36,20,1608.6080000000002
11224,6566,1558,1,1952.71,241.55,1711.16,10,1757.439
11225,6566,1100,2,7209.62,1624.99,12794.25,30,5046.734
11226,6566,36,1,627.76,76.54,551.22,30,439.432
11227,6566,1232,1,2225.05,310.09,1914.96,20,1780.0400000000002
11228,6567,58,1,2642.32,361.83,2280.49,20,2113.856
11229,6567,1265,3,753.76,145.72,2115.56,10,678.384
11230,6567,1337,1,618.42,71.6,546.82,30,432.894
11231,6567,243,2,67752.1,19629.9,115874.3,0,67752.1
11232,6567,561,1,23226.57,2422.33,20804.24,30,16258.598999999998
11233,6568,906,1,52750.88,3131.8,49619.08,20,42200.704
11234,6569,400,1,767.7,0.0,767.7,0,767.7
11235,6570,1080,1,2562.42,41.49,2520.93,10,2306.1780000000003
11236,6571,1373,1,21018.4,0.0,21018.4,10,18916.56
11237,6572,1013,1,2832.66,19.92,2812.74,20,2266.128
11238,6573,1371,1,316.58,14.21,302.37,0,316.58
11239,6574,1003,1,3138.55,36.6,3101.95,30,2196.985
11240,6575,765,2,4477.1,130.95,8823.25,20,3581.6800000000003
11241,6576,1337,1,618.42,62.83,555.59,0,618.42
11242,6577,437,1,2583.87,235.59,2348.28,30,1808.709
11243,6578,1248,2,1795.23,0.0,3590.46,20,1436.1840000000002
11244,6579,394,1,2706.99,0.0,2706.99,10,2436.291
11245,6579,1462,1,8081.65,0.0,8081.65,30,5657.155
11246,6579,641,1,1430.27,0.0,1430.27,10,1287.243
11247,6579,629,1,8978.53,0.0,8978.53,20,7182.8240000000005
11248,6579,1084,3,70352.07,0.0,211056.21,20,56281.65600000001
11249,6580,666,1,996.62,0.0,996.62,20,797.296
11250,6581,110,1,118575.77,0.0,118575.77,20,94860.616
11251,6582,456,2,3419.83,584.49,6255.17,30,2393.881
11252,6582,1029,1,4067.39,522.95,3544.44,30,2847.173
11253,6582,902,1,4514.4,106.01,4408.39,30,3160.0799999999995
11254,6582,1217,1,2877.25,153.6,2723.65,20,2301.8
11255,6582,833,1,3282.57,488.05,2794.52,30,2297.799
11256,6583,1361,2,4756.92,0.0,9513.84,10,4281.228
11257,6584,956,2,2547.65,0.0,5095.3,20,2038.12
11258,6584,1591,1,89157.48,0.0,89157.48,20,71325.984
11259,6585,929,1,30089.57,0.0,30089.57,0,30089.57
11260,6586,1179,1,2777.87,139.77,2638.1,0,2777.87
11261,6586,1450,1,2010.76,26.84,1983.92,10,1809.684
11262,6587,834,3,2103.24,361.36,5948.36,30,1472.2679999999998
11263,6587,3,1,11616.64,1389.45,10227.19,10,10454.976
11264,6588,880,1,3054.09,0.0,3054.09,20,2443.2720000000004
11265,6589,191,1,1689.13,0.0,1689.13,30,1182.391
11266,6589,1108,1,145328.64,0.0,145328.64,10,130795.776
11267,6589,1410,1,25912.99,0.0,25912.99,20,20730.392000000003
11268,6590,528,1,1071.66,0.0,1071.66,20,857.3280000000001
11269,6591,1010,1,51993.79,0.0,51993.79,0,51993.79
11270,6592,1052,2,96906.19,28951.38,164861.0,0,96906.19
11271,6592,1589,2,103645.76,14052.97,193238.55,30,72552.03199999999
11272,6592,1290,3,485.49,182.66,1273.81,0,485.49
11273,6592,113,1,870.54,84.93,785.61,0,870.54
11274,6592,363,1,3377.19,10.77,3366.42,30,2364.033
11275,6593,603,1,1974.14,0.0,1974.14,30,1381.898
11276,6594,675,1,1350.25,0.0,1350.25,0,1350.25
11277,6594,1363,1,3136.2,0.0,3136.2,10,2822.58
11278,6595,397,1,31159.3,3743.94,27415.36,0,31159.3
11279,6595,376,2,1921.2,544.04,3298.36,0,1921.2
11280,6596,1045,1,3767.71,254.69,3513.02,0,3767.71
11281,6597,1408,1,4470.06,564.56,3905.5,30,3129.042
11282,6598,266,1,2692.51,241.5,2451.01,20,2154.0080000000003
11283,6599,844,1,3208.7,377.1,2831.6,10,2887.83
11284,6600,93,1,26807.56,0.0,26807.56,10,24126.804
11285,6601,46,1,4876.53,728.19,4148.34,0,4876.53
11286,6602,70,1,2559.4,0.0,2559.4,30,1791.58
11287,6602,388,1,3732.52,0.0,3732.52,10,3359.268
11288,6603,1479,1,948.68,109.32,839.36,0,948.68
11289,6603,893,1,1487.95,191.95,1296.0,0,1487.95
11290,6603,1387,1,859.88,121.1,738.78,0,859.88
11291,6603,588,1,2898.84,315.5,2583.34,20,2319.072
11292,6604,896,1,1901.81,234.3,1667.51,10,1711.629
11293,6605,429,1,121237.34,14089.16,107148.18,20,96989.872
11294,6606,478,1,108976.92,0.0,108976.92,20,87181.53600000001
11295,6607,1100,2,7209.62,1706.1,12713.14,10,6488.658
11296,6607,159,1,332.72,37.95,294.77,30,232.904
11297,6608,605,1,3237.95,346.11,2891.84,10,2914.155
11298,6609,545,1,470.77,42.39,428.38,10,423.693
11299,6609,57,1,77663.62,78.24,77585.38,20,62130.896
11300,6610,707,1,2710.38,122.32,2588.06,20,2168.304
11301,6610,142,1,1981.3,103.59,1877.71,30,1386.91
11302,6610,1293,3,1046.89,331.15,2809.52,0,1046.89
11303,6610,200,2,3189.27,934.46,5444.08,10,2870.343
11304,6611,1111,1,92338.19,0.0,92338.19,10,83104.371
11305,6612,1462,1,8081.65,0.0,8081.65,0,8081.65
11306,6613,207,1,796.08,0.0,796.08,30,557.256
11307,6614,20,1,21536.92,274.13,21262.79,0,21536.92
11308,6615,1468,1,3913.73,60.68,3853.05,0,3913.73
11309,6615,297,1,10115.63,1033.24,9082.39,10,9104.067
11310,6616,1420,2,1349.54,233.2,2465.88,30,944.678
11311,6617,991,1,6557.76,833.99,5723.77,30,4590.432
11312,6618,1517,2,3093.55,873.15,5313.95,30,2165.485
11313,6619,315,1,29996.05,987.24,29008.81,30,20997.235
11314,6620,1298,2,2653.12,396.41,4909.83,10,2387.808
11315,6621,1068,1,2832.17,362.1,2470.07,10,2548.953
11316,6621,211,1,1481.21,15.46,1465.75,0,1481.21
11317,6621,920,2,44354.36,7926.2,80782.52,0,44354.36
11318,6621,374,1,3079.52,96.46,2983.06,10,2771.568
11319,6622,1509,3,39314.87,0.0,117944.61,10,35383.383
11320,6622,811,2,1385.81,0.0,2771.62,0,1385.81
11321,6623,1556,1,53821.39,5840.2,47981.19,30,37674.973
11322,6624,1087,1,1167.58,0.0,1167.58,30,817.3059999999999
11323,6625,704,2,2086.13,0.0,4172.26,10,1877.517
11324,6625,219,1,4417.46,0.0,4417.46,0,4417.46
11325,6626,1311,1,5198.45,241.24,4957.21,20,4158.76
11326,6626,1520,1,2002.68,275.66,1727.02,20,1602.1440000000002
11327,6626,527,1,1152.55,5.93,1146.62,20,922.04
11328,6626,846,1,3823.36,226.33,3597.03,10,3441.0240000000003
11329,6626,1262,1,643.39,4.73,638.66,20,514.712
11330,6627,1537,3,5378.14,0.0,16134.42,20,4302.512000000001
11331,6628,736,1,784.34,0.0,784.34,10,705.9060000000001
11332,6629,1085,1,4236.56,0.0,4236.56,10,3812.904000000001
11333,6630,1085,1,4236.56,286.55,3950.01,20,3389.2480000000005
11334,6630,291,1,21975.24,1618.75,20356.49,20,17580.192000000003
11335,6631,172,2,348.87,72.92,624.82,0,348.87
11336,6632,146,1,80324.28,0.0,80324.28,20,64259.424
11337,6633,889,1,3143.04,125.41,3017.63,30,2200.128
11338,6633,199,1,26074.89,1117.67,24957.22,20,20859.912
11339,6633,1461,1,33088.65,3935.67,29152.98,10,29779.785000000003
11340,6634,1207,1,144.94,0.0,144.94,30,101.458
11341,6634,988,1,2273.35,0.0,2273.35,0,2273.35
11342,6634,1338,1,2238.46,0.0,2238.46,30,1566.922
11343,6635,1562,1,1492.59,90.79,1401.8,10,1343.331
11344,6635,824,3,7090.32,1983.84,19287.12,10,6381.288
11345,6636,1372,1,5456.54,0.0,5456.54,30,3819.578
11346,6636,1555,1,2372.47,0.0,2372.47,30,1660.7289999999998
11347,6636,314,1,1524.32,0.0,1524.32,20,1219.456
11348,6636,482,1,7050.68,0.0,7050.68,10,6345.612
11349,6637,172,1,348.87,21.54,327.33,20,279.096
11350,6638,431,1,2733.95,140.04,2593.91,0,2733.95
11351,6639,1361,1,4756.92,50.53,4706.39,10,4281.228
11352,6639,1410,1,25912.99,2186.31,23726.68,30,18139.093
11353,6640,422,1,477.95,41.16,436.79,10,430.155
11354,6641,843,1,1184.98,127.44,1057.54,0,1184.98
11355,6642,352,1,93433.5,3204.71,90228.79,30,65403.45
11356,6642,967,1,87744.71,9611.44,78133.27,10,78970.239
11357,6642,1377,2,24652.74,3568.95,45736.53,0,24652.74
11358,6642,1287,2,87310.61,12273.83,162347.39,10,78579.549
11359,6642,261,1,38676.18,2070.96,36605.22,20,30940.944000000003
11360,6643,263,1,4480.11,310.27,4169.84,10,4032.099
11361,6644,593,1,47231.85,0.0,47231.85,10,42508.665
11362,6645,335,1,3243.97,0.0,3243.97,20,2595.176
11363,6646,1122,1,3238.36,132.23,3106.13,20,2590.688
11364,6646,1428,1,1939.56,263.12,1676.44,20,1551.648
11365,6647,44,2,35028.51,7225.12,62831.9,20,28022.808000000005
11366,6648,930,1,225.23,12.28,212.95,10,202.707
11367,6648,631,1,1700.48,244.01,1456.47,20,1360.384
11368,6648,1445,2,1339.23,259.93,2418.53,20,1071.384
11369,6649,604,1,31737.7,2094.16,29643.54,0,31737.7
11370,6650,1024,1,2654.56,343.92,2310.64,30,1858.192
11371,6651,517,1,2456.82,337.71,2119.11,10,2211.1380000000004
11372,6651,840,1,162782.38,22149.51,140632.87,30,113947.666
11373,6651,346,1,1214.52,113.86,1100.66,0,1214.52
11374,6651,340,1,652.5,49.17,603.33,0,652.5
11375,6651,741,1,2631.03,240.15,2390.88,0,2631.03
11376,6652,864,1,3913.42,398.1,3515.32,30,2739.394
11377,6653,998,1,2566.35,105.45,2460.9,0,2566.35
11378,6654,889,2,3143.04,0.0,6286.08,10,2828.736
11379,6654,392,2,3400.93,0.0,6801.86,20,2720.744
11380,6655,54,2,86418.7,10291.68,162545.72,30,60493.09
11381,6655,504,1,1042.0,54.01,987.99,0,1042.0
11382,6656,1089,1,76783.54,651.32,76132.22,10,69105.186
11383,6657,465,2,3059.86,785.75,5333.97,0,3059.86
11384,6658,1271,1,414.51,20.04,394.47,10,373.059
11385,6659,1420,1,1349.54,107.71,1241.83,20,1079.632
11386,6660,420,1,39796.63,0.0,39796.63,30,27857.641
11387,6661,929,1,30089.57,0.0,30089.57,20,24071.656000000003
11388,6662,926,1,1593.68,47.93,1545.75,10,1434.312
11389,6662,1102,1,124939.04,12442.69,112496.35,10,112445.136
11390,6663,1410,3,25912.99,8160.35,69578.62,20,20730.392000000003
11391,6663,811,1,1385.81,66.44,1319.37,30,970.067
11392,6663,344,1,1068.92,17.51,1051.41,20,855.1360000000001
11393,6664,790,1,88440.69,856.73,87583.96,0,88440.69
11394,6665,353,1,2714.1,0.0,2714.1,30,1899.87
11395,6665,1320,2,44898.72,0.0,89797.44,30,31429.104
11396,6665,197,1,4870.47,0.0,4870.47,20,3896.376
11397,6665,1467,2,74.8,0.0,149.6,0,74.8
11398,6665,495,2,61768.34,0.0,123536.68,30,43237.838
11399,6666,1179,2,2777.87,594.17,4961.57,30,1944.509
11400,6666,888,1,3404.87,315.7,3089.17,0,3404.87
11401,6667,614,1,1468.78,0.0,1468.78,0,1468.78
11402,6668,135,1,2028.61,240.02,1788.59,0,2028.61
11403,6668,1399,1,626.11,57.12,568.99,0,626.11
11404,6669,894,1,3863.24,532.76,3330.48,0,3863.24
11405,6669,270,1,3203.45,165.89,3037.56,20,2562.76
11406,6670,1531,1,90650.62,10637.21,80013.41,0,90650.62
11407,6671,1282,1,41855.8,4768.45,37087.35,0,41855.8
11408,6672,224,1,1977.53,0.0,1977.53,10,1779.777
11409,6673,1308,1,1123.17,0.0,1123.17,0,1123.17
11410,6673,535,1,1119.88,0.0,1119.88,10,1007.8920000000002
11411,6673,130,1,7348.9,0.0,7348.9,0,7348.9
11412,6673,631,1,1700.48,0.0,1700.48,30,1190.336
11413,6674,1169,1,2642.98,0.0,2642.98,0,2642.98
11414,6675,914,1,3732.26,0.0,3732.26,0,3732.26
11415,6675,1268,1,30703.2,0.0,30703.2,30,21492.24
11416,6676,300,1,180650.08,45.28,180604.8,30,126455.05599999998
11417,6676,1395,2,2489.72,577.35,4402.09,30,1742.804
11418,6677,950,1,2629.74,344.81,2284.93,10,2366.766
11419,6677,128,3,2134.53,818.34,5585.25,30,1494.171
11420,6677,1241,1,1430.84,147.0,1283.84,10,1287.756
11421,6677,1533,1,2523.95,329.31,2194.64,0,2523.95
11422,6678,1090,1,117469.55,0.0,117469.55,10,105722.595
11423,6679,1446,1,9412.43,0.0,9412.43,0,9412.43
11424,6680,405,3,56478.15,19211.61,150222.84,10,50830.335
11425,6680,849,2,44704.26,5269.44,84139.08,0,44704.26
11426,6680,1163,3,46301.19,12610.07,126293.5,20,37040.952000000005
11427,6681,1587,1,67506.72,9853.59,57653.13,30,47254.704
11428,6681,916,1,433.67,60.44,373.23,20,346.93600000000004
11429,6682,1505,1,43480.18,3361.29,40118.89,30,30436.126
11430,6683,263,1,4480.11,0.0,4480.11,0,4480.11
11431,6683,1463,1,77244.61,0.0,77244.61,30,54071.227
11432,6683,157,1,39923.68,0.0,39923.68,0,39923.68
11433,6684,1485,1,31524.8,471.18,31053.62,20,25219.84
11434,6684,362,1,122309.51,12920.11,109389.4,0,122309.51
11435,6685,1556,1,53821.39,0.0,53821.39,10,48439.251
11436,6686,433,1,93895.84,0.0,93895.84,20,75116.672
11437,6686,800,1,308.13,0.0,308.13,10,277.317
11438,6686,826,1,1971.53,0.0,1971.53,0,1971.53
11439,6686,1344,3,765.13,0.0,2295.39,10,688.617
11440,6687,891,1,2855.61,420.71,2434.9,10,2570.049
11441,6688,871,1,2192.25,49.07,2143.18,30,1534.5749999999998
11442,6689,1395,1,2489.72,347.88,2141.84,10,2240.748
11443,6689,686,1,1482.12,4.5,1477.62,20,1185.696
11444,6689,836,1,2325.57,25.68,2299.89,20,1860.456
11445,6689,279,2,41417.49,9841.74,72993.24,20,33133.992
11446,6689,916,2,433.67,108.75,758.59,30,303.569
11447,6690,342,1,4315.91,123.11,4192.8,20,3452.728
11448,6691,1410,2,25912.99,3599.84,48226.14,30,18139.093
11449,6691,563,1,2298.67,327.66,1971.01,20,1838.936
11450,6691,1100,2,7209.62,1919.16,12500.08,10,6488.658
11451,6691,232,1,38831.08,1910.65,36920.43,10,34947.972
11452,6691,569,1,1937.28,89.99,1847.29,30,1356.096
11453,6692,940,1,35187.89,0.0,35187.89,20,28150.312
11454,6693,34,1,3014.06,0.0,3014.06,0,3014.06
11455,6693,1215,2,3634.8,0.0,7269.6,30,2544.36
11456,6694,945,1,1136.14,31.27,1104.87,0,1136.14
11457,6694,1373,1,21018.4,409.48,20608.92,20,16814.72
11458,6694,1537,1,5378.14,576.5,4801.64,10,4840.326
11459,6694,1107,1,112320.64,5329.84,106990.8,20,89856.512
11460,6695,1318,1,2903.92,385.5,2518.42,20,2323.136
11461,6696,424,1,2557.15,374.48,2182.67,30,1790.005
11462,6696,478,2,108976.92,5984.87,211968.97,20,87181.53600000001
11463,6696,730,3,1980.08,401.0,5539.24,20,1584.064
11464,6696,834,1,2103.24,299.43,1803.81,30,1472.2679999999998
11465,6696,90,2,664.2,13.48,1314.92,0,664.2
11466,6697,1256,1,3347.61,0.0,3347.61,0,3347.61
11467,6698,1227,1,2155.48,170.77,1984.71,0,2155.48
11468,6698,408,1,1535.98,39.88,1496.1,30,1075.186
11469,6699,1115,1,116186.43,12407.45,103778.98,30,81330.50099999999
11470,6700,681,1,766.31,0.0,766.31,30,536.4169999999999
11471,6701,1570,1,40567.16,1764.11,38803.05,20,32453.728000000003
11472,6701,1514,3,411.96,112.37,1123.51,0,411.96
11473,6701,643,2,3058.33,788.48,5328.18,0,3058.33
11474,6702,1340,1,4036.45,601.96,3434.49,30,2825.515
11475,6703,802,1,2548.8,5.4,2543.4,0,2548.8
11476,6704,428,1,13300.7,1429.29,11871.41,0,13300.7
11477,6705,265,1,1326.78,83.18,1243.6,10,1194.102
11478,6706,1230,1,994.26,64.19,930.07,20,795.408
11479,6707,1108,1,145328.64,0.0,145328.64,20,116262.912
11480,6707,1322,1,21785.34,0.0,21785.34,0,21785.34
11481,6708,213,1,25465.76,2753.34,22712.42,10,22919.184
11482,6709,1416,1,158592.95,23312.66,135280.29,30,111015.065
11483,6710,453,1,2582.33,267.55,2314.78,10,2324.097
11484,6711,1154,2,77226.75,0.0,154453.5,0,77226.75
11485,6711,1034,1,32492.4,0.0,32492.4,10,29243.160000000003
11486,6711,1244,2,3810.15,0.0,7620.3,20,3048.1200000000003
11487,6712,1469,1,3359.54,5.95,3353.59,20,2687.632
11488,6712,1524,1,4935.26,177.0,4758.26,0,4935.26
11489,6712,1330,1,14735.58,1279.62,13455.96,0,14735.58
11490,6713,1451,3,397.42,154.47,1037.79,30,278.194
11491,6714,1213,1,56227.35,0.0,56227.35,30,39359.145
11492,6715,1509,1,39314.87,4611.38,34703.49,20,31451.896000000004
11493,6716,603,1,1974.14,0.0,1974.14,30,1381.898
11494,6716,313,1,4982.63,0.0,4982.63,20,3986.104
11495,6717,759,1,2014.33,0.0,2014.33,10,1812.897
11496,6717,1544,1,5232.67,0.0,5232.67,20,4186.136
11497,6717,602,1,3153.82,0.0,3153.82,20,2523.0560000000005
11498,6717,65,3,1669.44,0.0,5008.32,10,1502.496
11499,6718,284,1,1532.5,0.0,1532.5,10,1379.25
11500,6718,207,1,796.08,0.0,796.08,20,636.864
11501,6718,617,1,3079.68,0.0,3079.68,10,2771.712
11502,6718,439,1,1595.52,0.0,1595.52,20,1276.4160000000002
11503,6719,1022,1,7813.98,0.0,7813.98,20,6251.184
11504,6719,602,1,3153.82,0.0,3153.82,0,3153.82
11505,6719,727,1,12540.84,0.0,12540.84,20,10032.672
11506,6719,572,1,2920.51,0.0,2920.51,0,2920.51
11507,6719,1054,1,1342.53,0.0,1342.53,10,1208.277
11508,6720,1417,1,1306.26,0.0,1306.26,0,1306.26
11509,6720,467,1,34229.7,0.0,34229.7,0,34229.7
11510,6721,1328,1,2127.08,0.0,2127.08,10,1914.372
11511,6722,756,1,3804.36,151.2,3653.16,30,2663.052
11512,6723,1499,1,29009.65,3767.63,25242.02,20,23207.72
11513,6724,443,1,20303.01,303.77,19999.24,20,16242.408
11514,6725,68,1,41483.94,0.0,41483.94,20,33187.152
11515,6726,1254,1,93864.59,0.0,93864.59,30,65705.21299999999
11516,6727,1284,1,102271.11,1865.44,100405.67,30,71589.777
11517,6727,600,2,1808.13,235.94,3380.32,0,1808.13
11518,6728,1288,2,1110.07,127.28,2092.86,30,777.0489999999999
11519,6729,1027,1,37556.23,957.46,36598.77,10,33800.607
11520,6730,1164,1,1609.85,142.69,1467.16,20,1287.88
11521,6730,1013,1,2832.66,125.18,2707.48,20,2266.128
11522,6731,1043,1,1164.22,0.0,1164.22,0,1164.22
11523,6731,409,1,1326.94,0.0,1326.94,10,1194.246
11524,6732,36,1,627.76,0.0,627.76,20,502.208
11525,6733,1181,1,3639.55,65.42,3574.13,10,3275.5950000000003
11526,6734,629,1,8978.53,0.0,8978.53,0,8978.53
11527,6734,558,1,1137.46,0.0,1137.46,10,1023.714
11528,6735,485,1,5877.6,0.0,5877.6,0,5877.6
11529,6736,971,3,489.72,119.67,1349.49,30,342.804
11530,6737,1354,1,2097.47,241.1,1856.37,10,1887.723
11531,6738,30,1,2584.77,0.0,2584.77,0,2584.77
11532,6738,393,1,28510.23,0.0,28510.23,30,19957.161
11533,6739,203,1,543.78,0.0,543.78,30,380.646
11534,6740,1175,2,1647.24,0.0,3294.48,30,1153.068
11535,6740,1444,1,1761.67,0.0,1761.67,10,1585.5030000000002
11536,6740,820,1,5798.58,0.0,5798.58,0,5798.58
11537,6740,131,2,26403.44,0.0,52806.88,0,26403.44
11538,6741,1538,1,1905.21,67.74,1837.47,20,1524.168
11539,6741,361,1,670.56,84.25,586.31,10,603.504
11540,6742,825,1,25418.66,3076.13,22342.53,10,22876.794
11541,6743,1262,2,643.39,179.56,1107.22,10,579.051
11542,6744,1495,1,92165.84,7634.41,84531.43,20,73732.672
11543,6745,1408,1,4470.06,308.99,4161.07,0,4470.06
11544,6746,1151,1,41119.53,1019.29,40100.24,0,41119.53
11545,6747,180,1,112845.7,11395.81,101449.89,10,101561.13
11546,6748,764,1,2664.12,0.0,2664.12,30,1864.884
11547,6749,1475,1,57952.35,2171.45,55780.9,0,57952.35
11548,6750,297,1,10115.63,0.0,10115.63,20,8092.504
11549,6751,273,1,5210.97,194.0,5016.97,20,4168.776000000001
11550,6751,884,1,82430.4,6296.8,76133.6,10,74187.36
11551,6752,1031,2,356.88,101.22,612.54,0,356.88
11552,6752,352,1,93433.5,2066.13,91367.37,30,65403.45
11553,6752,1406,2,34181.12,7183.59,61178.65,30,23926.784
11554,6753,936,1,30096.25,0.0,30096.25,10,27086.625
11555,6753,1115,1,116186.43,0.0,116186.43,0,116186.43
11556,6753,217,1,39439.67,0.0,39439.67,30,27607.769
11557,6754,15,1,1095.25,0.0,1095.25,10,985.725
11558,6754,1289,1,84561.66,0.0,84561.66,20,67649.32800000001
11559,6754,481,2,1789.37,0.0,3578.74,30,1252.5589999999995
11560,6754,207,1,796.08,0.0,796.08,10,716.4720000000001
11561,6754,1133,2,750.52,0.0,1501.04,0,750.52
11562,6755,148,1,60801.41,0.0,60801.41,0,60801.41
11563,6755,816,1,3330.84,0.0,3330.84,0,3330.84
11564,6755,931,1,2958.87,0.0,2958.87,20,2367.096
11565,6756,1013,1,2832.66,306.11,2526.55,20,2266.128
11566,6756,1455,1,1924.18,182.94,1741.24,30,1346.926
11567,6757,1581,1,148976.59,0.0,148976.59,20,119181.272
11568,6757,877,1,1082.87,0.0,1082.87,30,758.0089999999999
11569,6758,800,1,308.13,0.0,308.13,20,246.504
11570,6758,221,1,1862.88,0.0,1862.88,30,1304.016
11571,6759,1037,1,110609.66,7418.56,103191.1,30,77426.762
11572,6760,1101,1,2240.73,160.56,2080.17,20,1792.584
11573,6760,141,1,1702.25,100.11,1602.14,0,1702.25
11574,6760,548,1,1506.84,44.69,1462.15,20,1205.472
11575,6760,77,1,375.9,5.86,370.04,10,338.31
11576,6761,1033,2,6964.85,329.94,13599.76,10,6268.365000000001
11577,6762,868,1,2801.32,0.0,2801.32,10,2521.188
11578,6763,449,1,35199.45,0.0,35199.45,0,35199.45
11579,6763,635,1,3970.58,0.0,3970.58,10,3573.522
11580,6764,1238,2,916.17,0.0,1832.34,0,916.17
11581,6765,284,1,1532.5,100.52,1431.98,10,1379.25
11582,6766,199,1,26074.89,0.0,26074.89,10,23467.401
11583,6766,473,2,2980.81,0.0,5961.62,20,2384.648
11584,6767,1390,1,32277.62,2122.45,30155.17,0,32277.62
11585,6768,731,1,3899.67,114.82,3784.85,30,2729.769
11586,6768,476,1,76487.54,2113.95,74373.59,10,68838.786
11587,6769,779,1,1855.31,0.0,1855.31,0,1855.31
11588,6770,464,1,92357.26,0.0,92357.26,10,83121.534
11589,6771,64,1,27489.86,2366.59,25123.27,0,27489.86
11590,6772,258,1,1648.24,13.27,1634.97,30,1153.768
11591,6772,1075,1,682.9,36.58,646.32,0,682.9
11592,6773,638,3,414.26,179.91,1062.87,30,289.982
11593,6774,1380,1,42520.46,0.0,42520.46,0,42520.46
11594,6775,435,1,1009.65,0.0,1009.65,20,807.72
11595,6775,678,1,2482.88,0.0,2482.88,10,2234.592
11596,6775,436,1,147796.0,0.0,147796.0,30,103457.2
11597,6775,526,1,69280.39,0.0,69280.39,30,48496.273
11598,6776,1132,1,3635.19,120.84,3514.35,0,3635.19
11599,6777,1070,1,64942.02,9694.45,55247.57,20,51953.616
11600,6778,1333,1,2421.09,0.0,2421.09,0,2421.09
11601,6779,906,1,52750.88,6743.43,46007.45,30,36925.616
11602,6780,758,1,122743.75,10503.27,112240.48,20,98195.0
11603,6781,359,1,35865.56,0.0,35865.56,10,32279.004
11604,6781,405,1,56478.15,0.0,56478.15,0,56478.15
11605,6782,291,3,21975.24,6544.72,59381.0,10,19777.716
11606,6783,224,1,1977.53,0.0,1977.53,10,1779.777
11607,6783,37,1,1893.59,0.0,1893.59,10,1704.231
11608,6783,777,1,1619.93,0.0,1619.93,30,1133.951
11609,6783,296,1,13792.96,0.0,13792.96,0,13792.96
11610,6783,674,1,2535.97,0.0,2535.97,30,1775.179
11611,6784,941,1,2360.32,0.0,2360.32,0,2360.32
11612,6785,1465,1,2247.01,36.11,2210.9,20,1797.6080000000002
11613,6786,1120,1,85415.3,2269.77,83145.53,10,76873.77
11614,6787,129,1,879.21,107.95,771.26,10,791.2890000000001
11615,6788,1000,1,116356.97,4979.36,111377.61,20,93085.576
11616,6788,1012,2,1697.86,471.35,2924.37,20,1358.288
11617,6789,617,2,3079.68,182.93,5976.43,0,3079.68
11618,6789,798,1,3718.85,190.39,3528.46,10,3346.965
11619,6790,1113,1,4930.52,727.83,4202.69,30,3451.364
11620,6791,1444,3,1761.67,62.85,5222.16,10,1585.5030000000002
11621,6792,1575,1,1239.06,72.21,1166.85,0,1239.06
11622,6793,1486,2,828.48,0.0,1656.96,10,745.6320000000001
11623,6793,429,1,121237.34,0.0,121237.34,20,96989.872
11624,6793,1260,1,664.92,0.0,664.92,20,531.936
11625,6793,294,1,41961.75,0.0,41961.75,30,29373.225
11626,6794,304,1,2314.39,225.21,2089.18,20,1851.512
11627,6794,1457,2,60301.61,5511.73,115091.49,30,42211.127
11628,6795,970,1,120.23,2.68,117.55,20,96.184
11629,6796,1365,2,75380.11,17556.59,133203.63,20,60304.088
11630,6797,1038,1,2419.9,0.0,2419.9,10,2177.9100000000003
11631,6798,1152,1,1784.61,0.0,1784.61,10,1606.149
11632,6799,320,1,1023.82,0.0,1023.82,20,819.056
11633,6800,357,1,94442.75,3865.85,90576.9,30,66109.925
11634,6801,967,1,87744.71,7987.1,79757.61,30,61421.297
11635,6802,1192,1,70917.05,10636.02,60281.03,0,70917.05
11636,6802,153,1,39307.26,3242.29,36064.97,30,27515.082
11637,6803,890,1,930.52,5.85,924.67,0,930.52
11638,6804,1413,1,3338.33,475.53,2862.8,30,2336.831
11639,6805,1561,1,2387.8,331.36,2056.44,10,2149.0200000000004
11640,6806,984,1,79210.58,6516.16,72694.42,0,79210.58
11641,6806,1113,2,4930.52,610.8,9250.24,30,3451.364
11642,6807,1253,1,1517.66,0.0,1517.66,30,1062.362
11643,6808,894,1,3863.24,253.28,3609.96,0,3863.24
11644,6809,352,2,93433.5,1460.09,185406.91,0,93433.5
11645,6810,1467,1,74.8,5.87,68.93,0,74.8
11646,6811,961,1,89733.28,7736.39,81996.89,30,62813.296
11647,6812,125,1,7109.25,12.47,7096.78,20,5687.400000000001
11648,6812,1141,1,2583.37,376.78,2206.59,30,1808.359
11649,6813,1392,1,14134.24,128.72,14005.52,10,12720.816
11650,6814,215,3,8966.72,2204.0,24696.16,20,7173.376
11651,6815,406,1,4920.1,112.18,4807.92,20,3936.08
11652,6815,535,1,1119.88,140.76,979.12,30,783.916
11653,6816,166,1,26144.85,3721.67,22423.18,20,20915.88
11654,6816,603,3,1974.14,770.51,5151.91,30,1381.898
11655,6817,1532,1,52783.97,3900.68,48883.29,10,47505.573
11656,6817,837,1,157966.42,22262.85,135703.57,30,110576.494
11657,6818,573,1,2677.84,89.0,2588.84,20,2142.2720000000004
11658,6819,246,2,1755.56,0.0,3511.12,10,1580.004
11659,6820,1184,1,1670.78,228.56,1442.22,20,1336.624
11660,6821,1351,1,1256.09,0.0,1256.09,0,1256.09
11661,6821,1133,2,750.52,0.0,1501.04,10,675.468
11662,6822,797,2,40285.16,8748.35,71821.97,20,32228.128000000004
11663,6823,1401,1,3069.45,25.82,3043.63,30,2148.615
11664,6823,46,1,4876.53,183.59,4692.94,30,3413.5709999999995
11665,6824,1069,1,40522.57,0.0,40522.57,0,40522.57
11666,6825,1014,1,1806.34,188.56,1617.78,20,1445.072
11667,6826,634,1,128711.83,15329.39,113382.44,10,115840.647
11668,6827,1198,1,2934.15,0.0,2934.15,20,2347.32
11669,6827,1270,1,4276.25,0.0,4276.25,0,4276.25
11670,6828,457,2,805.01,0.0,1610.02,30,563.507
11671,6828,1009,2,3746.51,0.0,7493.02,10,3371.8590000000004
11672,6829,1134,1,79315.25,8433.88,70881.37,30,55520.675
11673,6830,806,1,147721.74,18976.74,128745.0,20,118177.392
11674,6831,1185,1,5187.12,0.0,5187.12,0,5187.12
11675,6831,1524,3,4935.26,0.0,14805.78,20,3948.208000000001
11676,6831,868,2,2801.32,0.0,5602.64,10,2521.188
11677,6831,785,2,703.23,0.0,1406.46,0,703.23
11678,6832,176,1,95686.66,0.0,95686.66,10,86117.994
11679,6833,448,1,1698.53,0.0,1698.53,10,1528.677
11680,6834,770,3,86438.74,32216.84,227099.38,30,60507.118
11681,6834,901,1,72792.1,4340.57,68451.53,30,50954.47
11682,6835,235,1,1536.81,149.11,1387.7,10,1383.129
11683,6835,1153,3,145864.75,29805.22,407789.03,0,145864.75
11684,6836,464,1,92357.26,6840.48,85516.78,0,92357.26
11685,6837,1077,1,40938.16,0.0,40938.16,0,40938.16
11686,6837,650,2,17350.56,0.0,34701.12,20,13880.448000000002
11687,6838,1311,1,5198.45,560.16,4638.29,20,4158.76
11688,6839,515,1,1652.18,98.33,1553.85,30,1156.526
11689,6840,887,2,91887.4,0.0,183774.8,0,91887.4
11690,6840,943,1,1254.75,0.0,1254.75,20,1003.8
11691,6841,544,1,28257.91,0.0,28257.91,30,19780.537
11692,6841,518,1,2482.37,0.0,2482.37,0,2482.37
11693,6841,368,1,53610.72,0.0,53610.72,30,37527.504
11694,6841,1425,1,38118.15,0.0,38118.15,10,34306.335
11695,6842,1267,1,2049.76,27.48,2022.28,30,1434.832
11696,6843,26,1,4152.23,152.79,3999.44,10,3737.007
11697,6843,592,1,1067.91,118.11,949.8,0,1067.91
11698,6843,301,2,3075.11,374.39,5775.83,0,3075.11
11699,6844,710,1,32724.34,0.0,32724.34,0,32724.34
11700,6845,1031,1,356.88,23.29,333.59,30,249.816
11701,6845,1142,3,99.91,31.43,268.3,20,79.928
11702,6846,946,1,69896.98,0.0,69896.98,30,48927.88599999999
11703,6847,823,1,24569.14,762.14,23807.0,0,24569.14
11704,6848,261,1,38676.18,0.0,38676.18,10,34808.562
11705,6849,1275,1,278.67,37.35,241.32,20,222.93600000000004
11706,6849,645,2,754.4,105.58,1403.22,20,603.52
11707,6850,438,1,4222.79,0.0,4222.79,30,2955.953
11708,6851,17,2,526.33,95.54,957.12,0,526.33
11709,6852,226,2,44766.35,6014.1,83518.6,30,31336.445
11710,6853,24,1,143987.71,0.0,143987.71,0,143987.71
11711,6854,566,2,601.7,135.89,1067.51,30,421.19
11712,6855,1567,2,119671.35,28436.9,210905.8,10,107704.215
11713,6855,1542,1,1880.53,92.41,1788.12,20,1504.424
11714,6856,787,1,2387.75,43.75,2344.0,30,1671.425
11715,6856,687,1,1968.64,133.72,1834.92,20,1574.9120000000005
11716,6857,1553,1,2742.09,261.87,2480.22,0,2742.09
11717,6858,1367,1,1115.97,88.6,1027.37,10,1004.373
11718,6858,1193,1,7680.86,1021.75,6659.11,10,6912.773999999999
11719,6858,238,1,1757.87,205.15,1552.72,10,1582.083
11720,6858,1529,1,90803.24,702.38,90100.86,20,72642.592
11721,6858,1149,1,99668.46,740.45,98928.01,20,79734.76800000001
11722,6859,446,1,2938.62,26.89,2911.73,0,2938.62
11723,6860,1315,1,1184.81,0.0,1184.81,30,829.367
11724,6861,504,1,1042.0,149.59,892.41,10,937.8
11725,6862,1017,1,2847.67,419.06,2428.61,0,2847.67
11726,6862,440,1,1285.35,50.63,1234.72,0,1285.35
11727,6862,1331,1,2122.62,224.18,1898.44,0,2122.62
11728,6862,426,1,804.21,45.87,758.34,10,723.7890000000001
11729,6862,1285,2,571.66,92.14,1051.18,10,514.494
11730,6863,479,2,721.06,0.0,1442.12,30,504.7419999999999
11731,6863,77,1,375.9,0.0,375.9,30,263.13
11732,6864,798,2,3718.85,1035.71,6401.99,0,3718.85
11733,6864,857,2,119370.94,11788.27,226953.61,0,119370.94
11734,6865,1312,1,45576.24,0.0,45576.24,30,31903.367999999995
11735,6866,734,1,43727.49,3868.87,39858.62,10,39354.741
11736,6867,1576,2,2033.33,0.0,4066.66,20,1626.664
11737,6868,1089,1,76783.54,0.0,76783.54,10,69105.186
11738,6869,1095,1,2693.75,185.59,2508.16,0,2693.75
11739,6870,666,1,996.62,0.0,996.62,10,896.958
11740,6871,979,1,4138.39,590.95,3547.44,20,3310.7120000000004
11741,6872,1178,2,88183.51,0.0,176367.02,20,70546.808
11742,6872,1573,1,3177.29,0.0,3177.29,20,2541.8320000000003
11743,6872,1488,1,62639.65,0.0,62639.65,10,56375.685000000005
11744,6873,344,1,1068.92,19.23,1049.69,10,962.028
11745,6874,333,2,71887.84,15378.12,128397.56,10,64699.056
11746,6874,465,1,3059.86,248.15,2811.71,30,2141.902
11747,6874,1306,1,55531.46,1801.43,53730.03,20,44425.168000000005
11748,6874,1585,1,1472.08,105.82,1366.26,0,1472.08
11749,6874,751,1,808.3,11.9,796.4,0,808.3
11750,6875,1023,1,36297.55,4906.88,31390.67,30,25408.285
11751,6876,867,1,26390.91,3949.53,22441.38,0,26390.91
11752,6877,611,1,19135.21,0.0,19135.21,20,15308.168
11753,6877,343,2,62248.1,0.0,124496.2,0,62248.1
11754,6878,507,2,55812.59,2883.34,108741.84,0,55812.59
11755,6879,1333,1,2421.09,0.0,2421.09,0,2421.09
11756,6879,1559,1,2127.33,0.0,2127.33,30,1489.131
11757,6880,1426,1,2854.6,0.0,2854.6,0,2854.6
11758,6881,1137,2,1817.59,0.0,3635.18,20,1454.072
11759,6882,455,1,133508.92,0.0,133508.92,10,120158.02800000002
11760,6883,304,1,2314.39,319.15,1995.24,10,2082.951
11761,6884,591,3,1912.99,529.31,5209.66,20,1530.392
11762,6884,1247,1,90898.31,11790.56,79107.75,0,90898.31
11763,6885,1441,1,119515.93,0.0,119515.93,0,119515.93
11764,6885,1025,1,2450.74,0.0,2450.74,10,2205.666
11765,6885,1126,2,44621.09,0.0,89242.18,0,44621.09
11766,6886,1040,1,7278.08,0.0,7278.08,0,7278.08
11767,6887,385,2,1018.09,102.65,1933.53,30,712.663
11768,6888,1336,3,4092.74,965.75,11312.47,10,3683.466
11769,6888,486,1,2457.37,80.6,2376.77,0,2457.37
11770,6888,1265,1,753.76,32.58,721.18,10,678.384
11771,6889,1558,1,1952.71,3.94,1948.77,30,1366.897
11772,6890,422,1,477.95,17.23,460.72,10,430.155
11773,6891,1257,1,518.04,1.51,516.53,20,414.432
11774,6892,1452,1,71498.52,3606.64,67891.88,0,71498.52
11775,6892,283,3,4572.45,668.86,13048.49,0,4572.45
11776,6892,735,1,70211.49,9661.47,60550.02,10,63190.34100000001
11777,6892,528,1,1071.66,17.47,1054.19,10,964.494
11778,6893,82,1,2097.58,222.57,1875.01,20,1678.064
11779,6894,770,1,86438.74,10331.38,76107.36,10,77794.86600000001
11780,6895,1560,2,77206.12,0.0,154412.24,30,54044.28399999999
11781,6895,348,1,162.1,0.0,162.1,30,113.46999999999998
11782,6896,1590,1,154961.7,19857.06,135104.64,30,108473.19
11783,6897,274,1,61941.5,0.0,61941.5,20,49553.2
11784,6898,1530,2,2958.0,196.35,5719.65,0,2958.0
11785,6899,88,1,1758.72,230.5,1528.22,30,1231.104
11786,6899,964,2,2212.96,623.91,3802.01,30,1549.072
11787,6899,541,1,43654.41,5767.25,37887.16,10,39288.969000000005
11788,6899,168,1,24098.28,233.82,23864.46,20,19278.624
11789,6899,1461,2,33088.65,3012.25,63165.05,30,23162.055
11790,6900,231,1,3736.97,19.06,3717.91,0,3736.97
11791,6900,1041,1,441.29,3.19,438.1,10,397.161
11792,6900,569,1,1937.28,93.34,1843.94,0,1937.28
11793,6901,1302,1,52798.3,2350.72,50447.58,10,47518.47
11794,6902,779,2,1855.31,85.7,3624.92,10,1669.779
11795,6903,1536,1,26543.86,1797.21,24746.65,20,21235.088000000003
11796,6903,933,1,1968.53,157.93,1810.6,0,1968.53
11797,6904,649,1,975.94,72.17,903.77,30,683.158
11798,6905,573,1,2677.84,63.86,2613.98,0,2677.84
11799,6906,1258,1,8683.79,0.0,8683.79,30,6078.653
11800,6906,1001,1,47120.94,0.0,47120.94,10,42408.846000000005
11801,6907,895,1,2219.6,0.0,2219.6,20,1775.68
11802,6908,1375,1,3435.74,352.21,3083.53,10,3092.166
11803,6908,30,1,2584.77,173.74,2411.03,20,2067.8160000000003
11804,6909,165,1,4937.72,476.35,4461.37,10,4443.948
11805,6909,403,1,170966.64,24074.78,146891.86,10,153869.97600000002
11806,6910,1258,2,8683.79,2365.01,15002.57,10,7815.411000000001
11807,6911,1189,1,5385.89,501.15,4884.74,0,5385.89
11808,6912,326,1,1199.33,63.12,1136.21,30,839.531
11809,6912,265,1,1326.78,194.14,1132.64,10,1194.102
11810,6913,975,1,17084.55,0.0,17084.55,0,17084.55
11811,6913,1284,1,102271.11,0.0,102271.11,0,102271.11
11812,6913,468,2,22472.15,0.0,44944.3,30,15730.505
11813,6913,1203,1,3371.04,0.0,3371.04,30,2359.728
11814,6913,639,2,1460.92,0.0,2921.84,10,1314.8280000000002
11815,6914,478,1,108976.92,0.0,108976.92,20,87181.53600000001
11816,6915,690,1,2245.24,301.48,1943.76,0,2245.24
11817,6916,903,1,39591.52,0.0,39591.52,20,31673.216
11818,6916,485,1,5877.6,0.0,5877.6,10,5289.84
11819,6917,1427,2,1223.85,0.0,2447.7,20,979.08
11820,6917,315,1,29996.05,0.0,29996.05,10,26996.445
11821,6918,126,1,1983.21,159.68,1823.53,30,1388.2469999999998
11822,6918,169,1,6619.4,345.3,6274.1,10,5957.46
11823,6919,1147,1,14582.77,0.0,14582.77,30,10207.939
11824,6920,1012,1,1697.86,173.48,1524.38,0,1697.86
11825,6921,385,1,1018.09,19.05,999.04,10,916.281
11826,6922,759,1,2014.33,0.0,2014.33,10,1812.897
11827,6923,958,1,1318.24,173.26,1144.98,10,1186.416
11828,6924,902,1,4514.4,0.0,4514.4,10,4062.96
11829,6925,709,1,2013.15,0.0,2013.15,10,1811.835
11830,6926,1564,1,87286.27,0.0,87286.27,0,87286.27
11831,6926,1463,1,77244.61,0.0,77244.61,0,77244.61
11832,6926,699,1,3048.78,0.0,3048.78,10,2743.902
11833,6926,314,2,1524.32,0.0,3048.64,0,1524.32
11834,6927,716,2,710.73,94.4,1327.06,30,497.511
11835,6927,1239,2,1812.2,298.33,3326.07,0,1812.2
11836,6927,1053,2,24845.69,2523.61,47167.77,20,19876.552
11837,6927,314,1,1524.32,73.32,1451.0,10,1371.888
11838,6927,1419,1,3847.52,407.44,3440.08,10,3462.768
11839,6928,401,3,1312.43,0.0,3937.29,10,1181.187
11840,6929,562,1,2288.25,137.87,2150.38,0,2288.25
11841,6929,1058,1,1092.55,138.73,953.82,0,1092.55
11842,6930,1108,1,145328.64,0.0,145328.64,10,130795.776
11843,6930,1342,1,2246.14,0.0,2246.14,20,1796.912
11844,6931,282,1,2944.8,231.63,2713.17,30,2061.36
11845,6931,1041,1,441.29,2.46,438.83,0,441.29
11846,6932,10,1,661.22,1.05,660.17,20,528.976
11847,6933,1429,1,1720.96,10.54,1710.42,0,1720.96
11848,6933,904,1,1779.5,207.17,1572.33,20,1423.6
11849,6933,827,1,1826.44,26.31,1800.13,20,1461.152
11850,6933,336,1,31831.67,4198.33,27633.34,20,25465.336
11851,6934,504,1,1042.0,58.16,983.84,10,937.8
11852,6935,422,1,477.95,23.0,454.95,0,477.95
11853,6936,436,2,147796.0,11129.28,284462.72,10,133016.4
11854,6936,692,2,2423.69,443.05,4404.33,0,2423.69
11855,6937,1128,1,2674.52,0.0,2674.52,20,2139.616
11856,6937,1341,2,36074.93,0.0,72149.86,10,32467.437
11857,6937,574,1,2746.95,0.0,2746.95,10,2472.255
11858,6937,1123,2,3390.11,0.0,6780.22,10,3051.099
11859,6938,12,1,13993.18,260.66,13732.52,30,9795.226
11860,6939,808,1,124999.97,4611.08,120388.89,0,124999.97
11861,6940,60,1,1296.99,0.0,1296.99,30,907.893
11862,6940,657,1,60338.17,0.0,60338.17,10,54304.353
11863,6941,598,1,3271.1,203.89,3067.21,30,2289.77
11864,6942,1327,1,26530.9,0.0,26530.9,30,18571.63
11865,6943,552,2,2589.95,356.77,4823.13,10,2330.955
11866,6944,847,1,1450.17,151.26,1298.91,10,1305.153
11867,6945,1512,1,10568.45,713.84,9854.61,20,8454.76
11868,6946,567,3,3731.6,1331.91,9862.89,0,3731.6
11869,6947,1414,1,605.84,7.61,598.23,0,605.84
11870,6948,1432,2,1342.16,362.15,2322.17,20,1073.728
11871,6949,199,1,26074.89,0.0,26074.89,30,18252.423
11872,6949,168,1,24098.28,0.0,24098.28,10,21688.452
11873,6950,1458,1,3481.03,0.0,3481.03,20,2784.8240000000005
11874,6950,391,1,134.99,0.0,134.99,20,107.99200000000002
11875,6950,710,3,32724.34,0.0,98173.02,20,26179.472
11876,6950,724,1,625.35,0.0,625.35,30,437.745
11877,6951,656,2,1650.33,132.43,3168.23,20,1320.264
11878,6951,619,3,33190.64,6922.24,92649.68,10,29871.576
11879,6951,738,1,47701.21,432.25,47268.96,10,42931.089
11880,6951,716,1,710.73,6.06,704.67,0,710.73
11881,6951,885,1,51233.09,6476.8,44756.29,30,35863.16299999999
11882,6952,1565,1,3314.16,0.0,3314.16,10,2982.744
11883,6952,208,2,7944.3,0.0,15888.6,20,6355.4400000000005
11884,6953,1392,1,14134.24,0.0,14134.24,0,14134.24
11885,6954,12,1,13993.18,0.0,13993.18,0,13993.18
11886,6954,1546,2,5167.64,0.0,10335.28,30,3617.348
11887,6955,39,1,15502.07,886.6,14615.47,30,10851.449
11888,6955,612,1,1008.02,91.07,916.95,20,806.416
11889,6956,363,3,3377.19,1041.06,9090.51,10,3039.471
11890,6956,1251,1,5415.24,732.51,4682.73,10,4873.716
11891,6957,1508,1,2634.42,0.0,2634.42,0,2634.42
11892,6957,1235,1,553.98,0.0,553.98,0,553.98
11893,6958,414,1,6207.38,459.17,5748.21,10,5586.642
11894,6959,1275,1,278.67,29.37,249.3,10,250.80300000000005
11895,6960,55,1,38559.98,0.0,38559.98,20,30847.984000000004
11896,6960,128,2,2134.53,0.0,4269.06,20,1707.6240000000005
11897,6960,804,1,3599.24,0.0,3599.24,30,2519.468
11898,6961,610,1,1489.26,0.0,1489.26,20,1191.408
11899,6962,1057,1,1611.27,0.0,1611.27,20,1289.016
11900,6962,1592,1,91342.6,0.0,91342.6,0,91342.6
11901,6962,659,1,70554.19,0.0,70554.19,30,49387.933
11902,6962,646,1,1812.4,0.0,1812.4,10,1631.16
11903,6962,419,1,4089.03,0.0,4089.03,10,3680.127
11904,6963,164,2,5969.19,1266.24,10672.14,30,4178.432999999999
11905,6964,178,1,145568.91,5635.45,139933.46,10,131012.019
11906,6964,803,2,3375.08,397.09,6353.07,10,3037.572
11907,6964,770,1,86438.74,11334.13,75104.61,0,86438.74
11908,6965,466,1,92637.16,2560.42,90076.74,10,83373.444
11909,6965,1329,1,2430.96,314.46,2116.5,20,1944.768
11910,6965,472,1,46739.78,3137.28,43602.5,30,32717.846
11911,6965,1481,1,22590.89,2270.75,20320.14,30,15813.622999999998
11912,6965,175,1,579.09,21.84,557.25,0,579.09
11913,6966,1416,3,158592.95,0.0,475778.85,30,111015.065
11914,6966,179,1,71832.87,0.0,71832.87,20,57466.296
11915,6967,802,1,2548.8,0.0,2548.8,10,2293.92
11916,6967,408,1,1535.98,0.0,1535.98,0,1535.98
11917,6967,1544,1,5232.67,0.0,5232.67,10,4709.403
11918,6967,475,1,1480.29,0.0,1480.29,20,1184.232
11919,6967,653,1,818.29,0.0,818.29,0,818.29
11920,6968,138,1,350.95,0.0,350.95,10,315.855
11921,6968,810,1,26333.87,0.0,26333.87,30,18433.709
11922,6968,111,1,38654.56,0.0,38654.56,30,27058.191999999995
11923,6968,1496,1,1656.55,0.0,1656.55,30,1159.5849999999998
11924,6968,1050,1,2146.23,0.0,2146.23,30,1502.361
11925,6969,656,1,1650.33,40.77,1609.56,0,1650.33
11926,6970,1542,1,1880.53,0.0,1880.53,30,1316.371
11927,6971,788,1,3542.11,26.55,3515.56,30,2479.477
11928,6971,374,1,3079.52,152.8,2926.72,10,2771.568
11929,6971,838,2,1056.26,85.15,2027.37,30,739.382
11930,6971,1530,1,2958.0,178.76,2779.24,0,2958.0
11931,6972,74,1,2354.49,94.39,2260.1,0,2354.49
11932,6972,1256,2,3347.61,19.97,6675.25,30,2343.327
11933,6973,1557,1,4550.75,0.0,4550.75,30,3185.525
11934,6974,1063,1,2532.13,294.93,2237.2,0,2532.13
11935,6975,1306,1,55531.46,0.0,55531.46,30,38872.022
11936,6976,932,1,66425.97,0.0,66425.97,0,66425.97
11937,6977,1247,1,90898.31,1192.38,89705.93,30,63628.817
11938,6978,1042,1,90516.75,7095.32,83421.43,20,72413.40000000001
11939,6978,799,1,45775.71,4657.31,41118.4,10,41198.139
11940,6979,388,1,3732.52,310.16,3422.36,30,2612.764
11941,6979,683,1,142391.0,18892.36,123498.64,30,99673.7
11942,6980,700,1,7717.28,0.0,7717.28,10,6945.552
11943,6981,1308,1,1123.17,83.91,1039.26,20,898.5360000000001
11944,6982,1279,3,4693.11,1608.61,12470.72,10,4223.799
11945,6983,430,1,2897.39,0.0,2897.39,30,2028.173
11946,6984,795,2,14011.76,0.0,28023.52,30,9808.232
11947,6984,157,1,39923.68,0.0,39923.68,0,39923.68
11948,6984,948,2,3718.48,0.0,7436.96,0,3718.48
11949,6984,1119,1,7175.29,0.0,7175.29,30,5022.703
11950,6985,305,1,3492.14,291.62,3200.52,10,3142.926
11951,6986,1350,1,1796.88,38.74,1758.14,20,1437.504
11952,6986,1230,1,994.26,17.59,976.67,0,994.26
11953,6986,11,1,23533.14,695.75,22837.39,0,23533.14
11954,6987,527,1,1152.55,43.16,1109.39,10,1037.295
11955,6988,468,1,22472.15,0.0,22472.15,10,20224.935
11956,6989,83,1,67349.49,0.0,67349.49,0,67349.49
11957,6989,1181,1,3639.55,0.0,3639.55,0,3639.55
11958,6989,114,1,46974.46,0.0,46974.46,30,32882.122
11959,6990,273,1,5210.97,250.12,4960.85,30,3647.679
11960,6991,301,1,3075.11,396.72,2678.39,30,2152.577
11961,6992,1175,1,1647.24,246.61,1400.63,10,1482.516
11962,6993,1589,1,103645.76,8755.4,94890.36,0,103645.76
11963,6994,1387,1,859.88,0.0,859.88,30,601.9159999999999
11964,6995,973,1,30788.48,0.0,30788.48,0,30788.48
11965,6996,221,1,1862.88,66.57,1796.31,0,1862.88
11966,6996,1428,1,1939.56,63.89,1875.67,20,1551.648
11967,6997,1484,1,86983.02,0.0,86983.02,10,78284.71800000001
11968,6997,465,2,3059.86,0.0,6119.72,20,2447.8880000000004
11969,6998,5,2,331.76,57.95,605.57,30,232.232
11970,6999,558,1,1137.46,22.0,1115.46,30,796.222
11971,7000,490,1,119759.19,0.0,119759.19,10,107783.271
11972,7000,370,1,659.72,0.0,659.72,20,527.7760000000001
11973,7001,761,1,11092.68,0.0,11092.68,30,7764.875999999999
11974,7002,647,1,27236.09,1133.58,26102.51,20,21788.872000000003
11975,7003,896,1,1901.81,160.53,1741.28,30,1331.2669999999998
11976,7004,539,1,3567.48,0.0,3567.48,30,2497.236
11977,7004,1098,1,48652.71,0.0,48652.71,0,48652.71
11978,7005,60,2,1296.99,215.67,2378.31,10,1167.291
11979,7005,1119,1,7175.29,104.79,7070.5,20,5740.232
11980,7006,1434,2,758.95,69.39,1448.51,0,758.95
11981,7007,1099,3,28507.26,5908.1,79613.68,20,22805.808
11982,7008,113,1,870.54,20.68,849.86,30,609.3779999999999
11983,7009,67,1,5611.24,661.79,4949.45,0,5611.24
11984,7009,1208,1,115536.04,1348.34,114187.7,20,92428.832
11985,7010,887,1,91887.4,0.0,91887.4,30,64321.17999999999
11986,7011,328,1,1446.76,39.8,1406.96,20,1157.408
11987,7011,723,1,161396.12,13163.46,148232.66,0,161396.12
11988,7012,702,1,2389.45,98.45,2291.0,0,2389.45
11989,7013,1166,1,2881.52,0.0,2881.52,20,2305.216
11990,7014,399,1,2809.7,236.33,2573.37,0,2809.7
11991,7014,772,1,1518.07,145.54,1372.53,0,1518.07
11992,7015,59,2,3388.26,890.39,5886.13,30,2371.782
11993,7016,1579,1,2698.3,379.3,2319.0,0,2698.3
11994,7016,943,1,1254.75,70.43,1184.32,20,1003.8
11995,7016,814,1,1391.2,1.86,1389.34,30,973.84
11996,7017,1573,1,3177.29,406.18,2771.11,30,2224.103
11997,7018,205,1,400.88,37.48,363.4,0,400.88
11998,7019,129,1,879.21,71.72,807.49,0,879.21
11999,7020,528,1,1071.66,94.25,977.41,0,1071.66
12000,7020,1052,3,96906.19,37369.02,253349.55,20,77524.952
12001,7021,906,1,52750.88,3560.05,49190.83,10,47475.792
12002,7022,717,1,30043.14,3711.42,26331.72,20,24034.512
12003,7023,695,1,887.94,107.14,780.8,0,887.94
12004,7023,1049,1,26000.8,3180.34,22820.46,30,18200.56
12005,7024,1426,1,2854.6,290.14,2564.46,30,1998.22
12006,7025,1418,2,4295.24,0.0,8590.48,30,3006.668
12007,7026,1103,2,55216.49,0.0,110432.98,0,55216.49
12008,7026,1424,1,63487.87,0.0,63487.87,30,44441.509
12009,7026,1546,1,5167.64,0.0,5167.64,20,4134.112
12010,7026,1568,1,113591.21,0.0,113591.21,20,90872.968
12011,7027,523,2,53515.35,14047.56,92983.14,30,37460.745
12012,7028,1181,2,3639.55,779.87,6499.23,0,3639.55
12013,7029,697,1,415.23,34.65,380.58,30,290.661
12014,7029,76,1,14993.91,2175.02,12818.89,20,11995.128
12015,7030,1231,1,2323.31,0.0,2323.31,10,2090.979
12016,7031,1278,1,110118.08,10768.74,99349.34,10,99106.272
12017,7032,425,3,4814.38,0.0,14443.14,30,3370.066
12018,7032,983,1,125294.18,0.0,125294.18,0,125294.18
12019,7033,1283,1,1043.73,0.0,1043.73,20,834.984
12020,7033,971,1,489.72,0.0,489.72,20,391.77600000000007
12021,7033,112,1,86793.43,0.0,86793.43,0,86793.43
12022,7034,709,1,2013.15,81.59,1931.56,30,1409.205
12023,7035,844,2,3208.7,709.54,5707.86,20,2566.96
12024,7036,721,1,1671.74,0.0,1671.74,10,1504.566
12025,7037,1463,1,77244.61,0.0,77244.61,10,69520.149
12026,7038,503,1,44508.15,4073.53,40434.62,30,31155.705
12027,7039,775,1,1623.11,21.88,1601.23,0,1623.11
12028,7040,252,1,2068.04,0.0,2068.04,10,1861.236
12029,7041,511,3,621.58,0.0,1864.74,10,559.422
12030,7041,211,1,1481.21,0.0,1481.21,10,1333.0890000000002
12031,7042,1352,1,10981.21,0.25,10980.96,30,7686.846999999999
12032,7043,1304,1,940.86,0.0,940.86,20,752.6880000000001
12033,7044,468,1,22472.15,2231.84,20240.31,10,20224.935
12034,7044,813,1,46231.71,2628.45,43603.26,20,36985.368
12035,7045,606,1,87181.18,0.0,87181.18,10,78463.06199999999
12036,7045,493,1,3440.64,0.0,3440.64,10,3096.576
12037,7045,1130,2,96459.24,0.0,192918.48,10,86813.316
12038,7045,1247,2,90898.31,0.0,181796.62,0,90898.31
12039,7046,951,1,909.66,105.86,803.8,10,818.694
12040,7047,291,1,21975.24,3081.44,18893.8,30,15382.668
12041,7048,157,1,39923.68,3677.77,36245.91,20,31938.944000000003
12042,7048,1212,1,157753.88,11592.04,146161.84,20,126203.104
12043,7049,1014,1,1806.34,127.92,1678.42,30,1264.438
12044,7050,1599,1,4254.12,154.23,4099.89,10,3828.708
12045,7050,234,1,47459.41,2658.32,44801.09,10,42713.469000000005
12046,7051,1452,1,71498.52,0.0,71498.52,30,50048.964
12047,7051,664,1,1666.41,0.0,1666.41,30,1166.487
12048,7052,85,2,422.79,91.69,753.89,10,380.511
12049,7053,1294,1,31639.3,0.0,31639.3,30,22147.51
12050,7053,1580,1,21552.31,0.0,21552.31,20,17241.848
12051,7054,820,1,5798.58,5.53,5793.05,20,4638.8640000000005
12052,7054,1561,1,2387.8,63.89,2323.91,10,2149.0200000000004
12053,7055,398,1,2421.46,275.14,2146.32,10,2179.3140000000003
12054,7055,577,1,44786.03,994.19,43791.84,20,35828.824
12055,7056,1333,1,2421.09,260.49,2160.6,20,1936.8720000000003
12056,7057,1227,1,2155.48,0.0,2155.48,30,1508.836
12057,7058,829,1,5385.17,374.12,5011.05,0,5385.17
12058,7058,1576,3,2033.33,219.73,5880.26,30,1423.331
12059,7059,32,1,37169.45,0.0,37169.45,30,26018.615
12060,7060,1064,1,1731.13,221.18,1509.95,30,1211.791
12061,7061,1434,1,758.95,70.24,688.71,10,683.0550000000001
12062,7061,422,2,477.95,28.11,927.79,10,430.155
12063,7062,205,1,400.88,0.0,400.88,0,400.88
12064,7063,442,1,1278.0,0.0,1278.0,0,1278.0
12065,7064,1394,1,2331.14,244.76,2086.38,0,2331.14
12066,7064,746,1,118090.14,10288.87,107801.27,20,94472.112
12067,7064,1376,1,901.13,129.25,771.88,30,630.7909999999999
12068,7064,1344,1,765.13,75.98,689.15,30,535.591
12069,7064,1389,1,2657.25,83.73,2573.52,30,1860.075
12070,7065,644,1,2644.87,125.51,2519.36,0,2644.87
12071,7066,634,1,128711.83,0.0,128711.83,0,128711.83
12072,7066,1533,1,2523.95,0.0,2523.95,20,2019.16
12073,7066,939,1,2627.03,0.0,2627.03,30,1838.921
12074,7066,794,1,2509.16,0.0,2509.16,30,1756.4119999999998
12075,7066,212,1,9813.12,0.0,9813.12,30,6869.184
12076,7067,110,1,118575.77,13685.52,104890.25,10,106718.193
12077,7067,514,1,417.37,13.12,404.25,30,292.159
12078,7067,438,1,4222.79,270.45,3952.34,10,3800.511
12079,7067,672,1,2275.78,272.05,2003.73,0,2275.78
12080,7068,244,1,3669.05,205.09,3463.96,30,2568.335
12081,7069,1020,2,1546.51,319.24,2773.78,0,1546.51
12082,7069,737,1,25069.29,374.51,24694.78,10,22562.361
12083,7069,194,1,2698.45,141.19,2557.26,20,2158.76
12084,7069,1296,1,1446.41,101.88,1344.53,20,1157.1280000000002
12085,7069,386,1,5216.92,410.16,4806.76,30,3651.844
12086,7070,1589,1,103645.76,10434.13,93211.63,0,103645.76
12087,7071,324,1,112608.37,8038.81,104569.56,0,112608.37
12088,7071,278,1,28596.87,1387.03,27209.84,20,22877.496
12089,7072,734,2,43727.49,0.0,87454.98,20,34981.992
12090,7072,388,1,3732.52,0.0,3732.52,20,2986.016
12091,7073,840,2,162782.38,3177.32,322387.44,0,162782.38
12092,7074,622,2,135527.88,11050.53,260005.23,30,94869.516
12093,7075,584,1,2326.41,13.56,2312.85,0,2326.41
12094,7076,379,1,231.54,0.0,231.54,20,185.232
12095,7076,1026,1,16347.09,0.0,16347.09,20,13077.672
12096,7077,1334,1,1811.5,160.8,1650.7,20,1449.2
12097,7078,490,1,119759.19,0.0,119759.19,10,107783.271
12098,7079,1275,1,278.67,6.6,272.07,20,222.93600000000004
12099,7080,787,1,2387.75,192.92,2194.83,30,1671.425
12100,7081,102,1,47452.25,0.0,47452.25,10,42707.025
12101,7081,1041,1,441.29,0.0,441.29,30,308.903
12102,7082,1488,1,62639.65,5590.87,57048.78,0,62639.65
12103,7083,959,1,2008.67,28.57,1980.1,10,1807.803
12104,7083,208,1,7944.3,212.06,7732.24,20,6355.4400000000005
12105,7084,675,1,1350.25,0.0,1350.25,0,1350.25
12106,7084,942,1,913.32,0.0,913.32,30,639.324
12107,7085,1534,1,8395.14,0.0,8395.14,20,6716.112
12108,7086,1174,1,14022.3,1461.24,12561.06,10,12620.07
12109,7086,370,1,659.72,19.48,640.24,30,461.804
12110,7086,1536,1,26543.86,2236.14,24307.72,30,18580.702
12111,7086,580,1,870.31,125.61,744.7,10,783.279
12112,7087,3,1,11616.64,135.45,11481.19,30,8131.647999999999
12113,7088,1240,1,636.21,94.29,541.92,20,508.9680000000001
12114,7089,886,1,293.19,31.9,261.29,30,205.233
12115,7090,757,1,2559.79,282.4,2277.39,10,2303.811
12116,7091,379,1,231.54,0.0,231.54,0,231.54
12117,7091,1106,1,8946.99,0.0,8946.99,20,7157.592000000001
12118,7091,234,2,47459.41,0.0,94918.82,10,42713.469000000005
12119,7092,1589,1,103645.76,6538.5,97107.26,0,103645.76
12120,7092,518,1,2482.37,317.35,2165.02,0,2482.37
12121,7093,612,1,1008.02,0.0,1008.02,10,907.218
12122,7093,155,1,6759.98,0.0,6759.98,10,6083.982
12123,7094,422,1,477.95,0.0,477.95,0,477.95
12124,7094,777,2,1619.93,0.0,3239.86,20,1295.9440000000002
12125,7095,984,1,79210.58,5699.23,73511.35,10,71289.522
12126,7095,433,3,93895.84,37699.99,243987.53,20,75116.672
12127,7096,979,1,4138.39,0.0,4138.39,0,4138.39
12128,7097,102,1,47452.25,0.0,47452.25,20,37961.8
12129,7098,1111,1,92338.19,0.0,92338.19,0,92338.19
12130,7098,928,1,2851.06,0.0,2851.06,0,2851.06
12131,7098,380,1,2644.48,0.0,2644.48,10,2380.032
12132,7098,378,1,8651.16,0.0,8651.16,30,6055.812
12133,7098,1448,1,35381.82,0.0,35381.82,10,31843.638
12134,7099,833,2,3282.57,51.44,6513.7,10,2954.313
12135,7100,128,1,2134.53,13.27,2121.26,0,2134.53
12136,7100,1458,1,3481.03,330.64,3150.39,0,3481.03
12137,7101,340,1,652.5,40.96,611.54,30,456.75
12138,7102,1247,1,90898.31,2410.69,88487.62,30,63628.817
12139,7103,854,1,70830.14,9570.26,61259.88,20,56664.112
12140,7104,201,1,1291.43,0.0,1291.43,30,904.001
12141,7105,635,1,3970.58,75.01,3895.57,30,2779.406
12142,7106,1363,1,3136.2,464.8,2671.4,20,2508.96
12143,7106,782,1,32396.84,1887.06,30509.78,20,25917.472
12144,7107,56,1,174294.31,0.0,174294.31,0,174294.31
12145,7108,787,1,2387.75,0.0,2387.75,20,1910.2
12146,7108,1385,3,22894.15,0.0,68682.45,10,20604.735
12147,7109,1567,2,119671.35,14517.75,224824.95,30,83769.94499999999
12148,7109,564,1,2777.89,370.93,2406.96,20,2222.312
12149,7110,497,1,3615.69,118.61,3497.08,20,2892.552
12150,7111,827,1,1826.44,0.0,1826.44,30,1278.508
12151,7112,872,1,369.78,35.19,334.59,30,258.84599999999995
12152,7113,1140,1,913.89,0.0,913.89,30,639.723
12153,7113,1132,2,3635.19,0.0,7270.38,30,2544.633
12154,7113,130,1,7348.9,0.0,7348.9,20,5879.12
12155,7113,1266,1,60887.16,0.0,60887.16,10,54798.444
12156,7113,426,3,804.21,0.0,2412.63,20,643.368
12157,7114,241,1,1647.81,171.99,1475.82,0,1647.81
12158,7115,834,1,2103.24,60.44,2042.8,30,1472.2679999999998
12159,7115,1035,1,2051.19,74.04,1977.15,0,2051.19
12160,7115,1108,1,145328.64,13079.82,132248.82,10,130795.776
12161,7115,404,1,47358.62,6962.81,40395.81,30,33151.034
12162,7115,554,1,1946.28,4.14,1942.14,0,1946.28
12163,7116,742,1,3902.24,407.22,3495.02,30,2731.568
12164,7116,420,1,39796.63,2492.9,37303.73,10,35816.967
12165,7116,209,1,44783.42,6328.59,38454.83,0,44783.42
12166,7117,439,3,1595.52,436.76,4349.8,10,1435.968
12167,7118,754,1,2211.94,60.31,2151.63,10,1990.746
12168,7119,63,1,58822.41,0.0,58822.41,10,52940.169
12169,7120,1274,1,118948.19,5321.37,113626.82,0,118948.19
12170,7120,753,2,1238.31,247.17,2229.45,20,990.648
12171,7120,358,1,1436.42,44.68,1391.74,0,1436.42
12172,7121,1128,1,2674.52,221.5,2453.02,20,2139.616
12173,7122,401,1,1312.43,0.0,1312.43,10,1181.187
12174,7123,989,1,673.12,0.0,673.12,0,673.12
12175,7123,631,2,1700.48,0.0,3400.96,0,1700.48
12176,7124,920,2,44354.36,12659.08,76049.64,10,39918.924
12177,7125,1215,1,3634.8,66.23,3568.57,0,3634.8
12178,7126,288,1,6762.4,0.0,6762.4,20,5409.92
12179,7127,663,2,4145.53,0.0,8291.06,20,3316.424
12180,7128,558,1,1137.46,152.04,985.42,30,796.222
12181,7129,158,1,2038.97,0.0,2038.97,0,2038.97
12182,7130,172,1,348.87,0.0,348.87,0,348.87
12183,7131,681,1,766.31,0.0,766.31,0,766.31
12184,7132,76,1,14993.91,0.0,14993.91,20,11995.128
12185,7132,694,1,16383.26,0.0,16383.26,10,14744.934
12186,7133,1317,1,2594.28,275.24,2319.04,20,2075.4240000000004
12187,7133,807,3,39492.14,11896.65,106579.77,10,35542.926
12188,7133,589,1,2374.59,242.55,2132.04,30,1662.213
12189,7134,448,1,1698.53,63.26,1635.27,10,1528.677
12190,7134,1334,1,1811.5,237.0,1574.5,30,1268.05
12191,7135,778,1,1267.98,0.0,1267.98,0,1267.98
12192,7135,1226,3,55280.49,0.0,165841.47,10,49752.441
12193,7136,1370,1,62115.24,0.0,62115.24,20,49692.192
12194,7137,355,1,2452.28,296.83,2155.45,20,1961.8240000000003
12195,7138,958,1,1318.24,0.0,1318.24,10,1186.416
12196,7139,1080,1,2562.42,49.89,2512.53,0,2562.42
12197,7140,402,1,1513.62,0.0,1513.62,30,1059.534
12198,7140,1415,1,36353.29,0.0,36353.29,0,36353.29
12199,7141,89,2,700.33,0.0,1400.66,0,700.33
12200,7142,509,1,131134.7,3706.6,127428.1,0,131134.7
12201,7142,871,1,2192.25,83.38,2108.87,20,1753.8000000000002
12202,7143,40,1,29011.05,1588.23,27422.82,20,23208.84
12203,7144,157,1,39923.68,1670.61,38253.07,0,39923.68
12204,7145,242,1,1239.27,44.4,1194.87,0,1239.27
12205,7145,1145,2,539.28,40.64,1037.92,30,377.496
12206,7146,1587,1,67506.72,6325.92,61180.8,0,67506.72
12207,7146,905,1,7124.42,629.55,6494.87,30,4987.094
12208,7147,616,1,120778.74,5641.48,115137.26,20,96622.992
12209,7147,399,1,2809.7,0.03,2809.67,10,2528.73
12210,7147,188,2,43239.04,2003.28,84474.8,20,34591.232
12211,7147,279,3,41417.49,2679.18,121573.29,0,41417.49
12212,7147,382,1,65460.34,8452.42,57007.92,30,45822.238
12213,7148,989,1,673.12,29.85,643.27,30,471.184
12214,7148,30,1,2584.77,209.68,2375.09,30,1809.339
12215,7149,931,1,2958.87,179.18,2779.69,0,2958.87
12216,7149,1527,1,6369.71,381.69,5988.02,30,4458.797
12217,7150,873,1,1037.71,0.0,1037.71,20,830.1680000000001
12218,7150,99,1,2052.78,0.0,2052.78,10,1847.502
12219,7151,1014,1,1806.34,0.0,1806.34,0,1806.34
12220,7152,1290,1,485.49,5.31,480.18,0,485.49
12221,7152,134,1,11908.53,1159.97,10748.56,10,10717.677
12222,7153,394,2,2706.99,160.2,5253.78,0,2706.99
12223,7154,1143,1,761.45,56.59,704.86,0,761.45
12224,7154,1099,1,28507.26,639.25,27868.01,10,25656.534
12225,7154,1235,1,553.98,76.8,477.18,0,553.98
12226,7155,947,1,3401.84,0.0,3401.84,0,3401.84
12227,7155,675,1,1350.25,0.0,1350.25,30,945.175
12228,7155,678,1,2482.88,0.0,2482.88,0,2482.88
12229,7156,861,1,36518.21,3513.19,33005.02,0,36518.21
12230,7157,1123,1,3390.11,0.0,3390.11,20,2712.088
12231,7157,828,2,957.7,0.0,1915.4,10,861.9300000000001
12232,7158,48,1,29841.27,4133.34,25707.93,30,20888.889
12233,7159,568,1,163028.84,15123.44,147905.4,0,163028.84
12234,7159,825,1,25418.66,1438.88,23979.78,20,20334.928
12235,7159,757,1,2559.79,88.88,2470.91,10,2303.811
12236,7159,1535,1,4110.59,98.5,4012.09,0,4110.59
12237,7159,1038,1,2419.9,43.48,2376.42,10,2177.9100000000003
12238,7160,278,1,28596.87,2451.79,26145.08,0,28596.87
12239,7161,1495,1,92165.84,0.0,92165.84,20,73732.672
12240,7162,255,1,109573.83,9635.69,99938.14,30,76701.681
12241,7163,583,1,129245.7,11772.62,117473.08,20,103396.56
12242,7164,225,1,1280.27,0.0,1280.27,20,1024.216
12243,7164,241,1,1647.81,0.0,1647.81,10,1483.029
12244,7165,959,1,2008.67,238.08,1770.59,10,1807.803
12245,7166,1166,1,2881.52,169.59,2711.93,10,2593.368
12246,7166,811,1,1385.81,131.94,1253.87,10,1247.229
12247,7167,1161,1,165567.2,0.0,165567.2,10,149010.48
12248,7168,895,1,2219.6,167.37,2052.23,0,2219.6
12249,7169,1326,1,1936.13,0.0,1936.13,30,1355.291
12250,7170,1137,1,1817.59,250.51,1567.08,30,1272.313
12251,7171,998,1,2566.35,90.86,2475.49,20,2053.08
12252,7172,591,1,1912.99,0.0,1912.99,10,1721.691
12253,7173,1199,1,1211.39,172.54,1038.85,10,1090.2510000000002
12254,7173,305,1,3492.14,51.4,3440.74,20,2793.712
12255,7174,671,1,24780.62,0.0,24780.62,10,22302.558
12256,7175,750,2,4599.92,0.0,9199.84,20,3679.936
12257,7176,777,1,1619.93,26.54,1593.39,10,1457.937
12258,7177,270,1,3203.45,140.63,3062.82,30,2242.4149999999995
12259,7178,13,3,3885.29,0.0,11655.87,20,3108.232
12260,7179,1456,1,63693.01,9225.57,54467.44,10,57323.709
12261,7180,356,1,5467.85,0.0,5467.85,0,5467.85
12262,7181,681,1,766.31,94.24,672.07,30,536.4169999999999
12263,7181,897,1,1844.43,183.99,1660.44,20,1475.544
12264,7181,1346,1,3515.07,341.49,3173.58,0,3515.07
12265,7181,1363,1,3136.2,391.98,2744.22,10,2822.58
12266,7182,988,1,2273.35,0.0,2273.35,0,2273.35
12267,7182,465,1,3059.86,0.0,3059.86,10,2753.8740000000003
12268,7183,233,3,2640.21,941.82,6978.81,30,1848.147
12269,7184,1386,1,932.68,127.26,805.42,30,652.876
12270,7185,1269,1,2326.75,0.0,2326.75,30,1628.725
12271,7185,798,2,3718.85,0.0,7437.7,0,3718.85
12272,7186,26,1,4152.23,128.72,4023.51,30,2906.561
12273,7187,755,2,118973.39,19803.38,218143.4,10,107076.051
12274,7188,810,1,26333.87,0.0,26333.87,30,18433.709
12275,7188,469,2,1668.67,0.0,3337.34,0,1668.67
12276,7188,850,1,2717.09,0.0,2717.09,10,2445.3810000000003
12277,7188,943,1,1254.75,0.0,1254.75,30,878.3249999999999
12278,7189,546,1,90167.22,0.0,90167.22,0,90167.22
12279,7189,137,2,1739.85,0.0,3479.7,0,1739.85
12280,7190,194,1,2698.45,145.48,2552.97,10,2428.605
12281,7191,734,1,43727.49,4607.47,39120.02,30,30609.242999999995
12282,7192,493,1,3440.64,423.22,3017.42,30,2408.448
12283,7193,684,1,2183.03,0.0,2183.03,0,2183.03
12284,7194,588,1,2898.84,143.31,2755.53,10,2608.956
12285,7195,1477,2,1834.8,255.19,3414.41,20,1467.84
12286,7195,309,1,47983.47,2699.34,45284.13,20,38386.776000000005
12287,7195,227,1,54300.88,1411.53,52889.35,10,48870.792
12288,7195,953,1,1650.81,91.34,1559.47,10,1485.729
12289,7195,459,1,2056.03,12.2,2043.83,10,1850.427
12290,7196,473,2,2980.81,537.43,5424.19,20,2384.648
12291,7196,129,1,879.21,112.76,766.45,30,615.447
12292,7197,213,1,25465.76,1591.22,23874.54,0,25465.76
12293,7197,66,3,2441.02,405.16,6917.9,20,1952.816
12294,7197,1579,2,2698.3,581.03,4815.57,10,2428.4700000000003
12295,7198,75,1,8157.48,0.0,8157.48,0,8157.48
12296,7198,1420,1,1349.54,0.0,1349.54,10,1214.586
12297,7199,441,2,3621.08,0.0,7242.16,10,3258.972
12298,7200,774,3,91105.66,3146.69,270170.29,0,91105.66
12299,7201,1158,1,973.98,95.72,878.26,30,681.786
12300,7201,599,1,119654.07,7275.85,112378.22,20,95723.256
12301,7202,1312,2,45576.24,9502.42,81650.06,0,45576.24
12302,7203,790,1,88440.69,11537.2,76903.49,20,70752.55200000001
12303,7204,580,3,870.31,0.0,2610.93,0,870.31
12304,7204,1552,1,34238.79,0.0,34238.79,0,34238.79
12305,7205,552,3,2589.95,0.0,7769.85,20,2071.96
12306,7206,9,2,36017.37,0.0,72034.74,30,25212.159
12307,7206,1458,1,3481.03,0.0,3481.03,20,2784.8240000000005
12308,7206,1030,2,4144.31,0.0,8288.62,10,3729.879
12309,7207,1569,2,109637.89,14614.62,204661.16,10,98674.101
12310,7207,957,1,20246.89,883.13,19363.76,0,20246.89
12311,7208,573,1,2677.84,229.66,2448.18,20,2142.2720000000004
12312,7209,814,3,1391.2,616.15,3557.45,20,1112.96
12313,7210,969,3,72166.51,0.0,216499.53,0,72166.51
12314,7211,1238,1,916.17,26.35,889.82,20,732.936
12315,7212,1144,1,1149.43,137.16,1012.27,20,919.544
12316,7213,642,1,42255.27,0.0,42255.27,10,38029.743
12317,7214,174,2,30123.15,1571.97,58674.33,20,24098.520000000004
12318,7214,1394,1,2331.14,38.02,2293.12,10,2098.026
12319,7215,158,1,2038.97,296.2,1742.77,20,1631.1760000000002
12320,7216,774,1,91105.66,0.0,91105.66,20,72884.528
12321,7217,563,1,2298.67,0.0,2298.67,30,1609.069
12322,7218,1493,1,625.05,0.0,625.05,30,437.535
12323,7219,1082,2,3419.64,1002.2,5837.08,0,3419.64
12324,7220,9,2,36017.37,0.0,72034.74,0,36017.37
12325,7221,477,1,1565.23,100.58,1464.65,10,1408.707
12326,7222,290,3,32947.49,0.0,98842.47,10,29652.741
12327,7223,644,1,2644.87,0.0,2644.87,0,2644.87
12328,7224,372,1,174277.93,0.0,174277.93,10,156850.137
12329,7224,358,1,1436.42,0.0,1436.42,30,1005.494
12330,7225,62,3,1751.48,0.0,5254.44,30,1226.0359999999998
12331,7225,1575,1,1239.06,0.0,1239.06,0,1239.06
12332,7226,1346,1,3515.07,0.0,3515.07,0,3515.07
12333,7227,1327,1,26530.9,0.0,26530.9,30,18571.63
12334,7228,53,1,2531.12,308.34,2222.78,20,2024.896
12335,7229,223,2,986.9,0.0,1973.8,0,986.9
12336,7229,895,1,2219.6,0.0,2219.6,10,1997.64
12337,7230,674,2,2535.97,0.0,5071.94,0,2535.97
12338,7231,590,1,19908.38,1850.76,18057.62,20,15926.704000000002
12339,7232,401,2,1312.43,376.64,2248.22,10,1181.187
12340,7233,304,1,2314.39,339.09,1975.3,30,1620.073
12341,7234,732,1,29208.99,1662.76,27546.23,20,23367.192000000003
12342,7234,414,1,6207.38,812.35,5395.03,30,4345.166
12343,7234,843,1,1184.98,138.25,1046.73,0,1184.98
12344,7234,32,1,37169.45,3331.17,33838.28,20,29735.56
12345,7235,1412,1,4726.92,162.35,4564.57,0,4726.92
12346,7236,1350,1,1796.88,0.0,1796.88,20,1437.504
12347,7236,620,1,172365.66,0.0,172365.66,0,172365.66
12348,7237,1098,1,48652.71,4504.3,44148.41,30,34056.897
12349,7238,435,2,1009.65,160.29,1859.01,20,807.72
12350,7238,539,1,3567.48,62.57,3504.91,30,2497.236
12351,7238,520,3,4941.54,1559.25,13265.37,30,3459.078
12352,7239,999,2,3833.28,274.17,7392.39,30,2683.296
12353,7240,303,1,3839.35,0.0,3839.35,30,2687.545
12354,7241,65,1,1669.44,207.68,1461.76,0,1669.44
12355,7241,1092,1,48077.53,1763.84,46313.69,10,43269.777
12356,7241,668,1,734.86,69.54,665.32,20,587.888
12357,7242,1242,1,120746.52,0.0,120746.52,0,120746.52
12358,7243,426,1,804.21,0.0,804.21,0,804.21
12359,7244,1592,1,91342.6,3454.68,87887.92,0,91342.6
12360,7244,62,1,1751.48,159.47,1592.01,10,1576.332
12361,7245,291,1,21975.24,0.0,21975.24,20,17580.192000000003
12362,7246,526,3,69280.39,0.0,207841.17,10,62352.351
12363,7246,158,1,2038.97,0.0,2038.97,30,1427.279
12364,7247,296,1,13792.96,1090.5,12702.46,0,13792.96
12365,7247,1362,1,288.96,35.15,253.81,0,288.96
12366,7248,233,1,2640.21,187.74,2452.47,20,2112.168
12367,7249,921,1,158189.7,13732.82,144456.88,0,158189.7
12368,7249,169,2,6619.4,634.4,12604.4,10,5957.46
12369,7249,850,1,2717.09,123.97,2593.12,0,2717.09
12370,7249,938,1,9347.84,1146.24,8201.6,30,6543.487999999999
12371,7250,900,2,1911.43,487.84,3335.02,20,1529.1440000000002
12372,7250,544,1,28257.91,182.54,28075.37,0,28257.91
12373,7250,1596,1,4337.02,561.2,3775.82,20,3469.6160000000004
12374,7250,1181,1,3639.55,36.98,3602.57,10,3275.5950000000003
12375,7250,1015,3,2376.2,706.12,6422.48,0,2376.2
12376,7251,541,1,43654.41,5034.9,38619.51,10,39288.969000000005
12377,7252,741,1,2631.03,228.79,2402.24,10,2367.927
12378,7253,1192,2,70917.05,0.0,141834.1,0,70917.05
12379,7254,934,1,3198.99,67.07,3131.92,20,2559.192
12380,7255,1393,1,36343.46,0.0,36343.46,30,25440.422
12381,7256,596,2,1371.16,0.0,2742.32,10,1234.044
12382,7257,1532,3,52783.97,15576.57,142775.34,20,42227.17600000001
12383,7257,649,1,975.94,46.63,929.31,30,683.158
12384,7258,1520,1,2002.68,9.62,1993.06,0,2002.68
12385,7258,1452,3,71498.52,4154.59,210340.97,10,64348.668000000005
12386,7258,1227,1,2155.48,183.37,1972.11,10,1939.932
12387,7258,220,1,3360.14,454.77,2905.37,10,3024.126
12388,7258,13,1,3885.29,319.06,3566.23,20,3108.232
12389,7259,586,1,1501.47,39.4,1462.07,30,1051.029
12390,7260,270,1,3203.45,243.28,2960.17,10,2883.105
12391,7261,237,1,1747.18,249.44,1497.74,0,1747.18
12392,7261,1003,1,3138.55,190.98,2947.57,10,2824.695
12393,7262,1495,2,92165.84,17076.17,167255.51,30,64516.088
12394,7263,86,2,3175.74,56.37,6295.11,10,2858.166
12395,7263,17,1,526.33,45.43,480.9,20,421.0640000000001
12396,7264,1422,1,1818.34,0.0,1818.34,30,1272.838
12397,7265,70,2,2559.4,713.56,4405.24,10,2303.46
12398,7266,1175,1,1647.24,83.43,1563.81,30,1153.068
12399,7266,1401,1,3069.45,440.5,2628.95,0,3069.45
12400,7267,882,2,151.22,24.16,278.28,30,105.854
12401,7267,1233,2,3456.57,991.56,5921.58,30,2419.599
12402,7267,3,1,11616.64,1146.84,10469.8,30,8131.647999999999
12403,7267,1596,1,4337.02,239.17,4097.85,0,4337.02
12404,7268,347,1,38655.66,422.9,38232.76,10,34790.094000000005
12405,7269,955,1,3121.71,161.07,2960.64,20,2497.3680000000004
12406,7270,1167,1,3045.6,0.0,3045.6,20,2436.48
12407,7270,302,2,16886.71,0.0,33773.42,30,11820.696999999998
12408,7271,392,2,3400.93,883.97,5917.89,10,3060.837
12409,7272,1582,1,1221.76,44.77,1176.99,20,977.408
12410,7273,979,1,4138.39,0.0,4138.39,30,2896.873
12411,7274,699,1,3048.78,366.51,2682.27,0,3048.78
12412,7275,823,1,24569.14,0.0,24569.14,10,22112.226
12413,7276,1053,1,24845.69,3.67,24842.02,30,17391.982999999997
12414,7276,1060,1,2050.27,195.12,1855.15,30,1435.189
12415,7276,474,1,2113.22,238.04,1875.18,20,1690.576
12416,7277,1466,2,536.2,0.0,1072.4,10,482.58
12417,7278,556,1,959.6,138.34,821.26,10,863.64
12418,7279,1347,1,1641.29,207.82,1433.47,30,1148.9029999999998
12419,7279,798,1,3718.85,74.81,3644.04,0,3718.85
12420,7280,669,1,22639.24,1770.36,20868.88,10,20375.316000000003
12421,7281,1072,1,40911.57,4437.77,36473.8,0,40911.57
12422,7281,89,2,700.33,37.66,1363.0,30,490.231
12423,7282,445,1,550.01,0.0,550.01,30,385.007
12424,7283,822,2,28372.98,4591.0,52154.96,30,19861.086
12425,7284,845,1,746.19,106.3,639.89,30,522.333
12426,7284,1517,1,3093.55,148.04,2945.51,20,2474.84
12427,7284,117,1,19742.72,785.68,18957.04,30,13819.904
12428,7284,8,1,822.97,61.99,760.98,10,740.673
12429,7284,1203,2,3371.04,215.16,6526.92,0,3371.04
12430,7285,687,1,1968.64,12.74,1955.9,20,1574.9120000000005
12431,7286,300,1,180650.08,1314.89,179335.19,20,144520.06399999998
12432,7287,883,1,5242.7,0.0,5242.7,20,4194.16
12433,7287,475,1,1480.29,0.0,1480.29,10,1332.261
12434,7288,20,3,21536.92,0.0,64610.76,0,21536.92
12435,7288,1367,2,1115.97,0.0,2231.94,10,1004.373
12436,7288,1505,1,43480.18,0.0,43480.18,20,34784.144
12437,7288,1341,1,36074.93,0.0,36074.93,20,28859.944000000003
12438,7289,643,1,3058.33,0.0,3058.33,30,2140.831
12439,7289,270,1,3203.45,0.0,3203.45,30,2242.4149999999995
12440,7290,1019,1,321.92,0.0,321.92,10,289.728
12441,7290,1592,1,91342.6,0.0,91342.6,10,82208.34000000001
12442,7291,1524,1,4935.26,345.1,4590.16,0,4935.26
12443,7292,314,2,1524.32,0.0,3048.64,0,1524.32
12444,7293,711,1,26621.13,0.0,26621.13,0,26621.13
12445,7294,654,2,1894.03,382.13,3405.93,20,1515.2240000000002
12446,7294,799,1,45775.71,4262.65,41513.06,30,32042.997
12447,7295,1228,2,8753.11,0.0,17506.22,10,7877.799000000001
12448,7296,978,1,2725.86,0.0,2725.86,0,2725.86
12449,7297,655,1,1461.36,0.0,1461.36,10,1315.224
12450,7297,176,1,95686.66,0.0,95686.66,10,86117.994
12451,7298,35,1,1495.14,194.49,1300.65,10,1345.6260000000002
12452,7299,1396,1,4528.45,0.0,4528.45,0,4528.45
12453,7299,315,2,29996.05,0.0,59992.1,10,26996.445
12454,7300,1186,1,2233.01,50.25,2182.76,10,2009.7090000000003
12455,7300,811,1,1385.81,15.67,1370.14,20,1108.648
12456,7300,439,1,1595.52,93.5,1502.02,10,1435.968
12457,7300,1301,1,4881.31,525.5,4355.81,0,4881.31
12458,7300,338,1,991.94,37.78,954.16,0,991.94
12459,7301,1497,1,9582.92,313.26,9269.66,0,9582.92
12460,7301,247,1,2539.27,5.05,2534.22,20,2031.416
12461,7302,599,1,119654.07,0.0,119654.07,30,83757.849
12462,7303,1438,1,1797.41,161.74,1635.67,0,1797.41
12463,7303,8,2,822.97,49.38,1596.56,30,576.079
12464,7304,957,1,20246.89,0.0,20246.89,0,20246.89
12465,7304,277,1,2384.34,0.0,2384.34,20,1907.472
12466,7305,282,1,2944.8,42.63,2902.17,10,2650.32
12467,7305,1329,1,2430.96,290.54,2140.42,10,2187.864
12468,7306,939,2,2627.03,318.54,4935.52,10,2364.327
12469,7306,1546,1,5167.64,768.72,4398.92,30,3617.348
12470,7306,406,1,4920.1,647.43,4272.67,30,3444.07
12471,7307,1103,1,55216.49,3985.71,51230.78,0,55216.49
12472,7308,1054,1,1342.53,0.0,1342.53,30,939.771
12473,7309,614,1,1468.78,0.0,1468.78,30,1028.146
12474,7310,597,1,2650.0,66.11,2583.89,30,1855.0
12475,7311,1332,1,29617.39,4321.71,25295.68,20,23693.912
12476,7312,26,1,4152.23,0.0,4152.23,20,3321.784
12477,7313,1237,1,94515.4,11668.95,82846.45,10,85063.86
12478,7313,999,1,3833.28,46.39,3786.89,10,3449.952
12479,7314,551,2,2682.04,133.46,5230.62,0,2682.04
12480,7314,1226,1,55280.49,3503.67,51776.82,20,44224.392
12481,7315,1267,1,2049.76,0.0,2049.76,10,1844.7840000000003
12482,7316,715,1,114670.41,0.0,114670.41,0,114670.41
12483,7317,1321,2,10565.62,1476.34,19654.9,20,8452.496000000001
12484,7317,1047,1,1308.14,7.31,1300.83,20,1046.5120000000002
12485,7318,1526,2,111921.52,0.0,223843.04,10,100729.368
12486,7319,584,1,2326.41,8.32,2318.09,20,1861.128
12487,7320,1382,2,42827.29,3920.66,81733.92,20,34261.832
12488,7320,1275,1,278.67,25.01,253.66,0,278.67
12489,7320,56,1,174294.31,8184.81,166109.5,0,174294.31
12490,7321,1444,1,1761.67,39.58,1722.09,30,1233.169
12491,7321,839,2,289.42,40.49,538.35,0,289.42
12492,7322,460,2,25787.51,1672.41,49902.61,20,20630.008
12493,7323,1034,1,32492.4,3396.59,29095.81,0,32492.4
12494,7324,430,1,2897.39,161.68,2735.71,0,2897.39
12495,7325,813,1,46231.71,2449.8,43781.91,10,41608.539
12496,7326,62,1,1751.48,0.0,1751.48,30,1226.0359999999998
12497,7326,1172,1,3297.12,0.0,3297.12,30,2307.984
12498,7326,1514,1,411.96,0.0,411.96,10,370.764
12499,7327,832,2,422.4,51.6,793.2,20,337.92
12500,7328,1176,2,70122.26,14094.53,126149.99,10,63110.034
12501,7328,917,2,974.63,68.84,1880.42,0,974.63
12502,7329,1370,1,62115.24,0.0,62115.24,10,55903.716
12503,7329,1543,1,3269.88,0.0,3269.88,20,2615.9040000000005
12504,7330,531,1,58790.28,290.02,58500.26,0,58790.28
12505,7330,194,1,2698.45,218.28,2480.17,30,1888.915
12506,7331,362,1,122309.51,13627.12,108682.39,20,97847.608
12507,7331,416,2,2498.44,241.37,4755.51,10,2248.596
12508,7332,263,1,4480.11,0.0,4480.11,30,3136.077
12509,7332,1494,1,18167.06,0.0,18167.06,30,12716.942
12510,7332,1043,1,1164.22,0.0,1164.22,30,814.954
12511,7332,857,1,119370.94,0.0,119370.94,20,95496.752
12512,7333,978,1,2725.86,246.3,2479.56,10,2453.2740000000003
12513,7334,40,1,29011.05,0.0,29011.05,0,29011.05
12514,7334,516,1,27901.07,0.0,27901.07,30,19530.749
12515,7334,288,1,6762.4,0.0,6762.4,20,5409.92
12516,7335,1126,1,44621.09,0.0,44621.09,30,31234.762999999995
12517,7335,419,1,4089.03,0.0,4089.03,0,4089.03
12518,7336,709,1,2013.15,98.33,1914.82,0,2013.15
12519,7337,43,1,6086.88,530.07,5556.81,20,4869.504
12520,7338,128,1,2134.53,124.23,2010.3,20,1707.6240000000005
12521,7339,329,1,110700.38,2358.51,108341.87,30,77490.266
12522,7340,1358,1,5886.45,81.58,5804.87,20,4709.16
12523,7341,965,1,1353.94,184.44,1169.5,10,1218.546
12524,7342,81,1,1588.45,0.0,1588.45,0,1588.45
12525,7343,1478,1,730.4,9.52,720.88,10,657.36
12526,7343,554,1,1946.28,57.44,1888.84,20,1557.024
12527,7343,1391,2,4780.43,1251.53,8309.33,10,4302.387000000001
12528,7344,12,1,13993.18,0.0,13993.18,30,9795.226
12529,7344,947,1,3401.84,0.0,3401.84,20,2721.472
12530,7345,808,3,124999.97,12109.13,362890.78,0,124999.97
12531,7346,1537,1,5378.14,636.56,4741.58,30,3764.698
12532,7346,1073,1,959.8,143.92,815.88,20,767.84
12533,7346,836,1,2325.57,85.12,2240.45,30,1627.899
12534,7347,1166,1,2881.52,379.13,2502.39,10,2593.368
12535,7347,53,3,2531.12,146.01,7447.35,20,2024.896
12536,7347,277,1,2384.34,17.01,2367.33,0,2384.34
12537,7348,1261,1,516.29,0.0,516.29,10,464.661
12538,7348,1493,2,625.05,0.0,1250.1,0,625.05
12539,7349,1420,1,1349.54,165.49,1184.05,10,1214.586
12540,7350,1300,1,1951.79,0.0,1951.79,0,1951.79
12541,7351,736,1,784.34,60.2,724.14,0,784.34
12542,7351,993,1,17976.7,1061.88,16914.82,10,16179.03
12543,7352,161,1,1230.1,0.0,1230.1,10,1107.09
12544,7353,69,1,2387.51,45.56,2341.95,30,1671.257
12545,7354,1490,1,516.42,48.03,468.39,0,516.42
12546,7355,223,1,986.9,43.71,943.19,30,690.8299999999999
12547,7356,220,1,3360.14,0.0,3360.14,0,3360.14
12548,7357,541,1,43654.41,0.0,43654.41,20,34923.528000000006
12549,7358,370,1,659.72,0.0,659.72,30,461.804
12550,7358,1394,2,2331.14,0.0,4662.28,20,1864.912
12551,7359,1112,1,143069.74,0.0,143069.74,20,114455.792
12552,7359,1399,2,626.11,0.0,1252.22,30,438.277
12553,7359,1242,3,120746.52,0.0,362239.56,10,108671.868
12554,7359,44,1,35028.51,0.0,35028.51,10,31525.659000000003
12555,7360,792,1,3233.42,247.38,2986.04,10,2910.078
12556,7361,283,1,4572.45,0.0,4572.45,30,3200.715
12557,7362,147,1,3458.77,220.32,3238.45,30,2421.139
12558,7362,1552,1,34238.79,3077.45,31161.34,20,27391.032000000003
12559,7363,68,1,41483.94,4133.2,37350.74,30,29038.758
12560,7364,1116,1,9372.19,0.0,9372.19,0,9372.19
12561,7365,157,1,39923.68,0.0,39923.68,20,31938.944000000003
12562,7365,1229,1,32064.71,0.0,32064.71,30,22445.297
12563,7366,373,1,2258.78,261.96,1996.82,20,1807.0240000000003
12564,7366,813,1,46231.71,5151.74,41079.97,30,32362.197
12565,7367,1322,1,21785.34,0.0,21785.34,20,17428.272
12566,7368,1057,1,1611.27,27.19,1584.08,30,1127.889
12567,7369,1434,1,758.95,77.74,681.21,0,758.95
12568,7370,1478,2,730.4,0.0,1460.8,30,511.28
12569,7371,1444,1,1761.67,0.0,1761.67,20,1409.3360000000002
12570,7372,1427,2,1223.85,167.33,2280.37,0,1223.85
12571,7373,735,1,70211.49,0.0,70211.49,0,70211.49
12572,7374,63,1,58822.41,0.0,58822.41,20,47057.92800000001
12573,7375,1098,1,48652.71,0.0,48652.71,10,43787.439
12574,7376,26,1,4152.23,140.19,4012.04,30,2906.561
12575,7376,359,1,35865.56,2555.68,33309.88,0,35865.56
12576,7377,940,1,35187.89,4165.64,31022.25,10,31669.101
12577,7378,238,1,1757.87,127.21,1630.66,30,1230.5089999999998
12578,7379,866,1,28151.71,0.0,28151.71,10,25336.539
12579,7379,306,1,223.24,0.0,223.24,10,200.91600000000005
12580,7380,1275,1,278.67,10.03,268.64,30,195.069
12581,7381,455,1,133508.92,0.0,133508.92,10,120158.02800000002
12582,7382,1174,1,14022.3,20.08,14002.22,20,11217.84
12583,7383,1196,1,4357.76,238.47,4119.29,20,3486.2080000000005
12584,7384,881,1,3117.76,135.75,2982.01,30,2182.432
12585,7385,1149,2,99668.46,23681.8,175655.12,0,99668.46
12586,7385,680,1,237.17,8.03,229.14,0,237.17
12587,7386,1542,2,1880.53,358.5,3402.56,10,1692.477
12588,7386,235,1,1536.81,6.92,1529.89,10,1383.129
12589,7387,1278,1,110118.08,0.0,110118.08,10,99106.272
12590,7388,172,1,348.87,0.0,348.87,30,244.209
12591,7389,813,1,46231.71,4214.99,42016.72,20,36985.368
12592,7390,15,2,1095.25,254.56,1935.94,10,985.725
12593,7391,138,1,350.95,0.0,350.95,20,280.76
12594,7392,643,1,3058.33,0.0,3058.33,10,2752.497
12595,7392,1162,1,5062.81,0.0,5062.81,10,4556.529
12596,7392,787,3,2387.75,0.0,7163.25,10,2148.975
12597,7392,1132,1,3635.19,0.0,3635.19,10,3271.6710000000003
12598,7392,472,1,46739.78,0.0,46739.78,10,42065.802
12599,7393,921,1,158189.7,9224.81,148964.89,20,126551.76
12600,7393,1530,1,2958.0,54.54,2903.46,10,2662.2000000000003
12601,7394,1343,2,1805.81,399.62,3212.0,0,1805.81
12602,7394,644,1,2644.87,229.77,2415.1,0,2644.87
12603,7395,1244,3,3810.15,1380.98,10049.47,30,2667.105
12604,7396,186,2,118273.99,1629.25,234918.73,20,94619.192
12605,7397,671,1,24780.62,0.0,24780.62,10,22302.558
12606,7397,492,1,705.8,0.0,705.8,10,635.22
12607,7398,1293,2,1046.89,0.0,2093.78,0,1046.89
12608,7399,1059,1,3113.14,0.0,3113.14,30,2179.198
12609,7399,32,1,37169.45,0.0,37169.45,10,33452.505
12610,7399,720,1,342.29,0.0,342.29,30,239.603
12611,7399,190,1,3339.03,0.0,3339.03,20,2671.224
12612,7400,1171,1,14343.47,944.14,13399.33,20,11474.776
12613,7401,798,1,3718.85,64.09,3654.76,10,3346.965
12614,7402,136,1,646.44,0.0,646.44,10,581.796
12615,7403,942,1,913.32,4.37,908.95,10,821.988
12616,7404,1055,1,61678.24,8193.88,53484.36,30,43174.768
12617,7405,349,3,1459.37,0.0,4378.11,10,1313.433
12618,7405,956,1,2547.65,0.0,2547.65,0,2547.65
12619,7406,211,3,1481.21,0.0,4443.63,10,1333.0890000000002
12620,7407,826,1,1971.53,0.0,1971.53,30,1380.071
12621,7407,732,1,29208.99,0.0,29208.99,30,20446.293
12622,7408,150,1,43135.57,493.21,42642.36,10,38822.013
12623,7409,436,1,147796.0,20544.3,127251.7,10,133016.4
12624,7409,138,1,350.95,36.28,314.67,20,280.76
12625,7410,1145,1,539.28,76.3,462.98,10,485.352
12626,7411,930,3,225.23,13.35,662.34,0,225.23
12627,7412,184,1,392.62,46.33,346.29,10,353.358
12628,7413,512,1,741.25,88.54,652.71,10,667.125
12629,7413,728,1,36071.09,979.98,35091.11,20,28856.872
12630,7414,652,1,40194.62,1663.88,38530.74,20,32155.696000000004
12631,7414,176,1,95686.66,2406.16,93280.5,10,86117.994
12632,7415,1592,2,91342.6,2304.36,180380.84,20,73074.08
12633,7416,932,1,66425.97,4943.66,61482.31,30,46498.179
12634,7416,768,1,50561.03,5625.44,44935.59,30,35392.721
12635,7417,1589,1,103645.76,0.0,103645.76,10,93281.184
12636,7418,1016,1,36631.13,0.0,36631.13,0,36631.13
12637,7418,185,2,987.57,0.0,1975.14,0,987.57
12638,7419,1341,1,36074.93,1217.04,34857.89,10,32467.437
12639,7419,1599,1,4254.12,277.9,3976.22,10,3828.708
12640,7420,980,1,1563.36,95.24,1468.12,20,1250.688
12641,7421,1510,1,5438.97,0.0,5438.97,20,4351.176
12642,7422,930,2,225.23,63.06,387.4,0,225.23
12643,7422,1565,2,3314.16,2.84,6625.48,10,2982.744
12644,7423,913,1,1299.34,132.74,1166.6,0,1299.34
12645,7424,623,1,4342.57,482.3,3860.27,0,4342.57
12646,7425,768,1,50561.03,7263.78,43297.25,20,40448.824
12647,7426,1130,3,96459.24,25687.11,263690.61,10,86813.316
12648,7426,1100,1,7209.62,508.84,6700.78,0,7209.62
12649,7426,1473,1,1456.73,42.23,1414.5,0,1456.73
12650,7426,908,1,3981.14,439.79,3541.35,30,2786.798
12651,7426,1056,2,2409.82,175.41,4644.23,10,2168.838
12652,7427,882,1,151.22,11.0,140.22,0,151.22
12653,7428,247,1,2539.27,0.0,2539.27,30,1777.4889999999998
12654,7429,1414,2,605.84,53.34,1158.34,20,484.672
12655,7429,32,1,37169.45,3263.09,33906.36,10,33452.505
12656,7430,920,1,44354.36,0.0,44354.36,20,35483.488000000005
12657,7431,490,1,119759.19,14995.35,104763.84,10,107783.271
12658,7432,1510,1,5438.97,191.01,5247.96,20,4351.176
12659,7433,345,1,1234.99,119.01,1115.98,30,864.4929999999999
12660,7433,1105,2,14005.91,1358.78,26653.04,10,12605.319
12661,7434,229,2,3924.91,305.53,7544.29,10,3532.419
12662,7434,991,1,6557.76,373.32,6184.44,0,6557.76
12663,7434,1125,1,38562.36,3287.58,35274.78,10,34706.124
12664,7434,324,1,112608.37,6091.29,106517.08,30,78825.859
12665,7434,524,1,37908.59,760.75,37147.84,10,34117.731
12666,7435,833,1,3282.57,378.39,2904.18,20,2626.0560000000005
12667,7435,83,1,67349.49,8041.62,59307.87,10,60614.541000000005
12668,7436,957,2,20246.89,3750.17,36743.61,30,14172.823
12669,7436,330,1,4170.82,180.09,3990.73,10,3753.738
12670,7437,94,2,43997.06,7000.31,80993.81,0,43997.06
12671,7438,1214,2,84155.3,1200.72,167109.88,10,75739.77
12672,7438,1206,1,2044.94,287.74,1757.2,10,1840.446
12673,7439,677,1,1113.35,0.0,1113.35,20,890.68
12674,7439,960,1,1955.05,0.0,1955.05,0,1955.05
12675,7440,34,1,3014.06,26.64,2987.42,30,2109.842
12676,7441,510,2,2532.26,417.16,4647.36,0,2532.26
12677,7441,703,2,2132.29,305.42,3959.16,20,1705.832
12678,7442,939,2,2627.03,287.32,4966.74,0,2627.03
12679,7443,262,2,2826.04,679.27,4972.81,0,2826.04
12680,7444,1521,2,2652.67,287.6,5017.74,20,2122.136
12681,7444,868,1,2801.32,178.6,2622.72,30,1960.924
12682,7445,493,3,3440.64,143.1,10178.82,0,3440.64
12683,7446,140,1,2580.55,0.0,2580.55,0,2580.55
12684,7447,1453,1,35984.99,0.0,35984.99,10,32386.491
12685,7447,4,1,121078.87,0.0,121078.87,20,96863.096
12686,7448,105,2,172880.36,8731.55,337029.17,10,155592.324
12687,7449,112,1,86793.43,0.0,86793.43,0,86793.43
12688,7450,40,1,29011.05,2798.09,26212.96,20,23208.84
12689,7451,741,1,2631.03,0.0,2631.03,30,1841.721
12690,7451,1276,1,5685.06,0.0,5685.06,0,5685.06
12691,7451,1049,1,26000.8,0.0,26000.8,10,23400.72
12692,7451,1347,1,1641.29,0.0,1641.29,10,1477.161
12693,7452,384,1,4128.03,262.07,3865.96,0,4128.03
12694,7453,1363,1,3136.2,105.28,3030.92,30,2195.34
12695,7454,1022,1,7813.98,849.42,6964.56,30,5469.785999999999
12696,7455,1448,1,35381.82,3531.27,31850.55,10,31843.638
12697,7456,875,1,28152.68,2884.8,25267.88,20,22522.144
12698,7457,8,1,822.97,0.0,822.97,30,576.079
12699,7458,1331,1,2122.62,308.93,1813.69,10,1910.358
12700,7459,216,1,3406.16,0.0,3406.16,0,3406.16
12701,7460,139,1,1485.23,214.43,1270.8,0,1485.23
12702,7461,137,1,1739.85,0.0,1739.85,20,1391.88
12703,7461,515,1,1652.18,0.0,1652.18,0,1652.18
12704,7462,605,1,3237.95,0.0,3237.95,30,2266.565
12705,7463,704,1,2086.13,225.77,1860.36,20,1668.9040000000002
12706,7464,533,2,32637.56,0.0,65275.12,20,26110.048000000003
12707,7464,1546,1,5167.64,0.0,5167.64,0,5167.64
12708,7464,1075,2,682.9,0.0,1365.8,30,478.03
12709,7465,242,1,1239.27,40.88,1198.39,30,867.4889999999999
12710,7466,1067,1,7456.19,821.16,6635.03,10,6710.571
12711,7467,716,1,710.73,58.71,652.02,20,568.5840000000001
12712,7468,857,1,119370.94,16380.45,102990.49,30,83559.658
12713,7469,1528,1,1302.21,0.0,1302.21,10,1171.989
12714,7470,676,1,2284.87,122.01,2162.86,0,2284.87
12715,7471,64,1,27489.86,806.87,26682.99,10,24740.874
12716,7471,1186,2,2233.01,608.79,3857.23,0,2233.01
12717,7472,236,1,4589.61,270.63,4318.98,10,4130.648999999999
12718,7473,951,1,909.66,47.35,862.31,0,909.66
12719,7474,962,1,1108.44,147.86,960.58,0,1108.44
12720,7475,916,1,433.67,0.0,433.67,10,390.303
12721,7475,579,1,96143.92,0.0,96143.92,20,76915.136
12722,7476,10,1,661.22,44.68,616.54,20,528.976
12723,7477,957,1,20246.89,0.0,20246.89,0,20246.89
12724,7477,65,1,1669.44,0.0,1669.44,20,1335.552
12725,7477,620,1,172365.66,0.0,172365.66,0,172365.66
12726,7477,580,3,870.31,0.0,2610.93,20,696.248
12727,7477,1040,1,7278.08,0.0,7278.08,20,5822.464
12728,7478,1002,1,67301.61,2318.88,64982.73,0,67301.61
12729,7479,449,1,35199.45,0.0,35199.45,0,35199.45
12730,7480,630,1,646.69,0.0,646.69,10,582.0210000000001
12731,7481,1298,1,2653.12,206.59,2446.53,20,2122.496
12732,7482,1398,1,2940.48,244.03,2696.45,20,2352.384
12733,7483,1235,1,553.98,0.0,553.98,0,553.98
12734,7484,795,2,14011.76,2327.49,25696.03,10,12610.584
12735,7484,244,1,3669.05,436.82,3232.23,20,2935.24
12736,7485,1487,1,2520.21,0.0,2520.21,10,2268.1890000000003
12737,7485,117,1,19742.72,0.0,19742.72,0,19742.72
12738,7486,46,1,4876.53,0.0,4876.53,0,4876.53
12739,7487,1320,1,44898.72,0.0,44898.72,30,31429.104
12740,7488,422,1,477.95,35.32,442.63,10,430.155
12741,7489,1342,2,2246.14,282.72,4209.56,0,2246.14
12742,7490,1351,1,1256.09,0.0,1256.09,10,1130.481
12743,7490,1504,1,1103.31,0.0,1103.31,20,882.648
12744,7491,1248,2,1795.23,0.0,3590.46,20,1436.1840000000002
12745,7491,318,1,151206.66,0.0,151206.66,20,120965.328
12746,7491,949,1,2388.11,0.0,2388.11,0,2388.11
12747,7491,322,1,8789.14,0.0,8789.14,0,8789.14
12748,7492,1054,1,1342.53,46.86,1295.67,10,1208.277
12749,7493,448,2,1698.53,0.0,3397.06,10,1528.677
12750,7494,1548,1,174.01,3.47,170.54,10,156.609
12751,7495,731,1,3899.67,498.07,3401.6,10,3509.703
12752,7495,928,1,2851.06,324.32,2526.74,20,2280.848
12753,7496,989,1,673.12,97.95,575.17,30,471.184
12754,7496,479,1,721.06,93.02,628.04,30,504.7419999999999
12755,7496,1350,1,1796.88,193.67,1603.21,0,1796.88
12756,7496,503,1,44508.15,3109.51,41398.64,30,31155.705
12757,7496,800,2,308.13,38.95,577.31,20,246.504
12758,7497,1574,1,969.18,0.85,968.33,30,678.4259999999999
12759,7498,1345,3,100402.53,36674.51,264533.08,30,70281.771
12760,7499,401,2,1312.43,0.0,2624.86,20,1049.9440000000002
12761,7499,1442,1,547.89,0.0,547.89,10,493.101
12762,7500,1443,1,39621.43,5708.74,33912.69,10,35659.287000000004
12763,7501,982,2,1009.34,0.0,2018.68,10,908.406
12764,7502,124,1,1916.25,222.09,1694.16,10,1724.625
12765,7503,1442,1,547.89,0.0,547.89,10,493.101
12766,7504,1222,2,5286.96,1099.4,9474.52,10,4758.264
12767,7505,603,1,1974.14,0.0,1974.14,20,1579.312
12768,7506,1434,2,758.95,175.16,1342.74,10,683.0550000000001
12769,7506,580,1,870.31,16.89,853.42,20,696.248
12770,7507,992,1,768.3,2.35,765.95,0,768.3
12771,7508,514,2,417.37,67.75,766.99,10,375.633
12772,7508,1179,1,2777.87,379.13,2398.74,10,2500.083
12773,7509,465,1,3059.86,0.0,3059.86,20,2447.8880000000004
12774,7509,1108,1,145328.64,0.0,145328.64,10,130795.776
12775,7509,1559,1,2127.33,0.0,2127.33,30,1489.131
12776,7510,795,1,14011.76,35.8,13975.96,10,12610.584
12777,7511,1198,1,2934.15,385.97,2548.18,30,2053.905
12778,7511,1224,1,3160.05,144.14,3015.91,10,2844.045
12779,7512,716,1,710.73,98.38,612.35,20,568.5840000000001
12780,7513,1475,1,57952.35,1847.51,56104.84,20,46361.880000000005
12781,7513,709,1,2013.15,116.26,1896.89,30,1409.205
12782,7514,465,1,3059.86,43.9,3015.96,30,2141.902
12783,7514,675,1,1350.25,133.79,1216.46,10,1215.225
12784,7515,209,1,44783.42,2910.28,41873.14,0,44783.42
12785,7516,757,1,2559.79,100.43,2459.36,10,2303.811
12786,7516,986,1,57564.41,6055.99,51508.42,30,40295.087
12787,7516,1332,3,29617.39,91.5,88760.67,20,23693.912
12788,7517,42,1,7358.23,293.93,7064.3,20,5886.584
12789,7518,805,1,1899.4,179.63,1719.77,30,1329.58
12790,7519,179,2,71832.87,0.0,143665.74,30,50283.00899999999
12791,7519,1104,1,1846.11,0.0,1846.11,20,1476.888
12792,7519,419,1,4089.03,0.0,4089.03,20,3271.224
12793,7520,426,1,804.21,62.54,741.67,20,643.368
12794,7521,1221,1,979.8,78.05,901.75,30,685.8599999999999
12795,7521,977,1,1685.73,0.17,1685.56,30,1180.011
12796,7522,451,1,767.82,10.68,757.14,20,614.2560000000001
12797,7523,1124,1,28111.89,1113.16,26998.73,20,22489.512
12798,7524,1422,1,1818.34,262.7,1555.64,30,1272.838
12799,7525,65,1,1669.44,0.0,1669.44,0,1669.44
12800,7526,281,1,1372.61,0.0,1372.61,0,1372.61
12801,7527,361,1,670.56,75.56,595.0,0,670.56
12802,7528,851,1,752.31,0.0,752.31,20,601.848
12803,7528,742,2,3902.24,0.0,7804.48,30,2731.568
12804,7528,1359,3,2874.86,0.0,8624.58,20,2299.8880000000004
12805,7528,357,1,94442.75,0.0,94442.75,20,75554.2
12806,7529,1465,1,2247.01,290.3,1956.71,10,2022.309
12807,7530,427,1,51715.55,6657.31,45058.24,0,51715.55
12808,7530,480,1,3056.45,3.73,3052.72,0,3056.45
12809,7531,151,1,3701.2,0.0,3701.2,0,3701.2
12810,7532,1331,1,2122.62,248.42,1874.2,20,1698.096
12811,7532,383,1,1151.25,40.5,1110.75,30,805.875
12812,7532,995,1,3973.98,532.74,3441.24,30,2781.786
12813,7532,1242,1,120746.52,12045.9,108700.62,30,84522.564
12814,7532,206,1,1614.43,160.51,1453.92,30,1130.101
12815,7533,1310,1,35413.03,369.94,35043.09,10,31871.727
12816,7534,1092,1,48077.53,0.0,48077.53,0,48077.53
12817,7535,872,1,369.78,27.21,342.57,10,332.802
12818,7535,1115,1,116186.43,5663.85,110522.58,20,92949.144
12819,7536,832,1,422.4,5.68,416.72,10,380.16
12820,7537,48,2,29841.27,0.0,59682.54,10,26857.143
12821,7537,340,1,652.5,0.0,652.5,30,456.75
12822,7538,1163,1,46301.19,0.0,46301.19,10,41671.071
12823,7538,1354,1,2097.47,0.0,2097.47,30,1468.2289999999998
12824,7538,1193,1,7680.86,0.0,7680.86,0,7680.86
12825,7539,1116,1,9372.19,657.95,8714.24,20,7497.752
12826,7540,1008,2,237.87,30.49,445.25,0,237.87
12827,7541,1265,1,753.76,0.0,753.76,0,753.76
12828,7542,1527,1,6369.71,85.35,6284.36,10,5732.7390000000005
12829,7543,769,1,4790.79,698.18,4092.61,20,3832.632
12830,7543,357,3,94442.75,24592.69,258735.56,20,75554.2
12831,7544,664,1,1666.41,103.54,1562.87,20,1333.1280000000002
12832,7545,522,1,664.42,23.32,641.1,10,597.978
12833,7545,747,2,8474.0,1490.52,15457.48,0,8474.0
12834,7545,1284,2,102271.11,27058.45,177483.77,10,92043.999
12835,7546,475,1,1480.29,82.23,1398.06,30,1036.203
12836,7547,1579,1,2698.3,307.96,2390.34,0,2698.3
12837,7547,975,1,17084.55,1901.4,15183.15,0,17084.55
12838,7547,1545,1,82188.32,10267.76,71920.56,10,73969.48800000001
12839,7547,232,1,38831.08,892.14,37938.94,20,31064.864
12840,7548,199,1,26074.89,567.43,25507.46,20,20859.912
12841,7549,271,1,9634.51,107.04,9527.47,30,6744.157
12842,7549,224,1,1977.53,79.78,1897.75,30,1384.271
12843,7549,1548,1,174.01,15.27,158.74,20,139.208
12844,7550,846,2,3823.36,12.93,7633.79,30,2676.352
12845,7550,1293,1,1046.89,154.14,892.75,20,837.5120000000002
12846,7551,1121,1,3804.86,75.12,3729.74,0,3804.86
12847,7551,404,1,47358.62,1948.28,45410.34,10,42622.758
12848,7551,559,2,7185.86,1857.5,12514.22,20,5748.688
12849,7551,1034,3,32492.4,4769.52,92707.68,10,29243.160000000003
12850,7552,1231,2,2323.31,273.98,4372.64,20,1858.648
12851,7553,1,2,3822.34,0.0,7644.68,20,3057.8720000000003
12852,7553,239,1,2760.99,0.0,2760.99,10,2484.891
12853,7554,279,2,41417.49,2212.81,80622.17,20,33133.992
12854,7554,1286,1,41910.79,3032.66,38878.13,20,33528.632000000005
12855,7554,1045,1,3767.71,382.46,3385.25,30,2637.397
12856,7554,92,1,55734.91,2108.3,53626.61,20,44587.92800000001
12857,7554,1077,1,40938.16,6055.66,34882.5,0,40938.16
12858,7555,677,1,1113.35,3.05,1110.3,0,1113.35
12859,7556,522,3,664.42,0.0,1993.26,10,597.978
12860,7557,141,1,1702.25,114.76,1587.49,30,1191.5749999999998
12861,7558,348,1,162.1,0.0,162.1,30,113.46999999999998
12862,7558,175,3,579.09,0.0,1737.27,30,405.363
12863,7558,1369,1,1514.51,0.0,1514.51,30,1060.157
12864,7558,1506,1,4761.53,0.0,4761.53,20,3809.224
12865,7559,24,1,143987.71,19564.56,124423.15,0,143987.71
12866,7559,617,1,3079.68,225.9,2853.78,30,2155.776
12867,7559,999,1,3833.28,41.79,3791.49,0,3833.28
12868,7559,773,1,1553.01,11.29,1541.72,20,1242.408
12869,7559,622,1,135527.88,1569.48,133958.4,20,108422.304
12870,7560,336,2,31831.67,0.0,63663.34,10,28648.503
12871,7561,230,3,32147.34,2988.59,93453.43,20,25717.872000000003
12872,7562,751,1,808.3,87.22,721.08,0,808.3
12873,7563,419,1,4089.03,16.25,4072.78,20,3271.224
12874,7564,836,1,2325.57,0.0,2325.57,20,1860.456
12875,7564,1177,1,1318.54,0.0,1318.54,0,1318.54
12876,7564,1530,2,2958.0,0.0,5916.0,30,2070.6
12877,7564,395,1,2765.23,0.0,2765.23,30,1935.661
12878,7564,1377,1,24652.74,0.0,24652.74,10,22187.466
12879,7565,1569,1,109637.89,0.0,109637.89,0,109637.89
12880,7566,574,1,2746.95,0.0,2746.95,20,2197.56
12881,7567,1088,1,1367.68,200.78,1166.9,0,1367.68
12882,7568,318,1,151206.66,13036.57,138170.09,30,105844.662
12883,7568,825,1,25418.66,3292.01,22126.65,30,17793.061999999998
12884,7569,173,2,1351.37,349.09,2353.65,30,945.9589999999998
12885,7569,287,1,5144.9,763.66,4381.24,30,3601.4299999999994
12886,7569,567,1,3731.6,214.73,3516.87,10,3358.44
12887,7569,215,1,8966.72,89.17,8877.55,20,7173.376
12888,7570,626,2,2262.96,363.05,4162.87,10,2036.664
12889,7570,58,1,2642.32,105.2,2537.12,10,2378.088
12890,7571,328,2,1446.76,183.08,2710.44,20,1157.408
12891,7572,1175,1,1647.24,153.63,1493.61,20,1317.792
12892,7573,1271,1,414.51,29.53,384.98,20,331.608
12893,7574,1334,1,1811.5,216.44,1595.06,0,1811.5
12894,7575,1471,1,3182.48,0.0,3182.48,10,2864.232
12895,7575,1160,1,3385.71,0.0,3385.71,0,3385.71
12896,7576,1222,1,5286.96,0.0,5286.96,0,5286.96
12897,7576,644,1,2644.87,0.0,2644.87,30,1851.409
12898,7577,163,1,44768.27,0.0,44768.27,0,44768.27
12899,7578,1236,3,529.36,0.0,1588.08,20,423.48800000000006
12900,7579,596,1,1371.16,113.63,1257.53,20,1096.928
12901,7579,1522,1,1156.68,57.92,1098.76,20,925.344
12902,7580,993,1,17976.7,1138.54,16838.16,20,14381.36
12903,7580,374,2,3079.52,185.05,5973.99,30,2155.664
12904,7581,123,1,246.09,36.76,209.33,20,196.872
12905,7581,791,1,1322.37,19.05,1303.32,20,1057.896
12906,7581,1385,1,22894.15,2305.62,20588.53,10,20604.735
12907,7582,1107,1,112320.64,0.0,112320.64,30,78624.44799999999
12908,7583,749,3,5523.77,627.96,15943.35,0,5523.77
12909,7583,613,3,2400.73,534.84,6667.35,10,2160.657
12910,7584,1180,1,35748.61,5079.13,30669.48,0,35748.61
12911,7585,365,1,4019.88,563.74,3456.14,20,3215.9040000000005
12912,7585,292,1,42595.72,5476.49,37119.23,10,38336.148
12913,7585,142,1,1981.3,2.16,1979.14,0,1981.3
12914,7586,1054,1,1342.53,0.0,1342.53,30,939.771
12915,7587,103,1,3868.11,290.14,3577.97,20,3094.4880000000003
12916,7588,150,1,43135.57,0.0,43135.57,30,30194.899
12917,7588,785,1,703.23,0.0,703.23,0,703.23
12918,7589,708,2,71148.88,3561.52,138736.24,0,71148.88
12919,7589,855,1,440.43,55.09,385.34,0,440.43
12920,7590,1391,1,4780.43,0.0,4780.43,30,3346.301
12921,7590,1266,1,60887.16,0.0,60887.16,10,54798.444
12922,7590,572,1,2920.51,0.0,2920.51,30,2044.357
12923,7590,601,1,131194.89,0.0,131194.89,20,104955.912
12924,7590,214,1,16299.24,0.0,16299.24,0,16299.24
12925,7591,295,1,2098.64,2.61,2096.03,30,1469.0479999999998
12926,7592,930,1,225.23,33.56,191.67,30,157.66099999999997
12927,7593,166,1,26144.85,0.0,26144.85,30,18301.395
12928,7593,1000,2,116356.97,0.0,232713.94,30,81449.879
12929,7593,973,1,30788.48,0.0,30788.48,10,27709.632
12930,7593,1435,1,155364.8,0.0,155364.8,20,124291.84
12931,7593,449,2,35199.45,0.0,70398.9,20,28159.56
12932,7594,368,1,53610.72,0.0,53610.72,20,42888.576
12933,7595,1480,1,4188.58,48.78,4139.8,0,4188.58
12934,7595,1225,2,100562.21,25300.1,175824.32,20,80449.76800000001
12935,7595,1104,1,1846.11,215.76,1630.35,30,1292.2769999999998
12936,7595,425,1,4814.38,665.93,4148.45,20,3851.504
12937,7596,319,1,6678.03,450.02,6228.01,10,6010.227
12938,7597,885,1,51233.09,4345.08,46888.01,30,35863.16299999999
12939,7598,1296,1,1446.41,41.46,1404.95,0,1446.41
12940,7599,702,1,2389.45,324.05,2065.4,10,2150.505
12941,7599,192,2,32254.74,9171.22,55338.26,20,25803.792
12942,7599,825,1,25418.66,3269.27,22149.39,20,20334.928
12943,7599,1541,1,22410.21,2095.05,20315.16,10,20169.189
12944,7599,1417,1,1306.26,58.82,1247.44,0,1306.26
12945,7600,40,1,29011.05,2405.6,26605.45,0,29011.05
12946,7601,582,1,5287.79,549.94,4737.85,20,4230.232
12947,7602,734,2,43727.49,4322.22,83132.76,10,39354.741
12948,7603,675,1,1350.25,0.0,1350.25,30,945.175
12949,7604,325,1,1424.65,0.0,1424.65,10,1282.1850000000002
12950,7605,1431,1,949.29,137.46,811.83,30,664.5029999999999
12951,7605,1076,1,439.99,50.18,389.81,30,307.993
12952,7605,1334,2,1811.5,472.26,3150.74,30,1268.05
12953,7605,1591,3,89157.48,32589.66,234882.78,10,80241.732
12954,7606,1560,1,77206.12,0.0,77206.12,20,61764.896
12955,7607,647,1,27236.09,0.0,27236.09,20,21788.872000000003
12956,7608,1426,1,2854.6,332.92,2521.68,30,1998.22
12957,7609,1600,1,3483.91,0.0,3483.91,10,3135.519
12958,7610,819,1,5857.66,607.05,5250.61,30,4100.362
12959,7610,716,1,710.73,36.14,674.59,10,639.657
12960,7611,1004,1,2995.17,220.63,2774.54,0,2995.17
12961,7611,1570,2,40567.16,11578.11,69556.21,0,40567.16
12962,7611,550,1,2021.43,286.44,1734.99,20,1617.1440000000002
12963,7611,1581,1,148976.59,4067.4,144909.19,10,134078.931
12964,7611,301,1,3075.11,46.4,3028.71,10,2767.599
12965,7612,489,1,758.34,100.16,658.18,20,606.672
12966,7612,1317,2,2594.28,653.73,4534.83,20,2075.4240000000004
12967,7613,1045,2,3767.71,563.09,6972.33,30,2637.397
12968,7614,45,1,5292.4,516.72,4775.68,0,5292.4
12969,7615,907,1,1423.0,71.15,1351.85,10,1280.7
12970,7616,789,2,83642.73,0.0,167285.46,10,75278.457
12971,7617,1483,2,3832.7,0.0,7665.4,20,3066.16
12972,7618,524,1,37908.59,0.0,37908.59,10,34117.731
12973,7618,425,1,4814.38,0.0,4814.38,20,3851.504
12974,7618,939,1,2627.03,0.0,2627.03,0,2627.03
12975,7618,423,1,2704.23,0.0,2704.23,0,2704.23
12976,7619,896,2,1901.81,0.0,3803.62,20,1521.448
12977,7620,399,1,2809.7,263.53,2546.17,10,2528.73
12978,7621,1378,1,1742.34,0.0,1742.34,0,1742.34
12979,7621,1231,3,2323.31,0.0,6969.93,30,1626.3169999999998
12980,7622,224,1,1977.53,133.68,1843.85,10,1779.777
12981,7623,797,3,40285.16,13877.53,106977.95,10,36256.64400000001
12982,7623,424,2,2557.15,236.2,4878.1,20,2045.7200000000005
12983,7624,818,1,1924.73,26.41,1898.32,30,1347.311
12984,7624,677,1,1113.35,83.43,1029.92,0,1113.35
12985,7625,1515,1,2940.55,56.13,2884.42,10,2646.4950000000003
12986,7626,194,1,2698.45,394.98,2303.47,10,2428.605
12987,7627,288,1,6762.4,0.0,6762.4,0,6762.4
12988,7627,744,1,2778.95,0.0,2778.95,20,2223.16
12989,7628,1381,2,41371.29,8754.01,73988.57,10,37234.161
12990,7628,476,1,76487.54,11458.34,65029.2,0,76487.54
12991,7629,595,1,42135.25,0.0,42135.25,30,29494.675
12992,7630,57,1,77663.62,6358.68,71304.94,0,77663.62
12993,7630,699,1,3048.78,287.34,2761.44,0,3048.78
12994,7630,676,1,2284.87,3.61,2281.26,30,1599.409
12995,7630,282,1,2944.8,126.95,2817.85,30,2061.36
12996,7631,172,2,348.87,32.33,665.41,30,244.209
12997,7631,578,1,41356.77,1464.33,39892.44,20,33085.416
12998,7632,1294,1,31639.3,466.82,31172.48,30,22147.51
12999,7632,549,1,36173.12,3104.73,33068.39,0,36173.12
13000,7633,1388,1,44645.42,0.0,44645.42,30,31251.794
13001,7633,571,1,136354.08,0.0,136354.08,0,136354.08
13002,7634,207,1,796.08,94.19,701.89,20,636.864
13003,7634,1056,1,2409.82,223.51,2186.31,10,2168.838
13004,7635,1434,1,758.95,0.0,758.95,20,607.1600000000001
13005,7635,255,1,109573.83,0.0,109573.83,30,76701.681
13006,7635,775,1,1623.11,0.0,1623.11,0,1623.11
13007,7636,242,2,1239.27,75.13,2403.41,10,1115.343
13008,7636,218,2,6415.67,1233.58,11597.76,20,5132.536
13009,7636,292,1,42595.72,669.69,41926.03,20,34076.576
13010,7636,812,1,24603.28,1211.03,23392.25,20,19682.624
13011,7637,526,1,69280.39,0.0,69280.39,20,55424.312000000005
13012,7638,1147,1,14582.77,0.0,14582.77,0,14582.77
13013,7639,387,1,538.52,0.0,538.52,10,484.668
13014,7640,1496,1,1656.55,0.0,1656.55,10,1490.895
13015,7640,284,1,1532.5,0.0,1532.5,0,1532.5
13016,7641,1543,1,3269.88,319.83,2950.05,0,3269.88
13017,7642,1199,1,1211.39,69.13,1142.26,0,1211.39
13018,7643,195,2,31411.94,8167.5,54656.38,20,25129.552
13019,7643,1051,1,18311.46,1276.4,17035.06,10,16480.314
13020,7644,868,1,2801.32,360.28,2441.04,30,1960.924
13021,7644,1023,1,36297.55,99.12,36198.43,20,29038.040000000005
13022,7645,285,1,3301.99,426.85,2875.14,0,3301.99
13023,7645,1448,2,35381.82,7443.24,63320.4,0,35381.82
13024,7646,1523,1,398.9,0.0,398.9,10,359.01
13025,7647,842,2,44095.41,982.72,87208.1,0,44095.41
13026,7648,253,1,13060.79,1149.11,11911.68,10,11754.711
13027,7649,1103,1,55216.49,6655.8,48560.69,30,38651.543
13028,7650,909,1,9271.61,0.0,9271.61,20,7417.288
13029,7651,1187,1,175626.18,22684.82,152941.36,30,122938.326
13030,7652,1339,1,21281.34,2869.38,18411.96,20,17025.072
13031,7653,1183,1,393.77,0.0,393.77,30,275.63899999999995
13032,7653,1549,1,1129.63,0.0,1129.63,20,903.7040000000002
13033,7654,1038,2,2419.9,503.53,4336.27,10,2177.9100000000003
13034,7654,818,1,1924.73,171.84,1752.89,10,1732.257
13035,7655,783,3,37099.58,0.0,111298.74,20,29679.664000000004
13036,7655,721,1,1671.74,0.0,1671.74,10,1504.566
13037,7656,1142,1,99.91,0.0,99.91,20,79.928
13038,7656,860,1,3024.94,0.0,3024.94,0,3024.94
13039,7657,675,1,1350.25,108.22,1242.03,20,1080.2
13040,7658,1024,1,2654.56,176.68,2477.88,30,1858.192
13041,7659,572,1,2920.51,278.28,2642.23,30,2044.357
13042,7660,1449,1,1798.6,23.45,1775.15,20,1438.88
13043,7660,265,2,1326.78,92.0,2561.56,0,1326.78
13044,7661,966,1,411.04,54.26,356.78,20,328.83200000000005
13045,7661,718,1,7664.54,327.51,7337.03,0,7664.54
13046,7661,340,1,652.5,77.9,574.6,30,456.75
13047,7661,1498,1,2948.83,389.62,2559.21,30,2064.181
13048,7662,5,1,331.76,0.0,331.76,0,331.76
13049,7662,79,1,37609.6,0.0,37609.6,20,30087.68
13050,7662,1080,1,2562.42,0.0,2562.42,20,2049.936
13051,7662,622,1,135527.88,0.0,135527.88,0,135527.88
13052,7662,1009,1,3746.51,0.0,3746.51,10,3371.8590000000004
13053,7663,1384,2,2175.55,0.0,4351.1,0,2175.55
13054,7664,452,1,8006.2,226.38,7779.82,10,7205.58
13055,7665,447,2,2160.35,0.0,4320.7,30,1512.245
13056,7666,1363,2,3136.2,350.56,5921.84,0,3136.2
13057,7667,565,1,823.08,102.36,720.72,20,658.464
13058,7668,388,2,3732.52,325.04,7140.0,10,3359.268
13059,7668,687,1,1968.64,162.08,1806.56,10,1771.776
13060,7669,1348,2,3802.67,0.0,7605.34,0,3802.67
13061,7670,298,2,54274.29,9724.63,98823.95,10,48846.861
13062,7671,1047,1,1308.14,187.41,1120.73,10,1177.326
13063,7671,245,1,3184.05,346.33,2837.72,0,3184.05
13064,7672,190,1,3339.03,0.0,3339.03,30,2337.321
13065,7673,626,1,2262.96,0.0,2262.96,20,1810.368
13066,7673,1044,2,9021.21,0.0,18042.42,10,8119.088999999999
13067,7674,575,1,49336.95,0.0,49336.95,20,39469.56
13068,7675,780,1,3912.69,461.91,3450.78,10,3521.4210000000003
13069,7676,821,1,81761.55,0.0,81761.55,30,57233.085
13070,7677,1469,1,3359.54,0.0,3359.54,30,2351.678
13071,7678,1518,2,13829.56,0.0,27659.12,10,12446.604
13072,7679,1551,3,2108.02,672.91,5651.15,0,2108.02
13073,7680,86,2,3175.74,525.54,5825.94,0,3175.74
13074,7681,615,3,513.46,56.65,1483.73,10,462.114
13075,7682,1154,2,77226.75,11394.35,143059.15,20,61781.4
13076,7682,1053,1,24845.69,2873.34,21972.35,20,19876.552
13077,7682,22,1,4507.04,245.46,4261.58,10,4056.336
13078,7683,489,2,758.34,58.47,1458.21,0,758.34
13079,7683,698,1,38785.26,2535.51,36249.75,20,31028.208
13080,7683,300,1,180650.08,26008.14,154641.94,30,126455.05599999998
13081,7683,1303,1,15195.95,1938.8,13257.15,10,13676.355
13082,7683,1434,1,758.95,22.42,736.53,20,607.1600000000001
13083,7684,1293,2,1046.89,64.83,2028.95,10,942.201
13084,7684,477,2,1565.23,111.08,3019.38,20,1252.1840000000002
13085,7685,755,3,118973.39,20334.11,336586.06,10,107076.051
13086,7685,498,1,6323.41,947.22,5376.19,10,5691.069
13087,7686,232,1,38831.08,4628.3,34202.78,10,34947.972
13088,7687,267,1,825.8,48.38,777.42,30,578.06
13089,7688,823,1,24569.14,3611.47,20957.67,10,22112.226
13090,7689,469,1,1668.67,171.58,1497.09,10,1501.803
13091,7690,1186,1,2233.01,0.0,2233.01,20,1786.4080000000004
13092,7691,6,1,3858.92,544.82,3314.1,30,2701.244
13093,7691,696,1,74127.77,8466.53,65661.24,0,74127.77
13094,7691,1508,1,2634.42,108.88,2525.54,20,2107.536
13095,7691,792,1,3233.42,446.05,2787.37,10,2910.078
13096,7691,1116,1,9372.19,871.62,8500.57,20,7497.752
13097,7692,811,1,1385.81,0.0,1385.81,30,970.067
13098,7693,1369,1,1514.51,48.42,1466.09,20,1211.608
13099,7693,485,1,5877.6,211.64,5665.96,10,5289.84
13100,7694,1524,2,4935.26,0.0,9870.52,0,4935.26
13101,7694,260,1,631.42,0.0,631.42,0,631.42
13102,7694,1043,1,1164.22,0.0,1164.22,10,1047.798
13103,7694,1584,1,750.13,0.0,750.13,30,525.091
13104,7694,206,1,1614.43,0.0,1614.43,0,1614.43
13105,7695,3,1,11616.64,0.0,11616.64,30,8131.647999999999
13106,7696,207,1,796.08,0.0,796.08,20,636.864
13107,7697,1487,1,2520.21,127.73,2392.48,20,2016.168
13108,7697,625,1,334.12,38.94,295.18,20,267.296
13109,7697,543,1,59778.75,6659.71,53119.04,20,47823.0
13110,7697,768,2,50561.03,8661.93,92460.13,0,50561.03
13111,7697,648,1,44986.01,615.75,44370.26,20,35988.808000000005
13112,7698,1414,1,605.84,61.59,544.25,20,484.672
13113,7699,1105,2,14005.91,1771.79,26240.03,10,12605.319
13114,7700,165,1,4937.72,0.0,4937.72,20,3950.176
13115,7701,1475,1,57952.35,0.0,57952.35,10,52157.115
13116,7702,39,1,15502.07,0.0,15502.07,30,10851.449
13117,7702,1094,1,24047.77,0.0,24047.77,20,19238.216
13118,7703,1134,1,79315.25,2828.22,76487.03,20,63452.2
13119,7704,74,1,2354.49,279.83,2074.66,10,2119.041
13120,7705,1274,1,118948.19,0.0,118948.19,20,95158.552
13121,7705,1340,1,4036.45,0.0,4036.45,0,4036.45
13122,7706,7,1,2327.69,268.23,2059.46,0,2327.69
13123,7706,180,1,112845.7,10281.52,102564.18,20,90276.56
13124,7706,1585,2,1472.08,358.44,2585.72,20,1177.664
13125,7706,1587,1,67506.72,5519.91,61986.81,0,67506.72
13126,7706,1428,1,1939.56,123.16,1816.4,10,1745.604
13127,7707,147,1,3458.77,449.43,3009.34,20,2767.016
13128,7708,750,1,4599.92,0.0,4599.92,20,3679.936
13129,7708,683,1,142391.0,0.0,142391.0,20,113912.8
13130,7708,1023,1,36297.55,0.0,36297.55,30,25408.285
13131,7709,1123,1,3390.11,420.27,2969.84,20,2712.088
13132,7710,1160,1,3385.71,0.0,3385.71,30,2369.997
13133,7711,1010,1,51993.79,7746.6,44247.19,20,41595.03200000001
13134,7711,328,2,1446.76,22.16,2871.36,20,1157.408
13135,7711,158,2,2038.97,323.59,3754.35,20,1631.1760000000002
13136,7711,719,1,17225.88,2086.04,15139.84,0,17225.88
13137,7712,869,1,1297.86,0.0,1297.86,20,1038.288
13138,7712,9,1,36017.37,0.0,36017.37,30,25212.159
13139,7712,767,1,2061.1,0.0,2061.1,0,2061.1
13140,7712,530,1,318.6,0.0,318.6,20,254.88
13141,7713,1465,2,2247.01,8.69,4485.33,20,1797.6080000000002
13142,7714,1186,2,2233.01,0.0,4466.02,30,1563.107
13143,7715,728,2,36071.09,5257.55,66884.63,0,36071.09
13144,7715,1488,1,62639.65,919.53,61720.12,20,50111.72
13145,7716,1279,1,4693.11,490.51,4202.6,30,3285.177
13146,7716,728,1,36071.09,1601.31,34469.78,20,28856.872
13147,7717,1273,1,82929.26,0.0,82929.26,0,82929.26
13148,7718,858,1,1887.65,0.0,1887.65,0,1887.65
13149,7718,488,1,7124.84,0.0,7124.84,10,6412.356000000001
13150,7718,913,1,1299.34,0.0,1299.34,30,909.538
13151,7719,1072,1,40911.57,2493.96,38417.61,10,36820.413
13152,7719,278,1,28596.87,1820.16,26776.71,0,28596.87
13153,7720,798,1,3718.85,95.29,3623.56,10,3346.965
13154,7721,902,1,4514.4,282.18,4232.22,0,4514.4
13155,7721,1191,1,37568.14,4473.93,33094.21,20,30054.512
13156,7721,1518,1,13829.56,1820.0,12009.56,30,9680.692
13157,7721,105,1,172880.36,4473.8,168406.56,0,172880.36
13158,7721,42,1,7358.23,830.09,6528.14,10,6622.407
13159,7722,1069,1,40522.57,5774.29,34748.28,0,40522.57
13160,7723,916,1,433.67,5.28,428.39,20,346.93600000000004
13161,7723,723,1,161396.12,7618.89,153777.23,20,129116.896
13162,7723,897,1,1844.43,156.75,1687.68,0,1844.43
13163,7723,296,1,13792.96,1955.27,11837.69,30,9655.071999999998
13164,7724,1488,1,62639.65,0.0,62639.65,30,43847.755
13165,7725,528,1,1071.66,4.24,1067.42,30,750.162
13166,7726,434,2,3512.59,815.19,6209.99,20,2810.072
13167,7727,502,1,9519.47,705.17,8814.3,10,8567.523
13168,7727,459,1,2056.03,278.94,1777.09,0,2056.03
13169,7728,179,1,71832.87,0.0,71832.87,0,71832.87
13170,7729,283,1,4572.45,271.93,4300.52,20,3657.96
13171,7730,1352,1,10981.21,209.03,10772.18,0,10981.21
13172,7731,1432,1,1342.16,2.2,1339.96,0,1342.16
13173,7731,677,1,1113.35,102.83,1010.52,10,1002.015
13174,7731,1016,2,36631.13,10824.81,62437.45,30,25641.791
13175,7732,740,1,4537.97,195.63,4342.34,30,3176.579
13176,7732,1402,2,66573.21,6695.73,126450.69,10,59915.88900000001
13177,7733,56,2,174294.31,37573.07,311015.55,30,122006.017
13178,7734,1160,1,3385.71,127.27,3258.44,0,3385.71
13179,7735,570,1,21654.56,291.35,21363.21,20,17323.648
13180,7735,158,1,2038.97,233.35,1805.62,0,2038.97
13181,7736,67,2,5611.24,821.09,10401.39,0,5611.24
13182,7737,1450,1,2010.76,0.0,2010.76,30,1407.532
13183,7738,295,2,2098.64,491.8,3705.48,30,1469.0479999999998
13184,7738,1228,1,8753.11,979.7,7773.41,20,7002.488000000001
13185,7739,1283,1,1043.73,0.0,1043.73,0,1043.73
13186,7740,999,1,3833.28,0.0,3833.28,20,3066.6240000000003
13187,7741,1470,1,1649.73,0.0,1649.73,0,1649.73
13188,7741,470,1,2088.11,0.0,2088.11,30,1461.677
13189,7741,494,1,2127.83,0.0,2127.83,20,1702.264
13190,7742,64,2,27489.86,0.0,54979.72,20,21991.888000000003
13191,7743,739,1,79788.12,0.0,79788.12,20,63830.496
13192,7744,651,1,82264.94,10737.52,71527.42,20,65811.952
13193,7744,1029,1,4067.39,405.67,3661.72,10,3660.651
13194,7745,1105,1,14005.91,665.14,13340.77,10,12605.319
13195,7746,23,3,2254.98,0.0,6764.94,20,1803.984
13196,7747,845,1,746.19,104.76,641.43,10,671.571
13197,7748,1254,1,93864.59,0.0,93864.59,20,75091.672
13198,7749,390,1,48086.5,34.31,48052.19,30,33660.55
13199,7750,825,3,25418.66,0.0,76255.98,10,22876.794
13200,7751,1508,2,2634.42,0.0,5268.84,30,1844.094
13201,7751,1598,1,3087.47,0.0,3087.47,10,2778.723
13202,7752,370,1,659.72,17.89,641.83,0,659.72
13203,7753,1322,1,21785.34,1068.47,20716.87,0,21785.34
13204,7753,1251,1,5415.24,330.4,5084.84,20,4332.192
13205,7754,196,1,61624.8,5398.45,56226.35,30,43137.36
13206,7755,61,1,765.87,0.0,765.87,20,612.696
13207,7756,1353,1,2813.37,6.52,2806.85,30,1969.359
13208,7756,916,3,433.67,58.81,1242.2,10,390.303
13209,7757,819,1,5857.66,767.47,5090.19,10,5271.894
13210,7758,1238,1,916.17,0.0,916.17,20,732.936
13211,7758,1598,2,3087.47,0.0,6174.94,10,2778.723
13212,7759,108,1,108060.7,0.0,108060.7,20,86448.56
13213,7760,730,1,1980.08,269.99,1710.09,20,1584.064
13214,7761,344,1,1068.92,102.15,966.77,20,855.1360000000001
13215,7762,730,1,1980.08,121.24,1858.84,20,1584.064
13216,7762,1469,1,3359.54,169.44,3190.1,0,3359.54
13217,7763,898,1,4375.33,7.79,4367.54,20,3500.264
13218,7763,14,1,2125.0,249.15,1875.85,10,1912.5
13219,7763,1205,1,1480.79,65.48,1415.31,10,1332.711
13220,7764,1103,3,55216.49,24413.92,141235.55,30,38651.543
13221,7765,1549,1,1129.63,46.84,1082.79,10,1016.667
13222,7765,544,1,28257.91,1626.57,26631.34,0,28257.91
13223,7766,168,1,24098.28,3465.47,20632.81,0,24098.28
13224,7767,702,1,2389.45,80.84,2308.61,30,1672.6149999999998
13225,7768,1315,1,1184.81,152.35,1032.46,0,1184.81
13226,7769,445,1,550.01,58.59,491.42,10,495.009
13227,7770,1110,3,1968.96,322.73,5584.15,10,1772.064
13228,7771,1544,2,5232.67,0.0,10465.34,30,3662.869
13229,7771,357,1,94442.75,0.0,94442.75,10,84998.475
13230,7772,1311,3,5198.45,1724.04,13871.31,10,4678.605
13231,7772,1503,1,49950.6,421.65,49528.95,0,49950.6
13232,7773,1318,2,2903.92,410.34,5397.5,30,2032.744
13233,7773,1370,1,62115.24,1218.97,60896.27,0,62115.24
13234,7773,375,1,1217.82,35.11,1182.71,20,974.256
13235,7773,1517,1,3093.55,308.11,2785.44,10,2784.195
13236,7774,406,1,4920.1,736.8,4183.3,30,3444.07
13237,7774,464,1,92357.26,5916.39,86440.87,20,73885.808
13238,7775,655,2,1461.36,0.0,2922.72,20,1169.088
13239,7775,1309,1,1320.81,0.0,1320.81,0,1320.81
13240,7776,1091,1,88617.11,4270.87,84346.24,20,70893.68800000001
13241,7777,1186,2,2233.01,329.57,4136.45,20,1786.4080000000004
13242,7777,71,1,75515.31,2668.65,72846.66,20,60412.248
13243,7778,1092,1,48077.53,935.32,47142.21,10,43269.777
13244,7779,1328,1,2127.08,236.08,1891.0,30,1488.956
13245,7780,474,1,2113.22,0.0,2113.22,0,2113.22
13246,7781,88,1,1758.72,0.0,1758.72,20,1406.976
13247,7782,304,1,2314.39,338.85,1975.54,20,1851.512
13248,7782,222,2,129577.13,36229.05,222925.21,30,90703.991
13249,7783,381,1,1083.08,0.0,1083.08,20,866.4639999999999
13250,7784,1060,1,2050.27,74.6,1975.67,20,1640.216
13251,7784,680,1,237.17,22.15,215.02,20,189.736
13252,7784,303,1,3839.35,58.53,3780.82,30,2687.545
13253,7784,1119,1,7175.29,188.58,6986.71,20,5740.232
13254,7785,1075,1,682.9,0.0,682.9,30,478.03
13255,7785,1019,2,321.92,0.0,643.84,30,225.344
13256,7785,691,1,1776.03,0.0,1776.03,10,1598.427
13257,7786,534,1,1012.79,0.0,1012.79,30,708.953
13258,7786,1314,2,2752.88,0.0,5505.76,20,2202.304
13259,7787,676,2,2284.87,0.0,4569.74,0,2284.87
13260,7787,1400,1,92951.15,0.0,92951.15,0,92951.15
13261,7788,1017,1,2847.67,0.0,2847.67,0,2847.67
13262,7788,1005,2,5455.75,0.0,10911.5,20,4364.6
13263,7789,1215,1,3634.8,461.82,3172.98,0,3634.8
13264,7789,1040,1,7278.08,57.03,7221.05,10,6550.272
13265,7790,467,1,34229.7,228.84,34000.86,0,34229.7
13266,7791,248,1,1908.15,0.0,1908.15,30,1335.705
13267,7791,1342,1,2246.14,0.0,2246.14,20,1796.912
13268,7792,279,1,41417.49,5483.66,35933.83,10,37275.741
13269,7792,354,2,2738.94,779.96,4697.92,20,2191.152
13270,7793,444,1,3621.4,0.0,3621.4,0,3621.4
13271,7794,1154,1,77226.75,0.0,77226.75,30,54058.725
13272,7795,1085,3,4236.56,0.0,12709.68,0,4236.56
13273,7796,483,1,14895.15,0.0,14895.15,10,13405.635
13274,7797,400,1,767.7,48.38,719.32,20,614.1600000000001
13275,7798,511,1,621.58,0.0,621.58,0,621.58
13276,7798,50,1,7178.02,0.0,7178.02,20,5742.416000000001
13277,7798,383,1,1151.25,0.0,1151.25,30,805.875
13278,7798,252,1,2068.04,0.0,2068.04,10,1861.236
13279,7799,367,2,39011.03,3080.0,74942.06,30,27307.721
13280,7800,7,3,2327.69,61.7,6921.37,10,2094.9210000000003
13281,7801,3,1,11616.64,14.26,11602.38,20,9293.312
13282,7801,656,1,1650.33,28.55,1621.78,20,1320.264
13283,7801,679,1,3603.31,289.14,3314.17,30,2522.317
13284,7802,241,1,1647.81,150.59,1497.22,30,1153.467
13285,7802,621,1,2134.64,16.11,2118.53,30,1494.2479999999998
13286,7802,663,1,4145.53,176.91,3968.62,10,3730.977
13287,7802,93,1,26807.56,2456.66,24350.9,0,26807.56
13288,7803,723,1,161396.12,20155.22,141240.9,20,129116.896
13289,7803,1028,1,108995.56,7060.86,101934.7,20,87196.448
13290,7803,477,2,1565.23,157.86,2972.6,30,1095.6609999999998
13291,7804,1294,1,31639.3,0.0,31639.3,20,25311.44
13292,7805,829,1,5385.17,326.76,5058.41,0,5385.17
13293,7806,519,1,35380.31,206.4,35173.91,20,28304.248
13294,7807,306,1,223.24,0.0,223.24,0,223.24
13295,7807,337,1,4173.88,0.0,4173.88,0,4173.88
13296,7808,1405,1,2466.18,0.0,2466.18,0,2466.18
13297,7808,1485,1,31524.8,0.0,31524.8,30,22067.36
13298,7809,1560,2,77206.12,0.0,154412.24,10,69485.508
13299,7810,156,2,2305.14,192.92,4417.36,0,2305.14
13300,7810,1070,1,64942.02,5902.01,59040.01,0,64942.02
13301,7811,1284,2,102271.11,8326.27,196215.95,10,92043.999
13302,7811,23,1,2254.98,104.06,2150.92,20,1803.984
13303,7812,318,1,151206.66,15481.38,135725.28,20,120965.328
13304,7813,604,1,31737.7,0.0,31737.7,0,31737.7
13305,7813,159,1,332.72,0.0,332.72,30,232.904
13306,7813,844,1,3208.7,0.0,3208.7,30,2246.09
13307,7813,1338,1,2238.46,0.0,2238.46,0,2238.46
13308,7813,1517,1,3093.55,0.0,3093.55,10,2784.195
13309,7814,1241,1,1430.84,87.0,1343.84,0,1430.84
13310,7815,226,1,44766.35,0.0,44766.35,20,35813.08
13311,7815,1018,1,376.18,0.0,376.18,20,300.944
13312,7815,47,2,4499.83,0.0,8999.66,0,4499.83
13313,7815,858,1,1887.65,0.0,1887.65,30,1321.355
13314,7816,937,1,4363.89,0.0,4363.89,20,3491.1120000000005
13315,7817,1324,2,70919.44,0.0,141838.88,10,63827.49600000001
13316,7818,1597,1,1676.63,0.0,1676.63,20,1341.304
13317,7819,1529,1,90803.24,0.0,90803.24,30,63562.268
13318,7820,594,1,1492.9,35.49,1457.41,20,1194.3200000000002
13319,7820,310,1,4017.89,382.45,3635.44,20,3214.312
13320,7821,882,1,151.22,21.23,129.99,20,120.976
13321,7822,815,1,30194.05,1335.87,28858.18,30,21135.835
13322,7822,780,1,3912.69,39.31,3873.38,0,3912.69
13323,7822,628,1,175107.4,25922.58,149184.82,20,140085.92
13324,7822,311,1,5092.96,473.32,4619.64,10,4583.664
13325,7822,1588,3,3756.94,1018.63,10252.19,0,3756.94
13326,7823,1555,1,2372.47,346.1,2026.37,0,2372.47
13327,7824,594,1,1492.9,74.82,1418.08,10,1343.61
13328,7825,970,1,120.23,13.86,106.37,10,108.207
13329,7825,925,2,405.11,93.63,716.59,0,405.11
13330,7825,810,1,26333.87,3711.5,22622.37,0,26333.87
13331,7825,546,1,90167.22,8921.65,81245.57,20,72133.776
13332,7826,850,1,2717.09,401.52,2315.57,0,2717.09
13333,7827,1086,1,1518.57,0.0,1518.57,10,1366.713
13334,7828,504,1,1042.0,88.93,953.07,30,729.4
13335,7829,337,1,4173.88,107.74,4066.14,30,2921.716
13336,7829,1520,1,2002.68,18.99,1983.69,20,1602.1440000000002
13337,7830,1080,1,2562.42,125.2,2437.22,30,1793.694
13338,7830,792,3,3233.42,1441.92,8258.34,30,2263.394
13339,7831,99,1,2052.78,0.0,2052.78,0,2052.78
13340,7831,1440,1,357.51,0.0,357.51,20,286.008
13341,7831,1262,1,643.39,0.0,643.39,30,450.37299999999993
13342,7831,642,1,42255.27,0.0,42255.27,10,38029.743
13343,7831,93,1,26807.56,0.0,26807.56,30,18765.292
13344,7832,1067,1,7456.19,346.39,7109.8,10,6710.571
13345,7833,353,1,2714.1,56.2,2657.9,30,1899.87
13346,7833,382,3,65460.34,23258.96,173122.06,10,58914.306
13347,7833,811,1,1385.81,13.02,1372.79,10,1247.229
13348,7834,1260,1,664.92,16.32,648.6,0,664.92
13349,7835,106,1,23476.97,1645.68,21831.29,0,23476.97
13350,7835,911,1,108679.97,4838.92,103841.05,20,86943.97600000001
13351,7835,1282,1,41855.8,4505.88,37349.92,30,29299.06
13352,7835,1382,1,42827.29,5095.4,37731.89,30,29979.103
13353,7836,1535,1,4110.59,145.49,3965.1,10,3699.531
13354,7837,29,1,42286.57,3776.98,38509.59,30,29600.599
13355,7838,410,1,3297.12,0.0,3297.12,10,2967.408
13356,7839,1224,1,3160.05,312.27,2847.78,30,2212.035
13357,7839,1466,1,536.2,5.03,531.17,0,536.2
13358,7840,916,1,433.67,43.51,390.16,10,390.303
13359,7840,622,1,135527.88,19679.17,115848.71,0,135527.88
13360,7841,728,1,36071.09,0.0,36071.09,30,25249.762999999995
13361,7841,788,2,3542.11,0.0,7084.22,10,3187.8990000000003
13362,7841,1121,1,3804.86,0.0,3804.86,10,3424.3740000000003
13363,7841,933,1,1968.53,0.0,1968.53,20,1574.824
13364,7841,697,2,415.23,0.0,830.46,10,373.7070000000001
13365,7842,802,1,2548.8,0.0,2548.8,30,1784.16
13366,7843,1588,1,3756.94,326.31,3430.63,20,3005.552
13367,7844,1177,1,1318.54,194.86,1123.68,10,1186.686
13368,7845,915,1,40160.77,381.13,39779.64,20,32128.616
13369,7845,290,1,32947.49,2676.52,30270.97,10,29652.741
13370,7846,1135,1,22063.27,1126.44,20936.83,30,15444.289
13371,7847,767,1,2061.1,0.0,2061.1,0,2061.1
13372,7848,698,1,38785.26,0.0,38785.26,30,27149.682
13373,7849,93,1,26807.56,588.83,26218.73,0,26807.56
13374,7850,332,1,1578.22,0.0,1578.22,10,1420.398
13375,7851,344,1,1068.92,108.57,960.35,10,962.028
13376,7852,1407,1,43168.92,0.0,43168.92,10,38852.028
13377,7852,361,1,670.56,0.0,670.56,20,536.448
13378,7852,613,1,2400.73,0.0,2400.73,10,2160.657
13379,7852,25,2,6849.54,0.0,13699.08,20,5479.6320000000005
13380,7852,864,2,3913.42,0.0,7826.84,10,3522.078
13381,7853,1548,1,174.01,21.38,152.63,30,121.807
13382,7853,236,1,4589.61,379.89,4209.72,30,3212.7269999999994
13383,7853,944,2,9096.72,2615.73,15577.71,10,8187.048
13384,7853,1022,1,7813.98,154.54,7659.44,20,6251.184
13385,7853,1420,1,1349.54,145.11,1204.43,30,944.678
13386,7854,714,1,2767.25,0.0,2767.25,0,2767.25
13387,7854,1439,2,8502.05,0.0,17004.1,20,6801.639999999999
13388,7855,110,1,118575.77,0.0,118575.77,0,118575.77
13389,7856,1277,1,48882.84,3427.94,45454.9,20,39106.272
13390,7857,1198,1,2934.15,0.0,2934.15,0,2934.15
13391,7858,1482,1,3329.89,440.81,2889.08,10,2996.901
13392,7859,640,2,3083.27,0.0,6166.54,30,2158.289
13393,7860,1279,1,4693.11,430.71,4262.4,0,4693.11
13394,7860,459,1,2056.03,117.25,1938.78,30,1439.221
13395,7861,507,2,55812.59,8318.54,103306.64,10,50231.331
13396,7861,316,1,4284.75,627.24,3657.51,0,4284.75
13397,7861,726,1,117534.69,16339.76,101194.93,0,117534.69
13398,7862,388,1,3732.52,247.3,3485.22,10,3359.268
13399,7863,474,1,2113.22,0.0,2113.22,10,1901.898
13400,7864,254,1,1161.26,0.0,1161.26,30,812.882
13401,7864,603,1,1974.14,0.0,1974.14,0,1974.14
13402,7864,1195,1,84848.75,0.0,84848.75,0,84848.75
13403,7864,344,1,1068.92,0.0,1068.92,10,962.028
13404,7865,1543,1,3269.88,168.25,3101.63,20,2615.9040000000005
13405,7865,503,1,44508.15,1274.74,43233.41,20,35606.520000000004
13406,7866,943,2,1254.75,182.1,2327.4,10,1129.275
13407,7866,303,1,3839.35,544.04,3295.31,20,3071.48
13408,7867,1540,2,113226.73,0.0,226453.46,20,90581.384
13409,7868,755,1,118973.39,13652.84,105320.55,30,83281.37299999999
13410,7868,644,1,2644.87,371.9,2272.97,10,2380.383
13411,7869,197,1,4870.47,706.07,4164.4,0,4870.47
13412,7869,1389,1,2657.25,176.8,2480.45,10,2391.525
13413,7869,1353,2,2813.37,30.29,5596.45,0,2813.37
13414,7869,1005,1,5455.75,505.53,4950.22,20,4364.6
13415,7869,34,1,3014.06,341.18,2672.88,10,2712.654
13416,7870,758,1,122743.75,0.0,122743.75,10,110469.375
13417,7871,434,2,3512.59,395.39,6629.79,0,3512.59
13418,7872,1139,1,1288.36,144.78,1143.58,20,1030.688
13419,7872,1564,2,87286.27,22020.34,152552.2,30,61100.389
13420,7872,985,1,3261.61,138.01,3123.6,10,2935.449
13421,7872,231,1,3736.97,337.34,3399.63,20,2989.576
13422,7872,582,1,5287.79,307.92,4979.87,30,3701.453
13423,7873,272,1,8822.9,786.49,8036.41,30,6176.03
13424,7874,1245,1,40671.19,3263.98,37407.21,30,28469.833
13425,7874,513,1,35628.09,4156.09,31472.0,20,28502.472
13426,7875,364,1,996.71,0.0,996.71,0,996.71
13427,7876,796,1,1566.44,47.41,1519.03,20,1253.152
13428,7877,750,1,4599.92,304.94,4294.98,0,4599.92
13429,7878,238,1,1757.87,0.0,1757.87,0,1757.87
13430,7879,218,1,6415.67,793.14,5622.53,20,5132.536
13431,7880,711,2,26621.13,0.0,53242.26,10,23959.017
13432,7881,1014,1,1806.34,63.64,1742.7,30,1264.438
13433,7882,446,1,2938.62,0.0,2938.62,20,2350.896
13434,7883,377,1,53405.16,2843.1,50562.06,10,48064.64400000001
13435,7884,1257,1,518.04,23.15,494.89,30,362.62799999999993
13436,7885,134,1,11908.53,854.25,11054.28,10,10717.677
13437,7886,1224,1,3160.05,470.71,2689.34,10,2844.045
13438,7887,1242,1,120746.52,784.68,119961.84,20,96597.216
13439,7888,1534,3,8395.14,0.0,25185.42,20,6716.112
13440,7889,1025,1,2450.74,140.64,2310.1,0,2450.74
13441,7890,1481,1,22590.89,1356.37,21234.52,0,22590.89
13442,7890,616,1,120778.74,12386.97,108391.77,0,120778.74
13443,7891,1231,2,2323.31,0.0,4646.62,30,1626.3169999999998
13444,7892,107,1,284.52,0.0,284.52,20,227.616
13445,7892,1076,1,439.99,0.0,439.99,30,307.993
13446,7893,1072,1,40911.57,5625.44,35286.13,20,32729.256
13447,7893,89,1,700.33,6.49,693.84,30,490.231
13448,7894,1249,1,2813.36,309.18,2504.18,20,2250.688
13449,7894,1086,1,1518.57,68.75,1449.82,30,1062.9989999999998
13450,7894,901,2,72792.1,19188.26,126395.94,10,65512.89000000001
13451,7894,1416,1,158592.95,17238.79,141354.16,30,111015.065
13452,7895,44,1,35028.51,2911.09,32117.42,20,28022.808000000005
13453,7896,845,1,746.19,34.2,711.99,30,522.333
13454,7896,689,1,41378.36,3211.66,38166.7,20,33102.688
13455,7896,1528,2,1302.21,32.79,2571.63,20,1041.768
13456,7896,1027,1,37556.23,1323.72,36232.51,0,37556.23
13457,7896,768,1,50561.03,5199.61,45361.42,20,40448.824
13458,7897,303,1,3839.35,455.81,3383.54,20,3071.48
13459,7898,954,1,9901.09,181.97,9719.12,10,8910.981
13460,7899,1508,1,2634.42,200.46,2433.96,30,1844.094
13461,7899,806,1,147721.74,18961.55,128760.19,0,147721.74
13462,7900,965,3,1353.94,372.5,3689.32,0,1353.94
13463,7901,960,1,1955.05,0.0,1955.05,30,1368.535
13464,7901,1129,1,42340.3,0.0,42340.3,0,42340.3
13465,7901,1480,1,4188.58,0.0,4188.58,10,3769.722
13466,7902,202,3,83953.83,29927.2,221934.29,10,75558.447
13467,7902,130,1,7348.9,998.17,6350.73,30,5144.23
13468,7903,1316,1,343.7,45.01,298.69,20,274.96
13469,7904,969,3,72166.51,28572.44,187927.09,10,64949.859
13470,7905,1121,1,3804.86,429.67,3375.19,10,3424.3740000000003
13471,7906,1569,1,109637.89,10489.05,99148.84,0,109637.89
13472,7906,798,2,3718.85,1044.5,6393.2,0,3718.85
13473,7906,867,1,26390.91,340.78,26050.13,0,26390.91
13474,7906,1428,1,1939.56,25.61,1913.95,20,1551.648
13475,7906,882,1,151.22,15.04,136.18,10,136.098
13476,7907,11,1,23533.14,0.0,23533.14,10,21179.826
13477,7907,792,3,3233.42,0.0,9700.26,10,2910.078
13478,7908,404,1,47358.62,5332.13,42026.49,20,37886.896
13479,7908,68,1,41483.94,390.1,41093.84,30,29038.758
13480,7909,164,1,5969.19,0.0,5969.19,30,4178.432999999999
13481,7910,462,3,80667.3,0.0,242001.9,0,80667.3
13482,7911,1430,1,1397.61,0.0,1397.61,20,1118.088
13483,7912,1200,2,2190.69,534.54,3846.84,0,2190.69
13484,7912,921,1,158189.7,10176.65,148013.05,0,158189.7
13485,7912,1075,2,682.9,185.96,1179.84,30,478.03
13486,7912,1170,1,4694.51,423.65,4270.86,10,4225.059
13487,7912,894,1,3863.24,100.3,3762.94,0,3863.24
13488,7913,646,1,1812.4,44.65,1767.75,0,1812.4
13489,7913,624,1,2799.12,20.31,2778.81,30,1959.384
13490,7913,648,1,44986.01,3438.5,41547.51,0,44986.01
13491,7913,472,1,46739.78,728.67,46011.11,0,46739.78
13492,7914,1410,2,25912.99,4067.37,47758.61,20,20730.392000000003
13493,7914,1488,1,62639.65,1986.48,60653.17,0,62639.65
13494,7914,819,3,5857.66,1214.36,16358.62,30,4100.362
13495,7914,1276,2,5685.06,1235.0,10135.12,0,5685.06
13496,7914,384,1,4128.03,449.13,3678.9,0,4128.03
13497,7915,1027,1,37556.23,3968.94,33587.29,20,30044.984000000004
13498,7916,459,1,2056.03,181.87,1874.16,0,2056.03
13499,7917,388,1,3732.52,232.38,3500.14,30,2612.764
13500,7918,1443,1,39621.43,4735.79,34885.64,30,27735.001
13501,7918,1216,1,82298.09,9403.97,72894.12,0,82298.09
13502,7919,898,1,4375.33,237.44,4137.89,30,3062.731
13503,7919,1579,1,2698.3,234.03,2464.27,30,1888.81
13504,7920,493,1,3440.64,0.0,3440.64,10,3096.576
13505,7920,635,2,3970.58,0.0,7941.16,10,3573.522
13506,7921,1077,3,40938.16,15346.69,107467.79,20,32750.52800000001
13507,7922,1590,1,154961.7,0.0,154961.7,0,154961.7
13508,7922,3,2,11616.64,0.0,23233.28,10,10454.976
13509,7922,677,1,1113.35,0.0,1113.35,20,890.68
13510,7923,608,2,39712.41,0.0,79424.82,20,31769.928000000004
13511,7923,136,2,646.44,0.0,1292.88,0,646.44
13512,7924,148,1,60801.41,0.0,60801.41,30,42560.987
13513,7924,466,1,92637.16,0.0,92637.16,30,64846.012
13514,7924,1521,1,2652.67,0.0,2652.67,0,2652.67
13515,7925,142,1,1981.3,0.0,1981.3,0,1981.3
13516,7926,129,1,879.21,89.06,790.15,30,615.447
13517,7927,176,1,95686.66,4198.85,91487.81,20,76549.32800000001
13518,7928,286,1,2792.23,310.96,2481.27,30,1954.561
13519,7929,486,1,2457.37,13.55,2443.82,20,1965.896
13520,7929,518,2,2482.37,14.02,4950.72,20,1985.896
13521,7929,1020,2,1546.51,324.97,2768.05,0,1546.51
13522,7929,52,2,23600.44,3375.95,43824.93,20,18880.352
13523,7930,191,1,1689.13,16.03,1673.1,20,1351.304
13524,7931,942,1,913.32,0.0,913.32,30,639.324
13525,7931,1332,2,29617.39,0.0,59234.78,20,23693.912
13526,7931,1018,1,376.18,0.0,376.18,20,300.944
13527,7931,201,1,1291.43,0.0,1291.43,0,1291.43
13528,7931,831,1,3180.63,0.0,3180.63,0,3180.63
13529,7932,1268,1,30703.2,0.0,30703.2,30,21492.24
13530,7933,263,3,4480.11,0.0,13440.33,0,4480.11
13531,7934,830,3,37463.22,0.0,112389.66,30,26224.254
13532,7935,349,2,1459.37,0.0,2918.74,0,1459.37
13533,7936,972,1,58923.09,1166.8,57756.29,0,58923.09
13534,7936,1347,1,1641.29,193.21,1448.08,10,1477.161
13535,7937,1384,1,2175.55,0.0,2175.55,20,1740.4400000000005
13536,7938,547,1,1846.34,0.0,1846.34,0,1846.34
13537,7939,588,1,2898.84,280.87,2617.97,0,2898.84
13538,7940,1292,1,848.45,0.0,848.45,0,848.45
13539,7940,1062,1,29542.18,0.0,29542.18,10,26587.962
13540,7940,883,1,5242.7,0.0,5242.7,30,3669.89
13541,7940,373,1,2258.78,0.0,2258.78,20,1807.0240000000003
13542,7940,1314,1,2752.88,0.0,2752.88,30,1927.016
13543,7941,1038,3,2419.9,0.0,7259.7,20,1935.92
13544,7941,394,1,2706.99,0.0,2706.99,10,2436.291
13545,7942,812,1,24603.28,0.0,24603.28,10,22142.952
13546,7943,1126,1,44621.09,2836.49,41784.6,20,35696.872
13547,7943,479,2,721.06,177.59,1264.53,20,576.848
13548,7944,679,2,3603.31,328.52,6878.1,0,3603.31
13549,7945,319,3,6678.03,2220.43,17813.66,20,5342.424
13550,7946,635,1,3970.58,0.0,3970.58,30,2779.406
13551,7946,986,1,57564.41,0.0,57564.41,10,51807.969000000005
13552,7946,254,1,1161.26,0.0,1161.26,20,929.008
13553,7946,588,1,2898.84,0.0,2898.84,0,2898.84
13554,7947,729,1,68134.25,0.0,68134.25,10,61320.825
13555,7947,1518,1,13829.56,0.0,13829.56,20,11063.648
13556,7947,1377,1,24652.74,0.0,24652.74,0,24652.74
13557,7947,874,1,331.29,0.0,331.29,20,265.03200000000004
13558,7947,1147,1,14582.77,0.0,14582.77,10,13124.493
13559,7948,132,1,2548.46,0.0,2548.46,30,1783.922
13560,7948,1176,1,70122.26,0.0,70122.26,10,63110.034
13561,7949,1359,1,2874.86,0.0,2874.86,30,2012.402
13562,7949,1216,1,82298.09,0.0,82298.09,20,65838.472
13563,7949,1521,1,2652.67,0.0,2652.67,10,2387.403
13564,7950,136,2,646.44,0.0,1292.88,0,646.44
13565,7950,419,1,4089.03,0.0,4089.03,10,3680.127
13566,7951,1176,2,70122.26,19218.39,121026.13,30,49085.582
13567,7952,1301,2,4881.31,351.29,9411.33,0,4881.31
13568,7952,639,1,1460.92,103.17,1357.75,20,1168.736
13569,7953,1395,1,2489.72,0.0,2489.72,30,1742.804
13570,7954,861,1,36518.21,0.0,36518.21,0,36518.21
13571,7955,264,1,1134.64,70.36,1064.28,10,1021.1760000000002
13572,7956,1343,1,1805.81,122.22,1683.59,20,1444.648
13573,7956,1194,1,1471.98,44.53,1427.45,10,1324.7820000000002
13574,7956,156,1,2305.14,112.87,2192.27,20,1844.112
13575,7957,1571,1,365.21,0.0,365.21,10,328.689
13576,7958,1327,1,26530.9,0.0,26530.9,0,26530.9
13577,7959,1463,1,77244.61,6420.47,70824.14,20,61795.688
13578,7960,734,1,43727.49,3611.38,40116.11,0,43727.49
13579,7960,479,1,721.06,57.02,664.04,10,648.954
13580,7961,422,3,477.95,0.0,1433.85,20,382.36
13581,7962,1119,1,7175.29,0.0,7175.29,30,5022.703
13582,7962,565,1,823.08,0.0,823.08,20,658.464
13583,7962,1126,1,44621.09,0.0,44621.09,20,35696.872
13584,7963,1521,1,2652.67,55.82,2596.85,20,2122.136
13585,7964,1478,1,730.4,0.0,730.4,0,730.4
13586,7964,265,1,1326.78,0.0,1326.78,30,928.746
13587,7964,511,1,621.58,0.0,621.58,0,621.58
13588,7964,216,1,3406.16,0.0,3406.16,10,3065.544
13589,7964,946,1,69896.98,0.0,69896.98,20,55917.584
13590,7965,865,1,22469.84,3257.48,19212.36,0,22469.84
13591,7966,1005,1,5455.75,354.37,5101.38,10,4910.175
13592,7966,880,1,3054.09,133.9,2920.19,30,2137.863
13593,7966,226,1,44766.35,6412.03,38354.32,30,31336.445
13594,7966,624,1,2799.12,315.99,2483.13,30,1959.384
13595,7967,383,1,1151.25,88.95,1062.3,20,921.0
13596,7968,276,1,64431.04,1615.87,62815.17,10,57987.936
13597,7969,1087,1,1167.58,11.64,1155.94,10,1050.822
13598,7969,313,1,4982.63,414.68,4567.95,10,4484.367
13599,7970,777,1,1619.93,52.16,1567.77,0,1619.93
13600,7970,15,1,1095.25,162.5,932.75,0,1095.25
13601,7970,289,1,2410.54,141.33,2269.21,0,2410.54
13602,7971,1062,1,29542.18,0.0,29542.18,30,20679.526
13603,7972,635,1,3970.58,408.21,3562.37,10,3573.522
13604,7973,1385,1,22894.15,2485.81,20408.34,30,16025.905
13605,7974,384,2,4128.03,41.78,8214.28,30,2889.621
13606,7975,983,1,125294.18,0.0,125294.18,0,125294.18
13607,7975,1522,1,1156.68,0.0,1156.68,20,925.344
13608,7976,892,1,1931.15,283.51,1647.64,30,1351.805
13609,7976,466,1,92637.16,11499.2,81137.96,10,83373.444
13610,7977,579,1,96143.92,0.0,96143.92,0,96143.92
13611,7978,1214,1,84155.3,0.0,84155.3,10,75739.77
13612,7979,489,2,758.34,66.1,1450.58,30,530.838
13613,7980,1295,1,4110.18,309.14,3801.04,20,3288.144
13614,7980,305,2,3492.14,228.34,6755.94,30,2444.498
13615,7981,634,1,128711.83,4971.22,123740.61,0,128711.83
13616,7982,217,1,39439.67,3589.61,35850.06,0,39439.67
13617,7983,242,1,1239.27,103.74,1135.53,30,867.4889999999999
13618,7984,696,1,74127.77,9217.39,64910.38,10,66714.993
13619,7985,1498,1,2948.83,0.0,2948.83,10,2653.947
13620,7986,1471,1,3182.48,336.79,2845.69,30,2227.736
13621,7987,133,2,2306.36,616.96,3995.76,30,1614.452
13622,7988,179,1,71832.87,0.0,71832.87,20,57466.296
13623,7988,727,1,12540.84,0.0,12540.84,10,11286.756
13624,7988,876,2,99791.13,0.0,199582.26,20,79832.90400000001
13625,7989,361,1,670.56,47.68,622.88,10,603.504
13626,7990,71,1,75515.31,0.0,75515.31,30,52860.717
13627,7991,74,1,2354.49,0.0,2354.49,30,1648.1429999999998
13628,7992,1394,1,2331.14,329.52,2001.62,20,1864.912
13629,7993,488,1,7124.84,834.78,6290.06,0,7124.84
13630,7994,652,1,40194.62,0.0,40194.62,10,36175.158
13631,7995,354,1,2738.94,224.78,2514.16,30,1917.258
13632,7995,1095,1,2693.75,199.65,2494.1,10,2424.375
13633,7996,682,1,1436.09,0.0,1436.09,30,1005.263
13634,7997,1005,1,5455.75,550.77,4904.98,0,5455.75
13635,7998,510,1,2532.26,154.18,2378.08,0,2532.26
13636,7999,690,1,2245.24,334.51,1910.73,10,2020.716
13637,7999,951,1,909.66,127.02,782.64,30,636.762
13638,7999,626,1,2262.96,230.83,2032.13,10,2036.664
13639,7999,784,2,2840.63,838.47,4842.79,30,1988.441
13640,8000,1049,1,26000.8,3818.49,22182.31,20,20800.64
13641,8000,551,1,2682.04,399.44,2282.6,0,2682.04
13642,8001,238,1,1757.87,196.9,1560.97,20,1406.296
13643,8001,305,2,3492.14,326.64,6657.64,10,3142.926
13644,8002,1035,2,2051.19,0.0,4102.38,20,1640.9520000000002
13645,8003,547,1,1846.34,30.99,1815.35,10,1661.706
13646,8003,488,1,7124.84,679.98,6444.86,20,5699.872
13647,8003,1276,1,5685.06,301.41,5383.65,10,5116.554
13648,8003,719,2,17225.88,1436.99,33014.77,0,17225.88
13649,8004,1366,1,40406.93,2467.87,37939.06,30,28284.851
13650,8005,952,1,28872.88,1665.91,27206.97,30,20211.016
13651,8005,220,1,3360.14,23.79,3336.35,30,2352.098
13652,8006,687,1,1968.64,0.0,1968.64,10,1771.776
13653,8006,599,1,119654.07,0.0,119654.07,20,95723.256
13654,8006,1318,1,2903.92,0.0,2903.92,10,2613.528
13655,8006,474,1,2113.22,0.0,2113.22,20,1690.576
13656,8007,216,1,3406.16,0.0,3406.16,20,2724.928
13657,8008,886,1,293.19,0.0,293.19,0,293.19
13658,8008,672,2,2275.78,0.0,4551.56,0,2275.78
13659,8008,1063,1,2532.13,0.0,2532.13,0,2532.13
13660,8008,771,1,2630.46,0.0,2630.46,0,2630.46
13661,8008,1386,1,932.68,0.0,932.68,20,746.144
13662,8009,1461,1,33088.65,517.27,32571.38,30,23162.055
13663,8009,1401,2,3069.45,476.39,5662.51,10,2762.505
13664,8009,315,1,29996.05,1642.03,28354.02,0,29996.05
13665,8009,747,1,8474.0,17.78,8456.22,20,6779.200000000001
13666,8009,900,1,1911.43,23.48,1887.95,20,1529.1440000000002
13667,8010,1176,1,70122.26,0.0,70122.26,0,70122.26
13668,8011,1006,1,2865.1,254.54,2610.56,20,2292.08
13669,8011,347,1,38655.66,1616.72,37038.94,30,27058.962
13670,8012,636,1,915.13,34.52,880.61,0,915.13
13671,8012,1121,1,3804.86,430.96,3373.9,30,2663.402
13672,8013,930,2,225.23,3.46,447.0,0,225.23
13673,8014,243,1,67752.1,0.0,67752.1,20,54201.68000000001
13674,8015,692,1,2423.69,110.87,2312.82,30,1696.583
13675,8015,838,1,1056.26,122.77,933.49,0,1056.26
13676,8015,1152,1,1784.61,58.72,1725.89,20,1427.688
13677,8015,802,1,2548.8,369.41,2179.39,0,2548.8
13678,8015,1222,3,5286.96,114.81,15746.07,0,5286.96
13679,8016,534,1,1012.79,48.69,964.1,0,1012.79
13680,8017,1047,1,1308.14,122.16,1185.98,30,915.698
13681,8018,636,1,915.13,111.47,803.66,30,640.591
13682,8018,951,2,909.66,88.79,1730.53,0,909.66
13683,8019,339,1,706.67,73.48,633.19,30,494.6689999999999
13684,8019,919,1,64205.31,6321.54,57883.77,0,64205.31
13685,8019,593,1,47231.85,5768.81,41463.04,10,42508.665
13686,8019,216,1,3406.16,115.39,3290.77,0,3406.16
13687,8019,1445,2,1339.23,185.98,2492.48,10,1205.307
13688,8020,584,1,2326.41,25.14,2301.27,0,2326.41
13689,8021,625,3,334.12,64.71,937.65,10,300.708
13690,8021,1266,1,60887.16,7422.96,53464.2,20,48709.728
13691,8022,655,1,1461.36,149.45,1311.91,30,1022.952
13692,8023,429,1,121237.34,17079.57,104157.77,0,121237.34
13693,8024,1558,3,1952.71,727.88,5130.25,0,1952.71
13694,8025,405,1,56478.15,5349.0,51129.15,0,56478.15
13695,8026,1362,1,288.96,0.0,288.96,20,231.168
13696,8027,617,1,3079.68,0.0,3079.68,10,2771.712
13697,8027,1082,1,3419.64,0.0,3419.64,30,2393.748
13698,8028,1007,1,7088.49,0.0,7088.49,20,5670.792
13699,8029,521,1,322.75,37.89,284.86,0,322.75
13700,8029,1017,1,2847.67,22.65,2825.02,10,2562.903
13701,8030,1373,1,21018.4,2922.42,18095.98,10,18916.56
13702,8030,825,1,25418.66,2255.99,23162.67,0,25418.66
13703,8031,1119,1,7175.29,0.0,7175.29,0,7175.29
13704,8032,489,1,758.34,13.37,744.97,10,682.5060000000001
13705,8033,98,1,2400.3,63.08,2337.22,10,2160.2700000000004
13706,8034,8,1,822.97,109.93,713.04,10,740.673
13707,8034,1004,2,2995.17,116.61,5873.73,0,2995.17
13708,8035,180,1,112845.7,0.0,112845.7,0,112845.7
13709,8036,1093,1,20431.66,2004.89,18426.77,0,20431.66
13710,8036,1461,1,33088.65,595.5,32493.15,20,26470.92
13711,8037,1130,1,96459.24,0.0,96459.24,0,96459.24
13712,8037,105,1,172880.36,0.0,172880.36,10,155592.324
13713,8038,397,1,31159.3,3049.86,28109.44,0,31159.3
13714,8038,1506,2,4761.53,965.34,8557.72,30,3333.0709999999995
13715,8038,519,1,35380.31,3277.25,32103.06,30,24766.217
13716,8038,1416,1,158592.95,18101.28,140491.67,10,142733.65500000003
13717,8039,479,2,721.06,158.02,1284.1,20,576.848
13718,8039,1284,1,102271.11,3232.77,99038.34,20,81816.888
13719,8039,52,1,23600.44,1555.07,22045.37,10,21240.396
13720,8039,29,1,42286.57,2831.69,39454.88,20,33829.256
13721,8039,1459,1,3227.95,460.81,2767.14,30,2259.565
13722,8040,924,1,3898.29,0.0,3898.29,30,2728.803
13723,8041,31,1,419.17,0.0,419.17,0,419.17
13724,8042,35,3,1495.14,84.23,4401.19,30,1046.598
13725,8043,1034,3,32492.4,11632.47,85844.73,20,25993.92
13726,8043,1549,2,1129.63,88.32,2170.94,20,903.7040000000002
13727,8044,425,2,4814.38,64.47,9564.29,30,3370.066
13728,8045,36,1,627.76,17.21,610.55,0,627.76
13729,8046,425,1,4814.38,686.66,4127.72,10,4332.942
13730,8046,1558,3,1952.71,412.38,5445.75,30,1366.897
13731,8047,935,1,1851.82,238.33,1613.49,30,1296.274
13732,8048,1089,1,76783.54,394.64,76388.9,20,61426.832
13733,8049,433,2,93895.84,0.0,187791.68,10,84506.256
13734,8049,226,1,44766.35,0.0,44766.35,30,31336.445
13735,8049,483,3,14895.15,0.0,44685.45,20,11916.12
13736,8050,907,1,1423.0,88.2,1334.8,10,1280.7
13737,8050,580,1,870.31,108.52,761.79,10,783.279
13738,8051,223,2,986.9,130.99,1842.81,10,888.21
13739,8051,1027,1,37556.23,4031.37,33524.86,0,37556.23
13740,8051,1337,1,618.42,25.42,593.0,0,618.42
13741,8052,1106,1,8946.99,517.6,8429.39,0,8946.99
13742,8052,889,3,3143.04,490.88,8938.24,30,2200.128
13743,8053,1044,3,9021.21,0.0,27063.63,0,9021.21
13744,8053,776,2,1435.82,0.0,2871.64,10,1292.238
13745,8054,462,1,80667.3,8887.71,71779.59,30,56467.11
13746,8055,1508,1,2634.42,0.0,2634.42,30,1844.094
13747,8055,308,1,93084.78,0.0,93084.78,20,74467.82400000001
13748,8055,217,3,39439.67,0.0,118319.01,20,31551.736
13749,8055,210,1,1699.58,0.0,1699.58,10,1529.622
13750,8055,1440,1,357.51,0.0,357.51,20,286.008
13751,8056,145,1,274.73,0.0,274.73,0,274.73
13752,8057,1087,1,1167.58,140.94,1026.64,10,1050.822
13753,8057,1422,1,1818.34,218.63,1599.71,0,1818.34
13754,8058,1503,1,49950.6,0.0,49950.6,0,49950.6
13755,8058,810,1,26333.87,0.0,26333.87,30,18433.709
13756,8058,1449,1,1798.6,0.0,1798.6,20,1438.88
13757,8059,906,2,52750.88,1400.2,104101.56,0,52750.88
13758,8060,501,3,2459.62,146.75,7232.11,0,2459.62
13759,8061,713,1,1957.25,161.15,1796.1,30,1370.0749999999998
13760,8061,1110,1,1968.96,70.53,1898.43,20,1575.168
13761,8062,127,1,2230.56,0.0,2230.56,10,2007.504
13762,8062,729,1,68134.25,0.0,68134.25,0,68134.25
13763,8063,378,1,8651.16,75.03,8576.13,0,8651.16
13764,8064,440,1,1285.35,0.0,1285.35,10,1156.815
13765,8064,471,2,1279.56,0.0,2559.12,30,895.6919999999999
13766,8065,435,1,1009.65,124.16,885.49,0,1009.65
13767,8066,905,1,7124.42,918.98,6205.44,20,5699.536
13768,8067,450,1,162867.91,15756.69,147111.22,20,130294.328
13769,8067,778,1,1267.98,52.09,1215.89,10,1141.182
13770,8067,1045,1,3767.71,36.16,3731.55,30,2637.397
13771,8067,1402,1,66573.21,6393.31,60179.9,30,46601.247
13772,8067,532,1,3702.86,335.9,3366.96,0,3702.86
13773,8068,444,1,3621.4,0.0,3621.4,20,2897.1200000000003
13774,8069,933,2,1968.53,0.0,3937.06,10,1771.677
13775,8069,764,2,2664.12,0.0,5328.24,10,2397.708
13776,8070,142,1,1981.3,0.0,1981.3,30,1386.91
13777,8070,697,2,415.23,0.0,830.46,10,373.7070000000001
13778,8071,777,1,1619.93,108.3,1511.63,20,1295.9440000000002
13779,8072,1245,1,40671.19,5614.43,35056.76,0,40671.19
13780,8073,211,1,1481.21,160.43,1320.78,0,1481.21
13781,8074,492,1,705.8,38.63,667.17,10,635.22
13782,8075,852,1,2573.04,134.96,2438.08,30,1801.128
13783,8075,827,1,1826.44,264.57,1561.87,10,1643.796
13784,8076,342,1,4315.91,52.48,4263.43,0,4315.91
13785,8077,1170,1,4694.51,498.63,4195.88,30,3286.157
13786,8077,1138,1,3203.49,25.66,3177.83,0,3203.49
13787,8077,768,1,50561.03,3288.94,47272.09,0,50561.03
13788,8078,1541,1,22410.21,0.0,22410.21,30,15687.147
13789,8079,1499,3,29009.65,11504.45,75524.5,20,23207.72
13790,8079,431,2,2733.95,206.34,5261.56,0,2733.95
13791,8079,620,1,172365.66,24311.65,148054.01,20,137892.52800000002
13792,8079,37,2,1893.59,358.62,3428.56,0,1893.59
13793,8080,1282,1,41855.8,4581.93,37273.87,20,33484.64000000001
13794,8081,387,1,538.52,23.44,515.08,0,538.52
13795,8081,58,1,2642.32,96.37,2545.95,30,1849.624
13796,8081,384,2,4128.03,897.22,7358.84,0,4128.03
13797,8081,1468,1,3913.73,57.23,3856.5,10,3522.357
13798,8081,1343,1,1805.81,269.25,1536.56,30,1264.0669999999998
13799,8082,1403,1,2570.65,172.19,2398.46,10,2313.585
13800,8083,345,3,1234.99,530.79,3174.18,30,864.4929999999999
13801,8083,598,1,3271.1,386.56,2884.54,30,2289.77
13802,8084,1277,1,48882.84,3928.68,44954.16,30,34217.988
13803,8085,1252,2,4619.51,426.11,8812.91,0,4619.51
13804,8086,1230,1,994.26,39.86,954.4,30,695.982
13805,8086,751,1,808.3,44.13,764.17,0,808.3
13806,8086,768,1,50561.03,5423.53,45137.5,10,45504.927
13807,8086,32,1,37169.45,3689.65,33479.8,20,29735.56
13808,8086,1384,1,2175.55,161.31,2014.24,20,1740.4400000000005
13809,8087,1012,1,1697.86,7.48,1690.38,0,1697.86
13810,8088,865,1,22469.84,0.0,22469.84,30,15728.888
13811,8089,1599,1,4254.12,446.28,3807.84,30,2977.884
13812,8090,1207,1,144.94,2.52,142.42,0,144.94
13813,8090,108,1,108060.7,12354.61,95706.09,10,97254.63
13814,8090,79,3,37609.6,14242.02,98586.78,30,26326.72
13815,8091,326,1,1199.33,0.0,1199.33,20,959.464
13816,8092,1496,1,1656.55,32.0,1624.55,0,1656.55
13817,8092,538,1,636.0,70.05,565.95,10,572.4
13818,8093,1200,1,2190.69,273.37,1917.32,20,1752.552
13819,8093,1288,1,1110.07,40.39,1069.68,30,777.0489999999999
13820,8093,542,2,62378.47,14647.12,110109.82,0,62378.47
13821,8093,1367,1,1115.97,137.76,978.21,0,1115.97
13822,8093,176,1,95686.66,9113.29,86573.37,30,66980.662
13823,8094,1216,1,82298.09,0.0,82298.09,30,57608.66299999999
13824,8095,768,1,50561.03,0.0,50561.03,0,50561.03
13825,8096,834,1,2103.24,284.55,1818.69,10,1892.916
13826,8097,937,1,4363.89,0.0,4363.89,0,4363.89
13827,8097,1367,1,1115.97,0.0,1115.97,20,892.7760000000001
13828,8097,818,1,1924.73,0.0,1924.73,10,1732.257
13829,8097,507,1,55812.59,0.0,55812.59,10,50231.331
13830,8097,261,1,38676.18,0.0,38676.18,10,34808.562
13831,8098,1460,1,2215.95,0.0,2215.95,10,1994.355
13832,8099,82,1,2097.58,0.0,2097.58,0,2097.58
13833,8100,986,1,57564.41,789.13,56775.28,10,51807.969000000005
13834,8100,441,1,3621.08,286.69,3334.39,30,2534.756
13835,8101,598,1,3271.1,0.0,3271.1,30,2289.77
13836,8101,1314,1,2752.88,0.0,2752.88,0,2752.88
13837,8101,564,1,2777.89,0.0,2777.89,10,2500.101
13838,8101,782,1,32396.84,0.0,32396.84,10,29157.156
13839,8102,882,1,151.22,8.99,142.23,30,105.854
13840,8103,1303,3,15195.95,4621.61,40966.24,10,13676.355
13841,8104,831,3,3180.63,0.0,9541.89,0,3180.63
13842,8105,93,2,26807.56,1417.9,52197.22,0,26807.56
13843,8106,1409,1,4364.77,0.0,4364.77,0,4364.77
13844,8107,1182,1,2775.93,0.0,2775.93,30,1943.151
13845,8108,276,1,64431.04,657.06,63773.98,0,64431.04
13846,8109,1398,1,2940.48,235.72,2704.76,0,2940.48
13847,8109,1044,2,9021.21,1193.69,16848.73,0,9021.21
13848,8110,1329,1,2430.96,21.4,2409.56,30,1701.672
13849,8111,1246,1,1880.46,0.0,1880.46,10,1692.414
13850,8112,1039,1,2221.48,0.0,2221.48,0,2221.48
13851,8113,395,1,2765.23,31.63,2733.6,10,2488.707
13852,8114,120,1,127274.2,0.0,127274.2,0,127274.2
13853,8114,1401,1,3069.45,0.0,3069.45,0,3069.45
13854,8115,243,1,67752.1,0.0,67752.1,30,47426.47
13855,8116,478,1,108976.92,0.0,108976.92,0,108976.92
13856,8116,1212,1,157753.88,0.0,157753.88,10,141978.492
13857,8116,1440,1,357.51,0.0,357.51,10,321.759
13858,8116,286,1,2792.23,0.0,2792.23,0,2792.23
13859,8117,948,1,3718.48,426.81,3291.67,10,3346.632
13860,8118,445,2,550.01,106.43,993.59,20,440.008
13861,8119,366,1,1689.79,0.0,1689.79,10,1520.811
13862,8120,422,1,477.95,26.71,451.24,10,430.155
13863,8120,301,2,3075.11,35.0,6115.22,20,2460.088
13864,8120,789,1,83642.73,4339.96,79302.77,10,75278.457
13865,8120,1452,3,71498.52,14556.27,199939.29,20,57198.816000000006
13866,8121,1004,1,2995.17,361.99,2633.18,30,2096.619
13867,8122,1278,1,110118.08,0.0,110118.08,10,99106.272
13868,8122,127,1,2230.56,0.0,2230.56,0,2230.56
13869,8123,854,1,70830.14,0.0,70830.14,30,49581.098
13870,8124,217,1,39439.67,5178.76,34260.91,0,39439.67
13871,8124,1508,2,2634.42,302.57,4966.27,20,2107.536
13872,8125,1497,1,9582.92,722.04,8860.88,20,7666.336
13873,8126,1460,1,2215.95,327.87,1888.08,10,1994.355
13874,8126,1160,1,3385.71,97.88,3287.83,30,2369.997
13875,8127,408,2,1535.98,253.73,2818.23,10,1382.382
13876,8128,1160,1,3385.71,0.0,3385.71,20,2708.568
13877,8129,1262,1,643.39,0.0,643.39,10,579.051
13878,8130,801,1,13055.24,1283.95,11771.29,20,10444.192
13879,8130,1326,2,1936.13,179.92,3692.34,30,1355.291
13880,8131,1023,1,36297.55,2059.7,34237.85,10,32667.795
13881,8132,250,1,47627.73,683.04,46944.69,0,47627.73
13882,8132,30,1,2584.77,343.09,2241.68,10,2326.293
13883,8133,248,3,1908.15,0.0,5724.45,30,1335.705
13884,8134,984,1,79210.58,9486.22,69724.36,30,55447.406
13885,8135,234,1,47459.41,0.0,47459.41,30,33221.587
13886,8136,1326,2,1936.13,449.72,3422.54,20,1548.9040000000002
13887,8136,1392,1,14134.24,650.9,13483.34,10,12720.816
13888,8136,695,2,887.94,260.47,1515.41,20,710.3520000000001
13889,8137,1121,1,3804.86,305.95,3498.91,10,3424.3740000000003
13890,8137,1139,1,1288.36,159.87,1128.49,20,1030.688
13891,8138,1403,1,2570.65,0.0,2570.65,30,1799.455
13892,8138,821,1,81761.55,0.0,81761.55,0,81761.55
13893,8138,644,1,2644.87,0.0,2644.87,0,2644.87
13894,8139,1318,1,2903.92,0.0,2903.92,30,2032.744
13895,8139,562,1,2288.25,0.0,2288.25,20,1830.6
13896,8139,1246,3,1880.46,0.0,5641.38,20,1504.3680000000002
13897,8139,896,1,1901.81,0.0,1901.81,20,1521.448
13898,8139,1200,1,2190.69,0.0,2190.69,0,2190.69
13899,8140,48,2,29841.27,6111.43,53571.11,30,20888.889
13900,8140,555,2,49699.72,3003.29,96396.15,20,39759.776000000005
13901,8140,1051,1,18311.46,1461.91,16849.55,10,16480.314
13902,8140,337,1,4173.88,129.13,4044.75,0,4173.88
13903,8140,411,2,2910.53,203.03,5618.03,30,2037.371
13904,8141,55,1,38559.98,0.0,38559.98,0,38559.98
13905,8141,567,1,3731.6,0.0,3731.6,30,2612.12
13906,8141,365,1,4019.88,0.0,4019.88,30,2813.916
13907,8142,529,1,2902.91,0.0,2902.91,0,2902.91
13908,8143,696,1,74127.77,5115.18,69012.59,30,51889.439
13909,8144,1288,1,1110.07,55.13,1054.94,0,1110.07
13910,8144,555,1,49699.72,3109.11,46590.61,30,34789.804
13911,8145,1526,1,111921.52,1370.19,110551.33,0,111921.52
13912,8145,380,1,2644.48,258.72,2385.76,10,2380.032
13913,8146,529,1,2902.91,0.0,2902.91,10,2612.619
13914,8147,217,1,39439.67,0.0,39439.67,10,35495.703
13915,8147,620,1,172365.66,0.0,172365.66,20,137892.52800000002
13916,8148,597,1,2650.0,195.28,2454.72,20,2120.0
13917,8149,821,1,81761.55,6658.43,75103.12,30,57233.085
13918,8149,1353,1,2813.37,403.47,2409.9,30,1969.359
13919,8150,951,2,909.66,0.0,1819.32,0,909.66
13920,8151,1491,1,2236.47,227.04,2009.43,20,1789.176
13921,8151,1150,1,2765.55,10.69,2754.86,20,2212.44
13922,8152,1480,1,4188.58,488.09,3700.49,30,2932.006
13923,8152,937,3,4363.89,559.37,12532.3,20,3491.1120000000005
13924,8152,1268,1,30703.2,3682.42,27020.78,10,27632.88
13925,8152,493,1,3440.64,16.71,3423.93,0,3440.64
13926,8152,1016,1,36631.13,4477.8,32153.33,0,36631.13
13927,8153,1371,1,316.58,0.0,316.58,30,221.606
13928,8154,1378,1,1742.34,0.0,1742.34,0,1742.34
13929,8154,1018,1,376.18,0.0,376.18,20,300.944
13930,8154,442,2,1278.0,0.0,2556.0,0,1278.0
13931,8154,1447,1,1595.48,0.0,1595.48,20,1276.384
13932,8154,1296,1,1446.41,0.0,1446.41,10,1301.769
13933,8155,855,1,440.43,0.0,440.43,30,308.301
13934,8156,362,2,122309.51,14409.39,230209.63,0,122309.51
13935,8156,743,1,2269.05,266.91,2002.14,20,1815.24
13936,8157,1426,3,2854.6,580.98,7982.82,0,2854.6
13937,8158,1042,1,90516.75,0.0,90516.75,20,72413.40000000001
13938,8159,1560,1,77206.12,5919.18,71286.94,0,77206.12
13939,8160,1211,2,3864.77,924.65,6804.89,0,3864.77
13940,8161,1543,1,3269.88,0.0,3269.88,30,2288.916
13941,8161,1539,1,1510.58,0.0,1510.58,30,1057.406
13942,8162,239,1,2760.99,178.27,2582.72,0,2760.99
13943,8163,358,2,1436.42,102.75,2770.09,30,1005.494
13944,8163,1123,1,3390.11,150.71,3239.4,30,2373.077
13945,8164,594,3,1492.9,295.36,4183.34,0,1492.9
13946,8165,463,3,3827.3,0.0,11481.9,20,3061.84
13947,8165,1160,1,3385.71,0.0,3385.71,0,3385.71
13948,8165,59,1,3388.26,0.0,3388.26,20,2710.608
13949,8165,105,1,172880.36,0.0,172880.36,0,172880.36
13950,8166,215,1,8966.72,683.72,8283.0,10,8070.048
13951,8166,1410,1,25912.99,1838.82,24074.17,20,20730.392000000003
13952,8167,329,1,110700.38,3801.65,106898.73,30,77490.266
13953,8167,521,1,322.75,5.2,317.55,30,225.925
13954,8168,200,2,3189.27,591.83,5786.71,30,2232.489
13955,8169,1336,1,4092.74,0.0,4092.74,20,3274.192
13956,8170,1473,1,1456.73,0.0,1456.73,30,1019.711
13957,8170,264,2,1134.64,0.0,2269.28,10,1021.1760000000002
13958,8171,967,2,87744.71,8568.0,166921.42,0,87744.71
13959,8171,1361,1,4756.92,157.42,4599.5,20,3805.536
13960,8171,1252,1,4619.51,505.69,4113.82,20,3695.608
13961,8172,153,1,39307.26,4486.04,34821.22,30,27515.082
13962,8173,1054,1,1342.53,194.65,1147.88,20,1074.024
13963,8173,859,1,1010.17,64.83,945.34,0,1010.17
13964,8174,886,2,293.19,16.19,570.19,0,293.19
13965,8175,1216,1,82298.09,822.92,81475.17,10,74068.281
13966,8176,811,1,1385.81,167.48,1218.33,20,1108.648
13967,8176,1379,1,78359.54,52.25,78307.29,0,78359.54
13968,8176,1554,3,2832.89,226.55,8272.12,20,2266.312
13969,8177,1364,2,23422.89,573.2,46272.58,20,18738.312
13970,8177,188,1,43239.04,2503.25,40735.79,20,34591.232
13971,8178,1570,1,40567.16,0.0,40567.16,30,28397.012
13972,8178,14,1,2125.0,0.0,2125.0,20,1700.0
13973,8179,383,1,1151.25,34.77,1116.48,30,805.875
13974,8180,106,1,23476.97,0.0,23476.97,30,16433.879
13975,8181,492,1,705.8,10.42,695.38,30,494.06
13976,8181,1451,1,397.42,49.86,347.56,10,357.678
13977,8182,1360,1,2586.67,112.96,2473.71,30,1810.669
13978,8183,1479,1,948.68,123.7,824.98,0,948.68
13979,8184,170,1,100878.51,0.0,100878.51,20,80702.808
13980,8185,5,2,331.76,0.0,663.52,30,232.232
13981,8185,593,1,47231.85,0.0,47231.85,30,33062.295
13982,8185,1292,2,848.45,0.0,1696.9,30,593.915
13983,8185,1524,1,4935.26,0.0,4935.26,20,3948.208000000001
13984,8186,606,1,87181.18,9144.13,78037.05,0,87181.18
13985,8187,983,1,125294.18,0.0,125294.18,10,112764.762
13986,8187,297,1,10115.63,0.0,10115.63,0,10115.63
13987,8187,669,1,22639.24,0.0,22639.24,0,22639.24
13988,8187,1268,1,30703.2,0.0,30703.2,30,21492.24
13989,8188,433,1,93895.84,1373.99,92521.85,30,65727.08799999999
13990,8189,15,2,1095.25,122.07,2068.43,20,876.2
13991,8190,252,1,2068.04,43.72,2024.32,20,1654.432
13992,8190,1352,1,10981.21,1453.87,9527.34,0,10981.21
13993,8191,143,1,2617.21,233.92,2383.29,30,1832.047
13994,8192,396,3,2865.73,269.23,8327.96,30,2006.011
13995,8193,293,1,40759.07,3235.3,37523.77,30,28531.349
13996,8194,437,1,2583.87,108.87,2475.0,0,2583.87
13997,8194,674,2,2535.97,391.09,4680.85,0,2535.97
13998,8195,1324,1,70919.44,6473.22,64446.22,0,70919.44
13999,8195,203,1,543.78,53.27,490.51,20,435.024
14000,8196,1471,1,3182.48,0.0,3182.48,0,3182.48
14001,8197,1384,1,2175.55,213.18,1962.37,0,2175.55
14002,8198,148,1,60801.41,2999.3,57802.11,30,42560.987
14003,8199,775,1,1623.11,0.0,1623.11,0,1623.11
14004,8199,1198,1,2934.15,0.0,2934.15,20,2347.32
14005,8199,287,1,5144.9,0.0,5144.9,30,3601.4299999999994
14006,8199,132,1,2548.46,0.0,2548.46,20,2038.768
14007,8199,55,1,38559.98,0.0,38559.98,30,26991.986
14008,8200,433,2,93895.84,18837.51,168954.17,10,84506.256
14009,8200,790,1,88440.69,4692.87,83747.82,20,70752.55200000001
14010,8200,305,1,3492.14,287.62,3204.52,0,3492.14
14011,8200,398,1,2421.46,303.95,2117.51,10,2179.3140000000003
14012,8200,1007,1,7088.49,48.62,7039.87,20,5670.792
14013,8201,103,1,3868.11,0.0,3868.11,0,3868.11
14014,8202,29,1,42286.57,4395.67,37890.9,0,42286.57
14015,8202,1001,1,47120.94,2015.26,45105.68,20,37696.752
14016,8203,1121,1,3804.86,0.0,3804.86,30,2663.402
14017,8204,84,1,2164.95,144.62,2020.33,0,2164.95
14018,8205,412,1,5380.91,0.0,5380.91,20,4304.728
14019,8205,125,1,7109.25,0.0,7109.25,20,5687.400000000001
14020,8206,116,1,2413.81,290.17,2123.64,10,2172.429
14021,8206,532,1,3702.86,210.74,3492.12,0,3702.86
14022,8206,1201,2,74263.81,18327.74,130199.88,0,74263.81
14023,8207,813,1,46231.71,2018.24,44213.47,0,46231.71
14024,8208,1548,1,174.01,4.63,169.38,0,174.01
14025,8209,972,1,58923.09,0.0,58923.09,20,47138.472
14026,8209,324,1,112608.37,0.0,112608.37,10,101347.533
14027,8209,511,2,621.58,0.0,1243.16,30,435.106
14028,8209,269,1,130385.87,0.0,130385.87,20,104308.696
14029,8209,1252,1,4619.51,0.0,4619.51,20,3695.608
14030,8210,1239,1,1812.2,219.66,1592.54,0,1812.2
14031,8211,568,1,163028.84,12278.8,150750.04,20,130423.072
14032,8212,1461,1,33088.65,1040.07,32048.58,0,33088.65
14033,8212,427,1,51715.55,5754.26,45961.29,0,51715.55
14034,8213,36,1,627.76,86.98,540.78,10,564.984
14035,8214,873,2,1037.71,168.13,1907.29,30,726.3969999999999
14036,8215,1089,1,76783.54,7397.84,69385.7,20,61426.832
14037,8215,1583,1,1683.61,116.43,1567.18,0,1683.61
14038,8216,1207,2,144.94,41.32,248.56,10,130.446
14039,8217,1405,1,2466.18,0.0,2466.18,0,2466.18
14040,8218,518,1,2482.37,0.0,2482.37,20,1985.896
14041,8219,991,2,6557.76,146.61,12968.91,10,5901.984
14042,8220,710,3,32724.34,0.0,98173.02,0,32724.34
14043,8221,160,1,589.97,0.0,589.97,0,589.97
14044,8222,1130,1,96459.24,12484.77,83974.47,30,67521.468
14045,8223,586,1,1501.47,139.48,1361.99,30,1051.029
14046,8223,94,1,43997.06,3304.54,40692.52,0,43997.06
14047,8223,169,1,6619.4,166.96,6452.44,0,6619.4
14048,8223,1278,1,110118.08,1034.01,109084.07,10,99106.272
14049,8224,334,2,1881.36,0.0,3762.72,20,1505.088
14050,8225,1488,2,62639.65,13437.94,111841.36,30,43847.755
14051,8225,676,1,2284.87,22.24,2262.63,10,2056.383
14052,8226,1194,1,1471.98,205.85,1266.13,30,1030.386
14053,8226,112,1,86793.43,2805.16,83988.27,20,69434.74399999999
14054,8226,1442,1,547.89,54.66,493.23,10,493.101
14055,8227,1342,1,2246.14,52.87,2193.27,30,1572.2979999999998
14056,8228,479,1,721.06,22.53,698.53,0,721.06
14057,8229,194,2,2698.45,382.96,5013.94,10,2428.605
14058,8230,130,1,7348.9,0.0,7348.9,20,5879.12
14059,8230,324,2,112608.37,0.0,225216.74,0,112608.37
14060,8230,1028,1,108995.56,0.0,108995.56,0,108995.56
14061,8231,1159,2,285.32,0.0,570.64,0,285.32
14062,8231,1398,1,2940.48,0.0,2940.48,0,2940.48
14063,8231,1301,1,4881.31,0.0,4881.31,20,3905.0480000000007
14064,8231,12,1,13993.18,0.0,13993.18,10,12593.862
14065,8232,1265,1,753.76,0.0,753.76,0,753.76
14066,8232,1168,1,918.19,0.0,918.19,0,918.19
14067,8232,424,1,2557.15,0.0,2557.15,10,2301.435
14068,8232,142,3,1981.3,0.0,5943.9,0,1981.3
14069,8233,1332,1,29617.39,3750.8,25866.59,30,20732.173
14070,8234,1317,2,2594.28,0.0,5188.56,20,2075.4240000000004
14071,8235,1425,1,38118.15,0.0,38118.15,0,38118.15
14072,8236,1168,1,918.19,9.62,908.57,0,918.19
14073,8237,48,1,29841.27,693.94,29147.33,20,23873.016000000003
14074,8238,1033,1,6964.85,0.0,6964.85,10,6268.365000000001
14075,8239,710,1,32724.34,0.0,32724.34,10,29451.906
14076,8240,393,2,28510.23,0.0,57020.46,10,25659.207
14077,8241,914,1,3732.26,547.65,3184.61,20,2985.8080000000004
14078,8242,746,1,118090.14,1411.1,116679.04,10,106281.126
14079,8242,286,2,2792.23,469.52,5114.94,0,2792.23
14080,8242,963,1,121884.72,4515.17,117369.55,20,97507.776
14081,8242,398,1,2421.46,328.81,2092.65,20,1937.168
14082,8243,377,1,53405.16,3131.98,50273.18,10,48064.64400000001
14083,8243,106,1,23476.97,3386.8,20090.17,0,23476.97
14084,8244,704,1,2086.13,22.24,2063.89,10,1877.517
14085,8244,695,3,887.94,389.75,2274.07,20,710.3520000000001
14086,8244,964,2,2212.96,158.01,4267.91,0,2212.96
14087,8244,608,1,39712.41,1852.4,37860.01,10,35741.169
14088,8244,216,2,3406.16,612.04,6200.28,0,3406.16
14089,8245,1147,1,14582.77,1871.2,12711.57,30,10207.939
14090,8246,149,3,3820.3,1597.61,9863.29,30,2674.21
14091,8247,229,1,3924.91,0.0,3924.91,10,3532.419
14092,8248,1599,1,4254.12,273.58,3980.54,30,2977.884
14093,8249,1482,1,3329.89,68.51,3261.38,10,2996.901
14094,8249,1517,1,3093.55,318.56,2774.99,0,3093.55
14095,8249,656,1,1650.33,168.69,1481.64,0,1650.33
14096,8249,651,1,82264.94,2768.27,79496.67,0,82264.94
14097,8249,1248,1,1795.23,111.77,1683.46,10,1615.707
14098,8250,1428,1,1939.56,77.32,1862.24,30,1357.6919999999998
14099,8251,281,1,1372.61,203.47,1169.14,10,1235.349
14100,8252,151,1,3701.2,0.0,3701.2,30,2590.84
14101,8252,1484,2,86983.02,0.0,173966.04,10,78284.71800000001
14102,8253,1462,1,8081.65,0.0,8081.65,20,6465.32
14103,8253,511,1,621.58,0.0,621.58,20,497.26400000000007
14104,8254,1414,1,605.84,65.27,540.57,30,424.088
14105,8254,4,1,121078.87,11236.76,109842.11,10,108970.983
14106,8255,125,1,7109.25,176.87,6932.38,20,5687.400000000001
14107,8256,1432,1,1342.16,76.99,1265.17,30,939.512
14108,8257,846,1,3823.36,283.32,3540.04,30,2676.352
14109,8258,1214,2,84155.3,0.0,168310.6,10,75739.77
14110,8259,1129,1,42340.3,991.24,41349.06,0,42340.3
14111,8259,1295,3,4110.18,15.49,12315.05,30,2877.126
14112,8260,1214,2,84155.3,23387.73,144922.87,10,75739.77
14113,8260,614,1,1468.78,138.19,1330.59,20,1175.024
14114,8261,985,1,3261.61,0.0,3261.61,20,2609.2880000000005
14115,8262,1343,1,1805.81,195.63,1610.18,20,1444.648
14116,8263,23,1,2254.98,0.0,2254.98,10,2029.482
14117,8264,390,1,48086.5,0.0,48086.5,10,43277.85
14118,8265,1197,1,2785.23,302.96,2482.27,30,1949.661
14119,8266,491,1,529.3,51.47,477.83,0,529.3
14120,8266,490,2,119759.19,23633.33,215885.05,0,119759.19
14121,8267,910,1,112070.62,9921.87,102148.75,30,78449.434
14122,8268,591,1,1912.99,0.0,1912.99,0,1912.99
14123,8269,1100,1,7209.62,653.27,6556.35,10,6488.658
14124,8270,93,1,26807.56,1537.9,25269.66,0,26807.56
14125,8271,1340,1,4036.45,494.24,3542.21,30,2825.515
14126,8271,1036,1,4064.58,181.08,3883.5,0,4064.58
14127,8272,1208,1,115536.04,15061.1,100474.94,30,80875.22799999999
14128,8272,629,1,8978.53,7.98,8970.55,30,6284.9710000000005
14129,8273,560,2,30947.74,0.0,61895.48,30,21663.418
14130,8274,269,1,130385.87,0.0,130385.87,30,91270.109
14131,8275,1514,1,411.96,0.0,411.96,0,411.96
14132,8276,302,1,16886.71,2321.08,14565.63,30,11820.696999999998
14133,8277,74,1,2354.49,322.17,2032.32,20,1883.592
14134,8278,464,1,92357.26,7151.54,85205.72,20,73885.808
14135,8278,672,1,2275.78,83.4,2192.38,20,1820.6240000000005
14136,8278,910,1,112070.62,12393.8,99676.82,30,78449.434
14137,8279,1049,1,26000.8,409.72,25591.08,10,23400.72
14138,8279,998,2,2566.35,559.25,4573.45,30,1796.4449999999997
14139,8279,1166,1,2881.52,190.01,2691.51,20,2305.216
14140,8279,896,1,1901.81,83.43,1818.38,30,1331.2669999999998
14141,8279,690,2,2245.24,394.83,4095.65,0,2245.24
14142,8280,1589,1,103645.76,6651.42,96994.34,30,72552.03199999999
14143,8281,1595,1,18497.48,1479.88,17017.6,10,16647.732
14144,8282,880,1,3054.09,275.82,2778.27,0,3054.09
14145,8282,130,1,7348.9,510.77,6838.13,0,7348.9
14146,8283,115,1,362.06,0.0,362.06,30,253.442
14147,8283,979,1,4138.39,0.0,4138.39,20,3310.7120000000004
14148,8283,1158,1,973.98,0.0,973.98,20,779.1840000000001
14149,8283,615,2,513.46,0.0,1026.92,20,410.768
14150,8284,714,1,2767.25,74.96,2692.29,20,2213.8
14151,8285,833,1,3282.57,354.01,2928.56,0,3282.57
14152,8286,1131,1,1576.54,29.19,1547.35,0,1576.54
14153,8287,1004,1,2995.17,0.0,2995.17,20,2396.136
14154,8288,1235,1,553.98,0.0,553.98,0,553.98
14155,8289,327,1,29823.32,471.75,29351.57,20,23858.656000000003
14156,8290,403,1,170966.64,0.0,170966.64,30,119676.648
14157,8291,321,1,14713.75,0.0,14713.75,10,13242.375
14158,8292,74,1,2354.49,175.31,2179.18,20,1883.592
14159,8292,1525,1,368.87,42.66,326.21,20,295.096
14160,8293,1363,1,3136.2,279.18,2857.02,20,2508.96
14161,8294,1437,1,889.31,48.08,841.23,20,711.448
14162,8295,834,1,2103.24,248.5,1854.74,10,1892.916
14163,8296,434,2,3512.59,20.23,7004.95,20,2810.072
14164,8297,855,2,440.43,75.39,805.47,10,396.387
14165,8297,1368,1,2174.86,303.05,1871.81,30,1522.402
14166,8297,900,1,1911.43,8.54,1902.89,0,1911.43
14167,8297,1293,1,1046.89,96.29,950.6,0,1046.89
14168,8298,850,1,2717.09,127.94,2589.15,10,2445.3810000000003
14169,8299,775,1,1623.11,6.61,1616.5,0,1623.11
14170,8300,1280,3,8871.08,2290.18,24323.06,0,8871.08
14171,8301,1248,2,1795.23,0.0,3590.46,0,1795.23
14172,8301,697,1,415.23,0.0,415.23,30,290.661
14173,8302,777,2,1619.93,0.0,3239.86,10,1457.937
14174,8302,949,1,2388.11,0.0,2388.11,0,2388.11
14175,8302,1314,1,2752.88,0.0,2752.88,0,2752.88
14176,8303,407,1,2254.94,0.0,2254.94,20,1803.952
14177,8304,1501,1,31743.02,2027.57,29715.45,20,25394.416
14178,8305,1453,1,35984.99,0.0,35984.99,0,35984.99
14179,8306,288,1,6762.4,226.81,6535.59,0,6762.4
14180,8307,471,1,1279.56,0.0,1279.56,0,1279.56
14181,8308,711,1,26621.13,0.0,26621.13,0,26621.13
14182,8308,1007,2,7088.49,0.0,14176.98,10,6379.641
14183,8309,871,1,2192.25,212.34,1979.91,20,1753.8000000000002
14184,8310,1049,1,26000.8,1374.18,24626.62,0,26000.8
14185,8310,601,1,131194.89,6450.72,124744.17,0,131194.89
14186,8310,1019,1,321.92,20.31,301.61,30,225.344
14187,8311,1166,1,2881.52,0.0,2881.52,30,2017.064
14188,8312,840,1,162782.38,15529.37,147253.01,30,113947.666
14189,8312,1215,1,3634.8,474.95,3159.85,20,2907.84
14190,8312,607,2,3784.6,300.41,7268.79,20,3027.6800000000003
14191,8313,78,1,24058.57,0.0,24058.57,0,24058.57
14192,8313,741,1,2631.03,0.0,2631.03,0,2631.03
14193,8313,863,1,3692.9,0.0,3692.9,20,2954.32
14194,8313,140,1,2580.55,0.0,2580.55,20,2064.44
14195,8314,1337,1,618.42,26.37,592.05,0,618.42
14196,8314,503,1,44508.15,5205.0,39303.15,0,44508.15
14197,8315,43,1,6086.88,289.55,5797.33,10,5478.192
14198,8315,668,1,734.86,109.12,625.74,30,514.4019999999999
14199,8316,424,1,2557.15,0.0,2557.15,10,2301.435
14200,8317,21,1,417.88,56.36,361.52,0,417.88
14201,8318,187,2,3239.79,799.5,5680.08,30,2267.853
14202,8318,1332,2,29617.39,8514.75,50720.03,20,23693.912
14203,8318,1592,2,91342.6,4051.69,178633.51,30,63939.82
14204,8318,795,1,14011.76,1226.69,12785.07,10,12610.584
14205,8319,836,1,2325.57,0.0,2325.57,30,1627.899
14206,8320,545,2,470.77,9.22,932.32,20,376.616
14207,8321,1579,1,2698.3,236.38,2461.92,10,2428.4700000000003
14208,8322,1142,1,99.91,7.27,92.64,10,89.919
14209,8322,1348,3,3802.67,1168.92,10239.09,10,3422.403
14210,8323,1202,3,54005.3,0.0,162015.9,10,48604.77
14211,8324,1572,1,2427.87,187.0,2240.87,0,2427.87
14212,8324,1434,1,758.95,28.96,729.99,10,683.0550000000001
14213,8325,996,1,7148.19,201.79,6946.4,0,7148.19
14214,8325,715,3,114670.41,50239.42,293771.81,0,114670.41
14215,8325,1141,1,2583.37,200.39,2382.98,10,2325.033
14216,8325,1162,1,5062.81,414.36,4648.45,30,3543.967
14217,8326,67,1,5611.24,151.79,5459.45,30,3927.868
14218,8326,1485,3,31524.8,13892.76,80681.64,0,31524.8
14219,8327,1085,2,4236.56,199.25,8273.87,20,3389.2480000000005
14220,8328,60,2,1296.99,97.63,2496.35,30,907.893
14221,8328,272,1,8822.9,58.53,8764.37,10,7940.61
14222,8328,1376,1,901.13,132.44,768.69,20,720.904
14223,8328,538,1,636.0,79.55,556.45,0,636.0
14224,8329,674,2,2535.97,604.25,4467.69,20,2028.776
14225,8329,1023,1,36297.55,1399.91,34897.64,0,36297.55
14226,8330,1054,1,1342.53,0.0,1342.53,20,1074.024
14227,8330,463,2,3827.3,0.0,7654.6,30,2679.11
14228,8331,124,1,1916.25,218.31,1697.94,20,1533.0
14229,8332,118,1,29857.44,0.0,29857.44,0,29857.44
14230,8333,295,1,2098.64,44.5,2054.14,30,1469.0479999999998
14231,8333,1373,1,21018.4,1123.16,19895.24,30,14712.88
14232,8334,1032,1,3691.19,94.09,3597.1,20,2952.952
14233,8335,1076,1,439.99,0.0,439.99,0,439.99
14234,8336,417,1,2364.31,202.54,2161.77,30,1655.0169999999998
14235,8337,1032,1,3691.19,0.0,3691.19,20,2952.952
14236,8338,552,1,2589.95,236.51,2353.44,30,1812.965
14237,8338,601,2,131194.89,35246.34,227143.44,20,104955.912
14238,8339,973,2,30788.48,0.0,61576.96,10,27709.632
14239,8339,1277,1,48882.84,0.0,48882.84,10,43994.556
14240,8340,774,1,91105.66,0.0,91105.66,0,91105.66
14241,8341,352,1,93433.5,7756.8,85676.7,10,84090.15000000001
14242,8342,482,1,7050.68,312.39,6738.29,20,5640.544000000001
14243,8343,56,1,174294.31,16904.5,157389.81,10,156864.87900000002
14244,8344,248,1,1908.15,0.0,1908.15,0,1908.15
14245,8345,399,1,2809.7,0.0,2809.7,20,2247.76
14246,8346,24,1,143987.71,7250.86,136736.85,30,100791.39699999998
14247,8346,1199,1,1211.39,101.2,1110.19,0,1211.39
14248,8347,1236,1,529.36,19.29,510.07,0,529.36
14249,8347,671,1,24780.62,1078.18,23702.44,10,22302.558
14250,8347,1354,1,2097.47,205.42,1892.05,0,2097.47
14251,8347,405,1,56478.15,368.65,56109.5,20,45182.52
14252,8347,1021,1,77339.97,5039.47,72300.5,10,69605.973
14253,8348,1291,3,45103.84,0.0,135311.52,30,31572.687999999995
14254,8348,424,1,2557.15,0.0,2557.15,10,2301.435
14255,8349,1330,1,14735.58,1900.89,12834.69,20,11788.464
14256,8350,365,1,4019.88,51.74,3968.14,0,4019.88
14257,8351,231,2,3736.97,243.18,7230.76,10,3363.273
14258,8352,761,2,11092.68,0.0,22185.36,20,8874.144
14259,8352,1201,1,74263.81,0.0,74263.81,20,59411.048
14260,8352,1140,1,913.89,0.0,913.89,20,731.1120000000001
14261,8352,1520,1,2002.68,0.0,2002.68,10,1802.412
14262,8353,1440,1,357.51,34.11,323.4,30,250.257
14263,8354,389,2,1198.04,322.43,2073.65,0,1198.04
14264,8355,623,2,4342.57,719.18,7965.96,20,3474.056
14265,8356,1466,1,536.2,67.02,469.18,10,482.58
14266,8357,896,2,1901.81,0.0,3803.62,30,1331.2669999999998
14267,8357,885,1,51233.09,0.0,51233.09,30,35863.16299999999
14268,8357,319,1,6678.03,0.0,6678.03,20,5342.424
14269,8357,1003,2,3138.55,0.0,6277.1,30,2196.985
14270,8358,546,1,90167.22,12469.63,77697.59,20,72133.776
14271,8358,667,1,2282.98,315.2,1967.78,10,2054.682
14272,8359,179,1,71832.87,5471.07,66361.8,0,71832.87
14273,8359,972,2,58923.09,8933.17,108913.01,20,47138.472
14274,8360,1156,1,96292.57,74.75,96217.82,30,67404.799
14275,8360,1120,1,85415.3,12157.17,73258.13,30,59790.71
14276,8361,256,1,1894.02,0.0,1894.02,10,1704.618
14277,8361,1166,1,2881.52,0.0,2881.52,0,2881.52
14278,8361,614,2,1468.78,0.0,2937.56,0,1468.78
14279,8361,1224,1,3160.05,0.0,3160.05,20,2528.0400000000004
14280,8362,376,1,1921.2,125.11,1796.09,10,1729.0800000000002
14281,8362,1586,1,4275.29,576.72,3698.57,0,4275.29
14282,8362,144,1,2699.16,148.81,2550.35,10,2429.244
14283,8362,1445,2,1339.23,294.1,2384.36,0,1339.23
14284,8363,1113,1,4930.52,0.0,4930.52,30,3451.364
14285,8364,1138,1,3203.49,225.08,2978.41,0,3203.49
14286,8365,319,1,6678.03,70.62,6607.41,30,4674.620999999999
14287,8365,1204,2,122881.84,7376.46,238387.22,10,110593.656
14288,8366,1084,1,70352.07,0.0,70352.07,10,63316.863000000005
14289,8367,20,1,21536.92,0.0,21536.92,0,21536.92
14290,8368,360,1,32907.0,2850.65,30056.35,0,32907.0
14291,8369,1240,1,636.21,77.32,558.89,10,572.589
14292,8370,500,1,4108.13,583.09,3525.04,30,2875.691
14293,8370,1367,1,1115.97,24.4,1091.57,30,781.179
14294,8370,255,1,109573.83,13148.91,96424.92,20,87659.06400000001
14295,8370,807,1,39492.14,4213.21,35278.93,0,39492.14
14296,8371,301,1,3075.11,0.0,3075.11,30,2152.577
14297,8371,931,1,2958.87,0.0,2958.87,0,2958.87
14298,8371,437,1,2583.87,0.0,2583.87,10,2325.483
14299,8371,52,1,23600.44,0.0,23600.44,30,16520.307999999997
14300,8371,508,1,93055.46,0.0,93055.46,20,74444.368
14301,8372,20,1,21536.92,2463.75,19073.17,20,17229.536
14302,8373,1251,1,5415.24,0.0,5415.24,20,4332.192
14303,8374,437,1,2583.87,0.0,2583.87,20,2067.096
14304,8375,240,1,138590.82,0.0,138590.82,20,110872.65600000002
14305,8375,919,1,64205.31,0.0,64205.31,20,51364.248
14306,8375,761,1,11092.68,0.0,11092.68,0,11092.68
14307,8376,1368,1,2174.86,0.0,2174.86,20,1739.888
14308,8377,1210,1,769.6,0.0,769.6,0,769.6
14309,8377,416,1,2498.44,0.0,2498.44,30,1748.908
14310,8377,1266,1,60887.16,0.0,60887.16,30,42621.012
14311,8377,1464,1,11752.88,0.0,11752.88,10,10577.592
14312,8377,618,1,3480.15,0.0,3480.15,0,3480.15
14313,8378,1208,1,115536.04,0.0,115536.04,10,103982.436
14314,8379,221,1,1862.88,70.05,1792.83,20,1490.304
14315,8380,511,2,621.58,0.0,1243.16,30,435.106
14316,8381,285,1,3301.99,360.46,2941.53,0,3301.99
14317,8382,1239,1,1812.2,0.0,1812.2,10,1630.98
14318,8383,94,1,43997.06,529.92,43467.14,10,39597.354
14319,8384,542,1,62378.47,0.0,62378.47,20,49902.776000000005
14320,8385,393,2,28510.23,5387.88,51632.58,30,19957.161
14321,8386,572,1,2920.51,168.35,2752.16,10,2628.4590000000003
14322,8387,1483,1,3832.7,447.27,3385.43,20,3066.16
14323,8388,45,2,5292.4,597.96,9986.84,10,4763.16
14324,8388,432,1,13694.16,33.54,13660.62,10,12324.744
14325,8388,55,1,38559.98,994.21,37565.77,0,38559.98
14326,8388,545,1,470.77,63.04,407.73,0,470.77
14327,8388,526,1,69280.39,8410.1,60870.29,10,62352.351
14328,8389,437,1,2583.87,66.57,2517.3,10,2325.483
14329,8389,26,1,4152.23,327.77,3824.46,20,3321.784
14330,8389,769,1,4790.79,182.57,4608.22,0,4790.79
14331,8389,800,1,308.13,15.65,292.48,0,308.13
14332,8390,452,1,8006.2,611.01,7395.19,30,5604.339999999999
14333,8390,1212,1,157753.88,16308.96,141444.92,30,110427.716
14334,8390,529,1,2902.91,410.97,2491.94,30,2032.037
14335,8391,1101,2,2240.73,0.0,4481.46,20,1792.584
14336,8391,417,1,2364.31,0.0,2364.31,20,1891.448
14337,8392,559,1,7185.86,0.0,7185.86,10,6467.273999999999
14338,8392,1021,1,77339.97,0.0,77339.97,10,69605.973
14339,8393,221,1,1862.88,0.0,1862.88,20,1490.304
14340,8393,1396,1,4528.45,0.0,4528.45,10,4075.605
14341,8393,408,1,1535.98,0.0,1535.98,20,1228.784
14342,8393,1024,1,2654.56,0.0,2654.56,10,2389.104
14343,8393,1427,1,1223.85,0.0,1223.85,10,1101.465
14344,8394,844,1,3208.7,0.0,3208.7,30,2246.09
14345,8395,937,1,4363.89,0.0,4363.89,0,4363.89
14346,8396,675,1,1350.25,60.85,1289.4,30,945.175
14347,8397,1452,2,71498.52,20195.44,122801.6,30,50048.964
14348,8397,1240,1,636.21,70.16,566.05,10,572.589
14349,8398,340,2,652.5,0.0,1305.0,30,456.75
14350,8399,339,1,706.67,17.26,689.41,10,636.0029999999999
14351,8400,596,3,1371.16,0.0,4113.48,20,1096.928
14352,8400,1409,1,4364.77,0.0,4364.77,20,3491.8160000000007
14353,8400,42,1,7358.23,0.0,7358.23,20,5886.584
14354,8400,1111,2,92338.19,0.0,184676.38,0,92338.19
14355,8401,509,1,131134.7,8210.43,122924.27,30,91794.29
14356,8402,205,1,400.88,28.28,372.6,30,280.616
14357,8402,979,1,4138.39,580.97,3557.42,20,3310.7120000000004
14358,8403,1358,1,5886.45,819.4,5067.05,20,4709.16
14359,8404,296,1,13792.96,1612.6,12180.36,20,11034.368
14360,8404,1585,1,1472.08,21.7,1450.38,10,1324.872
14361,8404,1089,3,76783.54,11584.84,218765.78,30,53748.478
14362,8405,813,1,46231.71,0.0,46231.71,10,41608.539
14363,8406,193,2,129172.73,18456.78,239888.68,10,116255.457
14364,8407,328,1,1446.76,199.43,1247.33,20,1157.408
14365,8408,452,1,8006.2,71.6,7934.6,0,8006.2
14366,8409,1182,2,2775.93,633.26,4918.6,30,1943.151
14367,8409,1110,1,1968.96,83.56,1885.4,30,1378.272
14368,8409,893,1,1487.95,112.39,1375.56,30,1041.565
14369,8409,34,1,3014.06,119.99,2894.07,20,2411.248
14370,8409,1458,2,3481.03,1003.19,5958.87,20,2784.8240000000005
14371,8410,435,1,1009.65,0.0,1009.65,20,807.72
14372,8411,279,1,41417.49,224.95,41192.54,20,33133.992
14373,8412,809,1,36231.4,3151.86,33079.54,20,28985.120000000003
14374,8413,397,1,31159.3,3059.66,28099.64,0,31159.3
14375,8414,1577,1,499.74,0.0,499.74,20,399.792
14376,8415,1016,1,36631.13,0.0,36631.13,20,29304.904
14377,8415,328,1,1446.76,0.0,1446.76,20,1157.408
14378,8416,651,1,82264.94,0.0,82264.94,10,74038.44600000001
14379,8417,1041,1,441.29,59.49,381.8,30,308.903
14380,8418,847,1,1450.17,0.0,1450.17,0,1450.17
14381,8419,1389,1,2657.25,0.0,2657.25,0,2657.25
14382,8419,706,1,2585.08,0.0,2585.08,10,2326.572
14383,8419,675,1,1350.25,0.0,1350.25,20,1080.2
14384,8420,262,3,2826.04,109.29,8368.83,0,2826.04
14385,8421,1330,1,14735.58,0.0,14735.58,30,10314.906
14386,8421,350,1,667.72,0.0,667.72,10,600.9480000000001
14387,8422,1374,3,39316.48,0.0,117949.44,10,35384.832
14388,8423,1538,1,1905.21,109.6,1795.61,30,1333.647
14389,8424,323,2,87171.31,0.0,174342.62,20,69737.048
14390,8424,175,1,579.09,0.0,579.09,10,521.181
14391,8424,680,2,237.17,0.0,474.34,20,189.736
14392,8425,1439,1,8502.05,731.27,7770.78,30,5951.435
14393,8425,1187,1,175626.18,23309.66,152316.52,0,175626.18
14394,8425,140,1,2580.55,88.3,2492.25,30,1806.385
14395,8425,1422,1,1818.34,105.5,1712.84,10,1636.506
14396,8426,1568,1,113591.21,2503.73,111087.48,10,102232.089
14397,8427,497,2,3615.69,0.0,7231.38,30,2530.983
14398,8427,975,1,17084.55,0.0,17084.55,10,15376.095
14399,8428,630,1,646.69,14.49,632.2,0,646.69
14400,8428,129,1,879.21,98.21,781.0,20,703.368
14401,8428,875,2,28152.68,958.35,55347.01,10,25337.412
14402,8428,1575,2,1239.06,8.58,2469.54,10,1115.154
14403,8429,632,1,2584.26,329.89,2254.37,0,2584.26
14404,8430,300,1,180650.08,0.0,180650.08,10,162585.072
14405,8431,165,1,4937.72,619.94,4317.78,30,3456.404
14406,8432,1019,1,321.92,0.0,321.92,20,257.536
14407,8433,82,1,2097.58,184.53,1913.05,30,1468.3059999999998
14408,8434,392,2,3400.93,0.0,6801.86,0,3400.93
14409,8434,1198,1,2934.15,0.0,2934.15,0,2934.15
14410,8434,1425,1,38118.15,0.0,38118.15,30,26682.705
14411,8434,4,2,121078.87,0.0,242157.74,30,84755.20899999999
14412,8435,487,1,30451.12,0.0,30451.12,10,27406.008
14413,8436,642,1,42255.27,0.0,42255.27,0,42255.27
14414,8436,377,1,53405.16,0.0,53405.16,0,53405.16
14415,8437,1036,1,4064.58,0.0,4064.58,0,4064.58
14416,8437,1178,1,88183.51,0.0,88183.51,10,79365.159
14417,8438,1413,1,3338.33,105.98,3232.35,30,2336.831
14418,8439,68,1,41483.94,1507.68,39976.26,0,41483.94
14419,8440,374,1,3079.52,0.0,3079.52,10,2771.568
14420,8440,564,2,2777.89,0.0,5555.78,0,2777.89
14421,8441,723,1,161396.12,23890.38,137505.74,30,112977.284
14422,8441,1259,1,420.62,28.54,392.08,30,294.434
14423,8442,990,1,79255.34,11092.26,68163.08,30,55478.738
14424,8443,42,3,7358.23,0.0,22074.69,20,5886.584
14425,8444,631,1,1700.48,0.0,1700.48,0,1700.48
14426,8444,537,1,127206.42,0.0,127206.42,10,114485.778
14427,8444,826,1,1971.53,0.0,1971.53,30,1380.071
14428,8445,912,1,767.48,6.6,760.88,20,613.984
14429,8446,196,1,61624.8,671.27,60953.53,10,55462.32000000001
14430,8447,1041,1,441.29,18.29,423.0,10,397.161
14431,8448,473,1,2980.81,203.1,2777.71,20,2384.648
14432,8449,1133,1,750.52,19.03,731.49,30,525.3639999999999
14433,8450,879,1,1776.89,86.88,1690.01,0,1776.89
14434,8451,1073,1,959.8,0.0,959.8,20,767.84
14435,8451,1343,1,1805.81,0.0,1805.81,10,1625.229
14436,8452,1352,3,10981.21,1973.74,30969.89,20,8784.967999999999
14437,8453,801,1,13055.24,1820.03,11235.21,10,11749.716
14438,8454,1030,1,4144.31,0.0,4144.31,0,4144.31
14439,8454,609,1,3352.06,0.0,3352.06,10,3016.854
14440,8454,1563,1,30864.11,0.0,30864.11,0,30864.11
14441,8454,473,1,2980.81,0.0,2980.81,20,2384.648
14442,8455,1181,3,3639.55,1449.37,9469.28,0,3639.55
14443,8455,639,1,1460.92,82.19,1378.73,0,1460.92
14444,8455,738,1,47701.21,142.98,47558.23,10,42931.089
14445,8456,142,1,1981.3,0.0,1981.3,30,1386.91
14446,8456,286,1,2792.23,0.0,2792.23,0,2792.23
14447,8456,1209,1,3547.28,0.0,3547.28,0,3547.28
14448,8456,981,1,999.21,0.0,999.21,0,999.21
14449,8456,514,1,417.37,0.0,417.37,0,417.37
14450,8457,1206,1,2044.94,0.0,2044.94,0,2044.94
14451,8458,186,2,118273.99,9952.84,226595.14,30,82791.793
14452,8459,680,1,237.17,0.0,237.17,0,237.17
14453,8459,600,1,1808.13,0.0,1808.13,20,1446.504
14454,8459,306,1,223.24,0.0,223.24,20,178.592
14455,8460,613,1,2400.73,119.86,2280.87,0,2400.73
14456,8461,1450,1,2010.76,3.69,2007.07,20,1608.6080000000002
14457,8461,352,2,93433.5,8880.51,177986.49,0,93433.5
14458,8461,1117,1,628.26,46.18,582.08,0,628.26
14459,8462,594,1,1492.9,33.75,1459.15,30,1045.03
14460,8462,535,1,1119.88,143.15,976.73,0,1119.88
14461,8462,943,1,1254.75,20.96,1233.79,30,878.3249999999999
14462,8462,214,1,16299.24,2.98,16296.26,0,16299.24
14463,8463,1313,1,1131.03,0.0,1131.03,10,1017.927
14464,8464,825,1,25418.66,0.0,25418.66,10,22876.794
14465,8465,1518,1,13829.56,0.0,13829.56,30,9680.692
14466,8465,1440,1,357.51,0.0,357.51,0,357.51
14467,8466,142,1,1981.3,0.0,1981.3,10,1783.17
14468,8467,52,1,23600.44,3117.53,20482.91,10,21240.396
14469,8468,265,3,1326.78,475.99,3504.35,10,1194.102
14470,8469,1142,1,99.91,0.68,99.23,10,89.919
14471,8470,383,1,1151.25,100.23,1051.02,30,805.875
14472,8471,458,3,8217.39,2570.86,22081.31,20,6573.912
14473,8472,122,1,2414.47,346.84,2067.63,10,2173.023
14474,8473,1013,1,2832.66,0.0,2832.66,0,2832.66
14475,8474,675,1,1350.25,0.0,1350.25,20,1080.2
14476,8475,434,1,3512.59,143.2,3369.39,0,3512.59
14477,8475,891,1,2855.61,250.61,2605.0,30,1998.927
14478,8475,806,1,147721.74,16831.32,130890.42,10,132949.566
14479,8476,257,1,3692.66,0.0,3692.66,20,2954.128
14480,8477,862,1,68245.35,3120.66,65124.69,0,68245.35
14481,8478,321,1,14713.75,2017.91,12695.84,30,10299.625
14482,8478,163,1,44768.27,6501.89,38266.38,30,31337.789
14483,8478,1262,3,643.39,0.03,1930.14,0,643.39
14484,8479,1337,1,618.42,57.44,560.98,30,432.894
14485,8479,170,1,100878.51,14241.38,86637.13,0,100878.51
14486,8479,710,1,32724.34,3894.38,28829.96,30,22907.038
14487,8479,134,1,11908.53,1295.91,10612.62,30,8335.971
14488,8479,306,1,223.24,21.88,201.36,20,178.592
14489,8480,1298,3,2653.12,839.08,7120.28,30,1857.184
14490,8481,320,1,1023.82,54.07,969.75,30,716.674
14491,8481,496,2,28606.14,4346.12,52866.16,30,20024.298
14492,8481,1584,1,750.13,95.86,654.27,30,525.091
14493,8482,19,1,2902.38,0.0,2902.38,20,2321.904
14494,8482,307,1,4585.11,0.0,4585.11,20,3668.088
14495,8483,1290,1,485.49,22.44,463.05,30,339.843
14496,8483,1476,2,52371.93,9774.91,94968.95,0,52371.93
14497,8484,1061,2,182372.8,50614.01,314131.59,30,127660.95999999998
14498,8485,1001,1,47120.94,3653.15,43467.79,20,37696.752
14499,8485,267,1,825.8,100.87,724.93,0,825.8
14500,8486,463,1,3827.3,252.58,3574.72,0,3827.3
14501,8487,793,1,78038.07,0.0,78038.07,20,62430.456000000006
14502,8488,494,1,2127.83,145.71,1982.12,30,1489.4809999999998
14503,8489,650,1,17350.56,1153.19,16197.37,30,12145.392
14504,8489,1244,1,3810.15,179.7,3630.45,10,3429.135
14505,8490,1578,2,6158.02,1696.49,10619.55,10,5542.218000000001
14506,8490,782,1,32396.84,1580.45,30816.39,10,29157.156
14507,8491,419,1,4089.03,0.0,4089.03,20,3271.224
14508,8491,1489,1,877.0,0.0,877.0,30,613.9
14509,8492,445,1,550.01,19.73,530.28,20,440.008
14510,8493,1487,1,2520.21,0.0,2520.21,30,1764.147
14511,8494,559,2,7185.86,0.0,14371.72,0,7185.86
14512,8494,1289,1,84561.66,0.0,84561.66,30,59193.162
14513,8495,1275,2,278.67,11.75,545.59,0,278.67
14514,8496,536,1,2418.45,18.93,2399.52,30,1692.9149999999995
14515,8497,750,3,4599.92,0.0,13799.76,30,3219.944
14516,8497,302,1,16886.71,0.0,16886.71,30,11820.696999999998
14517,8497,1243,2,2783.2,0.0,5566.4,0,2783.2
14518,8497,461,3,2133.9,0.0,6401.7,20,1707.12
14519,8498,453,2,2582.33,432.23,4732.43,10,2324.097
14520,8499,852,2,2573.04,379.13,4766.95,10,2315.736
14521,8500,1458,1,3481.03,28.96,3452.07,20,2784.8240000000005
14522,8501,903,1,39591.52,3938.19,35653.33,0,39591.52
14523,8502,974,1,1464.98,0.0,1464.98,20,1171.9840000000002
14524,8503,731,1,3899.67,111.37,3788.3,20,3119.7360000000003
14525,8504,1052,1,96906.19,0.0,96906.19,0,96906.19
14526,8505,119,2,77500.66,17277.42,137723.9,0,77500.66
14527,8506,1589,1,103645.76,0.0,103645.76,30,72552.03199999999
14528,8507,530,1,318.6,0.0,318.6,20,254.88
14529,8508,238,1,1757.87,82.93,1674.94,30,1230.5089999999998
14530,8509,568,2,163028.84,28506.74,297550.94,30,114120.188
14531,8510,420,1,39796.63,2683.04,37113.59,0,39796.63
14532,8511,1194,1,1471.98,82.7,1389.28,20,1177.584
14533,8512,1496,1,1656.55,168.39,1488.16,30,1159.5849999999998
14534,8512,378,1,8651.16,556.99,8094.17,20,6920.928
14535,8513,1358,1,5886.45,752.71,5133.74,0,5886.45
14536,8513,87,1,3322.65,482.23,2840.42,10,2990.385
14537,8514,354,1,2738.94,0.0,2738.94,20,2191.152
14538,8514,1412,1,4726.92,0.0,4726.92,10,4254.228
14539,8514,1409,2,4364.77,0.0,8729.54,30,3055.339
14540,8515,620,1,172365.66,0.0,172365.66,0,172365.66
14541,8515,958,1,1318.24,0.0,1318.24,10,1186.416
14542,8516,1078,2,2235.87,645.32,3826.42,20,1788.696
14543,8517,1430,1,1397.61,105.63,1291.98,20,1118.088
14544,8517,315,3,29996.05,9784.51,80203.64,20,23996.84
14545,8518,510,1,2532.26,103.11,2429.15,0,2532.26
14546,8519,1121,2,3804.86,0.0,7609.72,30,2663.402
14547,8520,1436,1,415.76,13.87,401.89,20,332.608
14548,8521,839,3,289.42,126.32,741.94,30,202.594
14549,8522,1389,1,2657.25,169.89,2487.36,30,1860.075
14550,8523,1157,1,4990.11,60.91,4929.2,10,4491.099
14551,8523,796,1,1566.44,84.32,1482.12,30,1096.508
14552,8524,362,1,122309.51,0.0,122309.51,0,122309.51
14553,8525,813,3,46231.71,0.0,138695.13,30,32362.197
14554,8525,84,1,2164.95,0.0,2164.95,30,1515.4649999999997
14555,8526,289,1,2410.54,337.55,2072.99,10,2169.486
14556,8526,770,1,86438.74,6870.23,79568.51,20,69150.99200000001
14557,8527,1361,1,4756.92,98.16,4658.76,10,4281.228
14558,8528,1598,1,3087.47,0.0,3087.47,0,3087.47
14559,8528,369,1,124766.67,0.0,124766.67,0,124766.67
14560,8528,1404,1,172878.97,0.0,172878.97,10,155591.073
14561,8529,1046,1,9087.52,328.59,8758.93,0,9087.52
14562,8529,648,2,44986.01,3777.01,86195.01,30,31490.207
14563,8530,1010,1,51993.79,2908.41,49085.38,20,41595.03200000001
14564,8531,343,1,62248.1,790.89,61457.21,10,56023.29
14565,8532,1,1,3822.34,0.0,3822.34,10,3440.106
14566,8533,1532,1,52783.97,0.0,52783.97,10,47505.573
14567,8534,1381,1,41371.29,2812.62,38558.67,20,33097.032
14568,8535,290,1,32947.49,4874.43,28073.06,10,29652.741
14569,8535,939,1,2627.03,5.81,2621.22,0,2627.03
14570,8536,1528,1,1302.21,0.0,1302.21,20,1041.768
14571,8537,214,1,16299.24,2173.05,14126.19,30,11409.468
14572,8537,323,1,87171.31,414.3,86757.01,30,61019.917
14573,8537,1329,1,2430.96,124.78,2306.18,30,1701.672
14574,8537,1231,2,2323.31,0.76,4645.86,0,2323.31
14575,8538,860,3,3024.94,538.98,8535.84,30,2117.458
14576,8538,1178,1,88183.51,1886.63,86296.88,20,70546.808
14577,8538,696,2,74127.77,19295.82,128959.72,10,66714.993
14578,8538,1007,2,7088.49,1062.77,13114.21,30,4961.942999999999
14579,8538,159,1,332.72,3.21,329.51,20,266.17600000000004
14580,8539,1276,1,5685.06,580.04,5105.02,30,3979.542
14581,8540,748,2,1603.07,0.0,3206.14,0,1603.07
14582,8541,1336,2,4092.74,0.0,8185.48,0,4092.74
14583,8541,556,1,959.6,0.0,959.6,10,863.64
14584,8542,1272,1,126747.72,0.0,126747.72,0,126747.72
14585,8543,818,3,1924.73,32.83,5741.36,30,1347.311
14586,8544,824,1,7090.32,0.0,7090.32,30,4963.223999999999
14587,8545,975,1,17084.55,1815.02,15269.53,10,15376.095
14588,8546,811,1,1385.81,0.0,1385.81,0,1385.81
14589,8547,825,1,25418.66,1551.64,23867.02,20,20334.928
14590,8547,313,1,4982.63,637.21,4345.42,30,3487.841
14591,8547,773,2,1553.01,21.39,3084.63,30,1087.107
14592,8547,960,1,1955.05,212.04,1743.01,20,1564.04
14593,8547,147,1,3458.77,467.64,2991.13,10,3112.893
14594,8548,543,2,59778.75,10795.44,108762.06,10,53800.875
14595,8549,320,1,1023.82,0.0,1023.82,20,819.056
14596,8550,1140,1,913.89,41.97,871.92,20,731.1120000000001
14597,8551,1181,1,3639.55,0.0,3639.55,30,2547.685
14598,8551,894,1,3863.24,0.0,3863.24,0,3863.24
14599,8552,1481,1,22590.89,2317.33,20273.56,30,15813.622999999998
14600,8553,1463,1,77244.61,6758.06,70486.55,0,77244.61
14601,8554,1192,1,70917.05,8878.14,62038.91,0,70917.05
14602,8555,247,1,2539.27,0.0,2539.27,20,2031.416
14603,8556,894,1,3863.24,20.65,3842.59,10,3476.916
14604,8556,489,2,758.34,42.57,1474.11,10,682.5060000000001
14605,8557,219,1,4417.46,0.0,4417.46,30,3092.222
14606,8557,105,3,172880.36,0.0,518641.08,20,138304.288
14607,8558,1350,3,1796.88,0.0,5390.64,10,1617.1920000000002
14608,8559,1277,1,48882.84,4963.1,43919.74,10,43994.556
14609,8559,349,1,1459.37,114.24,1345.13,10,1313.433
14610,8560,408,2,1535.98,92.85,2979.11,20,1228.784
14611,8561,1537,2,5378.14,0.0,10756.28,0,5378.14
14612,8562,1446,2,9412.43,0.0,18824.86,20,7529.944
14613,8562,1331,1,2122.62,0.0,2122.62,0,2122.62
14614,8562,1212,1,157753.88,0.0,157753.88,20,126203.104
14615,8562,550,1,2021.43,0.0,2021.43,0,2021.43
14616,8563,623,1,4342.57,513.09,3829.48,20,3474.056
14617,8564,491,1,529.3,0.0,529.3,10,476.37
14618,8565,333,1,71887.84,8285.27,63602.57,10,64699.056
14619,8565,723,1,161396.12,13374.67,148021.45,30,112977.284
14620,8566,868,1,2801.32,0.0,2801.32,20,2241.056
14621,8566,398,1,2421.46,0.0,2421.46,0,2421.46
14622,8567,905,1,7124.42,989.75,6134.67,0,7124.42
14623,8568,1511,1,26635.3,393.79,26241.51,0,26635.3
14624,8569,1135,3,22063.27,1450.17,64739.64,20,17650.616
14625,8570,915,1,40160.77,2913.88,37246.89,0,40160.77
14626,8571,963,1,121884.72,0.0,121884.72,20,97507.776
14627,8572,720,1,342.29,24.61,317.68,10,308.06100000000004
14628,8572,479,2,721.06,139.01,1303.11,10,648.954
14629,8572,1587,1,67506.72,4409.63,63097.09,10,60756.048
14630,8572,635,1,3970.58,579.27,3391.31,30,2779.406
14631,8572,181,1,40273.05,2482.46,37790.59,10,36245.745
14632,8573,529,2,2902.91,136.74,5669.08,30,2032.037
14633,8574,921,1,158189.7,0.0,158189.7,10,142370.73
14634,8575,716,2,710.73,157.82,1263.64,0,710.73
14635,8576,667,1,2282.98,87.41,2195.57,0,2282.98
14636,8577,949,1,2388.11,198.51,2189.6,10,2149.299
14637,8578,1318,2,2903.92,0.0,5807.84,10,2613.528
14638,8579,690,1,2245.24,267.17,1978.07,20,1796.192
14639,8579,951,1,909.66,40.27,869.39,30,636.762
14640,8579,1296,2,1446.41,52.87,2839.95,0,1446.41
14641,8580,553,1,620.66,0.0,620.66,10,558.5939999999999
14642,8581,646,1,1812.4,140.19,1672.21,0,1812.4
14643,8582,595,1,42135.25,4430.09,37705.16,10,37921.725
14644,8583,921,2,158189.7,0.0,316379.4,0,158189.7
14645,8584,164,1,5969.19,477.27,5491.92,10,5372.271
14646,8585,456,1,3419.83,0.0,3419.83,20,2735.864
14647,8586,269,1,130385.87,1587.16,128798.71,30,91270.109
14648,8587,983,1,125294.18,0.0,125294.18,0,125294.18
14649,8588,1367,1,1115.97,0.0,1115.97,30,781.179
14650,8589,1145,1,539.28,2.06,537.22,20,431.424
14651,8589,619,1,33190.64,4599.86,28590.78,0,33190.64
14652,8590,235,1,1536.81,105.05,1431.76,10,1383.129
14653,8590,1413,1,3338.33,21.92,3316.41,0,3338.33
14654,8590,505,1,2649.54,315.63,2333.91,0,2649.54
14655,8590,160,1,589.97,75.38,514.59,20,471.97600000000006
14656,8591,958,3,1318.24,154.07,3800.65,0,1318.24
14657,8592,550,1,2021.43,2.03,2019.4,30,1415.001
14658,8592,928,1,2851.06,83.08,2767.98,30,1995.742
14659,8593,1205,1,1480.79,118.26,1362.53,20,1184.632
14660,8594,627,2,43230.9,2260.81,84200.99,10,38907.810000000005
14661,8595,497,1,3615.69,345.05,3270.64,30,2530.983
14662,8596,436,1,147796.0,0.0,147796.0,30,103457.2
14663,8597,28,1,101663.1,14313.31,87349.79,20,81330.48000000001
14664,8598,176,2,95686.66,0.0,191373.32,30,66980.662
14665,8599,1272,1,126747.72,0.0,126747.72,30,88723.404
14666,8600,36,3,627.76,38.0,1845.28,0,627.76
14667,8601,546,1,90167.22,12513.25,77653.97,0,90167.22
14668,8602,1122,1,3238.36,212.02,3026.34,30,2266.852
14669,8603,807,1,39492.14,1943.64,37548.5,10,35542.926
14670,8603,549,1,36173.12,1654.22,34518.9,30,25321.184
14671,8604,429,1,121237.34,12243.34,108994.0,10,109113.606
14672,8605,780,1,3912.69,272.81,3639.88,10,3521.4210000000003
14673,8606,719,1,17225.88,1700.86,15525.02,0,17225.88
14674,8606,780,1,3912.69,100.64,3812.05,20,3130.152
14675,8606,1273,1,82929.26,5295.61,77633.65,10,74636.334
14676,8607,1138,2,3203.49,255.21,6151.77,20,2562.792
14677,8608,415,1,663.18,0.0,663.18,30,464.226
14678,8609,1497,2,9582.92,0.0,19165.84,10,8624.628
14679,8610,685,1,2479.15,0.0,2479.15,20,1983.32
14680,8611,760,2,3059.27,0.0,6118.54,10,2753.343
14681,8612,1580,1,21552.31,2776.12,18776.19,30,15086.617
14682,8612,1116,1,9372.19,434.39,8937.8,0,9372.19
14683,8613,891,1,2855.61,94.85,2760.76,30,1998.927
14684,8613,282,1,2944.8,29.19,2915.61,0,2944.8
14685,8614,38,2,175329.35,19099.99,331558.71,20,140263.48
14686,8614,574,1,2746.95,280.49,2466.46,30,1922.865
14687,8615,1026,1,16347.09,0.0,16347.09,10,14712.381
14688,8616,310,1,4017.89,0.0,4017.89,20,3214.312
14689,8617,1051,1,18311.46,982.91,17328.55,30,12818.022
14690,8618,497,1,3615.69,0.0,3615.69,0,3615.69
14691,8618,1263,3,5431.26,0.0,16293.78,0,5431.26
14692,8619,1497,1,9582.92,636.79,8946.13,30,6708.044
14693,8620,1344,2,765.13,8.95,1521.31,30,535.591
14694,8620,1064,1,1731.13,68.41,1662.72,20,1384.9040000000002
14695,8621,859,1,1010.17,136.2,873.97,20,808.136
14696,8621,1031,2,356.88,67.0,646.76,10,321.192
14697,8622,270,1,3203.45,283.12,2920.33,0,3203.45
14698,8623,1448,1,35381.82,0.0,35381.82,20,28305.456
14699,8624,1365,1,75380.11,7666.63,67713.48,0,75380.11
14700,8624,857,1,119370.94,13202.71,106168.23,10,107433.846
14701,8625,376,1,1921.2,0.0,1921.2,30,1344.84
14702,8626,134,3,11908.53,0.0,35725.59,0,11908.53
14703,8627,950,1,2629.74,29.06,2600.68,30,1840.818
14704,8628,1421,1,343.43,38.67,304.76,30,240.401
14705,8629,405,1,56478.15,2852.44,53625.71,10,50830.335
14706,8630,916,1,433.67,54.54,379.13,30,303.569
14707,8631,912,2,767.48,0.0,1534.96,20,613.984
14708,8632,1586,1,4275.29,242.93,4032.36,10,3847.761
14709,8632,1173,1,33473.5,864.95,32608.55,20,26778.800000000003
14710,8632,1053,1,24845.69,1874.67,22971.02,30,17391.982999999997
14711,8632,1530,1,2958.0,105.86,2852.14,30,2070.6
14712,8632,3,1,11616.64,1227.56,10389.08,0,11616.64
14713,8633,139,1,1485.23,87.17,1398.06,0,1485.23
14714,8634,306,1,223.24,2.33,220.91,30,156.268
14715,8634,29,1,42286.57,1485.64,40800.93,20,33829.256
14716,8635,1301,1,4881.31,345.09,4536.22,30,3416.917
14717,8635,159,1,332.72,15.1,317.62,30,232.904
14718,8636,372,1,174277.93,20472.15,153805.78,30,121994.551
14719,8636,7,1,2327.69,281.48,2046.21,10,2094.9210000000003
14720,8637,252,1,2068.04,0.0,2068.04,30,1447.628
14721,8638,946,1,69896.98,1906.96,67990.02,20,55917.584
14722,8639,55,1,38559.98,0.0,38559.98,30,26991.986
14723,8639,14,1,2125.0,0.0,2125.0,10,1912.5
14724,8640,686,1,1482.12,54.09,1428.03,30,1037.484
14725,8640,904,1,1779.5,110.3,1669.2,0,1779.5
14726,8640,1473,1,1456.73,119.92,1336.81,10,1311.057
14727,8640,1501,1,31743.02,1502.09,30240.93,10,28568.718
14728,8641,1281,1,25227.32,0.0,25227.32,10,22704.588
14729,8641,57,1,77663.62,0.0,77663.62,30,54364.53399999999
14730,8642,546,3,90167.22,14588.23,255913.43,20,72133.776
14731,8642,1489,1,877.0,41.39,835.61,0,877.0
14732,8643,1348,3,3802.67,0.0,11408.01,0,3802.67
14733,8643,251,2,2367.88,0.0,4735.76,20,1894.304
14734,8643,960,2,1955.05,0.0,3910.1,30,1368.535
14735,8643,695,1,887.94,0.0,887.94,20,710.3520000000001
14736,8643,796,1,1566.44,0.0,1566.44,0,1566.44
14737,8644,1015,3,2376.2,783.02,6345.58,30,1663.3399999999997
14738,8645,325,1,1424.65,74.56,1350.09,0,1424.65
14739,8645,336,1,31831.67,1034.21,30797.46,20,25465.336
14740,8645,1376,1,901.13,40.62,860.51,10,811.017
14741,8646,745,1,64361.62,6678.85,57682.77,10,57925.458000000006
14742,8647,749,3,5523.77,2006.36,14564.95,10,4971.393000000001
14743,8647,753,2,1238.31,290.48,2186.14,10,1114.479
14744,8648,186,1,118273.99,12633.46,105640.53,30,82791.793
14745,8648,605,1,3237.95,18.93,3219.02,10,2914.155
14746,8649,282,1,2944.8,158.56,2786.24,30,2061.36
14747,8650,729,1,68134.25,7453.14,60681.11,10,61320.825
14748,8651,1078,3,2235.87,803.66,5903.95,20,1788.696
14749,8651,1416,1,158592.95,12102.56,146490.39,0,158592.95
14750,8651,1,2,3822.34,708.64,6936.04,20,3057.8720000000003
14751,8652,15,1,1095.25,145.89,949.36,30,766.675
14752,8652,296,1,13792.96,392.05,13400.91,30,9655.071999999998
14753,8652,162,2,1247.4,166.43,2328.37,0,1247.4
14754,8653,375,1,1217.82,163.65,1054.17,30,852.4739999999999
14755,8653,57,1,77663.62,5855.08,71808.54,30,54364.53399999999
14756,8654,1417,1,1306.26,0.0,1306.26,30,914.382
14757,8654,391,1,134.99,0.0,134.99,20,107.99200000000002
14758,8655,1449,1,1798.6,162.17,1636.43,0,1798.6
14759,8656,255,1,109573.83,13051.4,96522.43,0,109573.83
14760,8657,1138,1,3203.49,265.78,2937.71,10,2883.141
14761,8657,806,1,147721.74,7961.14,139760.6,10,132949.566
14762,8657,198,1,2056.64,235.22,1821.42,0,2056.64
14763,8658,1565,2,3314.16,0.0,6628.32,0,3314.16
14764,8659,6,1,3858.92,459.03,3399.89,20,3087.1360000000004
14765,8659,1266,1,60887.16,8052.2,52834.96,20,48709.728
14766,8660,1541,3,22410.21,4342.67,62887.96,20,17928.168
14767,8660,37,1,1893.59,67.38,1826.21,0,1893.59
14768,8661,553,1,620.66,75.32,545.34,20,496.528
14769,8662,301,1,3075.11,0.0,3075.11,30,2152.577
14770,8662,209,3,44783.42,0.0,134350.26,20,35826.736
14771,8663,1096,1,6155.76,350.17,5805.59,30,4309.032
14772,8664,996,1,7148.19,554.24,6593.95,0,7148.19
14773,8665,942,2,913.32,270.69,1555.95,20,730.6560000000001
14774,8666,301,1,3075.11,347.47,2727.64,30,2152.577
14775,8666,978,1,2725.86,352.89,2372.97,0,2725.86
14776,8667,701,1,47197.58,714.23,46483.35,20,37758.064000000006
14777,8668,1590,1,154961.7,4042.52,150919.18,20,123969.36000000002
14778,8668,912,1,767.48,77.53,689.95,20,613.984
14779,8669,52,1,23600.44,131.99,23468.45,0,23600.44
14780,8669,646,1,1812.4,56.68,1755.72,0,1812.4
14781,8670,165,1,4937.72,610.14,4327.58,30,3456.404
14782,8671,96,1,2121.52,0.0,2121.52,30,1485.064
14783,8672,1124,2,28111.89,0.0,56223.78,30,19678.323
14784,8673,189,2,2123.95,0.0,4247.9,30,1486.765
14785,8673,387,1,538.52,0.0,538.52,0,538.52
14786,8674,274,1,61941.5,7649.07,54292.43,20,49553.2
14787,8674,210,1,1699.58,108.1,1591.48,10,1529.622
14788,8675,840,1,162782.38,0.0,162782.38,10,146504.14200000002
14789,8676,98,1,2400.3,0.0,2400.3,10,2160.2700000000004
14790,8677,1580,1,21552.31,1594.87,19957.44,0,21552.31
14791,8677,1509,1,39314.87,1162.76,38152.11,10,35383.383
14792,8678,409,1,1326.94,16.98,1309.96,10,1194.246
14793,8678,349,1,1459.37,183.94,1275.43,30,1021.559
14794,8679,219,1,4417.46,384.48,4032.98,30,3092.222
14795,8679,588,1,2898.84,84.95,2813.89,30,2029.188
14796,8680,914,1,3732.26,0.0,3732.26,10,3359.034
14797,8680,1283,3,1043.73,0.0,3131.19,10,939.357
14798,8681,283,1,4572.45,267.72,4304.73,10,4115.205
14799,8682,715,1,114670.41,0.0,114670.41,20,91736.328
14800,8682,573,2,2677.84,0.0,5355.68,30,1874.488
14801,8683,715,1,114670.41,0.0,114670.41,10,103203.369
14802,8684,1370,1,62115.24,5677.81,56437.43,10,55903.716
14803,8685,1075,1,682.9,64.82,618.08,10,614.61
14804,8686,410,1,3297.12,0.0,3297.12,10,2967.408
14805,8687,1422,1,1818.34,45.83,1772.51,20,1454.672
14806,8688,533,2,32637.56,4223.45,61051.67,0,32637.56
14807,8688,641,1,1430.27,48.25,1382.02,10,1287.243
14808,8688,1231,1,2323.31,102.74,2220.57,30,1626.3169999999998
14809,8689,329,1,110700.38,5032.17,105668.21,0,110700.38
14810,8689,287,1,5144.9,410.63,4734.27,10,4630.41
14811,8690,369,1,124766.67,5365.95,119400.72,20,99813.336
14812,8690,27,1,594.98,19.54,575.44,10,535.4820000000001
14813,8691,569,1,1937.28,0.0,1937.28,20,1549.824
14814,8692,1474,3,74873.86,1723.3,222898.28,0,74873.86
14815,8693,1385,1,22894.15,0.0,22894.15,30,16025.905
14816,8694,1304,1,940.86,66.24,874.62,20,752.6880000000001
14817,8695,611,1,19135.21,138.37,18996.84,10,17221.689
14818,8695,1317,1,2594.28,104.53,2489.75,30,1815.996
14819,8696,1290,1,485.49,50.41,435.08,30,339.843
14820,8697,1336,3,4092.74,1047.3,11230.92,10,3683.466
14821,8697,620,1,172365.66,14743.37,157622.29,20,137892.52800000002
14822,8698,1568,1,113591.21,0.0,113591.21,10,102232.089
14823,8699,1505,1,43480.18,5834.81,37645.37,20,34784.144
14824,8699,909,1,9271.61,1296.06,7975.55,20,7417.288
14825,8700,1366,1,40406.93,0.0,40406.93,0,40406.93
14826,8701,1376,1,901.13,0.0,901.13,20,720.904
14827,8701,1470,1,1649.73,0.0,1649.73,20,1319.784
14828,8702,869,1,1297.86,186.58,1111.28,30,908.5019999999998
14829,8702,686,1,1482.12,101.27,1380.85,20,1185.696
14830,8703,1415,1,36353.29,0.0,36353.29,20,29082.632
14831,8704,1480,1,4188.58,208.56,3980.02,30,2932.006
14832,8704,257,1,3692.66,374.65,3318.01,0,3692.66
14833,8704,1318,1,2903.92,143.36,2760.56,10,2613.528
14834,8704,669,1,22639.24,2655.19,19984.05,30,15847.468
14835,8705,1187,1,175626.18,16524.3,159101.88,20,140500.944
14836,8706,875,1,28152.68,3799.69,24352.99,30,19706.876
14837,8706,607,1,3784.6,405.41,3379.19,30,2649.22
14838,8707,648,1,44986.01,0.0,44986.01,20,35988.808000000005
14839,8707,318,1,151206.66,0.0,151206.66,30,105844.662
14840,8708,1366,1,40406.93,863.63,39543.3,20,32325.544
14841,8709,1028,3,108995.56,256.64,326730.04,30,76296.89199999999
14842,8709,565,1,823.08,93.39,729.69,0,823.08
14843,8710,837,1,157966.42,17492.91,140473.51,0,157966.42
14844,8711,1391,3,4780.43,0.0,14341.29,20,3824.344000000001
14845,8712,787,1,2387.75,0.0,2387.75,0,2387.75
14846,8713,654,2,1894.03,180.12,3607.94,0,1894.03
14847,8714,638,1,414.26,43.83,370.43,0,414.26
14848,8715,1246,1,1880.46,0.0,1880.46,10,1692.414
14849,8716,785,1,703.23,0.0,703.23,10,632.907
14850,8716,690,3,2245.24,0.0,6735.72,20,1796.192
14851,8716,1117,1,628.26,0.0,628.26,30,439.782
14852,8716,649,1,975.94,0.0,975.94,30,683.158
14853,8716,1035,1,2051.19,0.0,2051.19,0,2051.19
14854,8717,1172,1,3297.12,483.25,2813.87,0,3297.12
14855,8718,389,2,1198.04,0.0,2396.08,30,838.6279999999999
14856,8719,173,1,1351.37,130.44,1220.93,30,945.9589999999998
14857,8720,398,1,2421.46,93.95,2327.51,10,2179.3140000000003
14858,8720,1012,2,1697.86,142.68,3253.04,20,1358.288
14859,8720,986,1,57564.41,1893.02,55671.39,0,57564.41
14860,8721,1373,1,21018.4,2227.68,18790.72,30,14712.88
14861,8722,890,1,930.52,45.61,884.91,20,744.416
14862,8722,962,1,1108.44,12.92,1095.52,10,997.596
14863,8722,294,2,41961.75,6420.68,77502.82,10,37765.575
14864,8722,524,1,37908.59,2747.0,35161.59,20,30326.872
14865,8722,35,1,1495.14,213.99,1281.15,10,1345.6260000000002
14866,8723,719,1,17225.88,0.0,17225.88,0,17225.88
14867,8724,1019,1,321.92,47.96,273.96,20,257.536
14868,8725,964,2,2212.96,462.26,3963.66,20,1770.3680000000002
14869,8726,707,1,2710.38,0.0,2710.38,0,2710.38
14870,8727,1345,1,100402.53,0.0,100402.53,10,90362.277
14871,8728,1263,1,5431.26,93.99,5337.27,10,4888.134
14872,8729,59,1,3388.26,319.94,3068.32,30,2371.782
14873,8729,737,1,25069.29,698.45,24370.84,20,20055.432
14874,8730,1126,1,44621.09,6469.17,38151.92,30,31234.762999999995
14875,8730,453,1,2582.33,349.73,2232.6,20,2065.864
14876,8731,412,1,5380.91,0.0,5380.91,20,4304.728
14877,8731,1424,1,63487.87,0.0,63487.87,30,44441.509
14878,8732,608,1,39712.41,0.0,39712.41,20,31769.928000000004
14879,8732,1418,1,4295.24,0.0,4295.24,20,3436.192
14880,8733,343,1,62248.1,0.0,62248.1,10,56023.29
14881,8733,1134,2,79315.25,0.0,158630.5,20,63452.2
14882,8733,971,1,489.72,0.0,489.72,30,342.804
14883,8733,146,1,80324.28,0.0,80324.28,0,80324.28
14884,8733,34,1,3014.06,0.0,3014.06,10,2712.654
14885,8734,113,2,870.54,0.0,1741.08,0,870.54
14886,8734,1350,1,1796.88,0.0,1796.88,0,1796.88
14887,8735,1017,1,2847.67,399.26,2448.41,20,2278.136
14888,8736,1439,2,8502.05,0.0,17004.1,0,8502.05
14889,8737,1273,1,82929.26,3851.57,79077.69,10,74636.334
14890,8738,883,1,5242.7,0.0,5242.7,0,5242.7
14891,8738,349,2,1459.37,0.0,2918.74,10,1313.433
14892,8739,478,2,108976.92,0.0,217953.84,0,108976.92
14893,8740,811,2,1385.81,361.47,2410.15,20,1108.648
14894,8741,786,1,521.58,48.13,473.45,10,469.422
14895,8742,1408,1,4470.06,0.0,4470.06,0,4470.06
14896,8743,70,1,2559.4,0.0,2559.4,10,2303.46
14897,8743,146,1,80324.28,0.0,80324.28,0,80324.28
14898,8744,1149,2,99668.46,0.0,199336.92,20,79734.76800000001
14899,8745,463,1,3827.3,29.9,3797.4,30,2679.11
14900,8746,1142,1,99.91,0.0,99.91,20,79.928
14901,8746,1437,1,889.31,0.0,889.31,30,622.5169999999999
14902,8747,1549,1,1129.63,29.01,1100.62,20,903.7040000000002
14903,8748,1401,1,3069.45,0.0,3069.45,20,2455.56
14904,8749,1116,1,9372.19,0.0,9372.19,20,7497.752
14905,8750,833,1,3282.57,79.39,3203.18,0,3282.57
14906,8750,1459,1,3227.95,292.73,2935.22,20,2582.36
14907,8751,697,1,415.23,0.0,415.23,30,290.661
14908,8751,698,1,38785.26,0.0,38785.26,10,34906.734000000004
14909,8752,832,2,422.4,101.85,742.95,30,295.67999999999995
14910,8752,1060,2,2050.27,212.45,3888.09,30,1435.189
14911,8753,434,1,3512.59,0.0,3512.59,0,3512.59
14912,8754,25,1,6849.54,859.98,5989.56,0,6849.54
14913,8755,1325,1,33748.2,4574.76,29173.44,10,30373.38
14914,8755,412,1,5380.91,769.43,4611.48,20,4304.728
14915,8756,1081,1,1654.73,128.76,1525.97,0,1654.73
14916,8757,386,2,5216.92,1420.15,9013.69,10,4695.228
14917,8757,1065,3,3958.62,213.91,11661.95,30,2771.034
14918,8758,1394,1,2331.14,0.0,2331.14,10,2098.026
14919,8759,792,1,3233.42,0.0,3233.42,20,2586.7360000000003
14920,8760,1193,1,7680.86,0.0,7680.86,10,6912.773999999999
14921,8760,798,1,3718.85,0.0,3718.85,10,3346.965
14922,8761,375,1,1217.82,0.0,1217.82,20,974.256
14923,8761,1116,3,9372.19,0.0,28116.57,30,6560.533
14924,8761,1280,1,8871.08,0.0,8871.08,20,7096.8640000000005
14925,8761,904,1,1779.5,0.0,1779.5,20,1423.6
14926,8761,233,1,2640.21,0.0,2640.21,20,2112.168
14927,8762,1380,1,42520.46,0.0,42520.46,0,42520.46
14928,8763,1254,1,93864.59,12117.9,81746.69,0,93864.59
14929,8763,1136,1,11889.97,970.65,10919.32,10,10700.973
14930,8763,676,1,2284.87,2.87,2282.0,20,1827.896
14931,8763,600,1,1808.13,10.07,1798.06,30,1265.691
14932,8764,447,1,2160.35,256.47,1903.88,10,1944.315
14933,8765,189,1,2123.95,196.86,1927.09,30,1486.765
14934,8766,494,1,2127.83,0.0,2127.83,0,2127.83
14935,8767,1137,1,1817.59,164.94,1652.65,10,1635.831
14936,8768,864,1,3913.42,0.0,3913.42,30,2739.394
14937,8769,107,2,284.52,0.0,569.04,20,227.616
14938,8770,1368,1,2174.86,178.35,1996.51,20,1739.888
14939,8771,977,1,1685.73,193.53,1492.2,30,1180.011
14940,8771,916,1,433.67,17.54,416.13,0,433.67
14941,8772,1249,1,2813.36,0.0,2813.36,0,2813.36
14942,8773,728,1,36071.09,1340.28,34730.81,10,32463.981
14943,8774,751,1,808.3,90.42,717.88,10,727.47
14944,8775,928,1,2851.06,230.91,2620.15,10,2565.954
14945,8775,391,1,134.99,12.72,122.27,10,121.491
14946,8776,976,1,2919.89,39.32,2880.57,10,2627.901
14947,8776,1231,1,2323.31,247.28,2076.03,30,1626.3169999999998
14948,8777,446,1,2938.62,0.0,2938.62,30,2057.034
14949,8778,1414,1,605.84,22.71,583.13,30,424.088
14950,8778,1132,1,3635.19,297.65,3337.54,10,3271.6710000000003
14951,8778,495,2,61768.34,11839.46,111697.22,30,43237.838
14952,8778,872,2,369.78,94.65,644.91,0,369.78
14953,8778,1142,3,99.91,0.68,299.05,10,89.919
14954,8779,7,2,2327.69,475.42,4179.96,30,1629.383
14955,8779,304,1,2314.39,314.25,2000.14,0,2314.39
14956,8780,673,1,94567.66,4433.58,90134.08,20,75654.12800000001
14957,8781,1320,1,44898.72,0.0,44898.72,20,35918.976
14958,8781,306,1,223.24,0.0,223.24,30,156.268
14959,8781,112,1,86793.43,0.0,86793.43,10,78114.087
14960,8782,826,1,1971.53,92.48,1879.05,0,1971.53
14961,8783,320,2,1023.82,0.0,2047.64,0,1023.82
14962,8784,556,2,959.6,117.99,1801.21,10,863.64
14963,8785,339,1,706.67,31.54,675.13,0,706.67
14964,8785,881,1,3117.76,351.2,2766.56,0,3117.76
14965,8785,423,2,2704.23,628.74,4779.72,0,2704.23
14966,8785,272,1,8822.9,467.28,8355.62,10,7940.61
14967,8786,1159,1,285.32,0.0,285.32,30,199.724
14968,8787,304,1,2314.39,143.64,2170.75,10,2082.951
14969,8788,1001,1,47120.94,0.0,47120.94,0,47120.94
14970,8789,81,2,1588.45,42.82,3134.08,0,1588.45
14971,8789,518,2,2482.37,455.93,4508.81,0,2482.37
14972,8790,726,1,117534.69,16741.0,100793.69,0,117534.69
14973,8791,970,1,120.23,0.0,120.23,30,84.161
14974,8792,600,1,1808.13,89.4,1718.73,0,1808.13
14975,8793,650,1,17350.56,603.59,16746.97,10,15615.504
14976,8794,1371,1,316.58,4.38,312.2,30,221.606
14977,8795,745,1,64361.62,933.24,63428.38,20,51489.296
14978,8795,622,1,135527.88,15406.67,120121.21,30,94869.516
14979,8795,765,2,4477.1,601.44,8352.76,30,3133.9700000000003
14980,8796,1294,1,31639.3,1781.93,29857.37,0,31639.3
14981,8797,960,1,1955.05,0.0,1955.05,10,1759.545
14982,8798,434,1,3512.59,124.66,3387.93,0,3512.59
14983,8799,288,1,6762.4,672.76,6089.64,0,6762.4
14984,8799,707,2,2710.38,637.88,4782.88,20,2168.304
14985,8800,550,1,2021.43,0.0,2021.43,20,1617.1440000000002
14986,8800,451,1,767.82,0.0,767.82,20,614.2560000000001
14987,8800,336,1,31831.67,0.0,31831.67,20,25465.336
14988,8801,598,1,3271.1,0.0,3271.1,10,2943.99
14989,8801,76,1,14993.91,0.0,14993.91,0,14993.91
14990,8802,1466,1,536.2,0.0,536.2,0,536.2
14991,8802,946,2,69896.98,0.0,139793.96,30,48927.88599999999
14992,8803,1491,1,2236.47,40.71,2195.76,20,1789.176
14993,8804,227,1,54300.88,6916.08,47384.8,30,38010.616
14994,8805,383,1,1151.25,0.0,1151.25,0,1151.25
14995,8805,1164,1,1609.85,0.0,1609.85,30,1126.8949999999998
14996,8806,121,3,250.81,42.44,709.99,20,200.648
14997,8807,933,3,1968.53,513.03,5392.56,10,1771.677
14998,8808,1442,1,547.89,0.0,547.89,20,438.312
14999,8809,584,2,2326.41,448.53,4204.29,20,1861.128
15000,8809,1332,1,29617.39,3303.22,26314.17,30,20732.173
15001,8809,88,2,1758.72,522.85,2994.59,30,1231.104
15002,8809,495,1,61768.34,2908.21,58860.13,20,49414.672
15003,8810,1174,1,14022.3,1173.74,12848.56,10,12620.07
15004,8810,415,1,663.18,64.1,599.08,0,663.18
15005,8811,497,1,3615.69,0.0,3615.69,10,3254.121
15006,8812,1162,1,5062.81,11.56,5051.25,20,4050.248000000001
15007,8813,1334,1,1811.5,0.0,1811.5,0,1811.5
15008,8814,990,1,79255.34,0.0,79255.34,30,55478.738
15009,8815,152,1,110450.49,7692.2,102758.29,0,110450.49
15010,8816,1508,1,2634.42,0.0,2634.42,0,2634.42
15011,8817,1347,1,1641.29,186.5,1454.79,10,1477.161
15012,8817,817,1,2091.51,122.44,1969.07,10,1882.359
15013,8818,152,1,110450.49,9146.94,101303.55,0,110450.49
15014,8818,1159,1,285.32,23.63,261.69,30,199.724
15015,8819,1590,2,154961.7,30127.93,279795.47,0,154961.7
15016,8820,156,1,2305.14,0.0,2305.14,30,1613.5979999999995
15017,8821,730,1,1980.08,0.0,1980.08,20,1584.064
15018,8822,1296,2,1446.41,416.88,2475.94,20,1157.1280000000002
15019,8822,558,1,1137.46,72.57,1064.89,20,909.968
15020,8823,792,2,3233.42,296.79,6170.05,20,2586.7360000000003
15021,8823,573,1,2677.84,286.03,2391.81,10,2410.056
15022,8823,689,1,41378.36,6124.72,35253.64,30,28964.852
15023,8824,883,1,5242.7,317.98,4924.72,0,5242.7
15024,8825,449,1,35199.45,2408.65,32790.8,0,35199.45
15025,8826,663,2,4145.53,0.0,8291.06,30,2901.871
15026,8826,973,1,30788.48,0.0,30788.48,30,21551.936
15027,8826,1315,1,1184.81,0.0,1184.81,0,1184.81
15028,8826,695,1,887.94,0.0,887.94,30,621.558
15029,8826,525,1,2675.87,0.0,2675.87,0,2675.87
15030,8827,1279,1,4693.11,0.0,4693.11,30,3285.177
15031,8827,784,1,2840.63,0.0,2840.63,30,1988.441
15032,8828,1074,2,3149.29,77.43,6221.15,30,2204.503
15033,8829,1163,1,46301.19,0.0,46301.19,10,41671.071
15034,8829,1188,1,81653.1,0.0,81653.1,20,65322.48000000001
15035,8830,230,2,32147.34,9512.09,54782.59,0,32147.34
15036,8830,1001,1,47120.94,5617.42,41503.52,30,32984.658
15037,8830,330,1,4170.82,244.53,3926.29,0,4170.82
15038,8830,656,2,1650.33,415.08,2885.58,0,1650.33
15039,8830,1436,2,415.76,97.96,733.56,20,332.608
15040,8831,1215,1,3634.8,0.0,3634.8,0,3634.8
15041,8832,1403,1,2570.65,277.39,2293.26,20,2056.52
15042,8833,1020,1,1546.51,36.38,1510.13,10,1391.859
15043,8833,1066,2,25768.02,2831.29,48704.75,20,20614.416
15044,8834,351,1,1015.46,110.1,905.36,10,913.914
15045,8834,1406,1,34181.12,3356.31,30824.81,30,23926.784
15046,8835,829,2,5385.17,158.95,10611.39,0,5385.17
15047,8836,1494,1,18167.06,1339.16,16827.9,0,18167.06
15048,8836,980,1,1563.36,57.27,1506.09,10,1407.024
15049,8837,1316,1,343.7,0.0,343.7,10,309.33
15050,8837,898,1,4375.33,0.0,4375.33,20,3500.264
15051,8838,1475,1,57952.35,5013.15,52939.2,10,52157.115
15052,8839,1063,1,2532.13,0.0,2532.13,30,1772.491
15053,8839,1556,1,53821.39,0.0,53821.39,10,48439.251
15054,8840,1266,1,60887.16,5739.18,55147.98,30,42621.012
15055,8840,645,1,754.4,36.31,718.09,20,603.52
15056,8841,1532,2,52783.97,11835.5,93732.44,20,42227.17600000001
15057,8842,62,1,1751.48,0.0,1751.48,10,1576.332
15058,8842,641,1,1430.27,0.0,1430.27,0,1430.27
15059,8843,338,1,991.94,0.0,991.94,0,991.94
15060,8843,1583,2,1683.61,0.0,3367.22,0,1683.61
15061,8844,1037,1,110609.66,790.11,109819.55,10,99548.694
15062,8845,1592,1,91342.6,0.0,91342.6,20,73074.08
15063,8846,1141,1,2583.37,339.18,2244.19,30,1808.359
15064,8846,667,1,2282.98,120.87,2162.11,10,2054.682
15065,8847,72,1,743.74,37.28,706.46,20,594.9920000000001
15066,8848,1197,1,2785.23,353.51,2431.72,10,2506.707
15067,8849,349,2,1459.37,278.44,2640.3,0,1459.37
15068,8850,1537,1,5378.14,694.08,4684.06,30,3764.698
15069,8851,148,1,60801.41,3587.56,57213.85,30,42560.987
15070,8852,1549,1,1129.63,0.0,1129.63,20,903.7040000000002
15071,8853,244,1,3669.05,0.0,3669.05,30,2568.335
15072,8853,379,1,231.54,0.0,231.54,0,231.54
15073,8854,1459,1,3227.95,0.0,3227.95,10,2905.155
15074,8854,651,2,82264.94,0.0,164529.88,30,57585.458
15075,8854,239,1,2760.99,0.0,2760.99,20,2208.792
15076,8855,627,1,43230.9,272.58,42958.32,10,38907.810000000005
15077,8856,42,2,7358.23,346.32,14370.14,30,5150.761
15078,8856,1223,2,11259.67,298.62,22220.72,10,10133.703
15079,8856,627,1,43230.9,6269.94,36960.96,10,38907.810000000005
15080,8856,236,1,4589.61,386.88,4202.73,10,4130.648999999999
15081,8857,1264,1,2920.35,181.19,2739.16,20,2336.28
15082,8857,1463,1,77244.61,8062.03,69182.58,20,61795.688
15083,8858,414,1,6207.38,0.0,6207.38,0,6207.38
15084,8858,717,1,30043.14,0.0,30043.14,0,30043.14
15085,8858,1144,1,1149.43,0.0,1149.43,0,1149.43
15086,8859,682,1,1436.09,135.0,1301.09,30,1005.263
15087,8860,626,1,2262.96,0.0,2262.96,0,2262.96
15088,8860,843,1,1184.98,0.0,1184.98,0,1184.98
15089,8860,104,2,1053.46,0.0,2106.92,10,948.114
15090,8860,423,1,2704.23,0.0,2704.23,10,2433.807
15091,8860,1534,1,8395.14,0.0,8395.14,10,7555.625999999999
15092,8861,906,1,52750.88,0.0,52750.88,20,42200.704
15093,8861,100,1,2961.16,0.0,2961.16,10,2665.044
15094,8862,175,1,579.09,0.0,579.09,10,521.181
15095,8863,85,2,422.79,0.0,845.58,0,422.79
15096,8863,314,1,1524.32,0.0,1524.32,0,1524.32
15097,8863,45,1,5292.4,0.0,5292.4,0,5292.4
15098,8864,208,2,7944.3,1320.18,14568.42,0,7944.3
15099,8864,829,2,5385.17,356.69,10413.65,30,3769.619
15100,8865,254,3,1161.26,341.48,3142.3,30,812.882
15101,8866,127,1,2230.56,0.0,2230.56,10,2007.504
15102,8867,1151,1,41119.53,1588.31,39531.22,20,32895.624
15103,8868,1263,2,5431.26,0.0,10862.52,30,3801.882
15104,8868,273,1,5210.97,0.0,5210.97,0,5210.97
15105,8869,574,3,2746.95,702.45,7538.4,10,2472.255
15106,8870,751,1,808.3,0.0,808.3,30,565.81
15107,8871,480,1,3056.45,223.64,2832.81,0,3056.45
15108,8872,873,1,1037.71,0.0,1037.71,0,1037.71
15109,8872,915,1,40160.77,0.0,40160.77,0,40160.77
15110,8872,1010,1,51993.79,0.0,51993.79,0,51993.79
15111,8873,397,1,31159.3,3450.72,27708.58,0,31159.3
15112,8873,255,1,109573.83,2231.69,107342.14,0,109573.83
15113,8873,97,1,286.42,19.94,266.48,0,286.42
15114,8873,1031,3,356.88,139.56,931.08,10,321.192
15115,8873,1246,1,1880.46,122.75,1757.71,0,1880.46
15116,8874,103,1,3868.11,512.43,3355.68,20,3094.4880000000003
15117,8875,718,1,7664.54,0.0,7664.54,20,6131.6320000000005
15118,8875,235,3,1536.81,0.0,4610.43,10,1383.129
15119,8875,980,1,1563.36,0.0,1563.36,10,1407.024
15120,8876,208,3,7944.3,0.0,23832.9,30,5561.01
15121,8877,757,1,2559.79,208.1,2351.69,0,2559.79
15122,8877,1600,1,3483.91,207.99,3275.92,30,2438.737
15123,8878,219,1,4417.46,405.39,4012.07,30,3092.222
15124,8878,580,2,870.31,73.95,1666.67,0,870.31
15125,8878,1501,1,31743.02,3371.26,28371.76,20,25394.416
15126,8878,1036,1,4064.58,295.35,3769.23,30,2845.206
15127,8878,348,2,162.1,0.55,323.65,20,129.68
15128,8879,527,1,1152.55,167.43,985.12,0,1152.55
15129,8880,1364,1,23422.89,1561.1,21861.79,10,21080.601
15130,8880,1438,1,1797.41,27.68,1769.73,20,1437.928
15131,8880,650,1,17350.56,1120.29,16230.27,30,12145.392
15132,8880,333,1,71887.84,2920.88,68966.96,0,71887.84
15133,8881,689,1,41378.36,2961.47,38416.89,30,28964.852
15134,8882,1108,1,145328.64,0.0,145328.64,30,101730.048
15135,8882,952,1,28872.88,0.0,28872.88,20,23098.304000000004
15136,8883,632,1,2584.26,243.51,2340.75,0,2584.26
15137,8884,40,2,29011.05,4993.87,53028.23,0,29011.05
15138,8885,786,3,521.58,5.88,1558.86,20,417.26400000000007
15139,8886,914,1,3732.26,0.0,3732.26,10,3359.034
15140,8887,111,1,38654.56,5116.73,33537.83,20,30923.648
15141,8888,1040,1,7278.08,0.0,7278.08,20,5822.464
15142,8889,891,1,2855.61,0.0,2855.61,30,1998.927
15143,8889,513,1,35628.09,0.0,35628.09,30,24939.663
15144,8890,1224,1,3160.05,317.72,2842.33,30,2212.035
15145,8891,236,1,4589.61,0.0,4589.61,20,3671.688
15146,8892,1116,1,9372.19,1048.91,8323.28,30,6560.533
15147,8893,1012,2,1697.86,0.0,3395.72,30,1188.502
15148,8894,721,2,1671.74,280.71,3062.77,10,1504.566
15149,8895,788,2,3542.11,0.0,7084.22,30,2479.477
15150,8896,1325,2,33748.2,0.0,67496.4,30,23623.74
15151,8897,192,1,32254.74,0.0,32254.74,10,29029.266000000003
15152,8897,387,1,538.52,0.0,538.52,0,538.52
15153,8897,1275,1,278.67,0.0,278.67,20,222.93600000000004
15154,8897,1305,1,2759.94,0.0,2759.94,20,2207.952
15155,8898,1001,2,47120.94,503.7,93738.18,30,32984.658
15156,8899,246,1,1755.56,0.0,1755.56,20,1404.448
15157,8900,174,1,30123.15,4446.64,25676.51,0,30123.15
15158,8901,366,1,1689.79,243.52,1446.27,30,1182.8529999999998
15159,8901,1075,1,682.9,96.05,586.85,0,682.9
15160,8902,937,1,4363.89,378.9,3984.99,10,3927.501
15161,8903,32,1,37169.45,2390.75,34778.7,20,29735.56
15162,8903,1089,1,76783.54,6213.89,70569.65,0,76783.54
15163,8904,1296,1,1446.41,206.58,1239.83,10,1301.769
15164,8904,64,1,27489.86,43.71,27446.15,20,21991.888000000003
15165,8904,717,1,30043.14,296.35,29746.79,0,30043.14
15166,8904,1377,1,24652.74,3387.2,21265.54,20,19722.192000000003
15167,8904,730,1,1980.08,259.94,1720.14,0,1980.08
15168,8905,1180,1,35748.61,2413.28,33335.33,30,25024.027
15169,8906,500,1,4108.13,563.08,3545.05,10,3697.317
15170,8907,1249,1,2813.36,0.0,2813.36,10,2532.0240000000003
15171,8908,280,1,30594.49,0.0,30594.49,10,27535.041
15172,8909,904,1,1779.5,0.0,1779.5,30,1245.65
15173,8909,158,1,2038.97,0.0,2038.97,0,2038.97
15174,8909,7,1,2327.69,0.0,2327.69,20,1862.152
15175,8910,170,1,100878.51,13322.24,87556.27,30,70614.957
15176,8911,1600,1,3483.91,269.07,3214.84,0,3483.91
15177,8912,923,1,79445.58,0.0,79445.58,0,79445.58
15178,8912,1199,1,1211.39,0.0,1211.39,0,1211.39
15179,8913,439,3,1595.52,716.43,4070.13,20,1276.4160000000002
15180,8913,1455,1,1924.18,66.56,1857.62,30,1346.926
15181,8913,293,1,40759.07,263.04,40496.03,20,32607.256
15182,8913,1377,1,24652.74,2093.08,22559.66,30,17256.918
15183,8913,990,1,79255.34,9715.1,69540.24,0,79255.34
15184,8914,436,1,147796.0,19907.53,127888.47,0,147796.0
15185,8914,224,1,1977.53,57.76,1919.77,30,1384.271
15186,8914,176,1,95686.66,9322.41,86364.25,30,66980.662
15187,8914,1313,1,1131.03,125.22,1005.81,20,904.824
15188,8914,1285,1,571.66,55.96,515.7,0,571.66
15189,8915,1096,1,6155.76,0.0,6155.76,10,5540.184
15190,8915,827,1,1826.44,0.0,1826.44,10,1643.796
15191,8916,81,1,1588.45,70.44,1518.01,10,1429.605
15192,8916,333,3,71887.84,24059.99,191603.53,30,50321.488
15193,8917,981,1,999.21,67.0,932.21,20,799.368
15194,8918,315,1,29996.05,0.0,29996.05,10,26996.445
15195,8918,823,1,24569.14,0.0,24569.14,0,24569.14
15196,8919,272,1,8822.9,659.01,8163.89,20,7058.32
15197,8920,602,1,3153.82,290.67,2863.15,0,3153.82
15198,8921,1013,1,2832.66,24.66,2808.0,30,1982.862
15199,8921,853,1,2122.25,282.87,1839.38,30,1485.5749999999998
15200,8922,1091,1,88617.11,11807.57,76809.54,30,62031.977
15201,8922,593,3,47231.85,1740.35,139955.2,0,47231.85
15202,8922,1371,1,316.58,37.82,278.76,30,221.606
15203,8923,1024,1,2654.56,0.0,2654.56,30,1858.192
15204,8924,1291,1,45103.84,3893.14,41210.7,30,31572.687999999995
15205,8924,1349,1,1367.29,157.88,1209.41,30,957.103
15206,8924,327,1,29823.32,2632.8,27190.52,10,26840.988
15207,8924,487,2,30451.12,5939.52,54962.72,30,21315.784
15208,8925,325,1,1424.65,0.0,1424.65,20,1139.72
15209,8926,186,2,118273.99,15503.09,221044.89,20,94619.192
15210,8927,493,1,3440.64,0.0,3440.64,20,2752.512
15211,8927,1113,1,4930.52,0.0,4930.52,20,3944.4160000000006
15212,8927,95,1,24006.46,0.0,24006.46,0,24006.46
15213,8927,519,1,35380.31,0.0,35380.31,30,24766.217
15214,8928,302,1,16886.71,1729.41,15157.3,10,15198.039
15215,8928,728,1,36071.09,586.33,35484.76,0,36071.09
15216,8929,810,2,26333.87,5232.69,47435.05,10,23700.483
15217,8929,683,2,142391.0,34167.81,250614.19,20,113912.8
15218,8930,1463,1,77244.61,0.0,77244.61,30,54071.227
15219,8931,780,1,3912.69,290.88,3621.81,0,3912.69
15220,8932,675,1,1350.25,0.0,1350.25,20,1080.2
15221,8932,934,1,3198.99,0.0,3198.99,20,2559.192
15222,8933,367,2,39011.03,1162.26,76859.8,10,35109.927
15223,8934,1008,1,237.87,9.35,228.52,30,166.509
15224,8934,1445,1,1339.23,19.8,1319.43,30,937.461
15225,8934,958,1,1318.24,141.0,1177.24,0,1318.24
15226,8934,1475,1,57952.35,4411.68,53540.67,30,40566.645
15227,8935,356,1,5467.85,316.0,5151.85,0,5467.85
15228,8936,1477,2,1834.8,96.12,3573.48,30,1284.36
15229,8937,489,1,758.34,23.54,734.8,30,530.838
15230,8937,1383,1,1971.98,68.69,1903.29,20,1577.584
15231,8938,272,1,8822.9,1058.24,7764.66,30,6176.03
15232,8939,1392,2,14134.24,0.0,28268.48,10,12720.816
15233,8940,1177,1,1318.54,0.0,1318.54,30,922.978
15234,8941,279,1,41417.49,1264.31,40153.18,30,28992.242999999995
15235,8942,1120,1,85415.3,0.0,85415.3,0,85415.3
15236,8942,727,1,12540.84,0.0,12540.84,0,12540.84
15237,8942,26,1,4152.23,0.0,4152.23,0,4152.23
15238,8943,608,1,39712.41,0.0,39712.41,30,27798.687
15239,8944,1188,1,81653.1,9359.25,72293.85,10,73487.79000000001
15240,8945,975,1,17084.55,0.0,17084.55,10,15376.095
15241,8945,748,1,1603.07,0.0,1603.07,0,1603.07
15242,8946,1127,1,4770.92,122.63,4648.29,10,4293.828
15243,8946,1512,1,10568.45,798.69,9769.76,20,8454.76
15244,8947,753,2,1238.31,117.04,2359.58,30,866.8169999999999
15245,8948,1346,1,3515.07,0.0,3515.07,20,2812.0560000000005
15246,8949,5,1,331.76,0.0,331.76,0,331.76
15247,8949,905,1,7124.42,0.0,7124.42,0,7124.42
15248,8950,591,1,1912.99,0.0,1912.99,20,1530.392
15249,8951,1567,1,119671.35,2731.6,116939.75,30,83769.94499999999
15250,8952,880,1,3054.09,407.05,2647.04,20,2443.2720000000004
15251,8953,9,1,36017.37,774.11,35243.26,20,28813.896000000004
15252,8954,334,2,1881.36,128.9,3633.82,10,1693.224
15253,8955,1450,2,2010.76,0.0,4021.52,30,1407.532
15254,8956,875,1,28152.68,1405.69,26746.99,30,19706.876
15255,8957,880,1,3054.09,0.0,3054.09,20,2443.2720000000004
15256,8957,238,1,1757.87,0.0,1757.87,0,1757.87
15257,8958,1084,1,70352.07,0.0,70352.07,20,56281.65600000001
15258,8958,657,1,60338.17,0.0,60338.17,20,48270.536
15259,8958,298,2,54274.29,0.0,108548.58,10,48846.861
15260,8958,1457,1,60301.61,0.0,60301.61,30,42211.127
15261,8958,133,1,2306.36,0.0,2306.36,10,2075.724
15262,8959,15,2,1095.25,140.66,2049.84,10,985.725
15263,8960,874,3,331.29,0.0,993.87,0,331.29
15264,8961,917,1,974.63,0.0,974.63,10,877.167
15265,8961,282,1,2944.8,0.0,2944.8,10,2650.32
15266,8962,81,1,1588.45,0.0,1588.45,30,1111.915
15267,8963,62,1,1751.48,0.0,1751.48,0,1751.48
15268,8963,1193,1,7680.86,0.0,7680.86,20,6144.688
15269,8963,1583,2,1683.61,0.0,3367.22,0,1683.61
15270,8963,1533,1,2523.95,0.0,2523.95,20,2019.16
15271,8964,84,1,2164.95,212.16,1952.79,0,2164.95
15272,8964,510,1,2532.26,230.73,2301.53,30,1772.582
15273,8965,492,2,705.8,40.8,1370.8,20,564.64
15274,8966,719,1,17225.88,295.0,16930.88,10,15503.292
15275,8967,263,1,4480.11,93.22,4386.89,10,4032.099
15276,8968,1119,1,7175.29,362.36,6812.93,0,7175.29
15277,8968,1497,2,9582.92,2654.77,16511.07,10,8624.628
15278,8969,776,1,1435.82,16.68,1419.14,10,1292.238
15279,8970,873,1,1037.71,36.17,1001.54,20,830.1680000000001
15280,8971,59,1,3388.26,0.0,3388.26,0,3388.26
15281,8972,1296,1,1446.41,0.0,1446.41,20,1157.1280000000002
15282,8973,1391,1,4780.43,583.06,4197.37,30,3346.301
15283,8974,898,1,4375.33,0.0,4375.33,30,3062.731
15284,8975,815,1,30194.05,2458.5,27735.55,20,24155.24
15285,8975,1413,1,3338.33,145.22,3193.11,20,2670.664
15286,8975,1405,1,2466.18,161.61,2304.57,0,2466.18
15287,8975,505,1,2649.54,186.14,2463.4,30,1854.678
15288,8976,400,2,767.7,0.0,1535.4,20,614.1600000000001
15289,8977,1369,1,1514.51,41.98,1472.53,20,1211.608
15290,8977,1596,1,4337.02,292.8,4044.22,0,4337.02
15291,8978,1038,1,2419.9,123.07,2296.83,10,2177.9100000000003
15292,8978,925,2,405.11,112.25,697.97,30,283.577
15293,8979,1418,1,4295.24,448.85,3846.39,10,3865.716
15294,8980,681,1,766.31,90.28,676.03,10,689.679
15295,8981,230,1,32147.34,2598.03,29549.31,30,22503.138
15296,8982,949,2,2388.11,0.0,4776.22,30,1671.677
15297,8983,656,1,1650.33,0.0,1650.33,0,1650.33
15298,8983,1300,1,1951.79,0.0,1951.79,30,1366.253
15299,8984,1466,2,536.2,0.0,1072.4,30,375.34
15300,8985,1204,1,122881.84,12351.27,110530.57,10,110593.656
15301,8985,1379,1,78359.54,1261.11,77098.43,10,70523.586
15302,8986,400,1,767.7,0.0,767.7,0,767.7
15303,8986,8,1,822.97,0.0,822.97,30,576.079
15304,8987,421,2,468.23,0.0,936.46,20,374.58400000000006
15305,8988,1379,1,78359.54,0.0,78359.54,10,70523.586
15306,8989,116,1,2413.81,141.27,2272.54,20,1931.048
15307,8990,1072,2,40911.57,0.0,81823.14,0,40911.57
15308,8991,1038,1,2419.9,0.0,2419.9,10,2177.9100000000003
15309,8992,377,1,53405.16,7852.28,45552.88,30,37383.612
15310,8992,1441,1,119515.93,1498.04,118017.89,20,95612.744
15311,8992,120,1,127274.2,16530.72,110743.48,0,127274.2
15312,8992,285,1,3301.99,116.48,3185.51,20,2641.592
15313,8993,1265,1,753.76,0.0,753.76,0,753.76
15314,8994,440,1,1285.35,191.55,1093.8,30,899.7449999999999
15315,8995,891,1,2855.61,99.36,2756.25,30,1998.927
15316,8996,1246,2,1880.46,110.49,3650.43,0,1880.46
15317,8996,749,2,5523.77,134.34,10913.2,30,3866.639
15318,8997,1264,1,2920.35,346.91,2573.44,0,2920.35
15319,8998,265,1,1326.78,0.6,1326.18,20,1061.424
15320,8999,662,1,1180.85,0.0,1180.85,0,1180.85
15321,8999,975,1,17084.55,0.0,17084.55,10,15376.095
15322,8999,764,1,2664.12,0.0,2664.12,30,1864.884
15323,8999,1515,1,2940.55,0.0,2940.55,0,2940.55
15324,9000,61,1,765.87,59.73,706.14,0,765.87
15325,9000,1346,1,3515.07,95.16,3419.91,0,3515.07
15326,9001,1202,3,54005.3,22580.89,139435.01,10,48604.77
15327,9002,19,1,2902.38,177.52,2724.86,10,2612.1420000000003
15328,9003,1055,1,61678.24,0.0,61678.24,20,49342.592
15329,9004,1419,2,3847.52,39.16,7655.88,30,2693.264
15330,9005,64,3,27489.86,2173.16,80296.42,0,27489.86
15331,9005,10,2,661.22,67.49,1254.95,30,462.854
15332,9005,147,1,3458.77,300.55,3158.22,30,2421.139
15333,9005,957,2,20246.89,210.14,40283.64,0,20246.89
15334,9005,132,3,2548.46,765.6,6879.78,20,2038.768
15335,9006,650,1,17350.56,1090.44,16260.12,0,17350.56
15336,9006,238,1,1757.87,209.63,1548.24,10,1582.083
15337,9007,212,2,9813.12,2935.5,16690.74,30,6869.184
15338,9007,276,1,64431.04,3475.01,60956.03,0,64431.04
15339,9007,256,3,1894.02,263.42,5418.64,0,1894.02
15340,9007,17,1,526.33,45.62,480.71,0,526.33
15341,9008,120,2,127274.2,21637.68,232910.72,20,101819.36
15342,9009,1053,1,24845.69,764.93,24080.76,0,24845.69
15343,9010,321,1,14713.75,1094.47,13619.28,0,14713.75
15344,9011,1366,1,40406.93,4371.04,36035.89,30,28284.851
15345,9011,295,1,2098.64,242.93,1855.71,0,2098.64
15346,9012,934,2,3198.99,305.65,6092.33,10,2879.091
15347,9013,1285,1,571.66,0.0,571.66,30,400.162
15348,9013,669,2,22639.24,0.0,45278.48,30,15847.468
15349,9013,1312,1,45576.24,0.0,45576.24,30,31903.367999999995
15350,9014,397,1,31159.3,0.0,31159.3,0,31159.3
15351,9014,439,3,1595.52,0.0,4786.56,0,1595.52
15352,9014,31,1,419.17,0.0,419.17,20,335.336
15353,9015,419,1,4089.03,0.0,4089.03,0,4089.03
15354,9016,1461,1,33088.65,1805.16,31283.49,0,33088.65
15355,9016,186,1,118273.99,15375.15,102898.84,30,82791.793
15356,9017,1424,1,63487.87,0.0,63487.87,20,50790.296
15357,9018,1577,1,499.74,55.86,443.88,10,449.766
15358,9018,1214,1,84155.3,7790.66,76364.64,0,84155.3
15359,9019,1454,1,2482.25,107.62,2374.63,10,2234.025
15360,9019,641,1,1430.27,213.04,1217.23,30,1001.189
15361,9019,548,1,1506.84,126.78,1380.06,30,1054.7879999999998
15362,9019,307,1,4585.11,145.47,4439.64,0,4585.11
15363,9019,1167,2,3045.6,583.27,5507.93,10,2741.04
15364,9020,1555,1,2372.47,0.0,2372.47,10,2135.223
15365,9020,1514,2,411.96,0.0,823.92,20,329.568
15366,9021,1429,1,1720.96,0.0,1720.96,30,1204.672
15367,9022,128,1,2134.53,0.0,2134.53,20,1707.6240000000005
15368,9023,988,2,2273.35,365.69,4181.01,10,2046.015
15369,9024,335,1,3243.97,234.39,3009.58,30,2270.7789999999995
15370,9025,687,1,1968.64,0.0,1968.64,10,1771.776
15371,9026,1435,2,155364.8,3180.53,307549.07,30,108755.36
15372,9027,439,1,1595.52,0.0,1595.52,10,1435.968
15373,9028,1137,2,1817.59,0.0,3635.18,30,1272.313
15374,9029,750,1,4599.92,183.61,4416.31,0,4599.92
15375,9030,224,1,1977.53,0.0,1977.53,30,1384.271
15376,9031,628,1,175107.4,17533.21,157574.19,0,175107.4
15377,9032,153,1,39307.26,4922.7,34384.56,0,39307.26
15378,9032,235,3,1536.81,183.85,4426.58,30,1075.7669999999998
15379,9032,157,1,39923.68,405.02,39518.66,20,31938.944000000003
15380,9033,40,1,29011.05,1497.19,27513.86,30,20307.735
15381,9034,1232,1,2225.05,36.13,2188.92,20,1780.0400000000002
15382,9035,212,3,9813.12,0.0,29439.36,30,6869.184
15383,9035,399,2,2809.7,0.0,5619.4,20,2247.76
15384,9036,1424,2,63487.87,18567.28,108408.46,20,50790.296
15385,9036,382,1,65460.34,6867.12,58593.22,20,52368.272
15386,9036,1038,1,2419.9,331.04,2088.86,10,2177.9100000000003
15387,9036,521,1,322.75,10.71,312.04,10,290.475
15388,9037,351,1,1015.46,0.0,1015.46,10,913.914
15389,9037,275,3,33185.93,0.0,99557.79,20,26548.744
15390,9038,876,1,99791.13,0.0,99791.13,20,79832.90400000001
15391,9039,1356,1,19747.45,0.0,19747.45,10,17772.705
15392,9040,1116,1,9372.19,1007.69,8364.5,30,6560.533
15393,9040,250,1,47627.73,1683.21,45944.52,10,42864.957
15394,9040,320,2,1023.82,243.71,1803.93,0,1023.82
15395,9040,664,2,1666.41,310.18,3022.64,30,1166.487
15396,9041,747,1,8474.0,106.39,8367.61,0,8474.0
15397,9041,472,1,46739.78,967.77,45772.01,30,32717.846
15398,9042,1363,2,3136.2,88.9,6183.5,20,2508.96
15399,9042,1503,1,49950.6,633.96,49316.64,10,44955.54
15400,9042,150,1,43135.57,849.01,42286.56,30,30194.899
15401,9043,167,1,90813.43,8587.94,82225.49,10,81732.087
15402,9043,1104,2,1846.11,484.46,3207.76,20,1476.888
15403,9043,1398,1,2940.48,141.45,2799.03,10,2646.432
15404,9044,1300,1,1951.79,0.0,1951.79,0,1951.79
15405,9045,235,1,1536.81,169.71,1367.1,20,1229.448
15406,9046,585,1,1310.79,0.0,1310.79,0,1310.79
15407,9047,661,1,31896.24,3567.72,28328.52,10,28706.616
15408,9047,766,1,77346.82,10144.09,67202.73,0,77346.82
15409,9047,1076,1,439.99,27.66,412.33,10,395.991
15410,9048,750,2,4599.92,0.0,9199.84,10,4139.928
15411,9049,1164,1,1609.85,79.9,1529.95,20,1287.88
15412,9050,298,1,54274.29,0.0,54274.29,20,43419.432
15413,9051,252,1,2068.04,0.0,2068.04,10,1861.236
15414,9052,979,3,4138.39,1108.23,11306.94,10,3724.551
15415,9053,1253,1,1517.66,84.6,1433.06,20,1214.1280000000002
15416,9054,870,1,2862.61,0.0,2862.61,10,2576.349
15417,9055,1041,1,441.29,47.47,393.82,10,397.161
15418,9055,939,1,2627.03,62.23,2564.8,10,2364.327
15419,9056,933,1,1968.53,0.0,1968.53,30,1377.971
15420,9056,1189,1,5385.89,0.0,5385.89,0,5385.89
15421,9057,803,1,3375.08,484.35,2890.73,30,2362.556
15422,9058,1188,1,81653.1,2569.14,79083.96,20,65322.48000000001
15423,9059,625,1,334.12,0.0,334.12,0,334.12
15424,9060,433,1,93895.84,2651.42,91244.42,10,84506.256
15425,9061,54,1,86418.7,11235.66,75183.04,10,77776.83
15426,9062,906,1,52750.88,4793.73,47957.15,10,47475.792
15427,9062,252,1,2068.04,160.67,1907.37,0,2068.04
15428,9063,589,1,2374.59,129.5,2245.09,0,2374.59
15429,9063,1406,3,34181.12,10200.13,92343.23,10,30763.008
15430,9063,497,1,3615.69,13.11,3602.58,10,3254.121
15431,9063,1453,1,35984.99,4515.24,31469.75,20,28787.992
15432,9064,894,1,3863.24,114.76,3748.48,30,2704.268
15433,9065,860,1,3024.94,0.0,3024.94,0,3024.94
15434,9065,1213,1,56227.35,0.0,56227.35,10,50604.615
15435,9066,494,1,2127.83,127.0,2000.83,30,1489.4809999999998
15436,9067,518,1,2482.37,20.96,2461.41,30,1737.659
15437,9068,664,2,1666.41,0.0,3332.82,0,1666.41
15438,9069,841,2,81685.68,14142.59,149228.77,20,65348.544
15439,9069,1367,2,1115.97,209.82,2022.12,10,1004.373
15440,9070,1413,1,3338.33,449.43,2888.9,0,3338.33
15441,9071,1166,1,2881.52,0.0,2881.52,20,2305.216
15442,9071,340,1,652.5,0.0,652.5,30,456.75
15443,9072,974,1,1464.98,0.0,1464.98,10,1318.482
15444,9073,606,1,87181.18,10878.67,76302.51,0,87181.18
15445,9074,1412,1,4726.92,390.08,4336.84,0,4726.92
15446,9075,387,1,538.52,0.21,538.31,10,484.668
15447,9076,199,2,26074.89,7045.38,45104.4,10,23467.401
15448,9077,1471,1,3182.48,97.07,3085.41,20,2545.9840000000004
15449,9077,157,1,39923.68,1385.21,38538.47,10,35931.312
15450,9078,1076,1,439.99,31.97,408.02,10,395.991
15451,9079,968,2,4831.61,0.0,9663.22,30,3382.1269999999995
15452,9080,495,1,61768.34,0.0,61768.34,30,43237.838
15453,9080,424,1,2557.15,0.0,2557.15,30,1790.005
15454,9081,142,1,1981.3,270.12,1711.18,20,1585.04
15455,9082,808,1,124999.97,0.0,124999.97,20,99999.976
15456,9082,1108,1,145328.64,0.0,145328.64,30,101730.048
15457,9083,1422,2,1818.34,0.0,3636.68,10,1636.506
15458,9083,1148,1,35366.0,0.0,35366.0,10,31829.4
15459,9084,122,1,2414.47,177.1,2237.37,0,2414.47
15460,9085,1299,1,3414.72,0.0,3414.72,20,2731.776
15461,9085,968,2,4831.61,0.0,9663.22,0,4831.61
15462,9085,536,1,2418.45,0.0,2418.45,20,1934.76
15463,9086,1241,1,1430.84,138.33,1292.51,10,1287.756
15464,9086,423,1,2704.23,95.57,2608.66,10,2433.807
15465,9086,565,1,823.08,122.01,701.07,0,823.08
15466,9086,67,1,5611.24,298.45,5312.79,20,4488.992
15467,9086,1489,1,877.0,48.06,828.94,10,789.3000000000001
15468,9087,493,1,3440.64,326.49,3114.15,30,2408.448
15469,9088,1392,1,14134.24,974.92,13159.32,0,14134.24
15470,9089,163,1,44768.27,0.0,44768.27,20,35814.616
15471,9089,80,1,5102.56,0.0,5102.56,10,4592.304
15472,9090,1013,1,2832.66,359.68,2472.98,0,2832.66
15473,9090,1006,1,2865.1,193.03,2672.07,0,2865.1
15474,9090,928,2,2851.06,745.16,4956.96,20,2280.848
15475,9090,324,1,112608.37,567.65,112040.72,20,90086.696
15476,9090,894,2,3863.24,697.52,7028.96,0,3863.24
15477,9091,676,1,2284.87,93.52,2191.35,20,1827.896
15478,9092,426,1,804.21,15.36,788.85,30,562.947
15479,9093,332,1,1578.22,0.0,1578.22,20,1262.576
15480,9094,1455,2,1924.18,415.42,3432.94,10,1731.7620000000002
15481,9095,704,1,2086.13,108.01,1978.12,30,1460.291
15482,9096,1369,1,1514.51,36.3,1478.21,0,1514.51
15483,9097,654,1,1894.03,0.0,1894.03,10,1704.627
15484,9098,1284,1,102271.11,14384.58,87886.53,0,102271.11
15485,9099,1401,1,3069.45,0.0,3069.45,0,3069.45
15486,9100,1133,2,750.52,0.0,1501.04,10,675.468
15487,9100,485,1,5877.6,0.0,5877.6,10,5289.84
15488,9101,1100,1,7209.62,0.0,7209.62,20,5767.696
15489,9102,1170,1,4694.51,254.3,4440.21,30,3286.157
15490,9103,9,2,36017.37,4450.5,67584.24,0,36017.37
15491,9104,975,2,17084.55,0.0,34169.1,30,11959.185
15492,9105,251,1,2367.88,14.75,2353.13,20,1894.304
15493,9106,1108,1,145328.64,8900.45,136428.19,30,101730.048
15494,9107,402,1,1513.62,0.0,1513.62,30,1059.534
15495,9108,214,3,16299.24,436.92,48460.8,0,16299.24
15496,9108,901,1,72792.1,8391.48,64400.62,30,50954.47
15497,9109,1123,1,3390.11,0.0,3390.11,10,3051.099
15498,9110,163,1,44768.27,4596.61,40171.66,30,31337.789
15499,9110,911,1,108679.97,4554.07,104125.9,0,108679.97
15500,9111,1304,1,940.86,87.84,853.02,0,940.86
15501,9111,781,2,78876.75,15757.94,141995.56,0,78876.75
15502,9112,1227,1,2155.48,85.16,2070.32,0,2155.48
15503,9112,191,1,1689.13,33.24,1655.89,20,1351.304
15504,9112,159,1,332.72,14.01,318.71,20,266.17600000000004
15505,9112,1477,1,1834.8,134.79,1700.01,0,1834.8
15506,9112,799,1,45775.71,6244.99,39530.72,0,45775.71
15507,9113,1595,1,18497.48,0.0,18497.48,30,12948.236
15508,9114,649,1,975.94,0.0,975.94,10,878.3460000000001
15509,9115,569,1,1937.28,28.06,1909.22,10,1743.552
15510,9116,793,1,78038.07,0.0,78038.07,20,62430.456000000006
15511,9117,1548,2,174.01,0.0,348.02,30,121.807
15512,9118,592,1,1067.91,31.9,1036.01,30,747.537
15513,9119,450,1,162867.91,8923.6,153944.31,0,162867.91
15514,9120,1337,2,618.42,0.0,1236.84,0,618.42
15515,9121,1016,1,36631.13,5136.19,31494.94,0,36631.13
15516,9121,720,1,342.29,31.79,310.5,30,239.603
15517,9122,1316,1,343.7,18.84,324.86,20,274.96
15518,9123,1496,1,1656.55,0.0,1656.55,0,1656.55
15519,9124,675,1,1350.25,0.0,1350.25,0,1350.25
15520,9124,292,1,42595.72,0.0,42595.72,10,38336.148
15521,9125,324,1,112608.37,0.0,112608.37,30,78825.859
15522,9125,916,1,433.67,0.0,433.67,30,303.569
15523,9126,1465,1,2247.01,0.0,2247.01,0,2247.01
15524,9126,334,2,1881.36,0.0,3762.72,20,1505.088
15525,9127,66,1,2441.02,186.43,2254.59,0,2441.02
15526,9127,118,1,29857.44,1585.12,28272.32,20,23885.952
15527,9128,204,1,443.43,32.47,410.96,30,310.401
15528,9129,763,2,3187.33,934.36,5440.3,30,2231.131
15529,9129,651,1,82264.94,5057.14,77207.8,20,65811.952
15530,9130,1141,1,2583.37,20.09,2563.28,30,1808.359
15531,9131,1189,3,5385.89,0.0,16157.67,0,5385.89
15532,9132,592,1,1067.91,0.0,1067.91,0,1067.91
15533,9133,1038,1,2419.9,345.47,2074.43,0,2419.9
15534,9134,986,1,57564.41,0.0,57564.41,0,57564.41
15535,9135,245,1,3184.05,0.0,3184.05,20,2547.24
15536,9136,1274,1,118948.19,12514.06,106434.13,0,118948.19
15537,9137,1542,1,1880.53,67.98,1812.55,0,1880.53
15538,9137,245,1,3184.05,302.71,2881.34,10,2865.6450000000004
15539,9137,1265,1,753.76,53.37,700.39,0,753.76
15540,9138,918,2,3505.07,625.46,6384.68,10,3154.563
15541,9139,136,1,646.44,26.42,620.02,0,646.44
15542,9140,680,1,237.17,27.06,210.11,10,213.453
15543,9141,1511,2,26635.3,4391.25,48879.35,30,18644.71
15544,9141,623,2,4342.57,3.9,8681.24,20,3474.056
15545,9141,470,1,2088.11,5.95,2082.16,20,1670.4880000000005
15546,9142,962,3,1108.44,0.0,3325.32,10,997.596
15547,9143,1513,1,2099.25,48.58,2050.67,0,2099.25
15548,9143,647,3,27236.09,8978.24,72730.03,10,24512.481
15549,9144,958,1,1318.24,109.14,1209.1,30,922.768
15550,9145,1007,1,7088.49,0.0,7088.49,20,5670.792
15551,9146,789,1,83642.73,3113.67,80529.06,0,83642.73
15552,9146,885,1,51233.09,6934.58,44298.51,10,46109.781
15553,9147,666,1,996.62,93.05,903.57,20,797.296
15554,9148,67,1,5611.24,0.0,5611.24,10,5050.116
15555,9148,840,1,162782.38,0.0,162782.38,0,162782.38
15556,9149,152,1,110450.49,6622.0,103828.49,10,99405.441
15557,9150,1048,1,71604.88,0.0,71604.88,20,57283.90400000001
15558,9150,1186,2,2233.01,0.0,4466.02,0,2233.01
15559,9150,1233,1,3456.57,0.0,3456.57,0,3456.57
15560,9151,1057,1,1611.27,39.56,1571.71,0,1611.27
15561,9151,1313,1,1131.03,136.34,994.69,0,1131.03
15562,9152,1572,1,2427.87,0.0,2427.87,10,2185.083
15563,9153,426,1,804.21,0.0,804.21,10,723.7890000000001
15564,9153,1381,1,41371.29,0.0,41371.29,20,33097.032
15565,9154,1107,1,112320.64,14301.72,98018.92,0,112320.64
15566,9155,1299,1,3414.72,248.75,3165.97,30,2390.304
15567,9155,388,1,3732.52,171.43,3561.09,10,3359.268
15568,9156,320,1,1023.82,0.0,1023.82,0,1023.82
15569,9157,50,2,7178.02,378.41,13977.63,0,7178.02
15570,9158,1013,1,2832.66,271.05,2561.61,20,2266.128
15571,9158,233,1,2640.21,93.31,2546.9,0,2640.21
15572,9159,205,1,400.88,0.0,400.88,30,280.616
15573,9160,1485,1,31524.8,0.0,31524.8,30,22067.36
15574,9160,678,1,2482.88,0.0,2482.88,10,2234.592
15575,9160,466,1,92637.16,0.0,92637.16,30,64846.012
15576,9161,376,1,1921.2,200.06,1721.14,0,1921.2
15577,9162,1396,1,4528.45,0.0,4528.45,30,3169.9149999999995
15578,9162,438,2,4222.79,0.0,8445.58,10,3800.511
15579,9163,1010,2,51993.79,14597.17,89390.41,30,36395.653
15580,9164,1401,1,3069.45,73.59,2995.86,10,2762.505
15581,9164,45,1,5292.4,595.64,4696.76,10,4763.16
15582,9165,307,2,4585.11,1083.16,8087.06,30,3209.577
15583,9166,1102,1,124939.04,12003.85,112935.19,30,87457.328
15584,9167,771,1,2630.46,191.24,2439.22,0,2630.46
15585,9168,792,2,3233.42,650.66,5816.18,30,2263.394
15586,9169,173,3,1351.37,0.0,4054.11,0,1351.37
15587,9170,699,1,3048.78,305.88,2742.9,0,3048.78
15588,9170,755,1,118973.39,314.8,118658.59,0,118973.39
15589,9171,771,1,2630.46,131.68,2498.78,30,1841.322
15590,9171,898,1,4375.33,32.38,4342.95,10,3937.797
15591,9172,1314,1,2752.88,119.63,2633.25,30,1927.016
15592,9173,297,3,10115.63,0.0,30346.89,0,10115.63
15593,9174,193,1,129172.73,0.0,129172.73,20,103338.184
15594,9174,1397,1,18699.32,0.0,18699.32,0,18699.32
15595,9175,918,1,3505.07,166.58,3338.49,0,3505.07
15596,9176,1531,1,90650.62,0.0,90650.62,20,72520.496
15597,9177,1446,1,9412.43,0.0,9412.43,30,6588.701
15598,9178,729,1,68134.25,0.0,68134.25,0,68134.25
15599,9178,1115,3,116186.43,0.0,348559.29,20,92949.144
15600,9179,1533,1,2523.95,0.0,2523.95,0,2523.95
15601,9180,1317,1,2594.28,0.0,2594.28,20,2075.4240000000004
15602,9180,1287,1,87310.61,0.0,87310.61,10,78579.549
15603,9181,1293,1,1046.89,0.0,1046.89,0,1046.89
15604,9181,1475,1,57952.35,0.0,57952.35,30,40566.645
15605,9181,911,1,108679.97,0.0,108679.97,20,86943.97600000001
15606,9181,415,1,663.18,0.0,663.18,10,596.862
15607,9181,242,1,1239.27,0.0,1239.27,0,1239.27
15608,9182,1495,1,92165.84,2221.29,89944.55,30,64516.088
15609,9182,327,1,29823.32,3806.33,26016.99,10,26840.988
15610,9183,441,1,3621.08,115.52,3505.56,0,3621.08
15611,9184,1429,1,1720.96,0.0,1720.96,0,1720.96
15612,9184,812,1,24603.28,0.0,24603.28,10,22142.952
15613,9185,1245,3,40671.19,3309.17,118704.4,30,28469.833
15614,9186,421,1,468.23,67.96,400.27,0,468.23
15615,9187,294,1,41961.75,0.0,41961.75,0,41961.75
15616,9187,822,1,28372.98,0.0,28372.98,0,28372.98
15617,9187,1231,1,2323.31,0.0,2323.31,30,1626.3169999999998
15618,9187,240,1,138590.82,0.0,138590.82,0,138590.82
15619,9188,180,1,112845.7,13782.51,99063.19,0,112845.7
15620,9188,397,1,31159.3,3821.29,27338.01,20,24927.44
15621,9188,1252,1,4619.51,21.76,4597.75,30,3233.657
15622,9189,15,3,1095.25,199.85,3085.9,0,1095.25
15623,9190,1178,1,88183.51,0.0,88183.51,30,61728.457
15624,9190,103,1,3868.11,0.0,3868.11,30,2707.677
15625,9191,985,1,3261.61,137.59,3124.02,30,2283.127
15626,9192,647,1,27236.09,0.0,27236.09,20,21788.872000000003
15627,9193,970,1,120.23,0.0,120.23,20,96.184
15628,9193,127,1,2230.56,0.0,2230.56,30,1561.3919999999998
15629,9194,806,2,147721.74,0.0,295443.48,10,132949.566
15630,9194,12,1,13993.18,0.0,13993.18,30,9795.226
15631,9195,1100,1,7209.62,1043.3,6166.32,30,5046.734
15632,9195,372,1,174277.93,6999.58,167278.35,20,139422.344
15633,9196,74,1,2354.49,139.55,2214.94,20,1883.592
15634,9197,1000,1,116356.97,7471.17,108885.8,10,104721.273
15635,9198,592,1,1067.91,0.0,1067.91,20,854.3280000000001
15636,9199,586,1,1501.47,107.07,1394.4,20,1201.1760000000002
15637,9200,947,1,3401.84,0.0,3401.84,30,2381.288
15638,9201,15,1,1095.25,161.73,933.52,20,876.2
15639,9202,1084,1,70352.07,4556.26,65795.81,0,70352.07
15640,9202,1046,3,9087.52,3630.16,23632.4,0,9087.52
15641,9203,1209,1,3547.28,0.0,3547.28,30,2483.096
15642,9203,597,1,2650.0,0.0,2650.0,20,2120.0
15643,9204,844,1,3208.7,10.19,3198.51,0,3208.7
15644,9205,1548,3,174.01,3.58,518.45,0,174.01
15645,9205,968,1,4831.61,299.54,4532.07,10,4348.449
15646,9206,1426,2,2854.6,337.64,5371.56,20,2283.68
15647,9206,1567,3,119671.35,52327.6,306686.45,30,83769.94499999999
15648,9206,86,1,3175.74,473.11,2702.63,0,3175.74
15649,9206,838,1,1056.26,96.89,959.37,0,1056.26
15650,9207,627,1,43230.9,3045.04,40185.86,30,30261.63
15651,9208,1131,2,1576.54,250.96,2902.12,20,1261.232
15652,9209,1306,3,55531.46,14010.85,152583.53,30,38872.022
15653,9209,1269,1,2326.75,15.17,2311.58,30,1628.725
15654,9209,344,1,1068.92,94.33,974.59,0,1068.92
15655,9209,279,1,41417.49,6007.81,35409.68,20,33133.992
15656,9210,1194,2,1471.98,184.88,2759.08,20,1177.584
15657,9211,303,1,3839.35,0.0,3839.35,20,3071.48
15658,9212,1592,1,91342.6,13060.52,78282.08,0,91342.6
15659,9213,967,2,87744.71,20920.59,154568.83,0,87744.71
15660,9214,904,1,1779.5,203.11,1576.39,20,1423.6
15661,9215,384,1,4128.03,308.89,3819.14,20,3302.424
15662,9216,551,1,2682.04,289.78,2392.26,10,2413.836
15663,9217,1166,1,2881.52,106.11,2775.41,0,2881.52
15664,9218,342,1,4315.91,0.0,4315.91,10,3884.319
15665,9218,1313,1,1131.03,0.0,1131.03,10,1017.927
15666,9218,767,1,2061.1,0.0,2061.1,30,1442.7699999999998
15667,9219,708,2,71148.88,0.0,142297.76,0,71148.88
15668,9219,784,1,2840.63,0.0,2840.63,0,2840.63
15669,9220,6,1,3858.92,0.0,3858.92,30,2701.244
15670,9221,352,3,93433.5,7500.68,272799.82,30,65403.45
15671,9222,1276,1,5685.06,368.19,5316.87,20,4548.048000000001
15672,9223,1004,1,2995.17,0.0,2995.17,0,2995.17
15673,9223,1031,1,356.88,0.0,356.88,0,356.88
15674,9224,667,1,2282.98,122.8,2160.18,30,1598.086
15675,9225,707,1,2710.38,249.63,2460.75,0,2710.38
15676,9226,1178,1,88183.51,0.0,88183.51,10,79365.159
15677,9227,970,1,120.23,0.0,120.23,10,108.207
15678,9228,1308,1,1123.17,0.0,1123.17,10,1010.853
15679,9229,660,1,41679.89,6099.13,35580.76,0,41679.89
15680,9230,641,3,1430.27,0.0,4290.81,0,1430.27
15681,9231,1232,1,2225.05,0.0,2225.05,0,2225.05
15682,9231,113,3,870.54,0.0,2611.62,10,783.486
15683,9232,1012,2,1697.86,112.32,3283.4,20,1358.288
15684,9233,1228,1,8753.11,1087.34,7665.77,0,8753.11
15685,9233,1296,1,1446.41,92.37,1354.04,0,1446.41
15686,9233,862,1,68245.35,8860.36,59384.99,10,61420.81500000001
15687,9234,1329,1,2430.96,0.0,2430.96,30,1701.672
15688,9234,1100,1,7209.62,0.0,7209.62,30,5046.734
15689,9234,1407,1,43168.92,0.0,43168.92,10,38852.028
15690,9234,557,1,40353.14,0.0,40353.14,10,36317.826
15691,9234,1361,3,4756.92,0.0,14270.76,20,3805.536
15692,9235,951,1,909.66,0.0,909.66,0,909.66
15693,9235,707,1,2710.38,0.0,2710.38,0,2710.38
15694,9235,529,1,2902.91,0.0,2902.91,20,2322.328
15695,9236,1448,1,35381.82,4862.11,30519.71,0,35381.82
15696,9237,605,1,3237.95,339.7,2898.25,10,2914.155
15697,9237,1155,2,608.12,147.89,1068.35,30,425.684
15698,9237,173,2,1351.37,224.08,2478.66,0,1351.37
15699,9238,840,2,162782.38,24156.58,301408.18,10,146504.14200000002
15700,9238,754,1,2211.94,237.7,1974.24,30,1548.358
15701,9239,391,1,134.99,3.27,131.72,10,121.491
15702,9240,465,1,3059.86,259.63,2800.23,10,2753.8740000000003
15703,9240,1223,1,11259.67,925.07,10334.6,20,9007.736
15704,9241,1534,1,8395.14,0.0,8395.14,20,6716.112
15705,9241,862,1,68245.35,0.0,68245.35,30,47771.745
15706,9242,1373,2,21018.4,0.0,42036.8,0,21018.4
15707,9243,416,1,2498.44,0.0,2498.44,10,2248.596
15708,9243,1328,1,2127.08,0.0,2127.08,10,1914.372
15709,9244,1524,1,4935.26,2.94,4932.32,30,3454.682
15710,9244,439,1,1595.52,76.16,1519.36,30,1116.8639999999998
15711,9245,201,1,1291.43,0.0,1291.43,30,904.001
15712,9246,799,1,45775.71,6189.65,39586.06,10,41198.139
15713,9246,1050,2,2146.23,619.44,3673.02,10,1931.607
15714,9247,1480,2,4188.58,280.88,8096.28,0,4188.58
15715,9248,352,1,93433.5,0.0,93433.5,20,74746.8
15716,9248,271,1,9634.51,0.0,9634.51,0,9634.51
15717,9249,855,3,440.43,0.0,1321.29,0,440.43
15718,9250,92,1,55734.91,0.0,55734.91,0,55734.91
15719,9250,725,1,38653.89,0.0,38653.89,20,30923.112
15720,9250,985,1,3261.61,0.0,3261.61,0,3261.61
15721,9251,176,1,95686.66,0.0,95686.66,20,76549.32800000001
15722,9251,1519,1,2297.98,0.0,2297.98,10,2068.182
15723,9252,1479,1,948.68,76.83,871.85,20,758.944
15724,9252,1044,3,9021.21,2284.92,24778.71,30,6314.846999999999
15725,9252,960,1,1955.05,222.59,1732.46,0,1955.05
15726,9252,401,1,1312.43,76.43,1236.0,0,1312.43
15727,9252,1461,1,33088.65,3541.51,29547.14,20,26470.92
15728,9253,1479,2,948.68,0.0,1897.36,0,948.68
15729,9254,508,1,93055.46,539.07,92516.39,10,83749.914
15730,9254,58,2,2642.32,184.27,5100.37,20,2113.856
15731,9255,247,1,2539.27,333.02,2206.25,20,2031.416
15732,9256,1223,1,11259.67,485.77,10773.9,10,10133.703
15733,9257,430,1,2897.39,0.0,2897.39,10,2607.651
15734,9257,1034,1,32492.4,0.0,32492.4,0,32492.4
15735,9258,78,2,24058.57,0.0,48117.14,10,21652.713
15736,9258,467,1,34229.7,0.0,34229.7,20,27383.76
15737,9258,427,1,51715.55,0.0,51715.55,20,41372.44
15738,9258,622,1,135527.88,0.0,135527.88,0,135527.88
15739,9258,288,1,6762.4,0.0,6762.4,0,6762.4
15740,9259,1320,1,44898.72,5653.26,39245.46,0,44898.72
15741,9259,696,1,74127.77,5991.22,68136.55,10,66714.993
15742,9260,1374,1,39316.48,1433.52,37882.96,20,31453.184000000005
15743,9260,1292,2,848.45,86.91,1609.99,10,763.605
15744,9261,94,1,43997.06,1705.65,42291.41,0,43997.06
15745,9262,489,3,758.34,241.52,2033.5,30,530.838
15746,9263,1147,1,14582.77,0.0,14582.77,10,13124.493
15747,9264,721,1,1671.74,0.0,1671.74,0,1671.74
15748,9265,59,3,3388.26,1507.49,8657.29,20,2710.608
15749,9266,248,1,1908.15,0.0,1908.15,30,1335.705
15750,9267,101,1,68775.54,8283.27,60492.27,20,55020.432
15751,9268,867,1,26390.91,0.0,26390.91,10,23751.819
15752,9269,853,1,2122.25,0.0,2122.25,0,2122.25
15753,9270,959,1,2008.67,0.0,2008.67,10,1807.803
15754,9270,81,1,1588.45,0.0,1588.45,20,1270.7600000000002
15755,9271,1077,2,40938.16,0.0,81876.32,20,32750.52800000001
15756,9271,997,1,389.19,0.0,389.19,20,311.35200000000003
15757,9272,1450,2,2010.76,105.95,3915.57,30,1407.532
15758,9272,143,1,2617.21,387.38,2229.83,0,2617.21
15759,9272,1244,1,3810.15,426.36,3383.79,10,3429.135
15760,9272,804,2,3599.24,969.76,6228.72,10,3239.316
15761,9273,328,1,1446.76,3.55,1443.21,20,1157.408
15762,9274,1518,1,13829.56,0.0,13829.56,0,13829.56
15763,9274,196,1,61624.8,0.0,61624.8,30,43137.36
15764,9275,417,1,2364.31,236.54,2127.77,0,2364.31
15765,9276,743,3,2269.05,175.24,6631.91,10,2042.145
15766,9277,1451,2,397.42,1.92,792.92,30,278.194
15767,9278,598,1,3271.1,360.41,2910.69,0,3271.1
15768,9279,1038,1,2419.9,14.54,2405.36,20,1935.92
15769,9280,1233,1,3456.57,310.14,3146.43,20,2765.2560000000003
15770,9281,616,1,120778.74,8692.23,112086.51,10,108700.866
15771,9282,1351,1,1256.09,94.69,1161.4,0,1256.09
15772,9282,948,1,3718.48,169.23,3549.25,20,2974.784
15773,9283,1055,1,61678.24,0.0,61678.24,30,43174.768
15774,9284,10,1,661.22,77.18,584.04,30,462.854
15775,9284,820,1,5798.58,767.84,5030.74,20,4638.8640000000005
15776,9285,461,1,2133.9,0.0,2133.9,0,2133.9
15777,9285,107,1,284.52,0.0,284.52,30,199.164
15778,9286,916,3,433.67,0.0,1301.01,10,390.303
15779,9287,1355,2,7004.87,1952.63,12057.11,0,7004.87
15780,9288,1351,1,1256.09,161.98,1094.11,30,879.2629999999999
15781,9288,246,1,1755.56,74.62,1680.94,0,1755.56
15782,9289,1204,3,122881.84,27624.25,341021.27,0,122881.84
15783,9290,409,1,1326.94,0.0,1326.94,10,1194.246
15784,9291,385,1,1018.09,135.03,883.06,20,814.4720000000001
15785,9291,1135,1,22063.27,2236.03,19827.24,20,17650.616
15786,9292,83,3,67349.49,10702.01,191346.46,30,47144.643
15787,9293,605,1,3237.95,0.0,3237.95,0,3237.95
15788,9294,1366,1,40406.93,0.0,40406.93,0,40406.93
15789,9295,701,1,47197.58,6225.72,40971.86,20,37758.064000000006
15790,9296,1578,1,6158.02,543.11,5614.91,20,4926.416000000001
15791,9297,259,2,1980.52,197.76,3763.28,30,1386.3639999999998
15792,9297,588,1,2898.84,59.09,2839.75,20,2319.072
15793,9297,761,1,11092.68,1114.03,9978.65,30,7764.875999999999
15794,9298,877,1,1082.87,0.0,1082.87,0,1082.87
15795,9298,1378,1,1742.34,0.0,1742.34,10,1568.106
15796,9299,880,1,3054.09,0.0,3054.09,20,2443.2720000000004
15797,9300,1050,1,2146.23,104.38,2041.85,30,1502.361
15798,9300,1016,2,36631.13,9735.37,63526.89,10,32968.017
15799,9301,950,1,2629.74,126.3,2503.44,0,2629.74
15800,9302,617,3,3079.68,1159.74,8079.3,10,2771.712
15801,9302,934,1,3198.99,125.44,3073.55,10,2879.091
15802,9303,1093,3,20431.66,5869.33,55425.65,10,18388.494
15803,9303,1007,1,7088.49,619.48,6469.01,10,6379.641
15804,9304,27,1,594.98,0.0,594.98,20,475.984
15805,9305,467,3,34229.7,0.0,102689.1,30,23960.79
15806,9305,826,1,1971.53,0.0,1971.53,10,1774.377
15807,9306,1363,1,3136.2,34.01,3102.19,0,3136.2
15808,9306,710,1,32724.34,1128.17,31596.17,10,29451.906
15809,9307,195,1,31411.94,1053.07,30358.87,20,25129.552
15810,9308,368,3,53610.72,20123.06,140709.1,20,42888.576
15811,9308,381,1,1083.08,99.49,983.59,0,1083.08
15812,9308,1082,2,3419.64,620.69,6218.59,0,3419.64
15813,9308,427,2,51715.55,8041.28,95389.82,0,51715.55
15814,9309,598,1,3271.1,456.44,2814.66,10,2943.99
15815,9309,1153,1,145864.75,14487.33,131377.42,20,116691.8
15816,9309,1089,1,76783.54,9271.87,67511.67,10,69105.186
15817,9309,1337,1,618.42,70.76,547.66,10,556.578
15818,9309,210,2,1699.58,303.3,3095.86,30,1189.706
15819,9310,1483,1,3832.7,0.0,3832.7,0,3832.7
15820,9311,998,1,2566.35,375.95,2190.4,0,2566.35
15821,9312,518,1,2482.37,0.0,2482.37,10,2234.133
15822,9313,60,3,1296.99,200.06,3690.91,30,907.893
15823,9314,1300,1,1951.79,165.08,1786.71,20,1561.432
15824,9315,1088,2,1367.68,123.1,2612.26,30,957.376
15825,9315,1259,1,420.62,0.74,419.88,30,294.434
15826,9316,773,1,1553.01,0.0,1553.01,30,1087.107
15827,9316,1267,1,2049.76,0.0,2049.76,0,2049.76
15828,9316,759,1,2014.33,0.0,2014.33,30,1410.031
15829,9317,440,1,1285.35,4.53,1280.82,20,1028.28
15830,9317,633,1,131443.04,11545.48,119897.56,10,118298.736
15831,9317,360,1,32907.0,2819.28,30087.72,0,32907.0
15832,9317,1529,1,90803.24,7855.49,82947.75,0,90803.24
15833,9318,1254,1,93864.59,13427.44,80437.15,20,75091.672
15834,9318,1349,1,1367.29,123.16,1244.13,10,1230.561
15835,9319,495,1,61768.34,0.0,61768.34,20,49414.672
15836,9320,1484,1,86983.02,857.79,86125.23,10,78284.71800000001
15837,9321,813,1,46231.71,1092.25,45139.46,20,36985.368
15838,9321,75,1,8157.48,0.77,8156.71,30,5710.235999999999
15839,9321,1296,1,1446.41,168.05,1278.36,30,1012.487
15840,9321,371,2,8486.38,412.75,16560.01,30,5940.465999999999
15841,9322,1011,2,105248.63,0.0,210497.26,10,94723.767
15842,9322,1200,1,2190.69,0.0,2190.69,0,2190.69
15843,9323,758,1,122743.75,7063.69,115680.06,0,122743.75
15844,9323,953,1,1650.81,106.43,1544.38,30,1155.5669999999998
15845,9324,1059,1,3113.14,427.24,2685.9,10,2801.826
15846,9325,1155,1,608.12,10.77,597.35,30,425.684
15847,9326,934,1,3198.99,58.13,3140.86,0,3198.99
15848,9327,1220,1,37492.11,4901.82,32590.29,30,26244.477
15849,9327,967,1,87744.71,1044.37,86700.34,20,70195.76800000001
15850,9327,674,3,2535.97,514.7,7093.21,0,2535.97
15851,9327,818,3,1924.73,647.47,5126.72,0,1924.73
15852,9328,922,2,1939.57,521.19,3357.95,10,1745.613
15853,9328,545,1,470.77,5.31,465.46,30,329.539
15854,9329,521,1,322.75,0.0,322.75,10,290.475
15855,9330,600,1,1808.13,123.86,1684.27,30,1265.691
15856,9330,780,1,3912.69,456.39,3456.3,20,3130.152
15857,9331,232,1,38831.08,4745.83,34085.25,10,34947.972
15858,9332,148,1,60801.41,8358.42,52442.99,30,42560.987
15859,9333,1215,1,3634.8,0.0,3634.8,0,3634.8
15860,9333,1049,1,26000.8,0.0,26000.8,0,26000.8
15861,9333,468,1,22472.15,0.0,22472.15,0,22472.15
15862,9333,800,1,308.13,0.0,308.13,20,246.504
15863,9334,515,1,1652.18,196.98,1455.2,20,1321.744
15864,9335,394,1,2706.99,0.0,2706.99,20,2165.592
15865,9336,1016,1,36631.13,5112.04,31519.09,0,36631.13
15866,9336,267,1,825.8,63.28,762.52,30,578.06
15867,9336,1552,2,34238.79,4459.59,64017.99,20,27391.032000000003
15868,9337,1185,2,5187.12,0.0,10374.24,30,3630.984
15869,9338,1015,1,2376.2,81.97,2294.23,10,2138.58
15870,9339,1459,1,3227.95,0.0,3227.95,20,2582.36
15871,9340,124,1,1916.25,0.0,1916.25,20,1533.0
15872,9340,1173,2,33473.5,0.0,66947.0,0,33473.5
15873,9341,1228,3,8753.11,1546.45,24712.88,20,7002.488000000001
15874,9342,662,3,1180.85,148.48,3394.07,10,1062.765
15875,9343,793,1,78038.07,2563.9,75474.17,10,70234.263
15876,9343,853,1,2122.25,53.87,2068.38,10,1910.025
15877,9344,116,1,2413.81,0.0,2413.81,20,1931.048
15878,9345,1591,1,89157.48,966.84,88190.64,0,89157.48
15879,9345,1142,1,99.91,9.15,90.76,20,79.928
15880,9345,1466,1,536.2,16.73,519.47,20,428.96
15881,9346,1233,1,3456.57,192.95,3263.62,20,2765.2560000000003
15882,9346,1144,1,1149.43,99.33,1050.1,10,1034.487
15883,9347,988,1,2273.35,185.77,2087.58,10,2046.015
15884,9347,191,1,1689.13,114.03,1575.1,10,1520.217
15885,9347,896,1,1901.81,122.94,1778.87,30,1331.2669999999998
15886,9347,197,1,4870.47,497.6,4372.87,10,4383.423000000001
15887,9348,982,1,1009.34,0.0,1009.34,0,1009.34
15888,9348,1202,1,54005.3,0.0,54005.3,20,43204.240000000005
15889,9348,1080,1,2562.42,0.0,2562.42,0,2562.42
15890,9348,1578,1,6158.02,0.0,6158.02,10,5542.218000000001
15891,9348,297,1,10115.63,0.0,10115.63,0,10115.63
15892,9349,924,1,3898.29,271.76,3626.53,30,2728.803
15893,9349,1237,1,94515.4,9203.52,85311.88,20,75612.31999999999
15894,9350,27,1,594.98,65.64,529.34,30,416.486
15895,9351,1504,1,1103.31,0.0,1103.31,30,772.3169999999999
15896,9351,918,1,3505.07,0.0,3505.07,10,3154.563
15897,9351,1135,1,22063.27,0.0,22063.27,30,15444.289
15898,9351,1076,1,439.99,0.0,439.99,30,307.993
15899,9351,802,3,2548.8,0.0,7646.4,20,2039.04
15900,9352,1336,1,4092.74,125.59,3967.15,10,3683.466
15901,9353,110,1,118575.77,0.0,118575.77,30,83003.039
15902,9353,448,1,1698.53,0.0,1698.53,0,1698.53
15903,9354,640,1,3083.27,0.0,3083.27,20,2466.616
15904,9354,1581,2,148976.59,0.0,297953.18,0,148976.59
15905,9355,700,1,7717.28,346.56,7370.72,0,7717.28
15906,9356,575,1,49336.95,0.0,49336.95,0,49336.95
15907,9357,1023,1,36297.55,0.0,36297.55,30,25408.285
15908,9357,289,1,2410.54,0.0,2410.54,10,2169.486
15909,9358,640,1,3083.27,425.55,2657.72,10,2774.943
15910,9358,1156,3,96292.57,1692.26,287185.45,30,67404.799
15911,9359,902,1,4514.4,0.0,4514.4,10,4062.96
15912,9360,1259,1,420.62,13.72,406.9,30,294.434
15913,9360,773,2,1553.01,132.86,2973.16,10,1397.709
15914,9361,1243,1,2783.2,0.0,2783.2,10,2504.88
15915,9361,592,1,1067.91,0.0,1067.91,20,854.3280000000001
15916,9362,1462,1,8081.65,95.36,7986.29,30,5657.155
15917,9363,450,1,162867.91,22665.09,140202.82,30,114007.537
15918,9364,91,1,1351.15,172.62,1178.53,30,945.805
15919,9365,1296,1,1446.41,151.67,1294.74,0,1446.41
15920,9365,886,1,293.19,29.8,263.39,10,263.871
15921,9365,194,1,2698.45,290.79,2407.66,20,2158.76
15922,9366,865,1,22469.84,0.0,22469.84,10,20222.856
15923,9367,553,2,620.66,0.0,1241.32,30,434.46199999999993
15924,9367,1181,1,3639.55,0.0,3639.55,20,2911.6400000000003
15925,9368,136,1,646.44,38.82,607.62,0,646.44
15926,9368,874,1,331.29,5.88,325.41,0,331.29
15927,9368,806,1,147721.74,11138.88,136582.86,30,103405.218
15928,9368,761,1,11092.68,715.02,10377.66,30,7764.875999999999
15929,9369,639,2,1460.92,84.88,2836.96,10,1314.8280000000002
15930,9370,893,3,1487.95,501.47,3962.38,30,1041.565
15931,9371,501,1,2459.62,161.52,2298.1,20,1967.696
15932,9371,1256,3,3347.61,394.99,9647.84,20,2678.088
15933,9372,741,1,2631.03,204.17,2426.86,30,1841.721
15934,9373,450,1,162867.91,11823.05,151044.86,30,114007.537
15935,9374,69,1,2387.51,200.1,2187.41,30,1671.257
15936,9375,1203,1,3371.04,0.0,3371.04,10,3033.936
15937,9375,1397,1,18699.32,0.0,18699.32,10,16829.388
15938,9376,1226,1,55280.49,2832.03,52448.46,30,38696.34299999999
15939,9376,547,1,1846.34,2.47,1843.87,30,1292.438
15940,9376,848,1,2664.89,338.24,2326.65,20,2131.912
15941,9376,714,2,2767.25,577.34,4957.16,10,2490.525
15942,9376,768,1,50561.03,599.31,49961.72,30,35392.721
15943,9377,695,1,887.94,93.59,794.35,30,621.558
15944,9378,501,1,2459.62,245.64,2213.98,20,1967.696
15945,9378,583,1,129245.7,12865.37,116380.33,30,90471.99
15946,9379,569,2,1937.28,254.92,3619.64,0,1937.28
15947,9380,998,1,2566.35,0.0,2566.35,0,2566.35
15948,9381,480,1,3056.45,0.0,3056.45,10,2750.805
15949,9382,737,2,25069.29,6031.8,44106.78,0,25069.29
15950,9383,1372,1,5456.54,75.01,5381.53,30,3819.578
15951,9384,943,1,1254.75,2.11,1252.64,30,878.3249999999999
15952,9385,1391,1,4780.43,321.57,4458.86,20,3824.344000000001
15953,9385,799,1,45775.71,6740.62,39035.09,30,32042.997
15954,9386,1215,2,3634.8,418.63,6850.97,30,2544.36
15955,9387,587,1,108314.66,0.0,108314.66,0,108314.66
15956,9387,1208,1,115536.04,0.0,115536.04,30,80875.22799999999
15957,9387,141,2,1702.25,0.0,3404.5,30,1191.5749999999998
15958,9388,601,1,131194.89,3835.87,127359.02,10,118075.401
15959,9389,484,1,3780.52,552.54,3227.98,30,2646.364
15960,9389,848,1,2664.89,152.59,2512.3,10,2398.401
15961,9390,1223,3,11259.67,0.0,33779.01,20,9007.736
15962,9391,1517,1,3093.55,100.29,2993.26,20,2474.84
15963,9392,356,1,5467.85,0.0,5467.85,30,3827.495
15964,9393,1438,1,1797.41,0.0,1797.41,0,1797.41
15965,9393,146,1,80324.28,0.0,80324.28,10,72291.852
15966,9394,1347,1,1641.29,0.0,1641.29,20,1313.0320000000002
15967,9395,412,1,5380.91,784.93,4595.98,20,4304.728
15968,9396,50,1,7178.02,0.0,7178.02,20,5742.416000000001
15969,9396,455,2,133508.92,0.0,267017.84,0,133508.92
15970,9397,1488,1,62639.65,0.0,62639.65,0,62639.65
15971,9398,884,2,82430.4,8958.39,155902.41,20,65944.31999999999
15972,9399,286,1,2792.23,138.75,2653.48,0,2792.23
15973,9400,61,1,765.87,73.53,692.34,30,536.1089999999999
15974,9400,1478,2,730.4,24.75,1436.05,30,511.28
15975,9400,1279,1,4693.11,678.38,4014.73,30,3285.177
15976,9401,908,1,3981.14,0.0,3981.14,10,3583.026
15977,9402,181,1,40273.05,1703.21,38569.84,0,40273.05
15978,9403,1402,1,66573.21,8601.64,57971.57,0,66573.21
15979,9404,140,1,2580.55,101.55,2479.0,30,1806.385
15980,9405,508,1,93055.46,208.32,92847.14,30,65138.822
15981,9406,1402,2,66573.21,874.01,132272.41,10,59915.88900000001
15982,9407,1494,2,18167.06,537.79,35796.33,10,16350.354
15983,9408,1227,1,2155.48,70.98,2084.5,30,1508.836
15984,9408,645,3,754.4,185.01,2078.19,10,678.96
15985,9409,267,1,825.8,96.05,729.75,30,578.06
15986,9410,1193,1,7680.86,0.0,7680.86,10,6912.773999999999
15987,9410,197,1,4870.47,0.0,4870.47,10,4383.423000000001
15988,9411,380,1,2644.48,0.0,2644.48,0,2644.48
15989,9411,72,1,743.74,0.0,743.74,0,743.74
15990,9411,1236,1,529.36,0.0,529.36,20,423.48800000000006
15991,9411,649,3,975.94,0.0,2927.82,30,683.158
15992,9412,1466,1,536.2,0.0,536.2,30,375.34
15993,9412,950,1,2629.74,0.0,2629.74,0,2629.74
15994,9413,341,1,48560.82,0.0,48560.82,20,38848.656
15995,9414,18,1,219.13,15.51,203.62,30,153.391
15996,9415,1244,2,3810.15,793.35,6826.95,30,2667.105
15997,9416,162,1,1247.4,172.58,1074.82,10,1122.66
15998,9416,137,1,1739.85,213.48,1526.37,30,1217.8949999999998
15999,9416,662,3,1180.85,383.7,3158.85,0,1180.85
16000,9416,1223,1,11259.67,1680.43,9579.24,10,10133.703
16001,9416,385,1,1018.09,77.84,940.25,0,1018.09
16002,9417,250,3,47627.73,4524.31,138358.88,30,33339.411
16003,9418,1036,1,4064.58,0.0,4064.58,10,3658.122
16004,9419,973,1,30788.48,3655.13,27133.35,30,21551.936
16005,9420,818,1,1924.73,87.79,1836.94,20,1539.784
16006,9420,262,1,2826.04,239.11,2586.93,0,2826.04
16007,9420,678,2,2482.88,31.16,4934.6,30,1738.016
16008,9420,350,3,667.72,107.06,1896.1,0,667.72
16009,9421,399,1,2809.7,82.32,2727.38,10,2528.73
16010,9421,1568,2,113591.21,23514.85,203667.57,30,79513.847
16011,9422,677,1,1113.35,0.0,1113.35,0,1113.35
16012,9423,471,1,1279.56,184.54,1095.02,20,1023.648
16013,9423,455,1,133508.92,7658.69,125850.23,10,120158.02800000002
16014,9424,375,1,1217.82,101.8,1116.02,30,852.4739999999999
16015,9425,211,1,1481.21,70.08,1411.13,10,1333.0890000000002
16016,9426,405,1,56478.15,0.0,56478.15,20,45182.52
16017,9427,1226,1,55280.49,0.0,55280.49,20,44224.392
16018,9427,788,1,3542.11,0.0,3542.11,30,2479.477
16019,9428,1326,1,1936.13,288.42,1647.71,0,1936.13
16020,9429,1390,1,32277.62,2138.75,30138.87,20,25822.096
16021,9429,154,1,3811.09,552.79,3258.3,30,2667.763
16022,9430,992,1,768.3,0.91,767.39,30,537.81
16023,9431,1220,1,37492.11,0.0,37492.11,10,33742.899000000005
16024,9431,1265,3,753.76,0.0,2261.28,10,678.384
16025,9432,1386,1,932.68,0.0,932.68,0,932.68
16026,9432,1589,1,103645.76,0.0,103645.76,20,82916.60800000001
16027,9432,825,1,25418.66,0.0,25418.66,30,17793.061999999998
16028,9432,1425,1,38118.15,0.0,38118.15,30,26682.705
16029,9433,1091,2,88617.11,185.89,177048.33,20,70893.68800000001
16030,9434,1132,1,3635.19,0.0,3635.19,10,3271.6710000000003
16031,9434,1338,1,2238.46,0.0,2238.46,20,1790.768
16032,9435,1446,1,9412.43,0.0,9412.43,10,8471.187
16033,9436,354,1,2738.94,215.76,2523.18,20,2191.152
16034,9437,654,2,1894.03,207.25,3580.81,10,1704.627
16035,9438,1381,1,41371.29,6138.32,35232.97,20,33097.032
16036,9439,105,1,172880.36,24747.53,148132.83,10,155592.324
16037,9440,348,1,162.1,19.26,142.84,30,113.46999999999998
16038,9441,138,2,350.95,0.0,701.9,30,245.665
16039,9442,679,3,3603.31,932.75,9877.18,30,2522.317
16040,9443,823,1,24569.14,382.9,24186.24,0,24569.14
16041,9444,139,1,1485.23,0.0,1485.23,20,1188.184
16042,9445,39,1,15502.07,2047.92,13454.15,10,13951.863
16043,9446,1416,1,158592.95,0.0,158592.95,0,158592.95
16044,9446,917,1,974.63,0.0,974.63,0,974.63
16045,9446,1261,1,516.29,0.0,516.29,0,516.29
16046,9447,1061,1,182372.8,17165.0,165207.8,10,164135.52
16047,9447,626,3,2262.96,843.28,5945.6,0,2262.96
16048,9448,1120,2,85415.3,0.0,170830.6,20,68332.24
16049,9449,1026,2,16347.09,2153.57,30540.61,0,16347.09
16050,9449,303,1,3839.35,60.57,3778.78,30,2687.545
16051,9450,610,1,1489.26,0.0,1489.26,10,1340.334
16052,9450,1321,1,10565.62,0.0,10565.62,30,7395.934
16053,9450,265,2,1326.78,0.0,2653.56,30,928.746
16054,9450,571,1,136354.08,0.0,136354.08,20,109083.264
16055,9450,1468,1,3913.73,0.0,3913.73,0,3913.73
16056,9451,44,1,35028.51,0.0,35028.51,20,28022.808000000005
16057,9451,45,1,5292.4,0.0,5292.4,30,3704.68
16058,9451,1221,1,979.8,0.0,979.8,10,881.8199999999999
16059,9451,1327,1,26530.9,0.0,26530.9,0,26530.9
16060,9452,510,1,2532.26,135.31,2396.95,20,2025.808
16061,9453,219,1,4417.46,0.0,4417.46,10,3975.714
16062,9454,1250,1,42939.79,5357.72,37582.07,0,42939.79
16063,9454,572,1,2920.51,183.59,2736.92,0,2920.51
16064,9455,1596,1,4337.02,241.2,4095.82,0,4337.02
16065,9456,1569,1,109637.89,2738.05,106899.84,0,109637.89
16066,9456,1086,1,1518.57,28.6,1489.97,30,1062.9989999999998
16067,9456,494,1,2127.83,231.84,1895.99,20,1702.264
16068,9456,227,1,54300.88,6843.59,47457.29,0,54300.88
16069,9457,29,1,42286.57,0.0,42286.57,10,38057.913
16070,9458,728,1,36071.09,0.0,36071.09,0,36071.09
16071,9459,670,2,1896.46,0.0,3792.92,0,1896.46
16072,9459,943,1,1254.75,0.0,1254.75,10,1129.275
16073,9460,1161,1,165567.2,6442.7,159124.5,0,165567.2
16074,9461,1269,1,2326.75,203.56,2123.19,0,2326.75
16075,9461,1234,1,108776.14,9327.18,99448.96,30,76143.298
16076,9462,658,1,5224.75,494.51,4730.24,20,4179.8
16077,9462,380,2,2644.48,696.87,4592.09,20,2115.5840000000003
16078,9463,1413,1,3338.33,11.29,3327.04,30,2336.831
16079,9464,862,1,68245.35,5798.64,62446.71,0,68245.35
16080,9465,847,1,1450.17,217.19,1232.98,0,1450.17
16081,9465,1141,2,2583.37,582.09,4584.65,0,2583.37
16082,9465,439,2,1595.52,265.88,2925.16,20,1276.4160000000002
16083,9465,1340,1,4036.45,159.54,3876.91,20,3229.16
16084,9466,1308,1,1123.17,160.09,963.08,0,1123.17
16085,9466,946,1,69896.98,5968.99,63927.99,30,48927.88599999999
16086,9466,1172,2,3297.12,610.95,5983.29,0,3297.12
16087,9466,1295,1,4110.18,324.25,3785.93,30,2877.126
16088,9467,964,2,2212.96,0.0,4425.92,0,2212.96
16089,9468,429,2,121237.34,33963.05,208511.63,20,96989.872
16090,9468,1280,1,8871.08,982.82,7888.26,30,6209.755999999999
16091,9469,1535,1,4110.59,281.64,3828.95,20,3288.472
16092,9469,108,1,108060.7,737.11,107323.59,20,86448.56
16093,9470,1276,1,5685.06,0.0,5685.06,30,3979.542
16094,9471,1102,3,124939.04,31203.29,343613.83,0,124939.04
16095,9471,475,1,1480.29,75.07,1405.22,0,1480.29
16096,9472,314,1,1524.32,26.34,1497.98,0,1524.32
16097,9472,1489,3,877.0,163.24,2467.76,0,877.0
16098,9473,459,1,2056.03,133.11,1922.92,0,2056.03
16099,9473,1452,1,71498.52,10288.52,61210.0,0,71498.52
16100,9473,701,1,47197.58,1010.44,46187.14,20,37758.064000000006
16101,9474,1524,1,4935.26,170.44,4764.82,30,3454.682
16102,9475,765,3,4477.1,0.0,13431.3,30,3133.9700000000003
16103,9475,150,1,43135.57,0.0,43135.57,20,34508.456
16104,9475,341,1,48560.82,0.0,48560.82,30,33992.574
16105,9475,146,1,80324.28,0.0,80324.28,10,72291.852
16106,9476,1239,1,1812.2,219.68,1592.52,20,1449.7600000000002
16107,9477,565,1,823.08,0.0,823.08,20,658.464
16108,9477,530,1,318.6,0.0,318.6,20,254.88
16109,9478,1333,3,2421.09,925.08,6338.19,0,2421.09
16110,9479,907,1,1423.0,0.0,1423.0,10,1280.7
16111,9480,837,1,157966.42,7161.77,150804.65,20,126373.136
16112,9480,990,3,79255.34,27704.05,210061.97,0,79255.34
16113,9481,1080,1,2562.42,0.0,2562.42,0,2562.42
16114,9482,1363,1,3136.2,340.5,2795.7,0,3136.2
16115,9482,796,1,1566.44,20.5,1545.94,10,1409.796
16116,9482,1110,1,1968.96,43.99,1924.97,30,1378.272
16117,9482,1367,1,1115.97,49.0,1066.97,10,1004.373
16118,9483,1499,1,29009.65,1528.16,27481.49,10,26108.685
16119,9484,950,1,2629.74,0.0,2629.74,10,2366.766
16120,9484,113,1,870.54,0.0,870.54,30,609.3779999999999
16121,9485,583,1,129245.7,0.0,129245.7,10,116321.13
16122,9486,1575,1,1239.06,0.0,1239.06,20,991.248
16123,9487,272,1,8822.9,796.24,8026.66,10,7940.61
16124,9488,477,1,1565.23,78.71,1486.52,10,1408.707
16125,9489,280,3,30594.49,10880.64,80902.83,30,21416.143
16126,9490,1022,1,7813.98,163.33,7650.65,20,6251.184
16127,9491,1402,2,66573.21,0.0,133146.42,0,66573.21
16128,9491,686,1,1482.12,0.0,1482.12,0,1482.12
16129,9492,68,1,41483.94,0.0,41483.94,30,29038.758
16130,9493,1376,2,901.13,182.64,1619.62,20,720.904
16131,9493,1312,1,45576.24,6341.23,39235.01,0,45576.24
16132,9494,732,1,29208.99,2833.03,26375.96,20,23367.192000000003
16133,9494,1080,1,2562.42,373.44,2188.98,10,2306.1780000000003
16134,9495,295,1,2098.64,154.67,1943.97,30,1469.0479999999998
16135,9496,1124,1,28111.89,1373.63,26738.26,10,25300.701
16136,9497,913,2,1299.34,289.1,2309.58,30,909.538
16137,9497,23,1,2254.98,324.88,1930.1,20,1803.984
16138,9497,582,2,5287.79,1332.37,9243.21,10,4759.011
16139,9497,1337,1,618.42,21.91,596.51,10,556.578
16140,9498,194,1,2698.45,318.08,2380.37,30,1888.915
16141,9498,815,1,30194.05,1628.2,28565.85,30,21135.835
16142,9498,1481,1,22590.89,302.54,22288.35,30,15813.622999999998
16143,9499,311,2,5092.96,0.0,10185.92,0,5092.96
16144,9499,966,2,411.04,0.0,822.08,30,287.728
16145,9500,165,1,4937.72,0.0,4937.72,10,4443.948
16146,9501,1172,3,3297.12,668.92,9222.44,20,2637.696
16147,9501,6,1,3858.92,14.15,3844.77,30,2701.244
16148,9502,1537,1,5378.14,0.0,5378.14,10,4840.326
16149,9502,670,1,1896.46,0.0,1896.46,20,1517.168
16150,9503,955,1,3121.71,29.97,3091.74,10,2809.539
16151,9504,561,2,23226.57,0.0,46453.14,10,20903.913
16152,9504,822,2,28372.98,0.0,56745.96,0,28372.98
16153,9504,914,1,3732.26,0.0,3732.26,30,2612.582
16154,9504,1562,1,1492.59,0.0,1492.59,20,1194.072
16155,9504,332,1,1578.22,0.0,1578.22,30,1104.754
16156,9505,46,1,4876.53,0.0,4876.53,0,4876.53
16157,9506,390,2,48086.5,10394.83,85778.17,10,43277.85
16158,9507,72,1,743.74,84.39,659.35,10,669.366
16159,9507,740,1,4537.97,56.16,4481.81,30,3176.579
16160,9508,767,1,2061.1,87.71,1973.39,10,1854.99
16161,9508,1015,1,2376.2,22.14,2354.06,20,1900.96
16162,9509,244,1,3669.05,307.04,3362.01,30,2568.335
16163,9509,275,1,33185.93,593.52,32592.41,30,23230.151
16164,9510,416,1,2498.44,216.39,2282.05,10,2248.596
16165,9511,753,1,1238.31,39.06,1199.25,30,866.8169999999999
16166,9511,450,1,162867.91,14180.74,148687.17,20,130294.328
16167,9512,868,3,2801.32,240.0,8163.96,10,2521.188
16168,9512,1172,1,3297.12,290.57,3006.55,20,2637.696
16169,9513,287,1,5144.9,637.93,4506.97,20,4115.92
16170,9514,1429,1,1720.96,80.38,1640.58,10,1548.864
16171,9514,1005,1,5455.75,704.96,4750.79,30,3819.025
16172,9515,284,1,1532.5,154.24,1378.26,30,1072.75
16173,9515,434,1,3512.59,120.69,3391.9,20,2810.072
16174,9516,345,1,1234.99,68.44,1166.55,20,987.992
16175,9516,274,2,61941.5,6790.79,117092.21,30,43359.05
16176,9517,141,1,1702.25,60.18,1642.07,20,1361.8000000000002
16177,9517,1578,1,6158.02,310.08,5847.94,20,4926.416000000001
16178,9518,55,1,38559.98,0.0,38559.98,20,30847.984000000004
16179,9518,494,1,2127.83,0.0,2127.83,0,2127.83
16180,9519,907,1,1423.0,0.0,1423.0,0,1423.0
16181,9520,922,1,1939.57,225.62,1713.95,20,1551.656
16182,9521,880,1,3054.09,0.0,3054.09,30,2137.863
16183,9522,102,1,47452.25,7105.83,40346.42,10,42707.025
16184,9523,137,1,1739.85,17.55,1722.3,30,1217.8949999999998
16185,9524,858,1,1887.65,0.63,1887.02,20,1510.12
16186,9524,1103,1,55216.49,2349.28,52867.21,20,44173.192
16187,9525,603,1,1974.14,253.73,1720.41,30,1381.898
16188,9526,675,1,1350.25,9.23,1341.02,30,945.175
16189,9526,423,2,2704.23,456.02,4952.44,30,1892.961
16190,9527,437,1,2583.87,40.32,2543.55,30,1808.709
16191,9527,1025,1,2450.74,99.6,2351.14,0,2450.74
16192,9528,1553,1,2742.09,388.25,2353.84,20,2193.672
16193,9529,631,1,1700.48,250.01,1450.47,0,1700.48
16194,9529,1210,1,769.6,37.3,732.3,20,615.6800000000001
16195,9529,912,1,767.48,90.32,677.16,10,690.7320000000001
16196,9529,1118,1,2926.02,41.75,2884.27,0,2926.02
16197,9530,46,1,4876.53,673.71,4202.82,30,3413.5709999999995
16198,9531,1227,1,2155.48,62.53,2092.95,0,2155.48
16199,9531,249,1,2119.28,216.71,1902.57,0,2119.28
16200,9532,1223,1,11259.67,698.76,10560.91,0,11259.67
16201,9533,668,1,734.86,0.0,734.86,20,587.888
16202,9534,1239,1,1812.2,0.0,1812.2,30,1268.54
16203,9535,105,1,172880.36,0.0,172880.36,20,138304.288
16204,9536,1185,2,5187.12,1212.47,9161.77,20,4149.696
16205,9536,1490,2,516.42,23.84,1009.0,0,516.42
16206,9537,1004,1,2995.17,242.39,2752.78,20,2396.136
16207,9538,891,2,2855.61,31.73,5679.49,0,2855.61
16208,9539,144,1,2699.16,28.89,2670.27,30,1889.412
16209,9539,348,1,162.1,17.78,144.32,30,113.46999999999998
16210,9540,233,2,2640.21,597.41,4683.01,20,2112.168
16211,9541,1432,3,1342.16,208.33,3818.15,30,939.512
16212,9542,932,3,66425.97,12164.83,187113.08,30,46498.179
16213,9542,1277,1,48882.84,2247.0,46635.84,20,39106.272
16214,9543,230,1,32147.34,257.5,31889.84,10,28932.606
16215,9543,99,2,2052.78,482.07,3623.49,20,1642.2240000000002
16216,9543,455,1,133508.92,9622.14,123886.78,30,93456.244
16217,9543,1229,1,32064.71,121.74,31942.97,20,25651.768
16218,9543,97,1,286.42,25.41,261.01,0,286.42
16219,9544,177,1,1395.34,112.02,1283.32,10,1255.806
16220,9545,1270,2,4276.25,0.0,8552.5,0,4276.25
16221,9545,605,1,3237.95,0.0,3237.95,20,2590.36
16222,9545,1449,1,1798.6,0.0,1798.6,30,1259.0199999999998
16223,9546,1048,2,71604.88,1746.53,141463.23,0,71604.88
16224,9547,1253,1,1517.66,0.0,1517.66,10,1365.894
16225,9548,1121,1,3804.86,0.0,3804.86,30,2663.402
16226,9549,151,1,3701.2,0.0,3701.2,10,3331.08
16227,9550,1457,1,60301.61,0.0,60301.61,0,60301.61
16228,9551,970,2,120.23,13.47,226.99,10,108.207
16229,9552,1291,1,45103.84,3781.91,41321.93,0,45103.84
16230,9552,212,1,9813.12,619.7,9193.42,0,9813.12
16231,9552,938,1,9347.84,926.66,8421.18,30,6543.487999999999
16232,9552,460,1,25787.51,2749.54,23037.97,10,23208.759
16233,9553,264,1,1134.64,0.0,1134.64,30,794.248
16234,9553,1459,1,3227.95,0.0,3227.95,0,3227.95
16235,9554,524,1,37908.59,0.0,37908.59,10,34117.731
16236,9555,252,1,2068.04,133.31,1934.73,0,2068.04
16237,9556,625,1,334.12,0.0,334.12,10,300.708
16238,9557,1182,2,2775.93,401.8,5150.06,0,2775.93
16239,9557,79,3,37609.6,9643.73,103185.07,20,30087.68
16240,9557,36,1,627.76,41.43,586.33,30,439.432
16241,9557,786,1,521.58,1.54,520.04,30,365.106
16242,9557,311,1,5092.96,564.43,4528.53,0,5092.96
16243,9558,361,1,670.56,0.0,670.56,20,536.448
16244,9559,243,1,67752.1,4671.22,63080.88,30,47426.47
16245,9560,333,1,71887.84,3215.93,68671.91,20,57510.272
16246,9561,1141,1,2583.37,0.0,2583.37,10,2325.033
16247,9561,1193,1,7680.86,0.0,7680.86,0,7680.86
16248,9562,1192,1,70917.05,6545.68,64371.37,20,56733.64000000001
16249,9563,839,2,289.42,57.97,520.87,0,289.42
16250,9564,436,1,147796.0,0.0,147796.0,10,133016.4
16251,9564,417,1,2364.31,0.0,2364.31,20,1891.448
16252,9565,426,1,804.21,38.03,766.18,10,723.7890000000001
16253,9565,702,1,2389.45,140.3,2249.15,30,1672.6149999999998
16254,9566,1154,1,77226.75,325.69,76901.06,20,61781.4
16255,9566,1125,1,38562.36,4609.27,33953.09,20,30849.888000000003
16256,9566,1526,1,111921.52,3502.73,108418.79,30,78345.064
16257,9566,597,1,2650.0,55.96,2594.04,20,2120.0
16258,9567,23,1,2254.98,216.65,2038.33,0,2254.98
16259,9568,786,1,521.58,48.01,473.57,30,365.106
16260,9568,1084,3,70352.07,14839.45,196216.76,30,49246.449
16261,9569,576,1,152207.42,0.0,152207.42,30,106545.194
16262,9570,360,2,32907.0,0.0,65814.0,0,32907.0
16263,9571,38,1,175329.35,0.0,175329.35,30,122730.545
16264,9572,806,2,147721.74,4790.01,290653.47,20,118177.392
16265,9573,444,2,3621.4,910.4,6332.4,0,3621.4
16266,9574,1254,1,93864.59,0.0,93864.59,30,65705.21299999999
16267,9574,327,1,29823.32,0.0,29823.32,10,26840.988
16268,9575,959,3,2008.67,309.55,5716.46,10,1807.803
16269,9576,1598,1,3087.47,15.14,3072.33,0,3087.47
16270,9576,553,1,620.66,86.9,533.76,0,620.66
16271,9577,1080,1,2562.42,4.95,2557.47,30,1793.694
16272,9577,1206,3,2044.94,37.96,6096.86,30,1431.458
16273,9578,933,1,1968.53,208.11,1760.42,10,1771.677
16274,9579,723,1,161396.12,14080.14,147315.98,0,161396.12
16275,9579,135,1,2028.61,12.33,2016.28,10,1825.749
16276,9580,1247,1,90898.31,0.0,90898.31,30,63628.817
16277,9581,854,1,70830.14,0.0,70830.14,20,56664.112
16278,9582,326,1,1199.33,0.0,1199.33,0,1199.33
16279,9583,816,2,3330.84,730.82,5930.86,10,2997.7560000000003
16280,9584,1269,1,2326.75,294.79,2031.96,0,2326.75
16281,9584,1587,1,67506.72,210.38,67296.34,10,60756.048
16282,9584,205,2,400.88,28.64,773.12,10,360.792
16283,9584,434,1,3512.59,236.93,3275.66,30,2458.813
16284,9585,1362,1,288.96,16.92,272.04,30,202.272
16285,9586,210,1,1699.58,144.28,1555.3,10,1529.622
16286,9586,1000,2,116356.97,19981.09,212732.85,0,116356.97
16287,9586,410,1,3297.12,30.06,3267.06,0,3297.12
16288,9586,705,1,34487.91,1121.54,33366.37,0,34487.91
16289,9587,720,1,342.29,0.0,342.29,10,308.06100000000004
16290,9587,943,1,1254.75,0.0,1254.75,20,1003.8
16291,9587,197,1,4870.47,0.0,4870.47,30,3409.329
16292,9588,498,1,6323.41,0.0,6323.41,10,5691.069
16293,9588,83,1,67349.49,0.0,67349.49,30,47144.643
16294,9588,477,1,1565.23,0.0,1565.23,20,1252.1840000000002
16295,9588,357,1,94442.75,0.0,94442.75,0,94442.75
16296,9589,853,2,2122.25,379.66,3864.84,10,1910.025
16297,9589,718,1,7664.54,657.51,7007.03,0,7664.54
16298,9590,429,1,121237.34,0.0,121237.34,10,109113.606
16299,9591,6,1,3858.92,479.98,3378.94,0,3858.92
16300,9592,248,1,1908.15,62.19,1845.96,20,1526.5200000000002
16301,9592,587,1,108314.66,5842.14,102472.52,20,86651.728
16302,9593,165,1,4937.72,13.68,4924.04,10,4443.948
16303,9593,1011,1,105248.63,12656.62,92592.01,0,105248.63
16304,9593,683,2,142391.0,34641.14,250140.86,30,99673.7
16305,9593,1215,1,3634.8,211.99,3422.81,10,3271.32
16306,9594,786,1,521.58,0.0,521.58,10,469.422
16307,9595,937,1,4363.89,87.21,4276.68,0,4363.89
16308,9595,1338,1,2238.46,38.25,2200.21,10,2014.614
16309,9595,1471,1,3182.48,297.72,2884.76,30,2227.736
16310,9595,1481,1,22590.89,3322.9,19267.99,0,22590.89
16311,9595,418,1,1715.75,173.85,1541.9,20,1372.6
16312,9596,1035,1,2051.19,0.0,2051.19,30,1435.833
16313,9597,291,1,21975.24,1501.63,20473.61,30,15382.668
16314,9597,416,1,2498.44,214.33,2284.11,0,2498.44
16315,9598,457,1,805.01,86.05,718.96,10,724.509
16316,9599,530,2,318.6,73.9,563.3,30,223.02
16317,9599,385,1,1018.09,128.48,889.61,20,814.4720000000001
16318,9600,463,2,3827.3,0.0,7654.6,20,3061.84
16319,9600,419,1,4089.03,0.0,4089.03,30,2862.321
16320,9601,786,1,521.58,47.47,474.11,30,365.106
16321,9602,1539,1,1510.58,211.61,1298.97,30,1057.406
16322,9603,121,2,250.81,0.0,501.62,20,200.648
16323,9603,507,1,55812.59,0.0,55812.59,30,39068.813
16324,9603,362,3,122309.51,0.0,366928.53,30,85616.65699999999
16325,9603,415,1,663.18,0.0,663.18,10,596.862
16326,9603,1244,1,3810.15,0.0,3810.15,10,3429.135
16327,9604,1388,1,44645.42,1253.68,43391.74,0,44645.42
16328,9604,697,1,415.23,34.07,381.16,20,332.184
16329,9605,103,1,3868.11,0.0,3868.11,20,3094.4880000000003
16330,9606,1434,1,758.95,80.34,678.61,0,758.95
16331,9606,658,1,5224.75,385.8,4838.95,10,4702.275000000001
16332,9607,959,1,2008.67,237.71,1770.96,20,1606.936
16333,9608,55,1,38559.98,0.0,38559.98,0,38559.98
16334,9608,1160,1,3385.71,0.0,3385.71,0,3385.71
16335,9609,1399,1,626.11,3.25,622.86,0,626.11
16336,9609,974,1,1464.98,138.1,1326.88,20,1171.9840000000002
16337,9609,1447,3,1595.48,531.58,4254.86,20,1276.384
16338,9609,617,1,3079.68,30.1,3049.58,0,3079.68
16339,9610,69,1,2387.51,0.0,2387.51,30,1671.257
16340,9610,1121,1,3804.86,0.0,3804.86,0,3804.86
16341,9611,1371,1,316.58,5.31,311.27,0,316.58
16342,9612,179,2,71832.87,4045.7,139620.04,10,64649.583
16343,9613,1246,1,1880.46,133.8,1746.66,10,1692.414
16344,9613,1343,3,1805.81,751.61,4665.82,0,1805.81
16345,9613,1499,2,29009.65,5708.35,52310.95,0,29009.65
16346,9613,1133,1,750.52,101.21,649.31,30,525.3639999999999
16347,9613,339,1,706.67,62.84,643.83,0,706.67
16348,9614,1296,1,1446.41,19.83,1426.58,30,1012.487
16349,9614,1404,2,172878.97,40550.44,305207.5,30,121015.279
16350,9615,333,1,71887.84,4097.48,67790.36,0,71887.84
16351,9615,1232,2,2225.05,337.18,4112.92,30,1557.535
16352,9615,467,2,34229.7,1806.61,66652.79,20,27383.76
16353,9616,929,1,30089.57,1283.68,28805.89,0,30089.57
16354,9617,1510,1,5438.97,144.19,5294.78,0,5438.97
16355,9618,18,1,219.13,0.0,219.13,0,219.13
16356,9619,927,1,181542.75,17403.33,164139.42,0,181542.75
16357,9619,1573,2,3177.29,803.27,5551.31,30,2224.103
16358,9619,189,1,2123.95,263.7,1860.25,20,1699.16
16359,9620,222,1,129577.13,0.0,129577.13,0,129577.13
16360,9621,604,1,31737.7,0.0,31737.7,30,22216.39
16361,9621,954,1,9901.09,0.0,9901.09,20,7920.872
16362,9622,1091,1,88617.11,3978.8,84638.31,20,70893.68800000001
16363,9623,1152,1,1784.61,1.38,1783.23,0,1784.61
16364,9624,1143,1,761.45,100.55,660.9,30,533.015
16365,9625,582,1,5287.79,0.0,5287.79,0,5287.79
16366,9626,87,1,3322.65,435.02,2887.63,0,3322.65
16367,9627,1597,1,1676.63,46.26,1630.37,20,1341.304
16368,9627,362,2,122309.51,14629.48,229989.54,0,122309.51
16369,9627,1453,2,35984.99,4568.64,67401.34,10,32386.491
16370,9627,612,1,1008.02,13.88,994.14,0,1008.02
16371,9628,1037,1,110609.66,0.0,110609.66,20,88487.728
16372,9629,564,2,2777.89,559.74,4996.04,20,2222.312
16373,9630,1537,1,5378.14,0.0,5378.14,10,4840.326
16374,9631,1440,2,357.51,0.0,715.02,10,321.759
16375,9632,758,2,122743.75,0.0,245487.5,0,122743.75
16376,9633,258,1,1648.24,0.0,1648.24,0,1648.24
16377,9633,260,3,631.42,0.0,1894.26,30,441.994
16378,9634,375,1,1217.82,8.5,1209.32,20,974.256
16379,9635,483,1,14895.15,0.0,14895.15,10,13405.635
16380,9635,3,1,11616.64,0.0,11616.64,30,8131.647999999999
16381,9636,469,1,1668.67,78.17,1590.5,10,1501.803
16382,9637,572,1,2920.51,0.0,2920.51,0,2920.51
16383,9637,145,1,274.73,0.0,274.73,0,274.73
16384,9638,969,1,72166.51,1344.19,70822.32,0,72166.51
16385,9638,1219,1,1611.72,209.28,1402.44,0,1611.72
16386,9639,1407,1,43168.92,422.27,42746.65,30,30218.243999999995
16387,9640,1018,1,376.18,22.19,353.99,0,376.18
16388,9641,246,1,1755.56,186.41,1569.15,20,1404.448
16389,9641,936,1,30096.25,324.53,29771.72,30,21067.375
16390,9641,142,2,1981.3,294.79,3667.81,10,1783.17
16391,9641,1596,1,4337.02,557.75,3779.27,10,3903.3180000000007
16392,9642,21,1,417.88,0.0,417.88,30,292.516
16393,9642,1230,1,994.26,0.0,994.26,30,695.982
16394,9643,304,1,2314.39,258.95,2055.44,20,1851.512
16395,9644,965,1,1353.94,64.07,1289.87,30,947.758
16396,9645,480,1,3056.45,327.84,2728.61,20,2445.16
16397,9646,211,2,1481.21,350.54,2611.88,10,1333.0890000000002
16398,9647,612,1,1008.02,82.13,925.89,20,806.416
16399,9648,1349,1,1367.29,11.89,1355.4,10,1230.561
16400,9649,1192,1,70917.05,3426.74,67490.31,30,49641.935
16401,9650,822,1,28372.98,458.93,27914.05,10,25535.682
16402,9650,791,1,1322.37,173.04,1149.33,10,1190.133
16403,9650,283,1,4572.45,267.97,4304.48,20,3657.96
16404,9650,839,1,289.42,40.51,248.91,10,260.478
16405,9651,1167,1,3045.6,348.15,2697.45,0,3045.6
16406,9651,703,2,2132.29,4.55,4260.03,10,1919.061
16407,9652,191,1,1689.13,82.3,1606.83,20,1351.304
16408,9653,973,1,30788.48,475.02,30313.46,10,27709.632
16409,9654,1434,1,758.95,25.43,733.52,0,758.95
16410,9655,1471,1,3182.48,210.43,2972.05,30,2227.736
16411,9655,1242,3,120746.52,7194.2,355045.36,30,84522.564
16412,9655,1002,1,67301.61,4822.43,62479.18,0,67301.61
16413,9656,1205,2,1480.79,0.0,2961.58,20,1184.632
16414,9657,541,1,43654.41,0.0,43654.41,10,39288.969000000005
16415,9658,1591,1,89157.48,3390.15,85767.33,0,89157.48
16416,9659,1328,1,2127.08,0.0,2127.08,20,1701.664
16417,9660,832,1,422.4,0.0,422.4,30,295.67999999999995
16418,9660,145,1,274.73,0.0,274.73,10,247.25700000000003
16419,9661,449,1,35199.45,0.0,35199.45,0,35199.45
16420,9661,645,1,754.4,0.0,754.4,20,603.52
16421,9661,781,2,78876.75,0.0,157753.5,0,78876.75
16422,9661,1395,2,2489.72,0.0,4979.44,30,1742.804
16423,9661,1564,1,87286.27,0.0,87286.27,20,69829.016
16424,9662,1353,1,2813.37,143.44,2669.93,10,2532.033
16425,9662,949,1,2388.11,236.18,2151.93,0,2388.11
16426,9662,1365,1,75380.11,4943.22,70436.89,20,60304.088
16427,9662,184,3,392.62,82.43,1095.43,0,392.62
16428,9662,523,1,53515.35,7020.7,46494.65,20,42812.28
16429,9663,254,1,1161.26,47.47,1113.79,20,929.008
16430,9664,1560,1,77206.12,1494.97,75711.15,30,54044.28399999999
16431,9665,340,1,652.5,19.69,632.81,0,652.5
16432,9665,1018,1,376.18,44.29,331.89,30,263.326
16433,9666,1593,1,24336.09,684.92,23651.17,30,17035.263
16434,9667,1410,1,25912.99,1414.43,24498.56,30,18139.093
16435,9668,49,2,4516.01,799.57,8232.45,0,4516.01
16436,9668,1584,1,750.13,66.54,683.59,10,675.117
16437,9669,1040,1,7278.08,709.81,6568.27,20,5822.464
16438,9669,1194,1,1471.98,79.29,1392.69,10,1324.7820000000002
16439,9669,427,1,51715.55,2920.54,48795.01,20,41372.44
16440,9670,1306,1,55531.46,6238.98,49292.48,10,49978.314
16441,9670,951,1,909.66,79.29,830.37,10,818.694
16442,9671,714,2,2767.25,0.0,5534.5,0,2767.25
16443,9671,152,1,110450.49,0.0,110450.49,10,99405.441
16444,9671,453,1,2582.33,0.0,2582.33,30,1807.631
16445,9672,1281,1,25227.32,2115.02,23112.3,0,25227.32
16446,9672,1257,1,518.04,35.77,482.27,20,414.432
16447,9673,25,1,6849.54,285.64,6563.9,20,5479.6320000000005
16448,9673,1000,1,116356.97,12608.35,103748.62,0,116356.97
16449,9674,576,3,152207.42,0.0,456622.26,0,152207.42
16450,9675,544,1,28257.91,0.0,28257.91,30,19780.537
16451,9676,698,1,38785.26,0.0,38785.26,30,27149.682
16452,9677,1149,1,99668.46,0.0,99668.46,10,89701.614
16453,9677,35,1,1495.14,0.0,1495.14,20,1196.112
16454,9678,292,1,42595.72,235.24,42360.48,20,34076.576
16455,9679,457,1,805.01,67.19,737.82,30,563.507
16456,9679,206,3,1614.43,627.02,4216.27,10,1452.987
16457,9679,730,1,1980.08,290.43,1689.65,20,1584.064
16458,9679,114,1,46974.46,6048.17,40926.29,0,46974.46
16459,9679,168,1,24098.28,2721.58,21376.7,30,16868.796
16460,9680,557,1,40353.14,3954.01,36399.13,30,28247.198
16461,9680,1410,2,25912.99,5361.52,46464.46,20,20730.392000000003
16462,9681,98,1,2400.3,0.0,2400.3,10,2160.2700000000004
16463,9681,1238,1,916.17,0.0,916.17,30,641.319
16464,9681,725,1,38653.89,0.0,38653.89,0,38653.89
16465,9681,1092,1,48077.53,0.0,48077.53,10,43269.777
16466,9681,1464,3,11752.88,0.0,35258.64,30,8227.016
16467,9682,1026,1,16347.09,2020.41,14326.68,20,13077.672
16468,9682,565,1,823.08,32.31,790.77,20,658.464
16469,9683,1044,1,9021.21,1025.23,7995.98,20,7216.968
16470,9684,687,1,1968.64,0.0,1968.64,30,1378.048
16471,9685,349,1,1459.37,193.72,1265.65,20,1167.496
16472,9686,503,1,44508.15,0.0,44508.15,20,35606.520000000004
16473,9687,1434,1,758.95,0.0,758.95,20,607.1600000000001
16474,9687,1032,1,3691.19,0.0,3691.19,30,2583.833
16475,9688,859,1,1010.17,23.51,986.66,10,909.153
16476,9689,1323,1,7044.95,0.0,7044.95,20,5635.96
16477,9690,432,1,13694.16,1309.36,12384.8,20,10955.328
16478,9690,1178,2,88183.51,26325.24,150041.78,10,79365.159
16479,9691,740,1,4537.97,487.34,4050.63,0,4537.97
16480,9691,553,1,620.66,50.4,570.26,10,558.5939999999999
16481,9692,806,1,147721.74,9132.17,138589.57,0,147721.74
16482,9692,322,1,8789.14,1239.7,7549.44,10,7910.226
16483,9692,29,1,42286.57,4379.24,37907.33,30,29600.599
16484,9692,359,2,35865.56,6802.14,64928.98,0,35865.56
16485,9693,1128,1,2674.52,0.0,2674.52,30,1872.164
16486,9693,564,3,2777.89,0.0,8333.67,30,1944.523
16487,9693,91,1,1351.15,0.0,1351.15,20,1080.92
16488,9693,947,1,3401.84,0.0,3401.84,10,3061.6560000000004
16489,9694,1048,2,71604.88,0.0,143209.76,30,50123.416
16490,9695,1248,1,1795.23,254.72,1540.51,10,1615.707
16491,9696,662,1,1180.85,103.03,1077.82,20,944.68
16492,9697,895,1,2219.6,0.0,2219.6,10,1997.64
16493,9698,536,1,2418.45,0.0,2418.45,20,1934.76
16494,9698,37,1,1893.59,0.0,1893.59,0,1893.59
16495,9699,460,1,25787.51,0.0,25787.51,30,18051.257
16496,9700,839,1,289.42,1.21,288.21,20,231.53600000000003
16497,9701,174,2,30123.15,4645.19,55601.11,30,21086.205
16498,9701,746,1,118090.14,10217.15,107872.99,0,118090.14
16499,9702,1149,1,99668.46,13288.05,86380.41,10,89701.614
16500,9703,1526,1,111921.52,0.0,111921.52,30,78345.064
16501,9704,195,1,31411.94,3513.42,27898.52,0,31411.94
16502,9705,1535,3,4110.59,0.0,12331.77,0,4110.59
16503,9705,499,1,2538.2,0.0,2538.2,10,2284.38
16504,9705,1514,1,411.96,0.0,411.96,10,370.764
16505,9706,1591,1,89157.48,0.0,89157.48,30,62410.23599999999
16506,9707,639,1,1460.92,6.45,1454.47,10,1314.8280000000002
16507,9707,98,1,2400.3,266.66,2133.64,20,1920.24
16508,9708,1512,1,10568.45,0.0,10568.45,10,9511.605
16509,9709,1567,1,119671.35,11143.02,108528.33,20,95737.08000000002
16510,9709,878,1,26128.07,2915.74,23212.33,0,26128.07
16511,9710,478,2,108976.92,0.0,217953.84,30,76283.844
16512,9711,1482,2,3329.89,25.43,6634.35,0,3329.89
16513,9712,1318,1,2903.92,92.93,2810.99,20,2323.136
16514,9712,419,1,4089.03,64.95,4024.08,10,3680.127
16515,9713,888,1,3404.87,0.0,3404.87,10,3064.383
16516,9714,201,1,1291.43,19.52,1271.91,10,1162.287
16517,9714,1017,1,2847.67,402.92,2444.75,30,1993.369
16518,9714,1033,1,6964.85,70.43,6894.42,20,5571.880000000001
16519,9714,529,1,2902.91,3.34,2899.57,20,2322.328
16520,9715,548,1,1506.84,130.29,1376.55,20,1205.472
16521,9716,1023,1,36297.55,2635.79,33661.76,30,25408.285
16522,9717,415,1,663.18,0.0,663.18,10,596.862
16523,9717,55,3,38559.98,0.0,115679.94,10,34703.982
16524,9718,550,1,2021.43,0.0,2021.43,0,2021.43
16525,9719,1450,1,2010.76,0.0,2010.76,0,2010.76
16526,9720,314,2,1524.32,123.66,2924.98,10,1371.888
16527,9721,1452,1,71498.52,0.0,71498.52,10,64348.668000000005
16528,9722,117,2,19742.72,0.0,39485.44,0,19742.72
16529,9723,1312,1,45576.24,0.0,45576.24,30,31903.367999999995
16530,9723,1051,3,18311.46,0.0,54934.38,20,14649.168
16531,9724,92,1,55734.91,3066.04,52668.87,0,55734.91
16532,9725,577,1,44786.03,6142.14,38643.89,10,40307.427
16533,9725,177,1,1395.34,167.32,1228.02,30,976.7379999999998
16534,9726,1449,1,1798.6,0.0,1798.6,0,1798.6
16535,9726,678,1,2482.88,0.0,2482.88,0,2482.88
16536,9726,650,1,17350.56,0.0,17350.56,30,12145.392
16537,9727,894,2,3863.24,0.0,7726.48,0,3863.24
16538,9728,1584,1,750.13,0.0,750.13,10,675.117
16539,9729,1217,2,2877.25,0.0,5754.5,20,2301.8
16540,9729,932,1,66425.97,0.0,66425.97,10,59783.373
16541,9730,585,2,1310.79,0.0,2621.58,10,1179.711
16542,9730,1019,1,321.92,0.0,321.92,30,225.344
16543,9730,647,2,27236.09,0.0,54472.18,30,19065.263
16544,9730,637,1,24290.06,0.0,24290.06,30,17003.042
16545,9730,772,1,1518.07,0.0,1518.07,10,1366.263
16546,9731,1584,2,750.13,66.68,1433.58,0,750.13
16547,9732,79,1,37609.6,0.0,37609.6,10,33848.64
16548,9733,1006,1,2865.1,288.91,2576.19,10,2578.59
16549,9734,1425,1,38118.15,1859.13,36259.02,20,30494.520000000004
16550,9735,1063,1,2532.13,0.0,2532.13,30,1772.491
16551,9736,1359,1,2874.86,241.1,2633.76,20,2299.8880000000004
16552,9736,1469,1,3359.54,22.55,3336.99,30,2351.678
16553,9736,903,1,39591.52,4500.06,35091.46,20,31673.216
16554,9737,585,1,1310.79,161.39,1149.4,20,1048.632
16555,9737,212,2,9813.12,2300.7,17325.54,30,6869.184
16556,9737,78,1,24058.57,608.89,23449.68,10,21652.713
16557,9738,132,1,2548.46,0.0,2548.46,30,1783.922
16558,9739,57,2,77663.62,0.0,155327.24,0,77663.62
16559,9740,1425,1,38118.15,2117.09,36001.06,20,30494.520000000004
16560,9741,1120,1,85415.3,0.0,85415.3,10,76873.77
16561,9742,391,1,134.99,0.0,134.99,10,121.491
16562,9742,810,1,26333.87,0.0,26333.87,30,18433.709
16563,9743,498,1,6323.41,111.65,6211.76,20,5058.728
16564,9744,602,1,3153.82,166.39,2987.43,30,2207.674
16565,9745,1020,1,1546.51,0.0,1546.51,30,1082.557
16566,9746,852,1,2573.04,297.06,2275.98,30,1801.128
16567,9747,746,1,118090.14,6404.45,111685.69,0,118090.14
16568,9748,689,1,41378.36,6116.22,35262.14,0,41378.36
16569,9748,643,1,3058.33,81.41,2976.92,20,2446.664
16570,9749,286,2,2792.23,773.01,4811.45,30,1954.561
16571,9750,1133,3,750.52,0.0,2251.56,20,600.416
16572,9751,575,1,49336.95,0.0,49336.95,30,34535.865
16573,9751,611,1,19135.21,0.0,19135.21,10,17221.689
16574,9751,822,1,28372.98,0.0,28372.98,10,25535.682
16575,9751,1599,1,4254.12,0.0,4254.12,10,3828.708
16576,9752,466,1,92637.16,0.0,92637.16,10,83373.444
16577,9753,730,1,1980.08,0.0,1980.08,30,1386.0559999999998
16578,9754,1353,1,2813.37,159.04,2654.33,0,2813.37
16579,9755,442,1,1278.0,89.98,1188.02,0,1278.0
16580,9755,14,1,2125.0,314.2,1810.8,10,1912.5
16581,9755,549,3,36173.12,7059.03,101460.33,30,25321.184
16582,9756,1433,2,5322.5,1022.45,9622.55,10,4790.25
16583,9757,518,1,2482.37,332.05,2150.32,0,2482.37
16584,9757,827,1,1826.44,234.9,1591.54,20,1461.152
16585,9757,654,2,1894.03,58.6,3729.46,30,1325.821
16586,9757,40,1,29011.05,580.39,28430.66,10,26109.945
16587,9758,396,1,2865.73,27.81,2837.92,0,2865.73
16588,9759,985,1,3261.61,443.32,2818.29,30,2283.127
16589,9760,417,1,2364.31,322.07,2042.24,10,2127.879
16590,9761,1233,1,3456.57,256.56,3200.01,20,2765.2560000000003
16591,9762,1262,1,643.39,57.14,586.25,10,579.051
16592,9763,1480,1,4188.58,525.13,3663.45,0,4188.58
16593,9764,470,1,2088.11,202.12,1885.99,20,1670.4880000000005
16594,9765,322,1,8789.14,158.04,8631.1,30,6152.397999999999
16595,9766,1173,2,33473.5,9366.85,57580.15,0,33473.5
16596,9766,1267,1,2049.76,194.02,1855.74,30,1434.832
16597,9767,1158,1,973.98,142.32,831.66,20,779.1840000000001
16598,9768,1595,1,18497.48,1970.84,16526.64,20,14797.984
16599,9768,974,2,1464.98,414.75,2515.21,10,1318.482
16600,9769,89,1,700.33,91.56,608.77,20,560.264
16601,9770,1555,1,2372.47,305.16,2067.31,30,1660.7289999999998
16602,9770,279,1,41417.49,3898.16,37519.33,10,37275.741
16603,9771,1574,1,969.18,70.34,898.84,30,678.4259999999999
16604,9771,1216,1,82298.09,9093.18,73204.91,10,74068.281
16605,9772,526,2,69280.39,12422.88,126137.9,0,69280.39
16606,9773,765,1,4477.1,0.0,4477.1,30,3133.9700000000003
16607,9773,569,1,1937.28,0.0,1937.28,0,1937.28
16608,9773,811,1,1385.81,0.0,1385.81,0,1385.81
16609,9773,1488,3,62639.65,0.0,187918.95,10,56375.685000000005
16610,9773,688,1,8747.72,0.0,8747.72,20,6998.176
16611,9774,838,1,1056.26,74.95,981.31,10,950.634
16612,9775,1172,2,3297.12,0.0,6594.24,10,2967.408
16613,9776,861,1,36518.21,3780.61,32737.6,30,25562.747
16614,9777,906,2,52750.88,5678.09,99823.67,10,47475.792
16615,9778,549,1,36173.12,5133.48,31039.64,20,28938.496000000003
16616,9778,1074,1,3149.29,166.01,2983.28,0,3149.29
16617,9779,387,1,538.52,21.82,516.7,30,376.964
16618,9779,396,1,2865.73,384.97,2480.76,20,2292.5840000000003
16619,9780,1378,1,1742.34,0.0,1742.34,10,1568.106
16620,9780,116,1,2413.81,0.0,2413.81,20,1931.048
16621,9780,202,1,83953.83,0.0,83953.83,0,83953.83
16622,9780,1109,2,84890.72,0.0,169781.44,20,67912.576
16623,9781,515,2,1652.18,453.37,2850.99,0,1652.18
16624,9782,734,2,43727.49,0.0,87454.98,0,43727.49
16625,9782,230,1,32147.34,0.0,32147.34,30,22503.138
16626,9783,532,2,3702.86,0.0,7405.72,10,3332.574
16627,9784,783,1,37099.58,1867.99,35231.59,30,25969.706
16628,9785,180,1,112845.7,14027.32,98818.38,0,112845.7
16629,9786,374,1,3079.52,0.0,3079.52,30,2155.664
16630,9787,1253,1,1517.66,86.18,1431.48,20,1214.1280000000002
16631,9788,1056,1,2409.82,72.51,2337.31,10,2168.838
16632,9788,830,1,37463.22,3873.55,33589.67,30,26224.254
16633,9789,1145,1,539.28,0.0,539.28,30,377.496
16634,9790,823,1,24569.14,0.0,24569.14,20,19655.312
16635,9790,1389,2,2657.25,0.0,5314.5,20,2125.8
16636,9791,1088,1,1367.68,149.52,1218.16,20,1094.144
16637,9791,1027,3,37556.23,14752.35,97916.34,20,30044.984000000004
16638,9791,888,3,3404.87,993.51,9221.1,0,3404.87
16639,9791,206,3,1614.43,602.35,4240.94,20,1291.544
16640,9791,819,1,5857.66,580.11,5277.55,10,5271.894
16641,9792,1237,1,94515.4,0.0,94515.4,20,75612.31999999999
16642,9792,1233,1,3456.57,0.0,3456.57,0,3456.57
16643,9792,386,3,5216.92,0.0,15650.76,30,3651.844
16644,9793,1239,1,1812.2,0.0,1812.2,20,1449.7600000000002
16645,9794,1234,2,108776.14,16960.37,200591.91,0,108776.14
16646,9795,1075,1,682.9,18.73,664.17,20,546.32
16647,9796,1450,1,2010.76,288.05,1722.71,30,1407.532
16648,9797,888,1,3404.87,98.6,3306.27,10,3064.383
16649,9798,231,1,3736.97,180.58,3556.39,20,2989.576
16650,9798,1172,3,3297.12,674.85,9216.51,20,2637.696
16651,9799,1334,1,1811.5,41.61,1769.89,20,1449.2
16652,9800,453,1,2582.33,73.34,2508.99,0,2582.33
16653,9800,691,1,1776.03,77.52,1698.51,20,1420.824
16654,9801,608,1,39712.41,0.0,39712.41,0,39712.41
16655,9802,1067,1,7456.19,370.72,7085.47,0,7456.19
16656,9803,1065,2,3958.62,0.0,7917.24,20,3166.896
16657,9804,463,1,3827.3,296.56,3530.74,30,2679.11
16658,9805,1197,1,2785.23,360.35,2424.88,0,2785.23
16659,9805,812,1,24603.28,2908.02,21695.26,0,24603.28
16660,9806,1426,1,2854.6,39.34,2815.26,20,2283.68
16661,9807,955,1,3121.71,372.67,2749.04,20,2497.3680000000004
16662,9807,938,1,9347.84,94.06,9253.78,0,9347.84
16663,9808,31,2,419.17,102.45,735.89,0,419.17
16664,9809,580,1,870.31,69.73,800.58,10,783.279
16665,9809,1405,1,2466.18,214.64,2251.54,0,2466.18
16666,9809,115,1,362.06,28.9,333.16,0,362.06
16667,9809,176,1,95686.66,5003.49,90683.17,10,86117.994
16668,9809,460,1,25787.51,180.14,25607.37,0,25787.51
16669,9810,619,1,33190.64,3269.31,29921.33,0,33190.64
16670,9811,1176,1,70122.26,4689.31,65432.95,10,63110.034
16671,9811,815,1,30194.05,3113.52,27080.53,20,24155.24
16672,9811,380,3,2644.48,1148.43,6785.01,10,2380.032
16673,9812,1570,1,40567.16,0.0,40567.16,0,40567.16
16674,9812,133,1,2306.36,0.0,2306.36,20,1845.088
16675,9812,171,3,2900.67,0.0,8702.01,0,2900.67
16676,9812,206,1,1614.43,0.0,1614.43,20,1291.544
16677,9812,448,1,1698.53,0.0,1698.53,30,1188.971
16678,9813,1332,1,29617.39,3480.3,26137.09,10,26655.651
16679,9813,1349,1,1367.29,182.69,1184.6,10,1230.561
16680,9814,692,1,2423.69,136.71,2286.98,10,2181.321
16681,9815,524,1,37908.59,697.42,37211.17,10,34117.731
16682,9816,57,1,77663.62,0.0,77663.62,0,77663.62
16683,9816,408,1,1535.98,0.0,1535.98,20,1228.784
16684,9817,1270,1,4276.25,354.35,3921.9,10,3848.625
16685,9817,1383,3,1971.98,140.27,5775.67,30,1380.386
16686,9817,1265,1,753.76,5.38,748.38,0,753.76
16687,9817,1389,1,2657.25,193.07,2464.18,0,2657.25
16688,9818,974,1,1464.98,163.43,1301.55,30,1025.486
16689,9818,1508,1,2634.42,236.24,2398.18,10,2370.978
16690,9818,1524,1,4935.26,74.93,4860.33,20,3948.208000000001
16691,9818,1356,1,19747.45,2080.41,17667.04,10,17772.705
16692,9819,26,1,4152.23,551.71,3600.52,10,3737.007
16693,9820,842,1,44095.41,0.0,44095.41,30,30866.787
16694,9821,1237,1,94515.4,4830.1,89685.3,30,66160.78
16695,9822,902,1,4514.4,0.0,4514.4,0,4514.4
16696,9823,290,1,32947.49,0.0,32947.49,30,23063.243
16697,9823,202,1,83953.83,0.0,83953.83,0,83953.83
16698,9824,1148,1,35366.0,699.71,34666.29,30,24756.2
16699,9825,1487,1,2520.21,106.22,2413.99,30,1764.147
16700,9825,824,1,7090.32,466.34,6623.98,30,4963.223999999999
16701,9826,1476,1,52371.93,0.0,52371.93,10,47134.737
16702,9826,576,1,152207.42,0.0,152207.42,10,136986.678
16703,9827,1101,1,2240.73,118.79,2121.94,10,2016.657
16704,9828,514,2,417.37,79.15,755.59,20,333.896
16705,9829,1047,1,1308.14,169.72,1138.42,10,1177.326
16706,9829,1534,1,8395.14,375.62,8019.52,20,6716.112
16707,9829,1059,1,3113.14,168.01,2945.13,0,3113.14
16708,9829,546,1,90167.22,3195.38,86971.84,10,81150.498
16709,9830,1263,1,5431.26,212.97,5218.29,10,4888.134
16710,9831,1139,1,1288.36,0.0,1288.36,10,1159.524
16711,9831,180,1,112845.7,0.0,112845.7,30,78991.98999999999
16712,9832,990,1,79255.34,6122.76,73132.58,10,71329.806
16713,9833,1191,1,37568.14,0.0,37568.14,30,26297.698
16714,9833,1381,2,41371.29,0.0,82742.58,10,37234.161
16715,9833,733,1,9342.39,0.0,9342.39,30,6539.672999999999
16716,9834,1244,1,3810.15,387.65,3422.5,20,3048.1200000000003
16717,9834,942,1,913.32,44.99,868.33,30,639.324
16718,9835,1498,1,2948.83,69.16,2879.67,30,2064.181
16719,9836,224,1,1977.53,0.0,1977.53,20,1582.024
16720,9837,1306,3,55531.46,134.88,166459.5,0,55531.46
16721,9837,1119,1,7175.29,30.52,7144.77,0,7175.29
16722,9837,1389,2,2657.25,423.85,4890.65,10,2391.525
16723,9837,1145,1,539.28,62.0,477.28,0,539.28
16724,9838,364,1,996.71,31.63,965.08,20,797.368
16725,9839,1161,1,165567.2,6080.61,159486.59,20,132453.76
16726,9839,1357,1,30982.51,3920.47,27062.04,30,21687.757
16727,9840,1132,2,3635.19,664.95,6605.43,20,2908.152
16728,9841,874,1,331.29,0.0,331.29,0,331.29
16729,9841,822,1,28372.98,0.0,28372.98,20,22698.384
16730,9842,68,1,41483.94,68.56,41415.38,10,37335.546
16731,9843,1103,1,55216.49,5890.63,49325.86,0,55216.49
16732,9843,278,2,28596.87,7535.79,49657.95,20,22877.496
16733,9843,1386,1,932.68,125.38,807.3,10,839.4119999999999
16734,9844,1082,2,3419.64,710.57,6128.71,20,2735.712
16735,9844,1596,1,4337.02,208.59,4128.43,0,4337.02
16736,9845,1277,1,48882.84,197.38,48685.46,10,43994.556
16737,9845,21,1,417.88,51.25,366.63,30,292.516
16738,9845,982,1,1009.34,40.03,969.31,20,807.4720000000001
16739,9845,1422,1,1818.34,254.51,1563.83,0,1818.34
16740,9846,1137,2,1817.59,6.22,3628.96,20,1454.072
16741,9847,1573,1,3177.29,26.63,3150.66,30,2224.103
16742,9848,196,1,61624.8,7895.5,53729.3,30,43137.36
16743,9849,624,1,2799.12,0.0,2799.12,0,2799.12
16744,9850,1214,1,84155.3,9786.07,74369.23,20,67324.24
16745,9851,1360,1,2586.67,0.0,2586.67,0,2586.67
16746,9852,864,3,3913.42,1179.83,10560.43,30,2739.394
16747,9852,767,1,2061.1,302.23,1758.87,30,1442.7699999999998
16748,9853,559,1,7185.86,469.0,6716.86,10,6467.273999999999
16749,9853,529,1,2902.91,362.58,2540.33,20,2322.328
16750,9854,963,1,121884.72,0.0,121884.72,0,121884.72
16751,9855,674,1,2535.97,0.0,2535.97,0,2535.97
16752,9855,344,1,1068.92,0.0,1068.92,10,962.028
16753,9856,1560,1,77206.12,4746.65,72459.47,0,77206.12
16754,9856,366,3,1689.79,174.66,4894.71,0,1689.79
16755,9856,487,3,30451.12,12541.59,78811.77,20,24360.896
16756,9856,234,1,47459.41,2014.25,45445.16,10,42713.469000000005
16757,9857,1157,1,4990.11,607.55,4382.56,10,4491.099
16758,9857,139,3,1485.23,403.53,4052.16,0,1485.23
16759,9857,534,2,1012.79,255.32,1770.26,10,911.511
16760,9857,649,1,975.94,88.27,887.67,10,878.3460000000001
16761,9857,192,3,32254.74,7054.99,89709.23,10,29029.266000000003
16762,9858,498,1,6323.41,332.22,5991.19,0,6323.41
16763,9858,364,1,996.71,137.95,858.76,0,996.71
16764,9859,243,1,67752.1,7177.77,60574.33,10,60976.89000000001
16765,9859,571,1,136354.08,8472.38,127881.7,30,95447.856
16766,9859,643,2,3058.33,512.18,5604.48,0,3058.33
16767,9860,626,2,2262.96,410.58,4115.34,10,2036.664
16768,9860,159,1,332.72,31.14,301.58,10,299.44800000000004
16769,9861,893,1,1487.95,196.08,1291.87,0,1487.95
16770,9862,338,1,991.94,0.0,991.94,0,991.94
16771,9862,1169,1,2642.98,0.0,2642.98,20,2114.384
16772,9863,471,1,1279.56,30.22,1249.34,0,1279.56
16773,9863,22,1,4507.04,178.22,4328.82,0,4507.04
16774,9864,1309,1,1320.81,25.94,1294.87,0,1320.81
16775,9864,431,1,2733.95,388.16,2345.79,0,2733.95
16776,9865,266,2,2692.51,0.0,5385.02,0,2692.51
16777,9866,933,2,1968.53,516.22,3420.84,30,1377.971
16778,9867,543,1,59778.75,0.0,59778.75,20,47823.0
16779,9868,1547,2,658.88,4.76,1313.0,30,461.216
16780,9869,465,1,3059.86,166.89,2892.97,0,3059.86
16781,9870,332,1,1578.22,120.36,1457.86,0,1578.22
16782,9870,56,1,174294.31,11133.75,163160.56,20,139435.448
16783,9870,709,1,2013.15,13.75,1999.4,0,2013.15
16784,9871,1147,1,14582.77,0.0,14582.77,30,10207.939
16785,9871,1570,1,40567.16,0.0,40567.16,20,32453.728000000003
16786,9871,1281,1,25227.32,0.0,25227.32,0,25227.32
16787,9871,733,1,9342.39,0.0,9342.39,30,6539.672999999999
16788,9872,1245,1,40671.19,0.0,40671.19,10,36604.071
16789,9873,1532,1,52783.97,1872.92,50911.05,10,47505.573
16790,9874,1147,1,14582.77,348.76,14234.01,30,10207.939
16791,9875,1307,1,2847.02,68.93,2778.09,10,2562.318
16792,9876,16,1,85267.12,11802.99,73464.13,10,76740.408
16793,9877,30,2,2584.77,740.3,4429.24,30,1809.339
16794,9878,889,2,3143.04,731.43,5554.65,20,2514.432
16795,9879,1435,3,155364.8,26614.48,439479.92,20,124291.84
16796,9880,616,1,120778.74,15070.26,105708.48,0,120778.74
16797,9880,6,1,3858.92,295.34,3563.58,10,3473.028
16798,9880,72,1,743.74,28.41,715.33,10,669.366
16799,9880,1575,1,1239.06,180.27,1058.79,20,991.248
16800,9881,41,1,990.24,102.48,887.76,10,891.216
16801,9881,526,1,69280.39,2303.73,66976.66,0,69280.39
16802,9881,1489,1,877.0,4.23,872.77,0,877.0
16803,9882,637,1,24290.06,0.0,24290.06,0,24290.06
16804,9882,856,1,86092.17,0.0,86092.17,10,77482.953
16805,9883,1271,1,414.51,0.0,414.51,10,373.059
16806,9884,1553,2,2742.09,0.0,5484.18,0,2742.09
16807,9884,669,1,22639.24,0.0,22639.24,20,18111.392000000003
16808,9885,1216,1,82298.09,0.0,82298.09,10,74068.281
16809,9886,451,1,767.82,44.22,723.6,0,767.82
16810,9886,1361,1,4756.92,362.44,4394.48,30,3329.844
16811,9887,786,2,521.58,0.0,1043.16,10,469.422
16812,9888,1420,1,1349.54,137.48,1212.06,30,944.678
16813,9888,1152,1,1784.61,249.96,1534.65,20,1427.688
16814,9888,78,2,24058.57,367.29,47749.85,30,16840.999
16815,9888,260,1,631.42,66.61,564.81,10,568.278
16816,9888,281,1,1372.61,62.09,1310.52,30,960.827
16817,9889,541,1,43654.41,5313.0,38341.41,10,39288.969000000005
16818,9890,273,1,5210.97,0.0,5210.97,0,5210.97
16819,9891,1253,1,1517.66,109.94,1407.72,0,1517.66
16820,9892,1495,1,92165.84,4948.97,87216.87,10,82949.256
16821,9892,1158,1,973.98,113.74,860.24,0,973.98
16822,9893,63,2,58822.41,17466.47,100178.35,10,52940.169
16823,9893,389,1,1198.04,101.92,1096.12,10,1078.236
16824,9893,1504,1,1103.31,141.71,961.6,30,772.3169999999999
16825,9893,380,1,2644.48,138.31,2506.17,10,2380.032
16826,9894,57,1,77663.62,1355.11,76308.51,30,54364.53399999999
16827,9894,293,1,40759.07,5776.11,34982.96,10,36683.163
16828,9895,633,2,131443.04,0.0,262886.08,10,118298.736
16829,9895,291,2,21975.24,0.0,43950.48,0,21975.24
16830,9895,1090,1,117469.55,0.0,117469.55,0,117469.55
16831,9895,1243,1,2783.2,0.0,2783.2,10,2504.88
16832,9896,554,1,1946.28,90.87,1855.41,10,1751.652
16833,9897,963,1,121884.72,5922.55,115962.17,20,97507.776
16834,9898,1429,1,1720.96,190.9,1530.06,20,1376.768
16835,9899,383,1,1151.25,0.0,1151.25,0,1151.25
16836,9899,718,1,7664.54,0.0,7664.54,30,5365.178
16837,9899,109,1,1838.39,0.0,1838.39,10,1654.5510000000002
16838,9899,1082,2,3419.64,0.0,6839.28,20,2735.712
16839,9900,458,1,8217.39,0.0,8217.39,10,7395.651
16840,9901,964,1,2212.96,176.52,2036.44,20,1770.3680000000002
16841,9902,1175,1,1647.24,199.13,1448.11,30,1153.068
16842,9903,1100,1,7209.62,284.67,6924.95,0,7209.62
16843,9903,1419,1,3847.52,161.81,3685.71,0,3847.52
16844,9904,1005,2,5455.75,0.0,10911.5,0,5455.75
16845,9905,83,2,67349.49,15737.99,118960.99,30,47144.643
16846,9905,1105,1,14005.91,168.81,13837.1,30,9804.137
16847,9906,703,1,2132.29,0.0,2132.29,20,1705.832
16848,9906,821,1,81761.55,0.0,81761.55,30,57233.085
16849,9907,289,2,2410.54,0.0,4821.08,0,2410.54
16850,9908,1161,1,165567.2,2082.29,163484.91,30,115897.04
16851,9909,166,1,26144.85,0.0,26144.85,10,23530.365
16852,9909,326,1,1199.33,0.0,1199.33,10,1079.397
16853,9909,764,1,2664.12,0.0,2664.12,0,2664.12
16854,9909,226,2,44766.35,0.0,89532.7,30,31336.445
16855,9910,283,1,4572.45,5.35,4567.1,10,4115.205
16856,9911,1158,1,973.98,90.43,883.55,20,779.1840000000001
16857,9912,1159,1,285.32,0.0,285.32,0,285.32
16858,9913,582,1,5287.79,610.15,4677.64,30,3701.453
16859,9913,270,2,3203.45,453.62,5953.28,20,2562.76
16860,9914,837,1,157966.42,0.0,157966.42,0,157966.42
16861,9915,1550,1,1412.93,0.0,1412.93,10,1271.6370000000002
16862,9916,1570,2,40567.16,0.0,81134.32,20,32453.728000000003
16863,9917,753,1,1238.31,0.0,1238.31,0,1238.31
16864,9917,1019,1,321.92,0.0,321.92,10,289.728
16865,9918,1156,1,96292.57,1628.68,94663.89,20,77034.05600000001
16866,9918,51,2,467.19,131.44,802.94,20,373.752
16867,9919,761,1,11092.68,1312.33,9780.35,20,8874.144
16868,9919,1427,1,1223.85,54.51,1169.34,10,1101.465
16869,9919,1498,1,2948.83,118.35,2830.48,10,2653.947
16870,9919,1216,1,82298.09,5588.54,76709.55,10,74068.281
16871,9920,503,1,44508.15,3263.95,41244.2,0,44508.15
16872,9921,1104,1,1846.11,0.0,1846.11,30,1292.2769999999998
16873,9922,681,1,766.31,24.96,741.35,0,766.31
16874,9923,597,1,2650.0,0.0,2650.0,0,2650.0
16875,9924,116,2,2413.81,370.56,4457.06,30,1689.667
16876,9924,829,1,5385.17,141.81,5243.36,20,4308.136
16877,9925,120,1,127274.2,0.0,127274.2,20,101819.36
16878,9926,1291,1,45103.84,1831.43,43272.41,30,31572.687999999995
16879,9927,645,1,754.4,12.25,742.15,30,528.0799999999999
16880,9928,92,2,55734.91,0.0,111469.82,10,50161.419
16881,9929,464,2,92357.26,3288.92,181425.6,0,92357.26
16882,9930,957,3,20246.89,811.88,59928.79,30,14172.823
16883,9931,584,1,2326.41,170.34,2156.07,20,1861.128
16884,9932,906,1,52750.88,3023.48,49727.4,10,47475.792
16885,9933,655,1,1461.36,189.53,1271.83,20,1169.088
16886,9934,843,1,1184.98,0.0,1184.98,0,1184.98
16887,9934,2,1,6733.54,0.0,6733.54,0,6733.54
16888,9935,99,1,2052.78,268.25,1784.53,0,2052.78
16889,9936,1110,1,1968.96,275.25,1693.71,10,1772.064
16890,9936,215,1,8966.72,643.58,8323.14,30,6276.703999999999
16891,9937,471,1,1279.56,0.0,1279.56,0,1279.56
16892,9938,1050,1,2146.23,0.0,2146.23,20,1716.9840000000002
16893,9939,1344,2,765.13,0.0,1530.26,20,612.104
16894,9940,526,1,69280.39,0.0,69280.39,30,48496.273
16895,9940,1236,1,529.36,0.0,529.36,30,370.552
16896,9941,727,1,12540.84,1280.57,11260.27,20,10032.672
16897,9942,810,1,26333.87,0.0,26333.87,10,23700.483
16898,9943,1086,1,1518.57,0.0,1518.57,0,1518.57
16899,9944,1529,2,90803.24,14995.12,166611.36,30,63562.268
16900,9945,691,1,1776.03,50.08,1725.95,30,1243.221
16901,9946,355,1,2452.28,0.0,2452.28,10,2207.052
16902,9946,1519,2,2297.98,0.0,4595.96,10,2068.182
16903,9947,401,1,1312.43,32.75,1279.68,10,1181.187
16904,9948,1526,2,111921.52,32249.51,191593.53,10,100729.368
16905,9948,767,1,2061.1,106.13,1954.97,30,1442.7699999999998
16906,9949,1496,1,1656.55,204.47,1452.08,30,1159.5849999999998
16907,9949,1135,1,22063.27,3115.21,18948.06,30,15444.289
16908,9950,915,1,40160.77,0.0,40160.77,20,32128.616
16909,9951,1404,1,172878.97,9203.07,163675.9,20,138303.176
16910,9952,677,2,1113.35,290.26,1936.44,10,1002.015
16911,9952,1511,1,26635.3,2445.95,24189.35,10,23971.77
16912,9953,1152,1,1784.61,0.0,1784.61,0,1784.61
16913,9953,547,1,1846.34,0.0,1846.34,0,1846.34
16914,9953,1316,1,343.7,0.0,343.7,30,240.59
16915,9953,530,2,318.6,0.0,637.2,0,318.6
16916,9953,655,1,1461.36,0.0,1461.36,20,1169.088
16917,9954,1390,1,32277.62,3010.8,29266.82,0,32277.62
16918,9955,1476,2,52371.93,0.0,104743.86,20,41897.544
16919,9956,327,1,29823.32,0.0,29823.32,30,20876.324
16920,9957,1481,1,22590.89,476.72,22114.17,0,22590.89
16921,9958,1531,1,90650.62,333.35,90317.27,0,90650.62
16922,9958,71,1,75515.31,9418.61,66096.7,20,60412.248
16923,9958,1418,1,4295.24,34.89,4260.35,30,3006.668
16924,9959,1091,1,88617.11,10790.47,77826.64,0,88617.11
16925,9960,1142,1,99.91,9.98,89.93,10,89.919
16926,9961,387,1,538.52,49.79,488.73,20,430.816
16927,9961,451,1,767.82,111.82,656.0,10,691.038
16928,9962,915,1,40160.77,5676.9,34483.87,30,28112.539
16929,9962,316,1,4284.75,74.83,4209.92,20,3427.8
16930,9963,368,1,53610.72,0.0,53610.72,20,42888.576
16931,9963,419,1,4089.03,0.0,4089.03,10,3680.127
16932,9963,1199,1,1211.39,0.0,1211.39,30,847.9730000000001
16933,9963,1298,1,2653.12,0.0,2653.12,0,2653.12
16934,9964,1572,1,2427.87,63.67,2364.2,30,1699.5089999999998
16935,9965,131,1,26403.44,2366.37,24037.07,0,26403.44
16936,9965,1241,1,1430.84,35.65,1395.19,20,1144.672
16937,9966,1583,1,1683.61,108.96,1574.65,10,1515.249
16938,9966,334,1,1881.36,35.65,1845.71,30,1316.9519999999998
16939,9967,1133,1,750.52,0.0,750.52,20,600.416
16940,9968,141,1,1702.25,0.0,1702.25,30,1191.5749999999998
16941,9968,1315,1,1184.81,0.0,1184.81,0,1184.81
16942,9969,215,1,8966.72,0.0,8966.72,20,7173.376
16943,9969,1102,1,124939.04,0.0,124939.04,10,112445.136
16944,9970,601,1,131194.89,0.0,131194.89,20,104955.912
16945,9971,139,1,1485.23,172.56,1312.67,0,1485.23
16946,9971,784,2,2840.63,441.7,5239.56,0,2840.63
16947,9971,742,1,3902.24,557.63,3344.61,10,3512.016
16948,9971,645,1,754.4,26.46,727.94,30,528.0799999999999
16949,9971,1238,2,916.17,54.02,1778.32,0,916.17
16950,9972,989,1,673.12,34.98,638.14,20,538.496
16951,9973,126,1,1983.21,236.81,1746.4,10,1784.889
16952,9974,478,2,108976.92,24572.1,193381.74,10,98079.228
16953,9974,1064,1,1731.13,149.92,1581.21,0,1731.13
16954,9975,1478,1,730.4,86.31,644.09,0,730.4
16955,9976,396,1,2865.73,363.06,2502.67,20,2292.5840000000003
16956,9977,685,1,2479.15,0.0,2479.15,30,1735.405
16957,9978,860,1,3024.94,0.0,3024.94,0,3024.94
16958,9979,181,1,40273.05,4864.71,35408.34,0,40273.05
16959,9980,1001,1,47120.94,4214.3,42906.64,20,37696.752
16960,9980,680,2,237.17,51.62,422.72,0,237.17
16961,9980,867,1,26390.91,196.62,26194.29,10,23751.819
16962,9980,212,1,9813.12,971.61,8841.51,30,6869.184
16963,9980,396,1,2865.73,82.97,2782.76,10,2579.157
16964,9981,1451,1,397.42,24.08,373.34,0,397.42
16965,9981,893,1,1487.95,1.49,1486.46,30,1041.565
16966,9981,529,2,2902.91,176.91,5628.91,20,2322.328
16967,9982,347,1,38655.66,5430.6,33225.06,20,30924.52800000001
16968,9982,1246,1,1880.46,69.78,1810.68,0,1880.46
16969,9982,803,2,3375.08,652.04,6098.12,20,2700.0640000000003
16970,9983,1225,1,100562.21,8104.58,92457.63,0,100562.21
16971,9984,1266,1,60887.16,5190.31,55696.85,0,60887.16
16972,9985,29,1,42286.57,4637.98,37648.59,30,29600.599
16973,9986,1096,1,6155.76,0.0,6155.76,0,6155.76
16974,9987,1007,1,7088.49,411.9,6676.59,20,5670.792
16975,9987,514,1,417.37,61.41,355.96,20,333.896
16976,9987,8,1,822.97,33.4,789.57,0,822.97
16977,9987,1107,1,112320.64,11709.71,100610.93,0,112320.64
16978,9988,1023,1,36297.55,1556.13,34741.42,20,29038.040000000005
16979,9988,762,1,1588.39,115.72,1472.67,0,1588.39
16980,9989,484,1,3780.52,565.57,3214.95,30,2646.364
16981,9990,939,1,2627.03,0.0,2627.03,0,2627.03
16982,9991,719,2,17225.88,1464.54,32987.22,20,13780.704000000002
16983,9991,1475,1,57952.35,3380.53,54571.82,10,52157.115
16984,9991,1335,1,33011.51,4084.83,28926.68,0,33011.51
16985,9991,50,1,7178.02,805.82,6372.2,30,5024.614
16986,9991,98,2,2400.3,515.6,4285.0,0,2400.3
16987,9992,868,1,2801.32,0.0,2801.32,10,2521.188
16988,9992,1264,1,2920.35,0.0,2920.35,30,2044.245
16989,9992,713,1,1957.25,0.0,1957.25,10,1761.525
16990,9993,2,2,6733.54,356.1,13110.98,30,4713.478
16991,9994,914,1,3732.26,549.94,3182.32,0,3732.26
16992,9995,965,1,1353.94,182.09,1171.85,30,947.758
16993,9996,895,1,2219.6,171.43,2048.17,20,1775.68
16994,9997,1194,1,1471.98,1.95,1470.03,20,1177.584
16995,9997,1466,1,536.2,42.42,493.78,20,428.96
16996,9997,564,1,2777.89,107.36,2670.53,30,1944.523
16997,9997,645,1,754.4,105.64,648.76,20,603.52
16998,9998,1277,1,48882.84,0.0,48882.84,20,39106.272
16999,9999,817,1,2091.51,0.0,2091.51,20,1673.2080000000003
17000,10000,922,1,1939.57,145.17,1794.4,20,1551.656
